time_us,x,y,z
2875944,0.895431,-0.186748,-9.847352
2877159,0.952892,-0.203507,-9.813833
2878343,0.943315,-0.201113,-9.780313
2879530,0.873884,-0.227449,-9.878476
2880711,0.952892,-0.232238,-9.821015
2881897,0.972046,-0.225055,-9.799467
2883073,0.957681,-0.237026,-9.923966
2884257,0.885855,-0.239420,-9.847352
2885436,0.897826,-0.260968,-9.856929
2886624,0.921768,-0.210690,-9.768343
2887800,0.967257,-0.208296,-9.813833
2888986,0.967257,-0.201113,-9.777920
2890175,0.936133,-0.225055,-9.758766
2891366,0.885855,-0.220267,-9.761160
2892545,0.914585,-0.184354,-9.844957
2893730,0.914585,-0.177171,-9.861717
2894915,0.900220,-0.217872,-9.818622
2896098,0.962469,-0.220267,-9.837775
2897281,0.907402,-0.239420,-9.804255
2898464,0.924162,-0.174777,-9.844957
2899648,0.936133,-0.181959,-9.828198
2900838,0.979228,-0.184354,-9.780313
2902020,0.916979,-0.184354,-9.797073
2903207,0.866701,-0.196325,-9.801862
2904392,0.893037,-0.217872,-9.792285
2905580,0.952892,-0.191536,-9.821015
2906754,0.972046,-0.205901,-9.904813
2907938,0.909797,-0.153229,-9.847352
2909119,0.924162,-0.146046,-9.818622
2910307,0.919373,-0.181959,-9.816227
2911486,0.907402,-0.229843,-9.866506
2912672,0.919373,-0.222661,-9.892841
2913854,0.948104,-0.227449,-9.844957
2915041,0.972046,-0.229843,-9.763555
2916225,0.948104,-0.256180,-9.868899
2917409,0.960075,-0.220267,-9.859323
2918586,0.916979,-0.222661,-9.787497
2919772,0.924162,-0.232238,-9.785102
2920948,0.936133,-0.260968,-9.804255
2922137,0.955287,-0.287304,-9.859323
2923323,0.900220,-0.229843,-9.959879
2924506,0.950498,-0.196325,-9.926360
2925681,0.885855,-0.251391,-9.935937
2926871,0.900220,-0.181959,-9.897630
2928049,0.902614,-0.196325,-9.878476
2929236,0.936133,-0.167594,-9.830592
2930416,0.902614,-0.177171,-9.885659
2931600,0.866701,-0.217872,-9.856929
2932787,0.878672,-0.284910,-9.849746
2933978,0.881066,-0.205901,-9.809045
2935167,0.926556,-0.193930,-9.761160
2936358,0.962469,-0.239420,-9.792285
2937534,0.957681,-0.165200,-9.854534
2938718,0.938527,-0.251391,-9.880871
2939894,0.881066,-0.313640,-9.835381
2941074,0.866701,-0.263362,-9.830592
2942254,0.890643,-0.251391,-9.880871
2943443,0.871489,-0.234632,-9.907207
2944626,0.907402,-0.304064,-9.904813
2945809,0.909797,-0.248997,-9.868899
2946990,0.933739,-0.167594,-9.794679
2948191,0.933739,-0.210690,-9.813833
2949374,0.912191,-0.229843,-9.825804
2950559,0.976834,-0.248997,-9.780313
2951733,0.907402,-0.203507,-9.794679
2952918,0.938527,-0.162806,-9.768343
2954097,0.957681,-0.237026,-9.801862
2955285,0.960075,-0.246603,-9.806650
2956462,0.940921,-0.246603,-9.801862
2957643,1.000776,-0.239420,-9.799467
2958823,0.928950,-0.220267,-9.785102
2960011,0.960075,-0.203507,-9.801862
2961199,0.933739,-0.234632,-9.823410
2962387,0.878672,-0.239420,-9.809045
2963566,0.926556,-0.217872,-9.837775
2964746,0.895431,-0.251391,-9.866506
2965925,0.950498,-0.222661,-9.840169
2967111,0.945710,-0.222661,-9.744401
2968288,0.921768,-0.234632,-9.720459
2969476,0.948104,-0.241814,-9.770737
2970656,0.907402,-0.229843,-9.823410
2971839,0.914585,-0.196325,-9.847352
2973023,0.914585,-0.184354,-9.787497
2974208,0.883460,-0.232238,-9.801862
2975386,0.938527,-0.239420,-9.859323
2976571,0.854730,-0.196325,-9.880871
2977745,0.876278,-0.189142,-9.804255
2978931,0.883460,-0.225055,-9.871294
2980112,0.857124,-0.239420,-9.885659
2981295,0.871489,-0.205901,-9.768343
2982478,0.926556,-0.167594,-9.698911
2983666,0.952892,-0.280122,-9.801862
2984846,0.926556,-0.251391,-9.811439
2986034,0.943315,-0.253785,-9.816227
2987215,0.955287,-0.244209,-9.739613
2988400,0.905008,-0.232238,-9.773131
2989582,0.912191,-0.203507,-9.825804
2990760,0.928950,-0.234632,-9.813833
2991941,0.936133,-0.213084,-9.859323
2993127,0.919373,-0.229843,-9.828198
2994314,0.900220,-0.237026,-9.785102
2995496,0.938527,-0.241814,-9.811439
2996680,0.914585,-0.186748,-9.715671
2997870,0.926556,-0.222661,-9.770737
2999050,0.921768,-0.265756,-9.799467
3000238,0.938527,-0.222661,-9.785102
3001422,0.976834,-0.208296,-9.734824
3002606,0.976834,-0.198719,-9.775525
3003788,0.945710,-0.213084,-9.746795
3004972,0.924162,-0.160412,-9.809045
3006160,0.871489,-0.196325,-9.873688
3007350,0.859518,-0.268151,-9.885659
3008536,0.890643,-0.244209,-9.842564
3009720,0.881066,-0.272939,-9.859323
3010899,0.888249,-0.220267,-9.883265
3012080,0.960075,-0.174777,-9.861717
3013259,0.926556,-0.222661,-9.804255
3014442,0.890643,-0.196325,-9.744401
3015625,0.873884,-0.237026,-9.825804
3016805,0.960075,-0.260968,-9.876082
3017984,0.842759,-0.222661,-9.904813
3019185,0.881066,-0.184354,-9.842564
3020371,0.897826,-0.205901,-9.722853
3021555,0.936133,-0.167594,-9.756371
3022731,0.979228,-0.143652,-9.832987
3023921,0.916979,-0.210690,-9.761160
3025099,0.924162,-0.263362,-9.801862
3026287,0.964863,-0.256180,-9.842564
3027465,0.967257,-0.193930,-9.821015
3028652,0.943315,-0.208296,-9.852140
3029830,0.914585,-0.208296,-9.789890
3031026,0.943315,-0.205901,-9.821015
3032208,0.914585,-0.167594,-9.885659
3033391,0.931344,-0.208296,-9.890448
3034574,0.924162,-0.186748,-9.868899
3035751,0.955287,-0.179565,-9.777920
3036932,0.945710,-0.234632,-9.801862
3038118,0.931344,-0.213084,-9.854534
3039298,0.938527,-0.181959,-9.909601
3040485,0.919373,-0.282516,-9.933543
3041666,0.957681,-0.260968,-9.770737
3042851,0.967257,-0.222661,-9.809045
3044033,0.912191,-0.253785,-9.866506
3045218,0.893037,-0.217872,-9.816227
3046397,0.933739,-0.174777,-9.842564
3047586,0.955287,-0.237026,-9.828198
3048766,0.933739,-0.217872,-9.830592
3049952,0.907402,-0.165200,-9.799467
3051135,0.888249,-0.225055,-9.859323
3052326,0.960075,-0.220267,-9.787497
3053505,0.928950,-0.311246,-9.871294
3054688,0.873884,-0.225055,-9.895236
3055872,0.919373,-0.213084,-9.885659
3057056,0.895431,-0.225055,-9.804255
3058241,0.936133,-0.217872,-9.813833
3059430,0.960075,-0.227449,-9.933543
3060609,0.955287,-0.203507,-9.852140
3061789,0.926556,-0.210690,-9.830592
3062974,0.952892,-0.215478,-9.885659
3064172,0.909797,-0.186748,-9.828198
3065358,0.897826,-0.244209,-9.883265
3066543,0.938527,-0.227449,-9.825804
3067723,0.952892,-0.241814,-9.914390
3068912,0.938527,-0.263362,-9.878476
3070092,0.883460,-0.256180,-9.849746
3071280,0.895431,-0.301669,-9.854534
3072460,0.849942,-0.304064,-9.916783
3073639,0.916979,-0.217872,-9.770737
3074821,0.888249,-0.177171,-9.880871
3076010,0.948104,-0.165200,-9.892841
3077199,0.962469,-0.165200,-9.933543
3078387,0.991199,-0.205901,-9.840169
3079566,0.907402,-0.198719,-9.885659
3080744,0.948104,-0.191536,-9.861717
3081925,0.976834,-0.210690,-9.866506
3083109,0.931344,-0.201113,-9.868899
3084288,0.993594,-0.208296,-9.878476
3085476,0.979228,-0.225055,-9.861717
3086659,0.914585,-0.215478,-9.871294
3087839,0.967257,-0.201113,-9.806650
3089009,0.950498,-0.196325,-9.856929
3090207,0.938527,-0.244209,-9.888053
3091392,0.948104,-0.191536,-9.756371
3092580,0.905008,-0.196325,-9.811439
3093753,0.885855,-0.222661,-9.809045
3094938,0.907402,-0.229843,-9.840169
3096118,0.940921,-0.241814,-9.844957
3097309,0.938527,-0.205901,-9.844957
3098484,0.881066,-0.222661,-9.840169
3099672,0.881066,-0.203507,-9.801862
3100851,0.926556,-0.213084,-9.847352
3102038,0.893037,-0.248997,-9.792285
3103218,0.936133,-0.208296,-9.751583
3104403,0.950498,-0.208296,-9.787497
3105588,0.878672,-0.232238,-9.823410
3106773,0.907402,-0.239420,-9.777920
3107952,0.909797,-0.227449,-9.799467
3109147,0.921768,-0.215478,-9.756371
3110337,0.914585,-0.248997,-9.770737
3111526,0.907402,-0.237026,-9.785102
3112704,0.921768,-0.251391,-9.768343
3113889,0.916979,-0.229843,-9.816227
3115065,0.919373,-0.215478,-9.789890
3116248,0.931344,-0.205901,-9.926360
3117431,0.938527,-0.227449,-9.844957
3118616,0.948104,-0.198719,-9.777920
3119797,0.902614,-0.193930,-9.859323
3120982,0.885855,-0.241814,-9.787497
3122175,0.912191,-0.253785,-9.734824
3123367,0.950498,-0.217872,-9.821015
3124546,0.914585,-0.210690,-9.813833
3125724,0.943315,-0.205901,-9.832987
3126905,0.991199,-0.196325,-9.818622
3128090,0.936133,-0.201113,-9.785102
3129269,0.888249,-0.184354,-9.852140
3130454,0.976834,-0.191536,-9.763555
3131643,0.957681,-0.160412,-9.756371
3132824,0.955287,-0.225055,-9.859323
3134008,0.943315,-0.198719,-9.811439
3135204,0.928950,-0.189142,-9.871294
3136389,0.905008,-0.237026,-9.787497
3137576,0.940921,-0.174777,-9.856929
3138750,0.909797,-0.215478,-9.832987
3139936,0.871489,-0.203507,-9.821015
3141116,0.885855,-0.251391,-9.751583
3142308,0.897826,-0.248997,-9.789890
3143486,0.907402,-0.234632,-9.837775
3144674,0.936133,-0.196325,-9.890448
3145855,0.861913,-0.246603,-9.876082
3147038,0.921768,-0.241814,-9.876082
3148219,0.897826,-0.177171,-9.818622
3149404,0.914585,-0.155623,-9.835381
3150590,0.914585,-0.198719,-9.720459
3151775,0.840365,-0.260968,-9.818622
3152959,0.873884,-0.251391,-9.811439
3154155,0.931344,-0.201113,-9.823410
3155345,0.931344,-0.193930,-9.775525
3156533,0.948104,-0.177171,-9.809045
3157712,0.902614,-0.248997,-9.825804
3158897,0.933739,-0.165200,-9.780313
3160072,0.897826,-0.179565,-9.897630
3161257,0.919373,-0.217872,-9.837775
3162442,0.933739,-0.237026,-9.775525
3163628,0.890643,-0.215478,-9.868899
3164803,0.924162,-0.260968,-9.837775
3165987,0.933739,-0.246603,-9.844957
3167176,0.907402,-0.253785,-9.809045
3168365,0.933739,-0.244209,-9.775525
3169546,0.866701,-0.217872,-9.828198
3170728,0.890643,-0.203507,-9.892841
3171908,0.964863,-0.217872,-9.933543
3173092,0.945710,-0.213084,-9.888053
3174273,0.916979,-0.225055,-9.835381
3175458,0.940921,-0.205901,-9.868899
3176633,0.931344,-0.208296,-9.904813
3177815,0.921768,-0.217872,-9.849746
3179000,0.921768,-0.232238,-9.840169
3180202,1.012747,-0.222661,-9.765948
3181388,0.976834,-0.167594,-9.809045
3182575,0.890643,-0.203507,-9.880871
3183748,0.919373,-0.227449,-9.811439
3184935,0.885855,-0.134075,-9.801862
3186116,0.881066,-0.203507,-9.809045
3187296,0.885855,-0.201113,-9.804255
3188479,0.878672,-0.225055,-9.794679
3189667,0.905008,-0.208296,-9.775525
3190846,0.962469,-0.193930,-9.804255
3192033,0.907402,-0.244209,-9.806650
3193210,0.859518,-0.222661,-9.756371
3194395,0.883460,-0.208296,-9.806650
3195576,0.931344,-0.191536,-9.689334
3196756,0.993594,-0.232238,-9.770737
3197937,0.948104,-0.201113,-9.737218
3199123,0.933739,-0.241814,-9.794679
3200310,0.902614,-0.205901,-9.737218
3201491,0.916979,-0.203507,-9.727641
3202674,0.974440,-0.263362,-9.751583
3203860,0.943315,-0.251391,-9.756371
3205043,0.926556,-0.237026,-9.734824
3206231,0.964863,-0.275333,-9.751583
3207412,0.919373,-0.210690,-9.744401
3208595,0.943315,-0.222661,-9.686940
3209775,0.928950,-0.229843,-9.742006
3210963,0.895431,-0.244209,-9.691729
3212156,0.873884,-0.229843,-9.694122
3213352,0.893037,-0.248997,-9.789890
3214537,0.948104,-0.258574,-9.797073
3215721,0.974440,-0.237026,-9.864111
3216902,0.988805,-0.222661,-9.935937
3218083,0.952892,-0.258574,-9.883265
3219263,0.952892,-0.225055,-9.864111
3220448,0.940921,-0.165200,-9.931149
3221628,0.900220,-0.131681,-9.955091
3222812,0.943315,-0.167594,-9.967062
3223993,0.914585,-0.208296,-9.892841
3225194,0.933739,-0.179565,-9.931149
3226378,0.912191,-0.208296,-9.998186
3227563,0.984017,-0.229843,-10.026917
3228737,0.960075,-0.239420,-10.077195
3229920,0.928950,-0.265756,-10.062830
3231099,0.897826,-0.234632,-9.933543
3232288,0.916979,-0.203507,-10.000581
3233466,0.919373,-0.208296,-10.072407
3234654,0.919373,-0.193930,-9.995792
3235833,0.883460,-0.225055,-9.986216
3237029,0.873884,-0.246603,-9.921572
3238210,0.907402,-0.260968,-9.938332
3239391,0.890643,-0.289698,-9.945514
3240575,0.909797,-0.244209,-9.971850
3241753,0.905008,-0.201113,-9.969456
3242932,0.967257,-0.237026,-9.971850
3244117,0.933739,-0.220267,-9.904813
3245297,0.876278,-0.165200,-9.890448
3246483,0.940921,-0.191536,-9.926360
3247663,0.933739,-0.186748,-9.979033
3248849,0.943315,-0.210690,-9.935937
3250030,0.864307,-0.193930,-9.856929
3251215,0.869095,-0.208296,-9.885659
3252394,0.895431,-0.167594,-9.823410
3253582,0.928950,-0.179565,-9.811439
3254757,0.928950,-0.234632,-9.797073
3255942,0.945710,-0.181959,-9.794679
3257120,0.936133,-0.196325,-9.785102
3258308,0.912191,-0.165200,-9.698911
3259486,0.914585,-0.203507,-9.787497
3260673,0.890643,-0.205901,-9.763555
3261853,0.936133,-0.134075,-9.770737
3263040,0.914585,-0.169988,-9.775525
3264224,0.890643,-0.160412,-9.753978
3265408,0.938527,-0.177171,-9.691729
3266587,0.962469,-0.153229,-9.706094
3267771,0.895431,-0.158017,-9.718064
3268952,0.936133,-0.155623,-9.686940
3270147,0.940921,-0.160412,-9.631873
3271336,0.890643,-0.146046,-9.658210
3272523,0.912191,-0.193930,-9.686940
3273702,0.948104,-0.210690,-9.636662
3274880,0.984017,-0.184354,-9.686940
3276061,0.895431,-0.217872,-9.674969
3277245,0.873884,-0.198719,-9.713276
3278429,0.890643,-0.172383,-9.744401
3279613,0.890643,-0.234632,-9.677363
3280794,0.893037,-0.275333,-9.727641
3281980,0.967257,-0.210690,-9.763555
3283172,0.943315,-0.110133,-9.775525
3284363,0.921768,-0.143652,-9.782708
3285543,0.928950,-0.169988,-9.763555
3286722,0.912191,-0.229843,-9.801862
3287903,0.907402,-0.237026,-9.844957
3289082,0.897826,-0.201113,-9.794679
3290262,0.933739,-0.196325,-9.844957
3291448,0.945710,-0.160412,-9.864111
3292631,0.957681,-0.141258,-9.926360
3293812,0.885855,-0.232238,-9.876082
3294993,0.967257,-0.198719,-9.897630
3296193,0.981623,-0.181959,-9.890448
3297377,0.943315,-0.227449,-9.873688
3298562,0.926556,-0.248997,-9.900024
3299735,0.873884,-0.248997,-9.923966
3300925,0.907402,-0.153229,-9.892841
3302106,0.890643,-0.210690,-9.859323
3303294,0.936133,-0.265756,-9.821015
3304478,0.969652,-0.289698,-9.758766
3305666,0.921768,-0.272939,-9.792285
3306848,0.962469,-0.253785,-9.801862
3308035,0.926556,-0.258574,-9.785102
3309215,0.912191,-0.258574,-9.765948
3310401,0.957681,-0.244209,-9.789890
3311586,0.914585,-0.248997,-9.718064
3312771,0.943315,-0.280122,-9.792285
3313949,0.921768,-0.265756,-9.837775
3315136,0.890643,-0.270545,-9.849746
3316322,0.912191,-0.234632,-9.883265
3317506,0.962469,-0.234632,-9.859323
3318685,0.955287,-0.217872,-9.878476
3319875,0.926556,-0.198719,-9.876082
3321055,0.933739,-0.222661,-9.811439
3322245,0.883460,-0.201113,-9.823410
3323427,0.957681,-0.177171,-9.938332
3324612,0.931344,-0.189142,-9.878476
3325794,0.895431,-0.229843,-9.888053
3326977,0.878672,-0.225055,-9.861717
3328170,0.897826,-0.253785,-9.880871
3329360,0.907402,-0.277727,-9.914390
3330537,0.883460,-0.225055,-9.938332
3331726,0.960075,-0.217872,-9.907207
3332905,0.921768,-0.208296,-9.828198
3334090,0.907402,-0.263362,-9.873688
3335269,0.909797,-0.205901,-9.895236
3336453,0.938527,-0.196325,-9.871294
3337641,0.916979,-0.246603,-9.856929
3338831,0.964863,-0.232238,-9.904813
3340023,0.919373,-0.239420,-9.868899
3341207,0.885855,-0.248997,-9.907207
3342392,0.895431,-0.253785,-9.868899
3343580,0.900220,-0.253785,-9.852140
3344750,0.986411,-0.258574,-9.957485
3345937,0.995988,-0.251391,-9.952697
3347119,0.955287,-0.253785,-9.921572
3348310,0.873884,-0.272939,-9.904813
3349488,0.914585,-0.225055,-9.809045
3350675,0.893037,-0.210690,-9.890448
3351854,0.936133,-0.203507,-9.880871
3353040,0.876278,-0.179565,-9.856929
3354221,0.902614,-0.234632,-9.744401
3355405,0.945710,-0.253785,-9.840169
3356590,0.912191,-0.220267,-9.787497
3357775,0.861913,-0.174777,-9.828198
3358960,0.921768,-0.220267,-9.818622
3360156,0.960075,-0.220267,-9.751583
3361338,0.976834,-0.208296,-9.761160
3362526,0.952892,-0.229843,-9.756371
3363700,0.924162,-0.208296,-9.806650
3364878,0.955287,-0.225055,-9.794679
3366053,0.952892,-0.239420,-9.742006
3367240,0.955287,-0.208296,-9.749189
3368417,0.969652,-0.169988,-9.670180
3369601,0.902614,-0.167594,-9.785102
3370787,0.967257,-0.191536,-9.804255
3371977,0.967257,-0.258574,-9.749189
3373171,0.962469,-0.186748,-9.715671
3374359,0.972046,-0.160412,-9.773131
3375537,0.890643,-0.191536,-9.770737
3376721,0.905008,-0.177171,-9.792285
3377901,0.921768,-0.179565,-9.797073
3379079,0.964863,-0.158017,-9.746795
3380259,0.888249,-0.196325,-9.749189
3381440,0.900220,-0.165200,-9.742006
3382616,0.955287,-0.215478,-9.679757
3383803,0.938527,-0.193930,-9.727641
3384984,0.895431,-0.205901,-9.765948
3386184,0.919373,-0.256180,-9.852140
3387369,0.936133,-0.210690,-9.818622
3388553,0.948104,-0.210690,-9.811439
3389732,0.931344,-0.201113,-9.708488
3390920,0.902614,-0.203507,-9.763555
3392099,0.919373,-0.155623,-9.765948
3393287,0.919373,-0.213084,-9.804255
3394466,0.842759,-0.289698,-9.835381
3395655,0.940921,-0.299275,-9.828198
3396835,0.931344,-0.270545,-9.873688
3398032,0.914585,-0.220267,-9.813833
3399212,0.936133,-0.193930,-9.897630
3400394,0.988805,-0.272939,-9.830592
3401577,0.933739,-0.241814,-9.861717
3402757,0.928950,-0.210690,-9.852140
3403936,0.897826,-0.248997,-9.897630
3405122,0.984017,-0.215478,-9.938332
3406307,0.955287,-0.237026,-9.883265
3407490,0.926556,-0.289698,-9.813833
3408674,0.907402,-0.265756,-9.809045
3409858,0.931344,-0.270545,-9.876082
3411040,0.900220,-0.217872,-9.859323
3412226,0.914585,-0.213084,-9.770737
3413406,0.895431,-0.239420,-9.816227
3414586,0.890643,-0.215478,-9.811439
3415767,0.955287,-0.210690,-9.856929
3416949,0.945710,-0.256180,-9.902418
3418132,0.878672,-0.246603,-9.895236
3419323,0.914585,-0.215478,-9.856929
3420501,0.936133,-0.263362,-9.873688
3421695,0.943315,-0.299275,-9.821015
3422874,0.893037,-0.270545,-9.758766
3424058,0.916979,-0.208296,-9.775525
3425243,0.950498,-0.251391,-9.753978
3426431,0.938527,-0.251391,-9.837775
3427612,0.950498,-0.232238,-9.931149
3428798,0.900220,-0.229843,-9.854534
3429978,0.902614,-0.203507,-9.842564
3431173,0.866701,-0.205901,-9.859323
3432356,0.885855,-0.248997,-9.818622
3433546,0.893037,-0.232238,-9.880871
3434726,0.885855,-0.213084,-9.854534
3435906,0.931344,-0.225055,-9.926360
3437082,0.960075,-0.213084,-9.873688
3438266,0.950498,-0.177171,-9.897630
3439445,0.950498,-0.201113,-9.852140
3440632,0.950498,-0.258574,-9.911995
3441813,0.907402,-0.239420,-9.880871
3442997,0.897826,-0.248997,-9.849746
3444193,0.876278,-0.299275,-9.816227
3445382,0.924162,-0.196325,-9.861717
3446563,0.914585,-0.227449,-9.859323
3447743,0.909797,-0.189142,-9.856929
3448923,0.940921,-0.205901,-9.885659
3450106,0.921768,-0.248997,-9.914390
3451291,0.933739,-0.196325,-9.773131
3452479,0.919373,-0.237026,-9.823410
3453662,0.902614,-0.253785,-9.797073
3454847,0.933739,-0.234632,-9.763555
3456031,0.912191,-0.234632,-9.787497
3457216,0.893037,-0.220267,-9.753978
3458395,0.902614,-0.258574,-9.811439
3459584,0.924162,-0.244209,-9.835381
3460758,0.945710,-0.246603,-9.794679
3461943,0.967257,-0.270545,-9.773131
3463124,0.897826,-0.220267,-9.780313
3464314,0.890643,-0.201113,-9.830592
3465493,0.979228,-0.186748,-9.849746
3466682,1.005565,-0.215478,-9.806650
3467862,1.010353,-0.234632,-9.847352
3469044,0.988805,-0.203507,-9.825804
3470222,0.940921,-0.203507,-9.809045
3471405,0.914585,-0.229843,-9.816227
3472590,0.945710,-0.222661,-9.775525
3473775,0.885855,-0.210690,-9.806650
3474950,0.907402,-0.237026,-9.782708
3476137,0.885855,-0.227449,-9.758766
3477324,0.916979,-0.205901,-9.816227
3478508,0.924162,-0.203507,-9.852140
3479685,0.900220,-0.179565,-9.844957
3480873,0.916979,-0.177171,-9.801862
3482052,0.967257,-0.222661,-9.789890
3483239,0.986411,-0.186748,-9.811439
3484420,0.972046,-0.205901,-9.785102
3485603,0.981623,-0.210690,-9.792285
3486786,0.972046,-0.198719,-9.787497
3487977,0.979228,-0.203507,-9.789890
3489168,0.981623,-0.215478,-9.821015
3490359,0.955287,-0.229843,-9.856929
3491538,0.955287,-0.241814,-9.856929
3492723,0.928950,-0.227449,-9.837775
3493905,0.967257,-0.213084,-9.782708
3495085,0.962469,-0.227449,-9.787497
3496266,0.895431,-0.227449,-9.823410
3497450,0.921768,-0.208296,-9.828198
3498639,0.895431,-0.186748,-9.823410
3499825,0.957681,-0.227449,-9.921572
3501010,0.921768,-0.198719,-9.830592
3502207,0.943315,-0.158017,-9.811439
3503392,0.912191,-0.217872,-9.835381
3504581,0.926556,-0.225055,-9.849746
3505755,0.921768,-0.220267,-9.864111
3506936,0.893037,-0.222661,-9.804255
3508117,0.890643,-0.265756,-9.809045
3509299,0.912191,-0.253785,-9.871294
3510483,0.869095,-0.260968,-9.837775
3511669,0.921768,-0.234632,-9.902418
3512850,0.895431,-0.213084,-9.873688
3514037,0.936133,-0.229843,-9.856929
3515218,0.936133,-0.205901,-9.852140
3516401,0.912191,-0.196325,-9.823410
3517579,0.912191,-0.215478,-9.823410
3518758,0.907402,-0.251391,-9.849746
3519939,0.909797,-0.205901,-9.861717
3521121,0.869095,-0.330400,-9.868899
3522299,0.849942,-0.174777,-9.832987
3523489,0.931344,-0.150835,-9.818622
3524670,0.902614,-0.217872,-9.811439
3525856,0.866701,-0.186748,-9.804255
3527038,0.924162,-0.208296,-9.866506
3528222,0.916979,-0.227449,-9.787497
3529403,0.864307,-0.265756,-9.787497
3530592,0.938527,-0.280122,-9.770737
3531768,0.945710,-0.265756,-9.832987
3532949,0.885855,-0.268151,-9.823410
3534133,0.924162,-0.210690,-9.813833
3535324,0.909797,-0.196325,-9.768343
3536501,0.902614,-0.239420,-9.816227
3537693,0.926556,-0.229843,-9.871294
3538879,0.948104,-0.282516,-9.868899
3540065,0.926556,-0.210690,-9.809045
3541241,0.962469,-0.213084,-9.789890
3542429,0.895431,-0.251391,-9.852140
3543606,0.909797,-0.213084,-9.861717
3544788,0.871489,-0.222661,-9.813833
3545975,0.878672,-0.232238,-9.797073
3547172,0.940921,-0.234632,-9.713276
3548359,0.933739,-0.196325,-9.849746
3549542,0.952892,-0.203507,-9.753978
3550722,0.948104,-0.234632,-9.756371
3551907,0.921768,-0.244209,-9.797073
3553083,0.866701,-0.210690,-9.849746
3554267,0.866701,-0.253785,-9.818622
3555447,0.955287,-0.239420,-9.823410
3556634,0.919373,-0.217872,-9.763555
3557816,0.893037,-0.222661,-9.832987
3559005,0.926556,-0.193930,-9.861717
3560203,0.924162,-0.237026,-9.811439
3561392,0.952892,-0.215478,-9.883265
3562576,0.902614,-0.229843,-9.885659
3563755,0.960075,-0.181959,-9.900024
3564934,0.914585,-0.208296,-9.890448
3566119,0.936133,-0.239420,-9.806650
3567298,0.993594,-0.316035,-9.821015
3568482,0.964863,-0.268151,-9.792285
3569666,0.943315,-0.237026,-9.840169
3570847,0.924162,-0.162806,-9.837775
3572026,0.890643,-0.225055,-9.835381
3573210,0.936133,-0.215478,-9.868899
3574386,0.902614,-0.227449,-9.856929
3575574,0.873884,-0.179565,-9.866506
3576749,0.885855,-0.148441,-9.823410
3577928,0.869095,-0.217872,-9.840169
3579109,0.912191,-0.268151,-9.880871
3580299,0.928950,-0.268151,-9.969456
3581482,0.931344,-0.234632,-9.911995
3582671,0.890643,-0.201113,-9.756371
3583846,0.890643,-0.241814,-9.780313
3585033,0.916979,-0.232238,-9.837775
3586213,0.926556,-0.205901,-9.856929
3587398,0.936133,-0.220267,-9.856929
3588581,0.936133,-0.239420,-9.746795
3589760,0.852336,-0.248997,-9.765948
3590942,0.871489,-0.239420,-9.734824
3592128,0.902614,-0.189142,-9.832987
3593314,0.938527,-0.191536,-9.873688
3594499,0.878672,-0.227449,-9.799467
3595688,0.948104,-0.198719,-9.852140
3596872,0.897826,-0.222661,-9.794679
3598052,0.828394,-0.222661,-9.758766
3599241,0.943315,-0.244209,-9.770737
3600424,0.926556,-0.241814,-9.794679
3601609,0.914585,-0.220267,-9.835381
3602790,0.921768,-0.191536,-9.806650
3603976,0.964863,-0.189142,-9.835381
3605169,0.967257,-0.205901,-9.753978
3606359,0.938527,-0.158017,-9.765948
3607537,0.952892,-0.193930,-9.775525
3608716,0.940921,-0.203507,-9.868899
3609896,0.962469,-0.184354,-9.787497
3611078,0.948104,-0.213084,-9.765948
3612257,0.974440,-0.232238,-9.926360
3613447,0.976834,-0.186748,-9.911995
3614631,0.962469,-0.227449,-9.842564
3615817,0.871489,-0.184354,-9.842564
3617002,0.895431,-0.208296,-9.809045
3618203,0.890643,-0.208296,-9.852140
3619385,0.909797,-0.198719,-9.852140
3620573,0.916979,-0.225055,-9.844957
3621747,0.914585,-0.258574,-9.809045
3622927,0.955287,-0.265756,-9.852140
3624108,0.938527,-0.232238,-9.873688
3625296,0.914585,-0.193930,-9.837775
3626479,0.943315,-0.198719,-9.818622
3627668,0.907402,-0.225055,-9.876082
3628842,0.897826,-0.215478,-9.885659
3630030,0.909797,-0.179565,-9.902418
3631209,0.926556,-0.189142,-9.909601
3632398,0.897826,-0.198719,-9.876082
3633582,0.964863,-0.258574,-9.813833
3634767,1.003170,-0.215478,-9.842564
3635942,0.938527,-0.210690,-9.811439
3637127,0.914585,-0.210690,-9.837775
3638313,0.890643,-0.227449,-9.789890
3639497,0.907402,-0.225055,-9.765948
3640679,0.909797,-0.248997,-9.830592
3641859,0.936133,-0.213084,-9.823410
3643040,0.940921,-0.268151,-9.837775
3644228,0.900220,-0.229843,-9.856929
3645407,0.878672,-0.237026,-9.830592
3646586,0.909797,-0.210690,-9.832987
3647759,0.883460,-0.208296,-9.868899
3648945,0.888249,-0.205901,-9.816227
3650122,0.878672,-0.169988,-9.763555
3651314,0.912191,-0.217872,-9.859323
3652495,0.945710,-0.284910,-9.902418
3653682,0.960075,-0.280122,-9.854534
3654856,0.945710,-0.210690,-9.825804
3656042,0.938527,-0.215478,-9.756371
3657222,0.919373,-0.239420,-9.744401
3658406,0.948104,-0.217872,-9.777920
3659590,0.885855,-0.184354,-9.864111
3660776,0.924162,-0.205901,-9.890448
3661959,0.869095,-0.196325,-9.876082
3663153,0.912191,-0.256180,-9.809045
3664341,0.916979,-0.234632,-9.801862
3665529,0.914585,-0.220267,-9.852140
3666714,0.873884,-0.289698,-9.835381
3667895,0.876278,-0.222661,-9.756371
3669072,0.972046,-0.237026,-9.859323
3670256,0.945710,-0.220267,-9.801862
3671440,0.938527,-0.213084,-9.821015
3672628,0.928950,-0.222661,-9.880871
3673803,0.936133,-0.220267,-9.770737
3674988,0.871489,-0.217872,-9.866506
3676184,0.852336,-0.225055,-9.880871
3677374,0.878672,-0.244209,-9.856929
3678554,0.972046,-0.210690,-9.837775
3679732,0.914585,-0.237026,-9.792285
3680909,0.890643,-0.234632,-9.739613
3682093,0.878672,-0.205901,-9.835381
3683276,0.909797,-0.201113,-9.859323
3684460,0.909797,-0.177171,-9.837775
3685638,0.936133,-0.229843,-9.691729
3686825,0.907402,-0.260968,-9.780313
3688007,0.919373,-0.229843,-9.847352
3689203,0.955287,-0.301669,-9.813833
3690388,0.936133,-0.251391,-9.785102
3691576,0.895431,-0.217872,-9.840169
3692751,0.909797,-0.213084,-9.763555
3693937,0.900220,-0.244209,-9.868899
3695116,0.926556,-0.198719,-9.775525
3696308,0.914585,-0.196325,-9.782708
3697486,0.847547,-0.272939,-9.818622
3698671,0.981623,-0.222661,-9.832987
3699848,0.933739,-0.244209,-9.844957
3701035,0.960075,-0.210690,-9.797073
3702213,0.916979,-0.215478,-9.801862
3703397,0.912191,-0.193930,-9.794679
3704581,0.995988,-0.227449,-9.799467
3705760,0.924162,-0.234632,-9.785102
3706941,0.936133,-0.213084,-9.787497
3708127,0.962469,-0.232238,-9.823410
3709314,0.960075,-0.251391,-9.770737
3710495,0.936133,-0.205901,-9.765948
3711678,0.950498,-0.203507,-9.842564
3712863,0.936133,-0.208296,-9.835381
3714044,0.955287,-0.210690,-9.773131
3715232,0.881066,-0.234632,-9.801862
3716411,0.945710,-0.217872,-9.888053
3717593,0.976834,-0.229843,-9.823410
3718774,0.940921,-0.244209,-9.876082
3719953,0.928950,-0.251391,-9.911995
3721144,0.897826,-0.225055,-9.895236
3722338,0.936133,-0.208296,-9.904813
3723521,0.926556,-0.158017,-9.859323
3724700,0.921768,-0.210690,-9.844957
3725874,0.897826,-0.237026,-9.849746
3727058,0.943315,-0.191536,-9.868899
3728244,0.914585,-0.169988,-9.842564
3729433,0.952892,-0.186748,-9.809045
3730612,0.897826,-0.198719,-9.856929
3731796,0.936133,-0.193930,-9.868899
3732977,0.888249,-0.179565,-9.868899
3734175,0.909797,-0.186748,-9.797073
3735361,0.907402,-0.174777,-9.828198
3736545,0.926556,-0.198719,-9.799467
3737730,0.931344,-0.189142,-9.801862
3738920,0.873884,-0.181959,-9.837775
3740097,0.905008,-0.198719,-9.792285
3741284,0.943315,-0.184354,-9.816227
3742464,0.912191,-0.181959,-9.773131
3743650,0.921768,-0.210690,-9.825804
3744825,0.897826,-0.220267,-9.864111
3746020,0.871489,-0.246603,-9.926360
3747206,0.916979,-0.217872,-9.940725
3748395,0.902614,-0.177171,-9.854534
3749579,0.854730,-0.215478,-9.840169
3750757,0.916979,-0.234632,-9.856929
3751939,0.926556,-0.220267,-9.811439
3753125,0.926556,-0.222661,-9.832987
3754312,0.928950,-0.167594,-9.775525
3755495,0.912191,-0.258574,-9.828198
3756676,0.998382,-0.203507,-9.806650
3757860,0.921768,-0.203507,-9.876082
3759041,0.893037,-0.227449,-9.883265
3760226,0.878672,-0.251391,-9.854534
3761406,0.900220,-0.220267,-9.849746
3762594,0.897826,-0.186748,-9.801862
3763775,0.900220,-0.277727,-9.828198
3764963,0.969652,-0.251391,-9.835381
3766156,0.955287,-0.232238,-9.859323
3767347,0.916979,-0.162806,-9.878476
3768531,0.902614,-0.215478,-9.849746
3769715,0.888249,-0.179565,-9.811439
3770897,0.878672,-0.203507,-9.730036
3772076,0.948104,-0.172383,-9.785102
3773256,0.912191,-0.191536,-9.785102
3774443,0.878672,-0.169988,-9.775525
3775627,0.948104,-0.203507,-9.823410
3776811,0.938527,-0.248997,-9.854534
3777992,0.926556,-0.220267,-9.813833
3779193,0.900220,-0.227449,-9.761160
3780374,0.967257,-0.229843,-9.749189
3781560,0.991199,-0.222661,-9.842564
3782736,0.919373,-0.239420,-9.816227
3783926,0.928950,-0.213084,-9.830592
3785106,0.926556,-0.248997,-9.856929
3786294,0.960075,-0.237026,-9.849746
3787476,0.931344,-0.244209,-9.844957
3788664,0.916979,-0.165200,-9.816227
3789845,0.885855,-0.208296,-9.821015
3791031,0.907402,-0.237026,-9.792285
3792210,0.955287,-0.263362,-9.861717
3793400,0.936133,-0.251391,-9.823410
3794584,0.919373,-0.222661,-9.840169
3795769,0.893037,-0.208296,-9.806650
3796946,0.916979,-0.169988,-9.902418
3798135,0.905008,-0.213084,-9.780313
3799318,0.936133,-0.217872,-9.811439
3800504,0.952892,-0.217872,-9.737218
3801693,0.914585,-0.258574,-9.849746
3802882,0.960075,-0.251391,-9.837775
3804056,1.012747,-0.244209,-9.832987
3805243,0.981623,-0.246603,-9.825804
3806422,0.909797,-0.203507,-9.813833
3807606,0.881066,-0.225055,-9.780313
3808786,0.936133,-0.229843,-9.885659
3809977,0.897826,-0.201113,-9.861717
3811169,0.948104,-0.205901,-9.892841
3812359,0.928950,-0.222661,-9.847352
3813537,0.902614,-0.225055,-9.749189
3814719,0.907402,-0.217872,-9.821015
3815899,0.893037,-0.193930,-9.895236
3817079,0.902614,-0.155623,-9.809045
3818258,0.919373,-0.179565,-9.715671
3819448,0.948104,-0.253785,-9.694122
3820631,0.952892,-0.227449,-9.708488
3821812,0.964863,-0.205901,-9.775525
3822993,0.969652,-0.234632,-9.873688
3824194,0.900220,-0.232238,-9.852140
3825375,0.919373,-0.232238,-9.804255
3826560,0.859518,-0.177171,-9.821015
3827735,0.967257,-0.229843,-9.777920
3828924,0.948104,-0.232238,-9.840169
3830103,0.890643,-0.213084,-9.792285
3831290,0.926556,-0.203507,-9.799467
3832473,0.900220,-0.198719,-9.809045
3833659,0.902614,-0.198719,-9.844957
3834839,0.960075,-0.189142,-9.837775
3836021,0.938527,-0.227449,-9.852140
3837208,0.943315,-0.205901,-9.823410
3838396,0.902614,-0.196325,-9.859323
3839579,0.936133,-0.208296,-9.847352
3840758,0.907402,-0.229843,-9.801862
3841933,0.897826,-0.184354,-9.823410
3843119,0.955287,-0.217872,-9.809045
3844299,0.938527,-0.208296,-9.761160
3845485,0.952892,-0.217872,-9.789890
3846668,0.921768,-0.169988,-9.782708
3847849,0.902614,-0.248997,-9.787497
3849032,0.888249,-0.213084,-9.765948
3850216,0.864307,-0.201113,-9.763555
3851396,0.926556,-0.220267,-9.837775
3852584,1.046266,-0.256180,-9.856929
3853758,0.876278,-0.229843,-9.864111
3854938,0.895431,-0.246603,-9.840169
3856119,0.905008,-0.227449,-9.864111
3857309,0.921768,-0.196325,-9.876082
3858489,0.861913,-0.205901,-9.974244
3859676,0.924162,-0.225055,-9.892841
3860857,0.871489,-0.227449,-9.861717
3862044,0.912191,-0.239420,-9.911995
3863221,0.933739,-0.248997,-9.785102
3864406,0.933739,-0.220267,-9.806650
3865590,0.952892,-0.179565,-9.828198
3866776,0.905008,-0.174777,-9.852140
3867947,0.883460,-0.203507,-9.832987
3869135,0.871489,-0.213084,-9.804255
3870321,0.907402,-0.222661,-9.852140
3871504,0.914585,-0.239420,-9.751583
3872692,0.950498,-0.258574,-9.780313
3873881,0.885855,-0.222661,-9.823410
3875062,0.893037,-0.169988,-9.844957
3876249,0.826000,-0.198719,-9.892841
3877431,0.854730,-0.253785,-9.861717
3878616,0.919373,-0.248997,-9.837775
3879798,0.955287,-0.213084,-9.782708
3880983,0.967257,-0.229843,-9.742006
3882175,0.933739,-0.220267,-9.706094
3883364,0.897826,-0.213084,-9.684546
3884544,0.885855,-0.181959,-9.749189
3885730,0.960075,-0.210690,-9.758766
3886909,0.890643,-0.208296,-9.694122
3888092,0.897826,-0.198719,-9.763555
3889270,0.957681,-0.244209,-9.770737
3890454,0.979228,-0.270545,-9.816227
3891643,0.948104,-0.220267,-9.737218
3892831,0.972046,-0.201113,-9.665392
3894021,0.919373,-0.208296,-9.701305
3895207,1.017536,-0.248997,-9.660604
3896391,1.024718,-0.217872,-9.682152
3897580,0.957681,-0.217872,-9.682152
3898755,0.873884,-0.181959,-9.753978
3899939,0.962469,-0.244209,-9.727641
3901120,0.888249,-0.284910,-9.794679
3902311,0.924162,-0.213084,-9.868899
3903490,0.926556,-0.225055,-9.840169
3904677,0.900220,-0.208296,-9.775525
3905856,0.924162,-0.191536,-9.835381
3907044,0.914585,-0.155623,-9.914390
3908227,0.909797,-0.181959,-9.964667
3909412,0.885855,-0.248997,-9.933543
3910591,0.926556,-0.191536,-9.921572
3911777,0.943315,-0.239420,-9.935937
3912961,0.905008,-0.222661,-9.971850
3914155,0.878672,-0.251391,-10.019734
3915345,0.869095,-0.237026,-10.026917
3916533,0.888249,-0.222661,-10.002975
3917713,0.835576,-0.217872,-10.000581
3918898,0.933739,-0.146046,-9.938332
3920075,0.938527,-0.158017,-9.928755
3921259,0.928950,-0.208296,-9.926360
3922436,0.945710,-0.201113,-9.919178
3923624,0.900220,-0.193930,-9.892841
3924803,0.893037,-0.229843,-9.897630
3925987,0.854730,-0.232238,-9.943120
3927179,0.873884,-0.258574,-9.888053
3928370,0.914585,-0.225055,-9.904813
3929549,0.907402,-0.234632,-9.888053
3930733,0.912191,-0.222661,-9.876082
3931917,0.888249,-0.284910,-9.835381
3933102,0.861913,-0.313640,-9.919178
3934285,0.924162,-0.299275,-9.811439
3935474,0.931344,-0.277727,-9.799467
3936658,0.926556,-0.239420,-9.854534
3937842,0.945710,-0.237026,-9.871294
3939018,0.957681,-0.248997,-9.856929
3940207,0.952892,-0.225055,-9.837775
3941392,0.926556,-0.229843,-9.940725
3942580,0.950498,-0.225055,-9.842564
3943751,1.000776,-0.213084,-9.785102
3944936,0.955287,-0.270545,-9.832987
3946117,0.907402,-0.177171,-9.921572
3947307,0.916979,-0.191536,-9.861717
3948493,0.998382,-0.193930,-9.823410
3949680,0.976834,-0.198719,-9.813833
3950862,0.940921,-0.181959,-9.900024
3952044,0.943315,-0.196325,-9.885659
3953228,0.926556,-0.196325,-9.809045
3954412,0.938527,-0.172383,-9.818622
3955590,0.902614,-0.186748,-9.926360
3956774,0.919373,-0.177171,-9.885659
3957960,0.914585,-0.220267,-9.844957
3959155,0.914585,-0.217872,-9.852140
3960345,0.984017,-0.210690,-9.742006
3961530,0.936133,-0.205901,-9.734824
3962704,0.919373,-0.296881,-9.777920
3963888,0.940921,-0.248997,-9.801862
3965063,0.912191,-0.201113,-9.852140
3966246,0.842759,-0.217872,-9.809045
3967429,0.833182,-0.239420,-9.691729
3968613,0.878672,-0.253785,-9.730036
3969789,0.857124,-0.222661,-9.794679
3970981,0.861913,-0.217872,-9.701305
3972172,0.840365,-0.222661,-9.756371
3973363,0.849942,-0.215478,-9.710882
3974543,0.945710,-0.220267,-9.624691
3975728,0.933739,-0.225055,-9.732430
3976908,0.900220,-0.244209,-9.751583
3978087,0.955287,-0.201113,-9.758766
3979262,0.957681,-0.210690,-9.809045
3980443,0.960075,-0.258574,-9.706094
3981624,0.962469,-0.210690,-9.770737
3982804,0.988805,-0.174777,-9.797073
3983984,1.003170,-0.222661,-9.691729
3985181,0.988805,-0.215478,-9.734824
3986367,0.967257,-0.205901,-9.751583
3987551,0.972046,-0.213084,-9.758766
3988731,0.926556,-0.184354,-9.770737
3989920,0.881066,-0.193930,-9.684546
3991099,0.943315,-0.229843,-9.809045
3992283,0.972046,-0.150835,-9.768343
3993457,1.022324,-0.196325,-9.734824
3994651,0.940921,-0.220267,-9.734824
3995835,0.948104,-0.222661,-9.770737
3997030,0.907402,-0.160412,-9.763555
3998209,0.936133,-0.225055,-9.811439
3999394,0.912191,-0.272939,-9.818622
4000575,0.919373,-0.237026,-9.837775
4001754,0.907402,-0.272939,-9.785102
4007814,0.962469,-0.251391,-9.885659
4009000,0.878672,-0.248997,-9.797073
4010196,0.866701,-0.191536,-9.768343
4011384,0.840365,-0.217872,-9.775525
4012564,0.881066,-0.229843,-9.849746
4013743,0.943315,-0.210690,-9.868899
4014922,0.972046,-0.208296,-9.725247
4016102,0.924162,-0.220267,-9.828198
4017286,0.873884,-0.241814,-9.801862
4018470,0.916979,-0.263362,-9.799467
4019654,0.869095,-0.248997,-9.813833
4020834,0.893037,-0.229843,-9.806650
4022025,0.926556,-0.203507,-9.856929
4023209,0.936133,-0.181959,-9.830592
4024394,0.897826,-0.234632,-9.830592
4025582,0.967257,-0.196325,-9.842564
4026757,0.933739,-0.213084,-9.821015
4027942,0.926556,-0.234632,-9.801862
4029123,0.972046,-0.186748,-9.873688
4030315,0.991199,-0.153229,-9.876082
4031495,0.984017,-0.203507,-9.876082
4032681,0.967257,-0.241814,-9.897630
4033862,0.912191,-0.251391,-9.854534
4035044,0.897826,-0.246603,-9.876082
4036224,0.869095,-0.217872,-9.849746
4037408,0.861913,-0.225055,-9.900024
4038591,0.861913,-0.203507,-9.847352
4039775,0.895431,-0.270545,-9.907207
4040955,0.936133,-0.246603,-9.880871
4042147,0.840365,-0.251391,-9.787497
4043337,0.842759,-0.282516,-9.835381
4044525,0.876278,-0.169988,-9.868899
4045706,0.926556,-0.205901,-9.897630
4046888,0.928950,-0.251391,-9.900024
4048062,0.861913,-0.232238,-9.873688
4049253,0.948104,-0.189142,-9.897630
4050436,0.878672,-0.177171,-9.950302
4051620,0.919373,-0.239420,-9.811439
4052801,0.885855,-0.198719,-9.878476
4053987,0.873884,-0.196325,-9.837775
4055180,0.974440,-0.234632,-9.854534
4056371,0.931344,-0.234632,-9.868899
4057552,0.979228,-0.217872,-9.871294
4058737,0.914585,-0.186748,-10.022128
4059920,0.952892,-0.203507,-9.995792
4061103,0.869095,-0.227449,-9.828198
4062287,0.900220,-0.203507,-9.780313
4063468,0.924162,-0.205901,-9.832987
4064651,0.926556,-0.165200,-9.866506
4065830,0.952892,-0.222661,-9.868899
4067022,0.885855,-0.222661,-9.890448
4068207,0.909797,-0.193930,-9.885659
4069392,0.924162,-0.205901,-9.876082
4070580,0.919373,-0.251391,-9.852140
4071754,0.943315,-0.181959,-9.919178
4072936,0.921768,-0.241814,-9.837775
4074118,0.962469,-0.268151,-9.861717
4075310,0.912191,-0.220267,-9.928755
4076495,0.933739,-0.201113,-9.828198
4077680,0.921768,-0.244209,-9.797073
4078855,0.912191,-0.198719,-9.873688
4080043,0.936133,-0.265756,-9.847352
4081223,0.950498,-0.213084,-9.832987
4082407,0.907402,-0.256180,-9.842564
4083591,0.919373,-0.248997,-9.749189
4084777,0.933739,-0.208296,-9.813833
4085962,0.976834,-0.220267,-9.852140
4087156,0.933739,-0.248997,-9.758766
4088349,0.969652,-0.265756,-9.787497
4089538,0.940921,-0.248997,-9.804255
4090717,0.962469,-0.237026,-9.739613
4091903,0.912191,-0.225055,-9.775525
4093079,0.928950,-0.172383,-9.823410
4094263,0.916979,-0.213084,-9.801862
4095441,0.876278,-0.205901,-9.789890
4096625,0.883460,-0.222661,-9.763555
4097806,0.933739,-0.210690,-9.821015
4098991,0.905008,-0.201113,-9.768343
4100181,0.948104,-0.220267,-9.861717
4101372,0.952892,-0.225055,-9.770737
4102551,1.027112,-0.167594,-9.801862
4103741,0.933739,-0.232238,-9.842564
4104921,0.900220,-0.229843,-9.813833
4106104,0.974440,-0.241814,-9.806650
4107286,0.902614,-0.229843,-9.830592
4108470,0.907402,-0.203507,-9.761160
4109651,0.940921,-0.205901,-9.789890
4110838,0.950498,-0.205901,-9.811439
4112029,0.926556,-0.198719,-9.837775
4113215,0.883460,-0.229843,-9.792285
4114392,0.938527,-0.201113,-9.825804
4115579,0.907402,-0.186748,-9.873688
4116753,0.955287,-0.256180,-9.847352
4117939,0.885855,-0.205901,-9.811439
4119120,0.897826,-0.229843,-9.785102
4120311,0.905008,-0.234632,-9.859323
4121488,0.952892,-0.208296,-9.785102
4122675,0.950498,-0.246603,-9.768343
4123856,0.878672,-0.172383,-9.773131
4125041,0.873884,-0.210690,-9.806650
4126219,0.871489,-0.181959,-9.809045
4127403,0.878672,-0.208296,-9.880871
4128586,0.924162,-0.217872,-9.794679
4129771,0.909797,-0.272939,-9.806650
4130951,0.948104,-0.234632,-9.782708
4132136,0.921768,-0.222661,-9.792285
4133323,0.945710,-0.244209,-9.844957
4134505,0.919373,-0.225055,-9.804255
4135693,0.914585,-0.234632,-9.797073
4136882,0.938527,-0.246603,-9.720459
4138062,0.931344,-0.227449,-9.806650
4139252,0.905008,-0.222661,-9.756371
4140434,0.888249,-0.239420,-9.780313
4141618,0.919373,-0.253785,-9.825804
4142796,0.909797,-0.208296,-9.751583
4143981,0.871489,-0.232238,-9.737218
4145175,0.931344,-0.198719,-9.787497
4146366,0.897826,-0.217872,-9.787497
4147547,0.895431,-0.277727,-9.768343
4148726,0.907402,-0.260968,-9.830592
4149903,0.895431,-0.225055,-9.823410
4151083,0.919373,-0.196325,-9.792285
4152264,0.952892,-0.232238,-9.763555
4153449,0.919373,-0.239420,-9.775525
4154633,0.881066,-0.217872,-9.823410
4155818,0.849942,-0.234632,-9.770737
4156999,0.885855,-0.181959,-9.777920
4158200,0.905008,-0.270545,-9.828198
4159381,0.900220,-0.227449,-9.804255
4160561,0.914585,-0.246603,-9.706094
4161735,0.916979,-0.251391,-9.785102
4162925,0.883460,-0.215478,-9.840169
4164104,0.916979,-0.225055,-9.871294
4165292,0.933739,-0.246603,-9.823410
4166475,0.926556,-0.198719,-9.854534
4167664,0.950498,-0.217872,-9.864111
4168845,0.974440,-0.232238,-9.837775
4170032,0.900220,-0.186748,-9.785102
4171210,0.931344,-0.172383,-9.835381
4172401,0.948104,-0.172383,-9.844957
4173584,0.948104,-0.186748,-9.837775
4174760,0.912191,-0.172383,-9.876082
4175942,0.948104,-0.203507,-9.789890
4177126,0.948104,-0.299275,-9.789890
4178312,0.902614,-0.201113,-9.811439
4179494,0.945710,-0.232238,-9.794679
4180677,0.909797,-0.246603,-9.773131
4181863,0.928950,-0.215478,-9.880871
4183044,0.948104,-0.205901,-9.794679
4184231,0.883460,-0.208296,-9.909601
4185409,0.885855,-0.213084,-9.816227
4186599,0.912191,-0.172383,-9.842564
4187780,0.979228,-0.174777,-9.816227
4188970,0.962469,-0.179565,-9.811439
4190163,0.902614,-0.217872,-9.883265
4191352,0.979228,-0.234632,-9.809045
4192532,0.936133,-0.260968,-9.797073
4193716,0.948104,-0.225055,-9.809045
4194895,0.928950,-0.222661,-9.861717
4196076,0.905008,-0.232238,-9.840169
4197251,0.993594,-0.227449,-9.868899
4198440,0.943315,-0.217872,-9.840169
4199624,0.955287,-0.248997,-9.806650
4200809,0.960075,-0.177171,-9.830592
4201989,0.926556,-0.191536,-9.821015
4203189,0.936133,-0.227449,-9.763555
4204374,0.962469,-0.227449,-9.859323
4205559,0.902614,-0.215478,-9.806650
4206733,0.876278,-0.225055,-9.742006
4207916,0.900220,-0.186748,-9.847352
4209094,0.897826,-0.208296,-9.907207
4210281,0.905008,-0.225055,-9.840169
4211459,0.919373,-0.237026,-9.758766
4212644,0.969652,-0.239420,-9.849746
4213825,0.967257,-0.174777,-9.775525
4215021,0.940921,-0.186748,-9.794679
4216208,0.955287,-0.220267,-9.849746
4217397,0.866701,-0.244209,-9.854534
4218580,0.897826,-0.244209,-9.864111
4219759,0.869095,-0.210690,-9.737218
4220939,0.921768,-0.162806,-9.799467
4222125,0.933739,-0.237026,-9.840169
4223310,0.991199,-0.191536,-9.794679
4224494,0.940921,-0.220267,-9.856929
4225674,0.976834,-0.213084,-9.852140
4226854,0.964863,-0.210690,-9.888053
4228035,0.948104,-0.232238,-9.816227
4229220,0.950498,-0.251391,-9.897630
4230399,0.866701,-0.244209,-9.823410
4231586,0.902614,-0.229843,-9.811439
4232767,0.981623,-0.201113,-9.801862
4233952,0.936133,-0.229843,-9.801862
4235130,0.955287,-0.215478,-9.773131
4236322,0.952892,-0.227449,-9.794679
4237503,0.881066,-0.208296,-9.883265
4238687,0.998382,-0.244209,-9.935937
4239863,0.931344,-0.251391,-9.852140
4241044,0.897826,-0.213084,-9.866506
4242224,0.902614,-0.217872,-9.837775
4243409,0.888249,-0.227449,-9.811439
4244594,0.866701,-0.220267,-9.852140
4245777,0.871489,-0.244209,-9.837775
4246956,0.916979,-0.248997,-9.911995
4248152,0.897826,-0.227449,-9.933543
4249342,0.826000,-0.172383,-9.849746
4250529,0.859518,-0.237026,-9.832987
4251709,0.897826,-0.215478,-9.859323
4252896,0.885855,-0.244209,-9.799467
4254072,0.854730,-0.213084,-9.818622
4255256,0.857124,-0.205901,-9.809045
4256438,0.871489,-0.234632,-9.809045
4257625,0.885855,-0.234632,-9.847352
4258807,0.881066,-0.241814,-9.840169
4259992,0.928950,-0.229843,-9.883265
4261188,0.945710,-0.239420,-9.785102
4262375,0.916979,-0.263362,-9.763555
4263555,0.869095,-0.244209,-9.856929
4264739,0.881066,-0.260968,-9.856929
4265918,0.945710,-0.232238,-9.811439
4267102,0.955287,-0.205901,-9.830592
4268285,0.914585,-0.177171,-9.785102
4269469,0.936133,-0.215478,-9.727641
4270650,0.873884,-0.253785,-9.715671
4271840,0.878672,-0.237026,-9.696517
4273032,0.871489,-0.244209,-9.787497
4274217,0.878672,-0.277727,-9.844957
4275398,0.900220,-0.263362,-9.809045
4276583,0.914585,-0.229843,-9.830592
4277758,0.883460,-0.201113,-9.804255
4278942,0.885855,-0.215478,-9.804255
4280124,0.852336,-0.215478,-9.830592
4281312,0.905008,-0.193930,-9.742006
4282487,0.950498,-0.213084,-9.873688
4283671,0.940921,-0.201113,-9.866506
4284846,0.895431,-0.225055,-9.844957
4286033,0.926556,-0.208296,-9.883265
4287213,0.957681,-0.193930,-9.799467
4288396,0.933739,-0.277727,-9.765948
4289580,0.940921,-0.193930,-9.818622
4290759,0.914585,-0.275333,-9.777920
4291943,0.890643,-0.265756,-9.730036
4293128,0.900220,-0.225055,-9.751583
4294309,0.921768,-0.222661,-9.732430
4295499,0.914585,-0.222661,-9.861717
4296680,0.871489,-0.241814,-9.866506
4297861,0.916979,-0.239420,-9.787497
4299043,0.919373,-0.251391,-9.715671
4300232,0.926556,-0.258574,-9.785102
4301412,0.969652,-0.213084,-9.727641
4302595,0.912191,-0.253785,-9.732430
4303775,0.926556,-0.220267,-9.742006
4304963,0.967257,-0.213084,-9.828198
4306154,0.979228,-0.205901,-9.821015
4307347,0.988805,-0.198719,-9.890448
4308530,0.864307,-0.241814,-9.758766
4309714,0.921768,-0.217872,-9.775525
4310896,0.950498,-0.198719,-9.809045
4312076,0.969652,-0.191536,-9.821015
4313256,0.931344,-0.198719,-9.789890
4314446,0.924162,-0.227449,-9.782708
4315629,0.926556,-0.198719,-9.785102
4316815,0.955287,-0.186748,-9.806650
4317996,0.986411,-0.225055,-9.758766
4319196,0.976834,-0.208296,-9.806650
4320378,0.936133,-0.201113,-9.821015
4321563,0.936133,-0.270545,-9.765948
4322738,0.969652,-0.256180,-9.794679
4323927,0.967257,-0.198719,-9.907207
4325108,0.926556,-0.179565,-9.940725
4326298,0.931344,-0.203507,-9.926360
4327480,0.857124,-0.241814,-9.861717
4328669,0.890643,-0.256180,-9.897630
4329849,0.940921,-0.217872,-9.880871
4331035,0.926556,-0.203507,-9.849746
4332215,0.948104,-0.222661,-9.866506
4333397,0.938527,-0.246603,-9.830592
4334580,0.905008,-0.208296,-9.818622
4335757,0.969652,-0.234632,-9.871294
4336939,0.933739,-0.270545,-9.816227
4338125,0.974440,-0.256180,-9.825804
4339310,0.940921,-0.193930,-9.849746
4340499,0.883460,-0.213084,-9.830592
4341681,0.909797,-0.196325,-9.840169
4342861,0.948104,-0.239420,-9.864111
4344043,0.952892,-0.198719,-9.809045
4345230,0.893037,-0.222661,-9.821015
4346410,0.864307,-0.241814,-9.825804
4347589,0.902614,-0.179565,-9.895236
4348770,0.912191,-0.244209,-9.921572
4349956,0.924162,-0.181959,-9.900024
4351145,0.943315,-0.198719,-9.830592
4352340,0.921768,-0.227449,-9.828198
4353518,0.859518,-0.208296,-9.864111
4354702,0.900220,-0.153229,-9.816227
4355881,0.924162,-0.181959,-9.876082
4357065,0.914585,-0.241814,-9.866506
4358243,0.900220,-0.220267,-9.849746
4359426,0.933739,-0.217872,-9.830592
4360607,0.943315,-0.220267,-9.856929
4361798,0.883460,-0.234632,-9.864111
4362979,0.864307,-0.258574,-9.938332
4364176,0.861913,-0.284910,-9.878476
4365362,0.878672,-0.196325,-9.890448
4366547,0.902614,-0.210690,-9.849746
4367726,0.885855,-0.229843,-9.828198
4368912,0.924162,-0.284910,-9.799467
4370086,0.905008,-0.229843,-9.792285
4371269,0.895431,-0.196325,-9.801862
4372450,0.883460,-0.234632,-9.782708
4373642,0.914585,-0.275333,-9.837775
4374816,0.948104,-0.275333,-9.816227
4376005,0.948104,-0.256180,-9.797073
4377201,0.907402,-0.213084,-9.842564
4378388,0.905008,-0.208296,-9.780313
4379566,0.909797,-0.239420,-9.878476
4380743,0.893037,-0.184354,-9.720459
4381917,0.981623,-0.217872,-9.811439
4383102,0.950498,-0.241814,-9.842564
4384285,0.919373,-0.196325,-9.890448
4385470,0.936133,-0.208296,-9.818622
4386653,0.928950,-0.246603,-9.823410
4387841,0.866701,-0.217872,-9.773131
4389034,0.916979,-0.268151,-9.902418
4390219,0.907402,-0.253785,-9.830592
4391397,0.921768,-0.260968,-9.761160
4392585,0.900220,-0.201113,-9.816227
4393757,0.905008,-0.220267,-9.873688
4394941,0.940921,-0.239420,-9.770737
4396121,0.945710,-0.229843,-9.792285
4397312,0.943315,-0.222661,-9.900024
4398489,0.964863,-0.217872,-9.890448
4399677,0.933739,-0.227449,-9.892841
4400856,0.895431,-0.241814,-9.794679
4402040,0.893037,-0.205901,-9.722853
4403220,0.919373,-0.225055,-9.751583
4404405,0.936133,-0.198719,-9.787497
4405590,0.907402,-0.169988,-9.749189
4406772,0.890643,-0.205901,-9.758766
4407947,0.928950,-0.213084,-9.770737
4409132,0.957681,-0.184354,-9.801862
4410318,0.948104,-0.237026,-9.785102
4411501,0.924162,-0.229843,-9.868899
4412690,0.916979,-0.191536,-9.794679
4413880,0.890643,-0.213084,-9.749189
4415059,0.902614,-0.234632,-9.837775
4416248,0.955287,-0.280122,-9.840169
4417431,0.993594,-0.208296,-9.868899
4418616,0.895431,-0.201113,-9.792285
4419792,0.885855,-0.220267,-9.842564
4420983,0.909797,-0.256180,-9.777920
4422171,0.986411,-0.196325,-9.868899
4423363,0.955287,-0.193930,-9.885659
4424539,0.916979,-0.203507,-9.823410
4425722,0.928950,-0.220267,-9.876082
4426902,0.938527,-0.191536,-9.801862
4428083,0.890643,-0.196325,-9.837775
4429262,0.883460,-0.191536,-9.878476
4430445,0.900220,-0.205901,-9.883265
4431626,0.878672,-0.198719,-9.730036
4432811,0.907402,-0.153229,-9.809045
4433991,0.859518,-0.215478,-9.830592
4435188,0.933739,-0.244209,-9.830592
4436374,0.955287,-0.258574,-9.854534
4437559,0.849942,-0.217872,-9.904813
4438734,0.933739,-0.186748,-9.864111
4439921,0.945710,-0.222661,-9.804255
4441100,0.945710,-0.280122,-9.825804
4442286,0.972046,-0.253785,-9.801862
4443466,0.938527,-0.210690,-9.789890
4444653,0.912191,-0.174777,-9.871294
4445837,0.907402,-0.208296,-9.844957
4447033,0.881066,-0.280122,-9.821015
4448208,0.921768,-0.239420,-9.885659
4449397,0.897826,-0.220267,-9.921572
4450581,0.888249,-0.203507,-9.859323
4451757,0.909797,-0.189142,-9.873688
4452939,0.950498,-0.198719,-9.830592
4454124,0.948104,-0.208296,-9.868899
4455310,0.948104,-0.225055,-9.832987
4456499,0.974440,-0.225055,-9.821015
4457678,0.924162,-0.234632,-9.866506
4458864,0.933739,-0.246603,-9.871294
4460044,0.943315,-0.232238,-9.842564
4461233,0.907402,-0.196325,-9.830592
4462412,0.902614,-0.244209,-9.835381
4463594,0.940921,-0.253785,-9.880871
4464774,0.926556,-0.210690,-9.830592
4465956,0.960075,-0.208296,-9.782708
4467144,0.976834,-0.191536,-9.744401
4468338,0.952892,-0.217872,-9.782708
4469518,0.895431,-0.251391,-9.818622
4470703,0.924162,-0.220267,-9.797073
4471882,0.957681,-0.186748,-9.770737
4473068,0.890643,-0.203507,-9.749189
4474246,0.814029,-0.220267,-9.832987
4475433,0.873884,-0.167594,-9.828198
4476614,0.902614,-0.165200,-9.856929
4477798,0.881066,-0.196325,-9.739613
4478979,0.914585,-0.210690,-9.739613
4480176,0.871489,-0.148441,-9.861717
4481363,0.948104,-0.198719,-9.821015
4482542,0.957681,-0.232238,-9.809045
4483722,0.914585,-0.158017,-9.744401
4484907,0.914585,-0.215478,-9.775525
4486084,0.883460,-0.265756,-9.696517
4487268,0.933739,-0.268151,-9.643845
4488449,0.914585,-0.268151,-9.797073
4489637,0.926556,-0.213084,-9.806650
4490812,0.957681,-0.184354,-9.904813
4491998,0.873884,-0.205901,-9.859323
4493193,0.936133,-0.272939,-9.739613
4494382,0.926556,-0.277727,-9.758766
4495563,0.893037,-0.210690,-9.744401
4496740,0.943315,-0.229843,-9.773131
4497926,0.921768,-0.234632,-9.797073
4499112,0.964863,-0.268151,-9.761160
4500297,0.931344,-0.205901,-9.694122
4501484,0.960075,-0.215478,-9.859323
4502664,0.969652,-0.260968,-9.864111
4503850,1.005565,-0.270545,-9.828198
4505032,0.981623,-0.241814,-9.847352
4506217,0.905008,-0.256180,-9.878476
4507391,0.945710,-0.227449,-10.000581
4508577,0.931344,-0.229843,-10.005369
4509749,0.912191,-0.253785,-9.895236
4510934,0.897826,-0.203507,-9.998186
4512112,0.936133,-0.201113,-10.098742
4513308,0.943315,-0.210690,-9.986216
4514493,0.948104,-0.227449,-10.029311
4515681,0.881066,-0.258574,-10.029311
4516862,0.933739,-0.275333,-10.125079
4518044,0.943315,-0.239420,-10.046070
4519223,0.962469,-0.225055,-10.062830
4520405,0.967257,-0.263362,-10.084377
4521591,0.938527,-0.253785,-9.986216
4522776,0.952892,-0.208296,-9.969456
4523961,0.902614,-0.253785,-9.842564
4525156,0.849942,-0.227449,-9.878476
4526346,0.876278,-0.215478,-9.878476
4527535,1.003170,-0.229843,-9.830592
4528711,0.907402,-0.210690,-9.751583
4529893,0.890643,-0.260968,-9.765948
4531069,0.940921,-0.265756,-9.813833
4532252,0.967257,-0.280122,-9.770737
4533435,0.924162,-0.272939,-9.789890
4534619,0.921768,-0.260968,-9.818622
4535801,0.948104,-0.220267,-9.770737
4536983,0.924162,-0.229843,-9.768343
4538176,0.943315,-0.191536,-9.801862
4539367,0.943315,-0.189142,-9.722853
4540548,0.916979,-0.208296,-9.761160
4541726,0.936133,-0.186748,-9.799467
4542908,0.919373,-0.186748,-9.830592
4544089,0.950498,-0.181959,-9.832987
4545269,0.893037,-0.258574,-9.789890
4546453,0.916979,-0.203507,-9.830592
4547635,0.933739,-0.174777,-9.818622
4548821,0.912191,-0.181959,-9.876082
4550006,0.912191,-0.181959,-9.780313
4551207,0.957681,-0.167594,-9.730036
4552390,0.955287,-0.160412,-9.710882
4553577,0.905008,-0.148441,-9.715671
4554750,0.919373,-0.217872,-9.698911
4555937,0.955287,-0.213084,-9.730036
4557117,0.945710,-0.172383,-9.737218
4558300,0.885855,-0.189142,-9.634268
4559484,0.859518,-0.203507,-9.636662
4560668,0.909797,-0.213084,-9.667787
4561849,0.912191,-0.205901,-9.655815
4563035,0.979228,-0.237026,-9.648633
4564216,0.943315,-0.203507,-9.579201
4565397,0.809240,-0.268151,-9.595961
4566574,0.893037,-0.220267,-9.605537
4567752,0.909797,-0.282516,-9.691729
4568929,0.919373,-0.234632,-9.696517
4570115,0.902614,-0.248997,-9.684546
4571294,0.909797,-0.306458,-9.643845
4572481,0.847547,-0.232238,-9.703699
4573665,0.907402,-0.210690,-9.684546
4574842,0.907402,-0.193930,-9.768343
4576021,0.902614,-0.234632,-9.801862
4577207,0.885855,-0.220267,-9.821015
4578392,0.885855,-0.203507,-9.794679
4579579,0.938527,-0.191536,-9.801862
4580750,0.897826,-0.177171,-9.816227
4581937,0.995988,-0.246603,-9.813833
4583119,0.984017,-0.186748,-9.780313
4584309,0.893037,-0.205901,-9.854534
4585493,0.924162,-0.193930,-9.811439
4586681,0.967257,-0.208296,-9.809045
4587856,0.940921,-0.215478,-9.763555
4589043,0.890643,-0.284910,-9.696517
4590222,0.936133,-0.237026,-9.775525
4591407,0.926556,-0.275333,-9.792285
4592593,0.960075,-0.241814,-9.703699
4593776,0.950498,-0.244209,-9.763555
4594960,0.921768,-0.246603,-9.856929
4596156,0.909797,-0.237026,-9.830592
4597341,0.928950,-0.265756,-9.890448
4598529,0.881066,-0.172383,-9.849746
4599709,0.861913,-0.155623,-9.849746
4600894,0.861913,-0.225055,-9.866506
4602069,0.881066,-0.270545,-9.864111
4603249,0.895431,-0.248997,-9.818622
4604433,0.895431,-0.225055,-9.828198
4605618,0.873884,-0.275333,-9.919178
4606795,0.912191,-0.229843,-9.811439
4607981,0.924162,-0.258574,-9.866506
4609174,0.988805,-0.258574,-9.883265
4610365,0.928950,-0.227449,-9.876082
4611544,0.914585,-0.253785,-9.959879
4612734,0.936133,-0.189142,-9.952697
4613919,0.909797,-0.208296,-9.974244
4615103,0.940921,-0.244209,-9.998186
4616285,0.981623,-0.193930,-9.902418
4617470,0.907402,-0.265756,-9.919178
4618652,0.900220,-0.260968,-9.888053
4619838,0.881066,-0.263362,-9.892841
4621030,0.936133,-0.239420,-9.801862
4622214,0.888249,-0.196325,-9.897630
4623393,0.873884,-0.179565,-9.935937
4624581,0.907402,-0.217872,-9.916783
4625755,0.878672,-0.177171,-9.849746
4626939,0.866701,-0.225055,-9.928755
4628120,0.873884,-0.203507,-9.955091
4629308,0.912191,-0.234632,-9.926360
4630493,0.902614,-0.225055,-9.847352
4631680,0.871489,-0.239420,-9.852140
4632861,0.866701,-0.244209,-9.871294
4634044,0.926556,-0.241814,-9.940725
4635224,0.916979,-0.265756,-9.933543
4636410,0.885855,-0.313640,-9.842564
4637588,0.895431,-0.265756,-9.852140
4638773,0.823605,-0.239420,-9.883265
4639954,0.861913,-0.153229,-9.840169
4641149,0.866701,-0.198719,-9.830592
4642338,0.943315,-0.284910,-9.859323
4643523,0.914585,-0.258574,-9.861717
4644704,0.931344,-0.272939,-9.904813
4645888,0.943315,-0.222661,-9.866506
4647064,0.955287,-0.174777,-9.935937
4648254,0.945710,-0.210690,-9.864111
4649437,0.897826,-0.237026,-9.861717
4650621,0.916979,-0.193930,-9.916783
4651798,0.912191,-0.174777,-9.844957
4652984,0.914585,-0.174777,-9.780313
4654176,0.885855,-0.181959,-9.828198
4655368,0.926556,-0.241814,-9.847352
4656549,0.957681,-0.198719,-9.852140
4657727,0.960075,-0.196325,-9.835381
4658908,0.940921,-0.201113,-9.753978
4660088,0.924162,-0.196325,-9.828198
4661269,0.948104,-0.179565,-9.840169
4662453,0.948104,-0.150835,-9.823410
4663635,0.926556,-0.134075,-9.806650
4664820,0.912191,-0.189142,-9.785102
4666004,0.976834,-0.220267,-9.742006
4667203,0.955287,-0.167594,-9.806650
4668388,0.950498,-0.138864,-9.821015
4669572,0.916979,-0.220267,-9.720459
4670743,0.914585,-0.260968,-9.804255
4671927,0.950498,-0.205901,-9.758766
4673105,0.912191,-0.263362,-9.761160
4674293,0.948104,-0.225055,-9.770737
4675475,0.907402,-0.205901,-9.780313
4676657,0.948104,-0.241814,-9.809045
4677827,0.986411,-0.256180,-9.832987
4679023,0.866701,-0.162806,-9.715671
4680208,0.940921,-0.201113,-9.768343
4681397,0.976834,-0.227449,-9.770737
4682580,0.933739,-0.198719,-9.742006
4683758,0.885855,-0.205901,-9.706094
4684938,0.972046,-0.222661,-9.730036
4686122,0.960075,-0.227449,-9.789890
4687299,0.964863,-0.213084,-9.823410
4688486,0.948104,-0.198719,-9.801862
4689666,0.893037,-0.208296,-9.720459
4690844,0.919373,-0.225055,-9.782708
4692024,0.919373,-0.189142,-9.727641
4693209,0.928950,-0.248997,-9.797073
4694393,0.928950,-0.217872,-9.789890
4695581,0.900220,-0.203507,-9.782708
4696752,0.912191,-0.210690,-9.823410
4697937,0.936133,-0.217872,-9.785102
4699118,0.912191,-0.184354,-9.787497
4700310,0.873884,-0.167594,-9.813833
4701496,0.888249,-0.220267,-9.792285
4702681,0.881066,-0.210690,-9.691729
4703856,0.890643,-0.234632,-9.770737
4705042,0.893037,-0.237026,-9.787497
4706221,0.873884,-0.284910,-9.823410
4707405,0.828394,-0.268151,-9.789890
4708591,0.849942,-0.220267,-9.777920
4709775,0.883460,-0.196325,-9.842564
4710953,0.881066,-0.213084,-9.744401
4712148,0.864307,-0.222661,-9.753978
4713337,0.912191,-0.287304,-9.854534
4714522,0.857124,-0.263362,-9.830592
4715699,0.928950,-0.208296,-9.818622
4716888,0.885855,-0.217872,-9.883265
4718065,0.909797,-0.248997,-9.768343
4719254,0.878672,-0.205901,-9.758766
4720437,0.890643,-0.225055,-9.813833
4721624,0.964863,-0.213084,-9.799467
4722806,0.893037,-0.217872,-9.727641
4723992,0.912191,-0.193930,-9.792285
4725188,0.890643,-0.237026,-9.835381
4726375,0.885855,-0.244209,-9.890448
4727555,0.895431,-0.237026,-9.794679
4728739,0.928950,-0.232238,-9.818622
4729918,0.876278,-0.265756,-9.871294
4731103,0.852336,-0.217872,-9.900024
4732285,0.852336,-0.248997,-9.880871
4733467,0.926556,-0.275333,-9.773131
4734643,0.866701,-0.260968,-9.837775
4735829,0.869095,-0.213084,-9.883265
4737019,0.938527,-0.241814,-9.900024
4738207,0.928950,-0.260968,-9.856929
4739391,0.931344,-0.232238,-9.911995
4740580,0.888249,-0.246603,-9.952697
4741754,0.897826,-0.244209,-9.895236
4742940,0.897826,-0.239420,-9.801862
4744121,0.905008,-0.268151,-9.904813
4745310,0.931344,-0.244209,-9.947908
4746494,0.883460,-0.217872,-9.818622
4747679,0.885855,-0.227449,-9.828198
4748861,0.912191,-0.229843,-9.902418
4750044,0.943315,-0.172383,-9.765948
4751225,0.967257,-0.275333,-9.849746
4752410,0.931344,-0.215478,-9.813833
4753596,0.926556,-0.201113,-9.883265
4754781,0.900220,-0.263362,-9.859323
4755964,0.926556,-0.260968,-9.794679
4757160,0.986411,-0.158017,-9.751583
4758351,0.940921,-0.184354,-9.866506
4759536,0.914585,-0.158017,-9.880871
4760715,0.962469,-0.222661,-9.780313
4761901,1.003170,-0.191536,-9.832987
4763077,0.943315,-0.234632,-9.775525
4764262,0.893037,-0.196325,-9.866506
4765440,0.888249,-0.167594,-9.871294
4766628,0.833182,-0.179565,-9.856929
4767805,0.895431,-0.186748,-9.835381
4768992,0.852336,-0.189142,-9.823410
4770187,0.936133,-0.179565,-9.818622
4771375,0.933739,-0.162806,-9.789890
4772555,0.914585,-0.181959,-9.868899
4773739,0.933739,-0.208296,-9.777920
4774923,0.948104,-0.208296,-9.792285
4776104,0.967257,-0.237026,-9.868899
4777288,0.972046,-0.189142,-9.847352
4778472,0.926556,-0.186748,-9.897630
4779653,0.926556,-0.272939,-9.909601
4780841,0.876278,-0.237026,-9.895236
4782034,0.948104,-0.193930,-9.835381
4783218,0.936133,-0.179565,-9.849746
4784397,0.974440,-0.181959,-9.868899
4785585,0.948104,-0.208296,-9.809045
4786758,0.928950,-0.222661,-9.763555
4787943,0.940921,-0.213084,-9.856929
4789124,0.893037,-0.229843,-9.919178
4790315,0.876278,-0.203507,-9.864111
4791493,0.869095,-0.189142,-9.923966
4792675,0.926556,-0.193930,-9.919178
4793851,0.869095,-0.237026,-9.892841
4795037,0.900220,-0.229843,-9.871294
4796216,0.945710,-0.208296,-9.888053
4797398,0.928950,-0.217872,-9.866506
4798581,0.943315,-0.253785,-9.806650
4799759,0.907402,-0.213084,-9.787497
4800939,0.931344,-0.184354,-9.868899
4802126,0.931344,-0.215478,-9.864111
4803313,0.916979,-0.210690,-9.825804
4804494,0.919373,-0.229843,-9.835381
4805678,0.921768,-0.222661,-9.842564
4806865,0.912191,-0.232238,-9.844957
4808044,0.852336,-0.253785,-9.895236
4809233,0.890643,-0.260968,-9.742006
4810411,0.873884,-0.205901,-9.706094
4811592,0.931344,-0.191536,-9.749189
4812773,0.905008,-0.246603,-9.765948
4813957,0.945710,-0.222661,-9.799467
4815148,0.974440,-0.215478,-9.780313
4816338,0.972046,-0.232238,-9.780313
4817518,0.897826,-0.244209,-9.847352
4818703,0.936133,-0.215478,-9.837775
4819885,0.928950,-0.193930,-9.751583
4821063,0.866701,-0.244209,-9.799467
4822248,0.928950,-0.265756,-9.861717
4823436,0.962469,-0.210690,-9.830592
4824612,0.871489,-0.251391,-9.768343
4825798,0.938527,-0.220267,-9.873688
4826979,0.936133,-0.148441,-9.897630
4828176,0.885855,-0.265756,-9.880871
4829363,0.873884,-0.272939,-9.753978
4830541,0.955287,-0.234632,-9.761160
4831721,0.962469,-0.237026,-9.732430
4832903,0.909797,-0.237026,-9.811439
4834079,0.943315,-0.205901,-9.799467
4835263,0.936133,-0.189142,-9.878476
4836442,0.900220,-0.268151,-9.873688
4837629,0.931344,-0.241814,-9.868899
4838811,0.897826,-0.248997,-9.861717
4839997,0.861913,-0.251391,-9.794679
4841194,0.897826,-0.237026,-9.794679
4842382,0.914585,-0.208296,-9.823410
4843561,0.866701,-0.237026,-9.861717
4844740,0.835576,-0.272939,-9.852140
4845920,0.835576,-0.232238,-9.821015
4847104,0.849942,-0.308852,-9.835381
4848287,0.907402,-0.248997,-9.797073
4849471,0.897826,-0.227449,-9.787497
4850655,0.919373,-0.193930,-9.763555
4851846,0.897826,-0.220267,-9.799467
4853028,0.897826,-0.177171,-9.856929
4854211,0.893037,-0.198719,-9.876082
4855395,0.885855,-0.239420,-9.823410
4856583,0.902614,-0.203507,-9.789890
4857752,0.902614,-0.213084,-9.854534
4858938,0.895431,-0.193930,-9.859323
4860119,0.890643,-0.193930,-9.801862
4861307,0.926556,-0.198719,-9.801862
4862492,0.948104,-0.234632,-9.809045
4863676,0.914585,-0.232238,-9.789890
4864857,0.936133,-0.196325,-9.749189
4866044,0.914585,-0.251391,-9.823410
4867224,0.914585,-0.184354,-9.864111
4868410,0.869095,-0.220267,-9.830592
4869594,0.840365,-0.234632,-9.758766
4870778,0.936133,-0.177171,-9.775525
4871955,0.873884,-0.237026,-9.799467
4873151,0.893037,-0.213084,-9.758766
4874340,0.960075,-0.193930,-9.794679
4875526,0.916979,-0.191536,-9.804255
4876701,0.914585,-0.239420,-9.844957
4877885,0.890643,-0.210690,-9.801862
4879065,0.888249,-0.158017,-9.809045
4880253,0.895431,-0.193930,-9.816227
4881436,0.861913,-0.191536,-9.835381
4882625,0.885855,-0.174777,-9.825804
4883805,0.962469,-0.193930,-9.873688
4884986,0.943315,-0.229843,-9.832987
4886179,0.907402,-0.217872,-9.801862
4887369,0.986411,-0.184354,-9.789890
4888549,0.993594,-0.196325,-9.789890
4889728,0.931344,-0.248997,-9.753978
4890909,0.909797,-0.220267,-9.789890
4892089,0.957681,-0.237026,-9.821015
4893269,0.960075,-0.246603,-9.871294
4894449,0.974440,-0.234632,-9.818622
4895633,1.022324,-0.244209,-9.828198
4896819,0.955287,-0.237026,-9.813833
4898000,0.936133,-0.244209,-9.821015
4899200,0.885855,-0.220267,-9.828198
4900383,0.943315,-0.186748,-9.885659
4901566,0.893037,-0.191536,-9.909601
4902740,0.921768,-0.177171,-9.931149
4903924,0.905008,-0.241814,-9.765948
4905103,0.916979,-0.225055,-9.739613
4906291,0.938527,-0.229843,-9.799467
4907475,0.928950,-0.237026,-9.785102
4908662,0.945710,-0.205901,-9.835381
4909837,0.948104,-0.203507,-9.871294
4911033,0.931344,-0.181959,-9.885659
4912214,0.900220,-0.191536,-9.785102
4913395,0.950498,-0.181959,-9.725247
4914572,0.921768,-0.229843,-9.785102
4915751,0.948104,-0.167594,-9.955091
4916931,0.907402,-0.160412,-9.919178
4918116,0.909797,-0.225055,-9.895236
4919300,0.888249,-0.229843,-9.885659
4920489,0.902614,-0.248997,-9.859323
4921669,0.988805,-0.256180,-9.830592
4922853,0.938527,-0.203507,-9.794679
4924035,0.900220,-0.172383,-9.777920
4925218,0.938527,-0.191536,-9.866506
4926398,0.976834,-0.246603,-9.847352
4927586,0.972046,-0.210690,-9.885659
4928759,0.876278,-0.284910,-9.880871
4929945,0.914585,-0.263362,-9.888053
4931126,0.907402,-0.275333,-9.911995
4932313,0.900220,-0.251391,-9.823410
4933496,0.916979,-0.205901,-9.844957
4934680,0.955287,-0.217872,-9.744401
4935859,0.928950,-0.263362,-9.825804
4937044,0.943315,-0.217872,-9.868899
4938225,0.888249,-0.177171,-9.861717
4939410,0.945710,-0.251391,-9.777920
4940588,0.895431,-0.213084,-9.775525
4941773,0.907402,-0.220267,-9.852140
4942952,0.928950,-0.227449,-9.911995
4944148,0.928950,-0.284910,-9.890448
4945333,0.924162,-0.234632,-9.821015
4946518,0.962469,-0.251391,-9.742006
4947697,0.897826,-0.227449,-9.823410
4948886,0.926556,-0.277727,-9.883265
4950068,0.924162,-0.256180,-9.852140
4951251,0.902614,-0.289698,-9.878476
4952433,0.881066,-0.229843,-9.907207
4953616,0.933739,-0.280122,-9.967062
4954797,0.928950,-0.239420,-9.880871
4955980,0.933739,-0.258574,-9.818622
4957173,0.945710,-0.272939,-9.816227
4958364,0.905008,-0.220267,-9.854534
4959540,0.955287,-0.196325,-9.864111
4960725,0.888249,-0.222661,-9.797073
4961907,0.907402,-0.193930,-9.787497
4963086,0.902614,-0.246603,-9.763555
4964266,0.873884,-0.229843,-9.768343
4965445,0.900220,-0.186748,-9.844957
4966628,0.845153,-0.203507,-9.828198
4967813,0.893037,-0.203507,-9.897630
4968992,0.936133,-0.217872,-9.854534
4970187,0.938527,-0.213084,-9.806650
4971372,0.914585,-0.215478,-9.849746
4972558,0.955287,-0.184354,-9.818622
4973738,0.931344,-0.167594,-9.840169
4974927,0.876278,-0.205901,-9.768343
4976106,0.945710,-0.215478,-9.744401
4977290,0.905008,-0.208296,-9.804255
4978468,0.885855,-0.186748,-9.725247
4979656,0.897826,-0.213084,-9.722853
4980828,0.905008,-0.203507,-9.758766
4982021,0.938527,-0.191536,-9.698911
4983205,0.902614,-0.232238,-9.773131
4984393,0.928950,-0.184354,-9.696517
4985576,0.943315,-0.193930,-9.730036
4986754,0.940921,-0.198719,-9.639056
4987934,0.907402,-0.234632,-9.703699
4989119,0.914585,-0.268151,-9.725247
4990298,0.881066,-0.248997,-9.730036
4991485,0.926556,-0.299275,-9.648633
4992666,0.900220,-0.265756,-9.670180
4993849,0.933739,-0.260968,-9.732430
4995031,0.967257,-0.260968,-9.667787
4996216,0.919373,-0.201113,-9.715671
4997394,0.988805,-0.205901,-9.660604
4998579,0.962469,-0.198719,-9.720459
4999754,0.952892,-0.181959,-9.765948
5000941,0.950498,-0.191536,-9.667787
5002122,0.919373,-0.217872,-9.698911
5003314,0.914585,-0.217872,-9.785102
5004492,0.933739,-0.256180,-9.844957
5005677,0.938527,-0.232238,-9.859323
5006859,0.948104,-0.260968,-9.955091
5008044,0.873884,-0.248997,-9.909601
5009224,0.912191,-0.222661,-9.888053
5010406,0.907402,-0.258574,-9.914390
5011588,0.878672,-0.210690,-10.005369
5012772,0.835576,-0.150835,-9.986216
5013953,0.861913,-0.193930,-10.041282
5015148,0.885855,-0.225055,-9.962274
5016338,0.938527,-0.203507,-9.945514
5017521,0.948104,-0.237026,-9.967062
5018700,0.950498,-0.196325,-9.904813
5019888,0.902614,-0.232238,-9.921572
5021065,0.902614,-0.239420,-9.923966
5022254,0.921768,-0.282516,-9.981427
5023438,0.926556,-0.284910,-10.010158
5024622,0.895431,-0.220267,-9.888053
5025803,0.902614,-0.258574,-9.868899
5026986,0.857124,-0.237026,-9.835381
5028179,0.890643,-0.246603,-9.835381
5029369,0.945710,-0.272939,-9.849746
5030548,0.938527,-0.251391,-9.852140
5031738,0.972046,-0.237026,-9.837775
5032919,0.943315,-0.203507,-9.794679
5034103,0.916979,-0.248997,-9.801862
5035286,0.893037,-0.246603,-9.816227
5036467,0.912191,-0.253785,-9.892841
5037647,0.919373,-0.241814,-9.763555
5038837,0.945710,-0.174777,-9.842564
5040025,0.955287,-0.196325,-9.890448
5041209,0.909797,-0.222661,-9.787497
5042395,0.924162,-0.217872,-9.667787
5043583,0.909797,-0.220267,-9.825804
5044756,0.952892,-0.196325,-9.758766
5045943,0.943315,-0.196325,-9.715671
5047125,0.952892,-0.203507,-9.758766
5048315,0.967257,-0.256180,-9.849746
5049495,0.907402,-0.239420,-9.777920
5050681,0.842759,-0.239420,-9.801862
5051862,0.909797,-0.213084,-9.765948
5053044,0.962469,-0.196325,-9.828198
5054225,0.979228,-0.205901,-9.868899
5055409,0.972046,-0.217872,-9.727641
5056595,0.972046,-0.215478,-9.725247
5057780,0.972046,-0.232238,-9.756371
5058956,0.988805,-0.191536,-9.787497
5060151,0.940921,-0.198719,-9.756371
5061341,0.905008,-0.184354,-9.780313
5062527,0.933739,-0.196325,-9.837775
5063713,0.957681,-0.248997,-9.773131
5064900,0.952892,-0.210690,-9.785102
5066075,0.876278,-0.248997,-9.794679
5067260,0.890643,-0.225055,-9.825804
5068442,0.881066,-0.172383,-9.967062
5069630,0.907402,-0.253785,-9.883265
5070805,0.854730,-0.280122,-9.964667
5071991,0.876278,-0.248997,-9.878476
5073187,0.912191,-0.222661,-9.852140
5074375,0.919373,-0.222661,-9.926360
5075555,0.957681,-0.232238,-9.876082
5076740,0.960075,-0.237026,-9.876082
5077922,0.988805,-0.225055,-9.878476
5079103,1.003170,-0.244209,-9.940725
5080284,1.005565,-0.201113,-9.904813
5081468,0.988805,-0.251391,-9.868899
5082648,0.924162,-0.253785,-9.837775
5083838,0.902614,-0.244209,-9.691729
5085029,0.924162,-0.248997,-9.756371
5086215,0.969652,-0.220267,-9.859323
5087393,0.948104,-0.193930,-9.761160
5088580,0.945710,-0.210690,-9.876082
5089753,0.948104,-0.208296,-9.821015
5090932,0.933739,-0.134075,-9.787497
5092113,0.979228,-0.213084,-9.799467
5093309,0.964863,-0.265756,-9.698911
5094495,0.905008,-0.246603,-9.710882
5095678,0.936133,-0.165200,-9.698911
5096859,0.972046,-0.186748,-9.753978
5098044,0.943315,-0.181959,-9.727641
5099225,0.914585,-0.203507,-9.689334
5100409,0.948104,-0.203507,-9.799467
5101593,0.964863,-0.191536,-9.794679
5102779,0.893037,-0.248997,-9.809045
5103954,0.931344,-0.225055,-9.797073
5105148,0.979228,-0.225055,-9.806650
5106337,0.924162,-0.234632,-9.806650
5107521,0.938527,-0.186748,-9.770737
5108701,0.938527,-0.222661,-9.813833
5109891,0.950498,-0.270545,-9.730036
5111065,0.964863,-0.256180,-9.849746
5112255,0.881066,-0.227449,-9.866506
5113437,0.938527,-0.229843,-9.739613
5114622,0.964863,-0.227449,-9.792285
5115804,0.976834,-0.184354,-9.777920
5116990,0.948104,-0.184354,-9.923966
5118182,0.919373,-0.251391,-9.852140
5119373,0.931344,-0.205901,-9.821015
5120552,0.905008,-0.225055,-9.835381
5121728,0.878672,-0.155623,-9.816227
5122902,0.866701,-0.196325,-9.876082
5124083,0.907402,-0.193930,-9.873688
5125261,0.943315,-0.189142,-9.861717
5126452,0.967257,-0.181959,-9.878476
5127636,0.938527,-0.263362,-9.885659
5128823,0.914585,-0.263362,-9.919178
5130008,0.907402,-0.184354,-9.830592
5131207,0.955287,-0.196325,-9.885659
5132391,0.921768,-0.205901,-9.868899
5133575,0.924162,-0.229843,-9.868899
5134750,0.890643,-0.215478,-9.928755
5135935,0.866701,-0.162806,-9.842564
5137116,0.905008,-0.241814,-9.830592
5138310,0.890643,-0.215478,-9.753978
5139495,0.924162,-0.213084,-9.890448
5140682,0.943315,-0.169988,-9.880871
5141864,0.957681,-0.215478,-9.885659
5143045,0.902614,-0.241814,-9.859323
5144225,0.921768,-0.205901,-9.847352
5145408,0.895431,-0.217872,-9.864111
5146594,0.912191,-0.208296,-9.835381
5147779,0.921768,-0.186748,-9.878476
5148965,0.943315,-0.174777,-9.823410
5150160,0.864307,-0.191536,-9.787497
5151351,0.897826,-0.143652,-9.868899
5152540,0.936133,-0.131681,-9.864111
5153721,0.919373,-0.198719,-9.859323
5154907,0.876278,-0.165200,-9.837775
5156080,0.871489,-0.184354,-9.830592
5157265,0.952892,-0.160412,-9.878476
5158440,0.933739,-0.179565,-9.914390
5159628,0.952892,-0.172383,-9.789890
5160810,0.926556,-0.275333,-9.770737
5161995,0.902614,-0.268151,-9.888053
5163191,0.866701,-0.258574,-9.830592
5164375,0.883460,-0.189142,-9.765948
5165555,0.919373,-0.189142,-9.806650
5166739,0.902614,-0.260968,-9.861717
5167924,0.919373,-0.239420,-9.880871
5169104,0.924162,-0.222661,-9.818622
5170289,0.914585,-0.191536,-9.888053
5171473,0.902614,-0.172383,-9.823410
5172654,0.885855,-0.203507,-9.876082
5173841,0.986411,-0.220267,-9.888053
5175033,0.926556,-0.263362,-9.873688
5176213,0.921768,-0.234632,-9.928755
5177399,0.907402,-0.232238,-9.897630
5178586,0.916979,-0.217872,-9.878476
5179767,0.914585,-0.244209,-9.828198
5180953,0.960075,-0.220267,-9.816227
5182133,0.940921,-0.225055,-9.859323
5183323,0.936133,-0.184354,-9.885659
5184504,0.926556,-0.225055,-9.880871
5185691,0.873884,-0.210690,-9.864111
5186872,0.885855,-0.213084,-9.904813
5188055,0.878672,-0.217872,-9.866506
5189239,0.902614,-0.253785,-9.804255
5190423,0.885855,-0.292093,-9.828198
5191603,0.883460,-0.234632,-9.830592
5192793,0.885855,-0.172383,-9.900024
5193978,0.876278,-0.205901,-9.821015
5195173,0.926556,-0.260968,-9.859323
5196360,0.873884,-0.251391,-9.883265
5197551,0.909797,-0.263362,-9.890448
5198730,0.888249,-0.234632,-9.828198
5199920,0.854730,-0.246603,-9.885659
5201099,0.873884,-0.174777,-9.832987
5202287,0.928950,-0.232238,-9.830592
5203467,0.902614,-0.220267,-9.809045
5204650,0.902614,-0.232238,-9.797073
5205834,0.885855,-0.208296,-9.701305
5207028,0.883460,-0.304064,-9.734824
5208208,0.931344,-0.191536,-9.744401
5209397,0.955287,-0.203507,-9.751583
5210580,0.900220,-0.253785,-9.720459
5211757,0.907402,-0.232238,-9.751583
5212938,0.955287,-0.229843,-9.830592
5214124,0.938527,-0.208296,-9.761160
5215309,0.969652,-0.237026,-9.871294
5216499,0.967257,-0.227449,-9.739613
5217680,0.943315,-0.191536,-9.792285
5218861,0.940921,-0.198719,-9.856929
5220043,0.866701,-0.227449,-9.801862
5221227,0.878672,-0.225055,-9.844957
5222407,0.888249,-0.169988,-9.787497
5223598,0.857124,-0.134075,-9.825804
5224778,0.914585,-0.246603,-9.830592
5225966,0.960075,-0.263362,-9.876082
5227156,0.955287,-0.260968,-9.859323
5228350,0.897826,-0.241814,-9.890448
5229533,0.926556,-0.258574,-9.878476
5230719,0.955287,-0.260968,-9.895236
5231900,0.948104,-0.270545,-9.876082
5233080,0.926556,-0.284910,-9.837775
5234260,0.907402,-0.280122,-9.837775
5235447,0.928950,-0.203507,-9.837775
5236629,0.919373,-0.186748,-9.907207
5237814,0.885855,-0.234632,-9.840169
5238995,0.912191,-0.222661,-9.823410
5240196,0.950498,-0.222661,-9.847352
5241376,0.890643,-0.201113,-9.871294
5242560,0.924162,-0.229843,-9.864111
5243736,0.909797,-0.213084,-9.799467
5244924,0.916979,-0.258574,-9.830592
5246104,0.955287,-0.193930,-9.861717
5247292,0.919373,-0.201113,-9.825804
5248471,0.936133,-0.208296,-9.746795
5249659,0.885855,-0.208296,-9.837775
5250839,0.950498,-0.256180,-9.859323
5252035,0.897826,-0.210690,-9.832987
5253215,0.885855,-0.189142,-9.825804
5254398,0.924162,-0.241814,-9.806650
5255580,0.967257,-0.196325,-9.773131
5256760,0.926556,-0.237026,-9.737218
5257941,0.888249,-0.227449,-9.794679
5259128,0.931344,-0.258574,-9.698911
5260315,0.921768,-0.239420,-9.710882
5261498,0.897826,-0.217872,-9.662998
5262682,0.979228,-0.203507,-9.801862
5263867,0.933739,-0.155623,-9.818622
5265044,0.926556,-0.186748,-9.792285
5266233,0.933739,-0.158017,-9.775525
5267413,0.948104,-0.174777,-9.804255
5268602,0.919373,-0.158017,-9.763555
5269780,0.964863,-0.213084,-9.830592
5270967,0.938527,-0.220267,-9.751583
5272158,1.005565,-0.222661,-9.892841
5273352,0.948104,-0.201113,-9.868899
5274537,0.924162,-0.160412,-9.775525
5275721,0.900220,-0.172383,-9.847352
5276901,0.909797,-0.232238,-9.809045
5278081,0.876278,-0.227449,-9.849746
5279259,0.900220,-0.253785,-9.897630
5280445,0.962469,-0.179565,-9.904813
5281628,0.885855,-0.217872,-9.902418
5282814,0.909797,-0.208296,-9.888053
5283994,0.890643,-0.198719,-9.761160
5285191,0.938527,-0.205901,-9.828198
5286374,0.905008,-0.251391,-9.835381
5287557,0.871489,-0.193930,-9.837775
5288732,0.869095,-0.225055,-9.904813
5289916,0.912191,-0.244209,-9.991004
5291094,0.902614,-0.268151,-9.830592
5292282,0.948104,-0.244209,-9.926360
5293461,0.919373,-0.203507,-9.921572
5294653,0.890643,-0.217872,-9.955091
5295829,0.924162,-0.201113,-9.900024
5297023,0.902614,-0.248997,-9.868899
5298208,0.902614,-0.237026,-9.816227
5299392,0.881066,-0.225055,-9.787497
5300575,0.890643,-0.225055,-9.818622
5301751,0.952892,-0.222661,-9.883265
5302926,0.873884,-0.246603,-9.852140
5304106,0.933739,-0.237026,-9.868899
5305290,0.897826,-0.263362,-9.859323
5306478,0.871489,-0.234632,-9.825804
5307662,0.919373,-0.222661,-9.868899
5308847,0.948104,-0.201113,-9.876082
5310026,0.873884,-0.203507,-9.871294
5311210,0.895431,-0.234632,-9.775525
5312396,0.900220,-0.193930,-9.823410
5313581,0.916979,-0.208296,-9.849746
5314756,0.914585,-0.227449,-9.806650
5315941,0.876278,-0.229843,-9.789890
5317123,0.943315,-0.222661,-9.763555
5318314,0.928950,-0.198719,-9.809045
5319491,0.902614,-0.237026,-9.911995
5320679,0.914585,-0.217872,-9.775525
5321861,0.931344,-0.270545,-9.710882
5323044,0.945710,-0.275333,-9.756371
5324224,0.945710,-0.244209,-9.823410
5325408,0.943315,-0.222661,-9.780313
5326591,0.950498,-0.213084,-9.797073
5327775,0.873884,-0.179565,-9.914390
5328956,0.890643,-0.210690,-9.837775
5330151,0.900220,-0.234632,-9.835381
5331339,0.916979,-0.213084,-9.852140
5332526,0.928950,-0.251391,-9.897630
5333706,0.883460,-0.210690,-9.873688
5334889,0.895431,-0.165200,-9.861717
5336070,0.885855,-0.198719,-9.837775
5337253,0.926556,-0.150835,-9.818622
5338437,0.945710,-0.213084,-9.861717
5339621,0.866701,-0.275333,-9.832987
5340797,0.905008,-0.241814,-9.837775
5341980,0.902614,-0.246603,-9.885659
5343172,0.964863,-0.215478,-9.804255
5344363,0.897826,-0.203507,-9.911995
5345541,0.837971,-0.237026,-9.871294
5346720,0.871489,-0.213084,-9.883265
5347901,0.919373,-0.239420,-9.782708
5349081,0.871489,-0.244209,-9.835381
5350261,0.890643,-0.234632,-9.856929
5351451,0.890643,-0.217872,-9.873688
5352634,0.852336,-0.220267,-9.849746
5353815,0.861913,-0.232238,-9.866506
5354997,0.940921,-0.196325,-9.780313
5356196,0.962469,-0.229843,-9.816227
5357374,0.945710,-0.239420,-9.828198
5358559,0.895431,-0.237026,-9.761160
5359738,0.895431,-0.239420,-9.859323
5360927,0.859518,-0.191536,-9.832987
5362107,0.852336,-0.229843,-9.900024
5363294,0.900220,-0.234632,-9.842564
5364473,0.861913,-0.234632,-9.813833
5365661,0.924162,-0.198719,-9.804255
5366841,0.957681,-0.232238,-9.816227
5368038,0.931344,-0.189142,-9.794679
5369219,0.914585,-0.193930,-9.813833
5370402,0.857124,-0.222661,-9.811439
5371586,0.881066,-0.227449,-9.768343
5372772,0.926556,-0.169988,-9.777920
5373950,0.981623,-0.210690,-9.792285
5375135,0.902614,-0.198719,-9.849746
5376322,0.914585,-0.189142,-9.847352
5377507,0.984017,-0.239420,-9.825804
5378689,0.960075,-0.222661,-9.770737
5379877,0.871489,-0.234632,-9.775525
5381057,0.921768,-0.150835,-9.763555
5382245,0.967257,-0.201113,-9.787497
5383428,0.981623,-0.208296,-9.799467
5384613,0.919373,-0.203507,-9.792285
5385794,0.890643,-0.234632,-9.756371
5386985,0.890643,-0.203507,-9.787497
5388176,0.902614,-0.205901,-9.823410
5389365,0.885855,-0.196325,-9.797073
5390542,0.919373,-0.186748,-9.770737
5391727,0.849942,-0.191536,-9.792285
5392909,0.909797,-0.210690,-9.904813
5394088,0.921768,-0.196325,-9.816227
5395268,0.936133,-0.203507,-9.785102
5396452,0.984017,-0.215478,-9.840169
5397635,0.950498,-0.172383,-9.890448
5398820,0.960075,-0.172383,-9.900024
5399999,0.952892,-0.246603,-9.861717
5401199,0.897826,-0.213084,-9.890448
5402382,0.842759,-0.213084,-9.892841
5403567,0.881066,-0.222661,-9.892841
5404741,0.950498,-0.210690,-9.825804
5405929,0.924162,-0.215478,-9.787497
5407111,0.881066,-0.227449,-9.837775
5408299,0.893037,-0.213084,-9.852140
5409481,0.926556,-0.241814,-9.864111
5410670,0.885855,-0.217872,-9.813833
5411845,0.926556,-0.225055,-9.868899
5413032,0.919373,-0.260968,-9.840169
5414211,0.854730,-0.217872,-9.864111
5415401,0.883460,-0.181959,-9.873688
5416584,0.876278,-0.220267,-9.864111
5417770,0.919373,-0.215478,-9.883265
5418952,0.919373,-0.196325,-9.720459
5420147,0.924162,-0.210690,-9.758766
5421333,0.928950,-0.215478,-9.809045
5422516,0.924162,-0.227449,-9.794679
5423695,0.897826,-0.251391,-9.837775
5424885,0.926556,-0.196325,-9.830592
5426066,0.890643,-0.198719,-9.801862
5427256,0.914585,-0.222661,-9.801862
5428439,0.895431,-0.217872,-9.789890
5429627,0.897826,-0.237026,-9.761160
5430808,0.914585,-0.189142,-9.777920
5431994,0.924162,-0.248997,-9.811439
5433190,0.976834,-0.232238,-9.837775
5434376,0.909797,-0.205901,-9.840169
5435554,0.914585,-0.169988,-9.816227
5436739,0.976834,-0.186748,-9.864111
5437921,0.945710,-0.186748,-9.895236
5439105,0.926556,-0.203507,-9.844957
5440288,0.895431,-0.189142,-9.895236
5441477,0.945710,-0.201113,-9.876082
5442653,0.943315,-0.225055,-9.813833
5443842,0.948104,-0.169988,-9.830592
5445034,0.907402,-0.246603,-9.852140
5446214,0.924162,-0.227449,-9.890448
5447399,0.888249,-0.191536,-9.835381
5448588,0.890643,-0.172383,-9.816227
5449769,0.907402,-0.208296,-9.792285
5450953,0.902614,-0.213084,-9.799467
5452134,0.919373,-0.191536,-9.825804
5453325,0.974440,-0.203507,-9.849746
5454504,0.950498,-0.208296,-9.823410
5455696,0.931344,-0.210690,-9.763555
5456879,0.888249,-0.268151,-9.813833
5458064,0.967257,-0.210690,-9.804255
5459246,0.933739,-0.217872,-9.821015
5460434,0.861913,-0.237026,-9.744401
5461613,0.928950,-0.205901,-9.765948
5462793,0.967257,-0.205901,-9.852140
5463971,0.912191,-0.210690,-9.801862
5465167,0.933739,-0.265756,-9.806650
5466351,0.916979,-0.248997,-9.818622
5467539,0.974440,-0.210690,-9.818622
5468717,0.909797,-0.225055,-9.828198
5469900,0.885855,-0.246603,-9.861717
5471076,0.902614,-0.246603,-9.842564
5472260,0.907402,-0.234632,-9.749189
5473445,0.890643,-0.265756,-9.780313
5474632,0.909797,-0.325611,-9.737218
5475808,0.902614,-0.272939,-9.801862
5476994,0.919373,-0.241814,-9.785102
5478186,0.976834,-0.198719,-9.873688
5479375,0.948104,-0.217872,-9.777920
5480554,0.931344,-0.296881,-9.813833
5481738,0.950498,-0.263362,-9.809045
5482922,0.876278,-0.220267,-9.782708
5484106,0.931344,-0.217872,-9.888053
5485289,0.890643,-0.208296,-9.830592
5486473,0.912191,-0.172383,-9.816227
5487657,0.931344,-0.248997,-9.828198
5488842,0.895431,-0.253785,-9.837775
5490035,0.926556,-0.265756,-9.792285
5491220,0.902614,-0.227449,-9.804255
5492400,0.931344,-0.210690,-9.809045
5493586,0.928950,-0.248997,-9.856929
5494758,0.878672,-0.265756,-9.854534
5495944,0.960075,-0.270545,-9.746795
5497124,0.962469,-0.179565,-9.777920
5498315,0.952892,-0.177171,-9.876082
5499494,0.897826,-0.225055,-9.847352
5500679,0.919373,-0.220267,-9.799467
5501855,0.895431,-0.241814,-9.794679
5503043,0.859518,-0.296881,-9.871294
5504223,0.895431,-0.198719,-9.782708
5505408,0.902614,-0.258574,-9.804255
5506593,0.866701,-0.225055,-9.847352
5507777,0.919373,-0.189142,-9.782708
5508953,0.881066,-0.186748,-9.770737
5510148,0.897826,-0.229843,-9.806650
5511334,0.814029,-0.270545,-9.854534
5512518,0.905008,-0.198719,-9.849746
5513697,0.955287,-0.203507,-9.794679
5514880,0.948104,-0.208296,-9.852140
5516056,0.948104,-0.193930,-9.871294
5517243,0.967257,-0.167594,-9.691729
5518427,0.900220,-0.227449,-9.703699
5519610,0.916979,-0.196325,-9.739613
5520780,0.885855,-0.193930,-9.787497
5521967,0.974440,-0.225055,-9.832987
5523154,0.912191,-0.169988,-9.756371
5524349,0.952892,-0.181959,-9.727641
5525533,0.926556,-0.253785,-9.713276
5526718,0.919373,-0.234632,-9.847352
5527900,0.890643,-0.210690,-9.840169
5529079,0.912191,-0.203507,-9.837775
5530259,0.864307,-0.162806,-9.804255
5531445,0.902614,-0.196325,-9.828198
5532623,0.926556,-0.213084,-9.770737
5533803,0.933739,-0.217872,-9.821015
5534984,0.897826,-0.217872,-9.825804
5536181,0.909797,-0.213084,-9.730036
5537366,0.905008,-0.220267,-9.830592
5538546,0.916979,-0.222661,-9.799467
5539727,0.962469,-0.177171,-9.730036
5540912,0.936133,-0.196325,-9.806650
5542088,0.885855,-0.248997,-9.895236
5543270,0.945710,-0.244209,-9.761160
5544448,0.943315,-0.241814,-9.763555
5545638,0.897826,-0.263362,-9.768343
5546820,0.912191,-0.260968,-9.775525
5548009,0.972046,-0.251391,-9.730036
5549205,0.943315,-0.215478,-9.710882
5550393,0.943315,-0.203507,-9.727641
5551573,0.960075,-0.217872,-9.751583
5552751,0.933739,-0.222661,-9.832987
5553932,0.912191,-0.220267,-9.943120
5555117,0.943315,-0.244209,-9.809045
5556307,1.003170,-0.294487,-9.837775
5557494,0.943315,-0.313640,-9.976639
5558674,0.905008,-0.280122,-9.998186
5559858,0.936133,-0.282516,-9.957485
5561042,0.933739,-0.229843,-10.026917
5562227,0.890643,-0.234632,-9.998186
5563404,0.878672,-0.220267,-10.026917
5564591,0.907402,-0.217872,-10.005369
5565771,0.928950,-0.191536,-10.029311
5566957,0.905008,-0.167594,-10.048465
5568146,0.876278,-0.213084,-10.058042
5569340,0.926556,-0.169988,-10.050858
5570517,0.888249,-0.177171,-10.014946
5571701,0.840365,-0.141258,-10.012551
5572886,0.869095,-0.160412,-10.036493
5574069,0.907402,-0.213084,-10.041282
5575246,0.878672,-0.225055,-9.947908
5576434,0.914585,-0.253785,-9.938332
5577614,0.907402,-0.227449,-9.804255
5578799,0.907402,-0.220267,-9.828198
5579979,0.919373,-0.277727,-9.873688
5581177,0.897826,-0.304064,-9.832987
5582363,0.902614,-0.275333,-9.804255
5583552,0.873884,-0.253785,-9.765948
5584732,0.957681,-0.272939,-9.722853
5585922,0.916979,-0.280122,-9.856929
5587102,0.840365,-0.260968,-9.811439
5588289,0.883460,-0.244209,-9.804255
5589468,0.900220,-0.210690,-9.797073
5590653,0.881066,-0.208296,-9.897630
5591828,0.931344,-0.165200,-9.868899
5593023,0.924162,-0.153229,-9.780313
5594208,0.924162,-0.198719,-9.856929
5595393,0.907402,-0.146046,-9.825804
5596572,0.948104,-0.112527,-9.773131
5597751,0.928950,-0.155623,-9.794679
5598931,0.950498,-0.201113,-9.775525
5600116,0.900220,-0.181959,-9.777920
5601299,1.000776,-0.201113,-9.770737
5602485,0.936133,-0.191536,-9.742006
5603668,0.969652,-0.210690,-9.684546
5604853,0.945710,-0.184354,-9.710882
5606035,0.938527,-0.177171,-9.677363
5607220,0.931344,-0.155623,-9.591172
5608401,0.864307,-0.186748,-9.667787
5609590,0.876278,-0.222661,-9.660604
5610769,0.883460,-0.205901,-9.600749
5611953,0.919373,-0.208296,-9.617508
5613133,0.916979,-0.205901,-9.674969
5614324,0.897826,-0.222661,-9.725247
5615504,0.866701,-0.198719,-9.753978
5616692,0.866701,-0.193930,-9.672575
5617876,0.837971,-0.205901,-9.696517
5619060,0.919373,-0.234632,-9.749189
5620244,0.909797,-0.225055,-9.763555
5621431,0.876278,-0.181959,-9.799467
5622612,0.890643,-0.191536,-9.847352
5623798,0.933739,-0.244209,-9.849746
5624979,0.967257,-0.205901,-9.794679
5626175,0.964863,-0.229843,-9.763555
5627362,0.960075,-0.234632,-9.809045
5628550,0.912191,-0.189142,-9.794679
5629731,0.962469,-0.213084,-9.787497
5630920,0.945710,-0.246603,-9.809045
5632098,0.976834,-0.258574,-9.744401
5633286,0.952892,-0.203507,-9.801862
5634465,0.928950,-0.220267,-9.780313
5635646,0.905008,-0.174777,-9.770737
5636821,0.902614,-0.203507,-9.734824
5638005,0.907402,-0.203507,-9.770737
5639198,0.933739,-0.253785,-9.828198
5640387,0.907402,-0.210690,-9.801862
5641562,0.895431,-0.253785,-9.775525
5642742,0.919373,-0.208296,-9.797073
5643926,0.912191,-0.210690,-9.840169
5645105,0.881066,-0.210690,-9.768343
5646287,0.926556,-0.263362,-9.818622
5647473,0.921768,-0.280122,-9.780313
5648656,0.902614,-0.248997,-9.785102
5649839,0.869095,-0.222661,-9.813833
5651031,0.914585,-0.179565,-9.832987
5652217,0.893037,-0.186748,-9.732430
5653394,0.869095,-0.191536,-9.823410
5654582,0.885855,-0.220267,-9.861717
5655753,0.893037,-0.225055,-9.835381
5656939,0.835576,-0.265756,-9.856929
5658121,0.845153,-0.217872,-9.818622
5659299,0.960075,-0.225055,-9.847352
5660481,0.912191,-0.265756,-9.847352
5661670,0.905008,-0.213084,-9.868899
5662849,0.907402,-0.248997,-9.856929
5664036,0.873884,-0.201113,-9.835381
5665216,0.912191,-0.232238,-9.823410
5666406,0.916979,-0.292093,-9.816227
5667591,0.948104,-0.229843,-9.883265
5668776,0.919373,-0.208296,-9.873688
5669957,0.926556,-0.165200,-9.859323
5671152,0.883460,-0.213084,-9.876082
5672340,0.914585,-0.169988,-9.789890
5673528,0.919373,-0.225055,-9.806650
5674707,0.857124,-0.225055,-9.868899
5675891,0.890643,-0.220267,-9.866506
5677065,0.888249,-0.217872,-9.835381
5678255,0.888249,-0.172383,-9.926360
5679439,0.909797,-0.232238,-9.919178
5680623,0.931344,-0.244209,-9.907207
5681803,0.897826,-0.248997,-9.919178
5682990,0.888249,-0.251391,-9.885659
5684183,0.924162,-0.227449,-9.892841
5685375,0.921768,-0.191536,-9.811439
5686555,0.900220,-0.210690,-9.864111
5687742,0.976834,-0.246603,-9.916783
5688928,0.945710,-0.217872,-9.873688
5690114,0.921768,-0.232238,-9.864111
5691300,0.948104,-0.244209,-9.983821
5692487,0.902614,-0.196325,-9.902418
5693670,0.924162,-0.232238,-9.854534
5694852,0.921768,-0.217872,-9.849746
5696035,0.871489,-0.205901,-9.859323
5697216,0.907402,-0.265756,-9.943120
5698393,0.928950,-0.215478,-9.823410
5699580,0.907402,-0.205901,-9.871294
5700753,0.926556,-0.198719,-9.873688
5701933,0.964863,-0.258574,-9.883265
5703114,0.952892,-0.256180,-9.902418
5704307,0.969652,-0.208296,-9.914390
5705490,0.945710,-0.138864,-9.751583
5706678,0.938527,-0.162806,-9.876082
5707858,0.940921,-0.179565,-9.840169
5709044,0.916979,-0.213084,-9.773131
5710224,0.861913,-0.222661,-9.775525
5711410,0.972046,-0.198719,-9.897630
5712594,0.893037,-0.186748,-9.816227
5713779,0.897826,-0.225055,-9.763555
5714956,1.000776,-0.268151,-9.811439
5716144,0.948104,-0.229843,-9.739613
5717330,0.948104,-0.237026,-9.727641
5718515,0.909797,-0.201113,-9.780313
5719692,0.897826,-0.251391,-9.816227
5720881,0.900220,-0.239420,-9.835381
5722059,0.890643,-0.234632,-9.835381
5723244,0.919373,-0.193930,-9.818622
5724424,0.940921,-0.253785,-9.744401
5725606,0.897826,-0.260968,-9.761160
5726791,0.866701,-0.234632,-9.844957
5727975,0.924162,-0.196325,-9.832987
5729168,0.940921,-0.205901,-9.854534
5730356,0.888249,-0.244209,-9.828198
5731537,0.931344,-0.203507,-9.806650
5732714,0.936133,-0.210690,-9.871294
5733895,0.974440,-0.201113,-9.801862
5735074,0.952892,-0.237026,-9.868899
5736254,0.878672,-0.222661,-9.878476
5737443,0.948104,-0.172383,-9.780313
5738620,0.979228,-0.205901,-9.847352
5739805,0.943315,-0.256180,-9.787497
5740986,0.893037,-0.225055,-9.775525
5742183,0.866701,-0.220267,-9.710882
5743368,0.890643,-0.239420,-9.749189
5744552,0.876278,-0.277727,-9.852140
5745726,0.866701,-0.272939,-9.804255
5746911,0.916979,-0.234632,-9.830592
5748088,0.974440,-0.244209,-9.758766
5749272,0.960075,-0.263362,-9.835381
5750451,0.905008,-0.229843,-9.763555
5751638,0.902614,-0.222661,-9.782708
5752817,0.924162,-0.246603,-9.787497
5753998,0.928950,-0.234632,-9.727641
5755194,0.902614,-0.229843,-9.770737
5756381,0.876278,-0.201113,-9.789890
5757560,0.955287,-0.184354,-9.900024
5758738,0.936133,-0.186748,-9.809045
5759921,0.943315,-0.232238,-9.653421
5761106,0.960075,-0.213084,-9.682152
5762288,0.890643,-0.225055,-9.777920
5763469,0.919373,-0.234632,-9.799467
5764653,0.861913,-0.210690,-9.785102
5765841,0.854730,-0.244209,-9.761160
5767032,0.897826,-0.263362,-9.753978
5768218,0.919373,-0.229843,-9.749189
5769397,0.876278,-0.239420,-9.782708
5770584,0.888249,-0.258574,-9.761160
5771758,0.883460,-0.284910,-9.806650
5772940,0.857124,-0.248997,-9.844957
5774122,0.854730,-0.220267,-9.761160
5775312,0.895431,-0.184354,-9.756371
5776498,0.854730,-0.237026,-9.792285
5777685,0.936133,-0.294487,-9.900024
5778860,0.919373,-0.292093,-9.904813
5780044,0.890643,-0.268151,-9.830592
5781223,0.821211,-0.265756,-9.823410
5782408,0.890643,-0.263362,-9.868899
5783593,0.857124,-0.208296,-9.957485
5784778,0.919373,-0.198719,-9.904813
5785959,0.948104,-0.225055,-9.823410
5787154,0.916979,-0.220267,-9.871294
5788343,0.821211,-0.222661,-9.890448
5789531,0.919373,-0.244209,-9.844957
5790711,0.907402,-0.208296,-9.897630
5791893,0.921768,-0.229843,-9.816227
5793070,0.876278,-0.244209,-9.883265
5794250,0.885855,-0.220267,-9.823410
5795433,0.869095,-0.203507,-9.840169
5796616,0.943315,-0.210690,-9.825804
5797791,0.885855,-0.215478,-9.758766
5798981,0.912191,-0.201113,-9.823410
5800173,0.933739,-0.198719,-9.816227
5801362,0.940921,-0.268151,-9.864111
5802547,0.940921,-0.244209,-9.921572
5803731,0.960075,-0.215478,-9.859323
5804911,0.936133,-0.215478,-9.852140
5806092,0.893037,-0.167594,-9.856929
5807272,0.926556,-0.277727,-9.885659
5808458,0.928950,-0.248997,-9.844957
5809646,0.962469,-0.215478,-9.775525
5810833,0.979228,-0.248997,-9.732430
5812024,0.895431,-0.215478,-9.727641
5813207,0.912191,-0.208296,-9.734824
5814391,0.919373,-0.220267,-9.732430
5815575,0.900220,-0.213084,-9.821015
5816747,0.936133,-0.208296,-9.804255
5817935,0.931344,-0.232238,-9.782708
5819117,0.907402,-0.256180,-9.847352
5820311,0.938527,-0.239420,-9.832987
5821496,0.936133,-0.213084,-9.756371
5822684,0.905008,-0.191536,-9.856929
5823864,0.926556,-0.210690,-9.876082
5825044,0.960075,-0.210690,-9.859323
5826222,0.960075,-0.210690,-9.813833
5827402,0.952892,-0.193930,-9.828198
5828586,0.924162,-0.213084,-9.835381
5829768,0.902614,-0.210690,-9.876082
5830948,0.957681,-0.169988,-9.753978
5832134,0.940921,-0.198719,-9.775525
5833320,0.885855,-0.203507,-9.797073
5834504,0.945710,-0.160412,-9.811439
5835686,0.998382,-0.201113,-9.983821
5836867,0.976834,-0.205901,-9.979033
5838044,0.950498,-0.241814,-9.957485
5839229,0.919373,-0.225055,-9.916783
5840409,0.948104,-0.198719,-9.873688
5841596,0.921768,-0.222661,-9.890448
5842776,0.912191,-0.239420,-9.883265
5843962,0.926556,-0.213084,-9.876082
5845152,0.926556,-0.203507,-9.818622
5846346,0.926556,-0.208296,-9.876082
5847529,0.921768,-0.205901,-9.935937
5848713,0.931344,-0.244209,-9.828198
5849892,0.936133,-0.210690,-9.809045
5851069,0.866701,-0.232238,-9.842564
5852248,0.883460,-0.294487,-9.785102
5853435,0.873884,-0.232238,-9.765948
5854616,0.936133,-0.215478,-9.770737
5855802,0.907402,-0.225055,-9.935937
5856982,0.897826,-0.227449,-9.847352
5858178,0.890643,-0.237026,-9.785102
5859363,0.931344,-0.217872,-9.749189
5860554,0.900220,-0.251391,-9.782708
5861732,0.881066,-0.248997,-9.777920
5862917,0.883460,-0.234632,-9.809045
5864091,0.900220,-0.213084,-9.818622
5865273,0.890643,-0.196325,-9.859323
5866453,0.895431,-0.186748,-9.868899
5867642,0.940921,-0.193930,-9.828198
5868823,0.890643,-0.203507,-9.703699
5870010,0.924162,-0.205901,-9.749189
5871207,0.916979,-0.191536,-9.842564
5872396,0.921768,-0.215478,-9.900024
5873578,0.924162,-0.217872,-9.868899
5874758,0.967257,-0.239420,-9.777920
5875938,0.909797,-0.184354,-9.830592
5877123,0.907402,-0.181959,-9.907207
5878298,0.926556,-0.239420,-9.816227
5879487,0.878672,-0.217872,-9.830592
5880669,0.938527,-0.191536,-9.835381
5881856,0.905008,-0.210690,-9.830592
5883035,0.960075,-0.263362,-9.804255
5884218,0.962469,-0.203507,-9.780313
5885395,0.914585,-0.205901,-9.773131
5886582,0.878672,-0.239420,-9.830592
5887756,0.883460,-0.162806,-9.835381
5888935,0.885855,-0.177171,-9.801862
5890116,0.936133,-0.225055,-9.708488
5891311,0.986411,-0.213084,-9.799467
5892496,0.957681,-0.208296,-9.916783
5893681,0.859518,-0.217872,-9.756371
5894858,0.866701,-0.203507,-9.777920
5896043,0.873884,-0.205901,-9.782708
5897222,0.914585,-0.246603,-9.780313
5898406,0.888249,-0.227449,-9.804255
5899590,0.928950,-0.193930,-9.856929
5900774,0.943315,-0.203507,-9.849746
5901955,0.893037,-0.213084,-9.823410
5903149,0.900220,-0.193930,-9.916783
5904333,0.847547,-0.177171,-9.866506
5905518,0.871489,-0.179565,-9.830592
5906695,0.871489,-0.162806,-9.794679
5907880,0.943315,-0.227449,-9.737218
5909060,0.955287,-0.208296,-9.782708
5910247,0.926556,-0.225055,-9.792285
5911431,0.905008,-0.265756,-9.852140
5912613,0.869095,-0.220267,-9.821015
5913793,0.928950,-0.253785,-9.947908
5914977,0.919373,-0.256180,-9.830592
5916169,0.909797,-0.184354,-9.828198
5917358,0.924162,-0.181959,-9.787497
5918542,0.919373,-0.222661,-9.797073
5919727,0.909797,-0.189142,-9.751583
5920908,0.919373,-0.203507,-9.813833
5922088,0.938527,-0.232238,-9.837775
5923266,0.926556,-0.239420,-9.758766
5924446,0.861913,-0.208296,-9.777920
5925629,0.885855,-0.196325,-9.765948
5926816,0.878672,-0.241814,-9.734824
5927998,0.921768,-0.165200,-9.708488
5929197,0.955287,-0.181959,-9.739613
5930381,0.988805,-0.213084,-9.770737
5931564,0.909797,-0.241814,-9.720459
5932739,0.916979,-0.220267,-9.830592
5933928,0.888249,-0.181959,-9.768343
5935108,0.919373,-0.146046,-9.770737
5936295,0.960075,-0.131681,-9.871294
5937475,0.948104,-0.181959,-9.840169
5938659,0.936133,-0.181959,-9.785102
5939831,0.943315,-0.213084,-9.809045
5941025,0.950498,-0.220267,-9.777920
5942208,0.924162,-0.208296,-9.823410
5943395,0.866701,-0.184354,-9.890448
5944574,0.893037,-0.253785,-9.864111
5945754,0.893037,-0.198719,-9.911995
5946934,0.866701,-0.232238,-9.897630
5948119,0.952892,-0.181959,-9.780313
5949297,0.940921,-0.174777,-9.890448
5950485,0.926556,-0.208296,-9.852140
5951667,0.936133,-0.184354,-9.866506
5952853,0.893037,-0.193930,-9.859323
5954035,0.936133,-0.232238,-9.885659
5955221,0.912191,-0.196325,-9.811439
5956401,0.933739,-0.258574,-9.825804
5957589,0.909797,-0.277727,-9.825804
5958769,0.878672,-0.205901,-9.844957
5959954,0.905008,-0.239420,-9.878476
5961134,0.945710,-0.241814,-9.907207
5962323,0.995988,-0.251391,-9.926360
5963503,0.921768,-0.251391,-9.792285
5964689,0.881066,-0.227449,-9.828198
5965865,0.948104,-0.256180,-9.816227
5967045,0.907402,-0.260968,-9.840169
5968223,0.931344,-0.220267,-9.816227
5969408,0.943315,-0.189142,-9.859323
5970592,0.907402,-0.198719,-9.770737
5971776,0.869095,-0.232238,-9.792285
5972957,0.885855,-0.193930,-9.816227
5974153,0.871489,-0.193930,-9.775525
5975343,0.907402,-0.234632,-9.794679
5976527,0.936133,-0.229843,-9.765948
5977705,0.881066,-0.227449,-9.746795
5978889,0.890643,-0.289698,-9.852140
5980070,0.883460,-0.275333,-9.768343
5981253,0.900220,-0.287304,-9.715671
5982434,0.916979,-0.265756,-9.770737
5983619,0.873884,-0.150835,-9.801862
5984799,0.926556,-0.234632,-9.842564
5985986,0.981623,-0.248997,-9.914390
5987178,0.976834,-0.280122,-9.823410
5988369,0.936133,-0.227449,-9.825804
5989547,0.921768,-0.193930,-9.859323
5990726,0.995988,-0.205901,-9.794679
5991901,0.943315,-0.241814,-9.835381
5993083,0.931344,-0.201113,-9.868899
5994260,0.924162,-0.232238,-9.801862
5995450,0.881066,-0.220267,-9.775525
5996633,0.881066,-0.239420,-9.832987
5997818,0.909797,-0.234632,-9.837775
5999000,0.869095,-0.280122,-9.797073
6000199,0.912191,-0.225055,-9.787497
6001379,0.952892,-0.265756,-9.787497
6002564,1.003170,-0.263362,-9.809045
6003737,0.912191,-0.225055,-9.842564
6009817,0.926556,-0.265756,-9.749189
6010996,0.984017,-0.229843,-9.876082
6012193,0.914585,-0.198719,-9.883265
6013374,0.826000,-0.172383,-9.837775
6014557,0.835576,-0.222661,-9.734824
6015738,0.866701,-0.237026,-9.782708
6016926,0.869095,-0.258574,-9.825804
6018105,0.897826,-0.225055,-9.823410
6019292,0.873884,-0.222661,-9.801862
6020472,0.933739,-0.186748,-9.811439
6021661,0.916979,-0.196325,-9.880871
6022832,0.890643,-0.217872,-9.732430
6024027,0.969652,-0.220267,-9.775525
6025208,0.948104,-0.205901,-9.770737
6026391,0.967257,-0.225055,-9.751583
6027571,0.950498,-0.227449,-9.718064
6028749,0.943315,-0.220267,-9.765948
6029929,0.940921,-0.237026,-9.751583
6031112,0.988805,-0.184354,-9.691729
6032293,0.869095,-0.246603,-9.708488
6033480,0.883460,-0.237026,-9.749189
6034662,0.895431,-0.177171,-9.753978
6035847,0.972046,-0.227449,-9.730036
6037038,0.919373,-0.229843,-9.703699
6038223,0.914585,-0.232238,-9.775525
6039404,0.921768,-0.220267,-9.818622
6040592,0.952892,-0.191536,-9.763555
6041773,0.926556,-0.210690,-9.730036
6042957,0.952892,-0.167594,-9.763555
6044148,0.984017,-0.232238,-9.713276
6045336,0.907402,-0.241814,-9.706094
6046515,0.852336,-0.208296,-9.713276
6047698,0.849942,-0.217872,-9.694122
6048883,0.919373,-0.203507,-9.749189
6050066,0.926556,-0.258574,-9.727641
6051252,0.914585,-0.306458,-9.713276
6052440,0.907402,-0.270545,-9.777920
6053618,0.948104,-0.191536,-9.722853
6054799,0.873884,-0.244209,-9.713276
6055980,0.883460,-0.251391,-9.842564
6057178,0.883460,-0.246603,-9.852140
6058363,0.919373,-0.244209,-9.876082
6059552,0.924162,-0.208296,-9.876082
6060731,0.948104,-0.196325,-9.868899
6061914,0.931344,-0.184354,-9.852140
6063091,0.919373,-0.186748,-9.955091
6064275,0.916979,-0.234632,-9.959879
6065456,0.928950,-0.229843,-9.895236
6066644,0.960075,-0.239420,-9.928755
6067824,0.940921,-0.210690,-9.873688
6069018,0.871489,-0.225055,-9.974244
6070208,0.916979,-0.203507,-9.969456
6071395,0.933739,-0.225055,-9.938332
6072575,0.928950,-0.275333,-10.038888
6073754,0.907402,-0.237026,-9.979033
6074932,0.866701,-0.222661,-10.074800
6076117,0.960075,-0.210690,-10.022128
6077300,0.984017,-0.222661,-9.964667
6078488,0.914585,-0.203507,-9.964667
6079671,0.921768,-0.234632,-9.967062
6080850,0.890643,-0.272939,-9.926360
6082032,0.972046,-0.275333,-9.926360
6083216,0.974440,-0.210690,-9.914390
6084400,0.957681,-0.220267,-9.907207
6085586,0.974440,-0.253785,-9.849746
6086767,0.931344,-0.234632,-9.852140
6087953,0.924162,-0.241814,-9.888053
6089134,0.907402,-0.237026,-9.830592
6090324,0.948104,-0.241814,-9.835381
6091504,0.945710,-0.246603,-9.823410
6092691,0.900220,-0.277727,-9.813833
6093871,0.936133,-0.222661,-9.878476
6095056,0.907402,-0.217872,-9.809045
6096237,0.876278,-0.268151,-9.804255
6097422,0.948104,-0.222661,-9.804255
6098601,0.909797,-0.191536,-9.768343
6099786,0.960075,-0.158017,-9.852140
6100968,0.924162,-0.122104,-9.725247
6102164,0.893037,-0.143652,-9.787497
6103355,0.895431,-0.167594,-9.758766
6104541,0.888249,-0.196325,-9.710882
6105715,0.943315,-0.179565,-9.667787
6106902,0.907402,-0.203507,-9.758766
6108076,0.895431,-0.158017,-9.763555
6109261,0.928950,-0.174777,-9.718064
6110445,0.900220,-0.205901,-9.782708
6111627,0.885855,-0.193930,-9.864111
6112803,0.902614,-0.181959,-9.730036
6113985,0.869095,-0.215478,-9.677363
6115177,0.861913,-0.215478,-9.648633
6116369,0.895431,-0.208296,-9.713276
6117547,0.905008,-0.186748,-9.768343
6118731,0.833182,-0.181959,-9.682152
6119913,0.897826,-0.229843,-9.682152
6121094,0.921768,-0.241814,-9.641450
6122272,0.888249,-0.234632,-9.694122
6123457,0.897826,-0.191536,-9.773131
6124641,0.938527,-0.210690,-9.823410
6125821,0.943315,-0.213084,-9.787497
6127002,0.871489,-0.201113,-9.789890
6128202,0.940921,-0.234632,-9.787497
6129385,0.988805,-0.186748,-9.859323
6130570,0.955287,-0.193930,-9.900024
6131743,0.883460,-0.203507,-9.859323
6132931,0.864307,-0.179565,-9.852140
6134109,0.926556,-0.201113,-9.780313
6135297,0.924162,-0.189142,-9.742006
6136479,0.945710,-0.213084,-9.849746
6137661,0.926556,-0.172383,-9.840169
6138840,0.960075,-0.124498,-9.830592
6140031,0.948104,-0.208296,-9.818622
6141211,0.916979,-0.196325,-9.806650
6142398,0.933739,-0.253785,-9.837775
6143582,0.957681,-0.272939,-9.832987
6144768,0.936133,-0.270545,-9.751583
6145947,0.928950,-0.191536,-9.914390
6147132,0.914585,-0.217872,-9.787497
6148319,0.976834,-0.268151,-9.765948
6149503,0.936133,-0.251391,-9.722853
6150687,0.967257,-0.289698,-9.706094
6151866,0.960075,-0.229843,-9.677363
6153044,0.902614,-0.234632,-9.679757
6154229,0.866701,-0.248997,-9.756371
6155409,0.921768,-0.282516,-9.792285
6156600,0.931344,-0.205901,-9.809045
6157778,0.945710,-0.217872,-9.744401
6158967,0.921768,-0.272939,-9.770737
6160157,0.883460,-0.241814,-9.679757
6161352,0.914585,-0.217872,-9.679757
6162536,0.916979,-0.280122,-9.660604
6163719,0.984017,-0.234632,-9.753978
6164896,0.964863,-0.280122,-9.753978
6166077,0.950498,-0.203507,-9.818622
6167256,0.993594,-0.229843,-9.811439
6168445,0.933739,-0.239420,-9.801862
6169624,0.924162,-0.241814,-9.773131
6170805,0.933739,-0.239420,-9.844957
6171986,0.900220,-0.260968,-9.837775
6173181,0.931344,-0.258574,-9.751583
6174368,0.945710,-0.210690,-9.847352
6175552,0.890643,-0.196325,-9.840169
6176731,0.945710,-0.225055,-9.823410
6177916,0.907402,-0.198719,-9.847352
6179092,0.878672,-0.241814,-9.844957
6180277,0.914585,-0.246603,-9.940725
6181454,0.905008,-0.265756,-9.940725
6182640,0.900220,-0.246603,-9.849746
6183819,0.876278,-0.268151,-9.809045
6185005,0.849942,-0.275333,-9.832987
6186201,0.919373,-0.220267,-9.856929
6187389,0.888249,-0.210690,-9.844957
6188569,0.885855,-0.232238,-9.775525
6189749,0.885855,-0.208296,-9.854534
6190928,0.806846,-0.205901,-9.856929
6192111,0.921768,-0.239420,-9.871294
6193294,0.900220,-0.213084,-9.821015
6194474,0.871489,-0.196325,-9.859323
6195655,0.905008,-0.237026,-9.830592
6196833,0.873884,-0.229843,-9.859323
6198025,0.948104,-0.181959,-9.864111
6199207,0.876278,-0.287304,-9.880871
6200390,0.890643,-0.272939,-9.897630
6201574,0.876278,-0.225055,-9.859323
6202748,0.907402,-0.222661,-9.775525
6203933,0.928950,-0.198719,-9.799467
6205114,0.928950,-0.217872,-9.756371
6206310,0.897826,-0.186748,-9.758766
6207495,0.873884,-0.208296,-9.763555
6208680,0.912191,-0.229843,-9.734824
6209857,0.914585,-0.186748,-9.765948
6211044,0.943315,-0.186748,-9.770737
6212224,0.893037,-0.237026,-9.744401
6213408,0.900220,-0.191536,-9.720459
6214589,0.948104,-0.184354,-9.684546
6215774,0.924162,-0.258574,-9.734824
6216956,0.907402,-0.232238,-9.792285
6218145,0.962469,-0.232238,-9.751583
6219332,0.943315,-0.193930,-9.742006
6220515,0.952892,-0.172383,-9.789890
6221694,0.912191,-0.220267,-9.844957
6222883,0.914585,-0.260968,-9.897630
6224062,0.921768,-0.215478,-9.773131
6225251,0.905008,-0.220267,-9.866506
6226432,0.962469,-0.198719,-9.775525
6227617,1.012747,-0.225055,-9.883265
6228798,1.010353,-0.213084,-9.763555
6229982,0.964863,-0.210690,-9.667787
6231174,0.924162,-0.222661,-9.828198
6232365,0.914585,-0.239420,-9.816227
6233550,0.933739,-0.239420,-9.878476
6234735,0.878672,-0.239420,-9.873688
6235916,0.890643,-0.258574,-9.777920
6237100,0.931344,-0.225055,-9.878476
6238280,0.873884,-0.258574,-9.682152
6239465,0.921768,-0.282516,-9.979033
6240643,0.881066,-0.217872,-9.816227
6241829,0.883460,-0.222661,-9.734824
6243020,0.950498,-0.201113,-9.801862
6244209,0.866701,-0.232238,-9.825804
6245391,0.902614,-0.225055,-9.979033
6246572,0.883460,-0.172383,-9.928755
6247747,0.914585,-0.205901,-9.871294
6248930,0.948104,-0.184354,-9.892841
6250109,0.888249,-0.215478,-9.844957
6251297,0.916979,-0.229843,-9.785102
6252475,0.914585,-0.213084,-9.830592
6253662,0.876278,-0.198719,-9.868899
6254842,0.912191,-0.203507,-9.818622
6256038,0.885855,-0.177171,-9.797073
6257219,0.866701,-0.215478,-9.763555
6258402,0.885855,-0.232238,-9.691729
6259586,0.931344,-0.203507,-9.706094
6260769,0.902614,-0.203507,-9.665392
6261949,0.859518,-0.241814,-9.660604
6263134,0.921768,-0.191536,-9.749189
6264321,0.900220,-0.220267,-9.701305
6265501,0.936133,-0.220267,-9.689334
6266684,0.931344,-0.229843,-9.768343
6267866,0.919373,-0.260968,-9.710882
6269044,0.967257,-0.237026,-9.655815
6270229,0.857124,-0.203507,-9.789890
6271408,0.924162,-0.239420,-9.737218
6272593,0.919373,-0.217872,-9.794679
6273775,0.883460,-0.248997,-9.792285
6274961,0.943315,-0.225055,-9.773131
6276151,0.888249,-0.284910,-9.713276
6277343,0.888249,-0.280122,-9.756371
6278523,0.857124,-0.203507,-9.854534
6279702,0.871489,-0.208296,-9.842564
6280881,0.857124,-0.258574,-9.883265
6282066,0.897826,-0.282516,-9.787497
6283252,0.849942,-0.241814,-9.868899
6284441,0.914585,-0.220267,-9.866506
6285620,0.964863,-0.208296,-9.818622
6286806,0.919373,-0.215478,-9.892841
6287988,0.909797,-0.234632,-9.890448
6289184,0.833182,-0.232238,-9.794679
6290371,0.883460,-0.265756,-9.864111
6291556,0.926556,-0.239420,-9.832987
6292736,0.943315,-0.196325,-9.780313
6293926,0.909797,-0.210690,-9.861717
6295104,0.881066,-0.193930,-9.852140
6296291,0.955287,-0.272939,-9.873688
6297471,0.914585,-0.275333,-9.787497
6298660,0.955287,-0.246603,-9.780313
6299845,0.921768,-0.179565,-9.832987
6301031,0.964863,-0.179565,-9.840169
6302212,0.957681,-0.193930,-9.794679
6303401,0.931344,-0.167594,-9.852140
6304584,0.943315,-0.193930,-9.818622
6305757,0.955287,-0.158017,-9.897630
6306938,0.897826,-0.213084,-9.821015
6308121,0.905008,-0.213084,-9.770737
6309296,0.864307,-0.237026,-9.880871
6310482,0.912191,-0.237026,-9.911995
6311666,0.895431,-0.270545,-9.885659
6312850,0.859518,-0.296881,-9.859323
6314033,0.931344,-0.220267,-9.979033
6315215,0.909797,-0.179565,-9.706094
6316399,0.924162,-0.179565,-9.770737
6317587,0.837971,-0.184354,-9.742006
6318767,0.907402,-0.260968,-9.720459
6319948,0.881066,-0.256180,-9.756371
6321128,0.905008,-0.220267,-9.691729
6322317,0.919373,-0.229843,-9.885659
6323496,0.938527,-0.220267,-9.734824
6324685,0.984017,-0.220267,-9.780313
6325865,0.900220,-0.205901,-9.809045
6327044,0.943315,-0.258574,-9.749189
6328225,0.878672,-0.220267,-9.734824
6329410,0.926556,-0.160412,-9.868899
6330592,0.933739,-0.143652,-9.813833
6331778,0.974440,-0.129287,-9.739613
6332959,0.916979,-0.153229,-9.777920
6334155,0.960075,-0.213084,-9.914390
6335342,0.960075,-0.229843,-9.847352
6336526,0.933739,-0.244209,-9.751583
6337706,0.928950,-0.146046,-9.751583
6338890,0.916979,-0.146046,-9.799467
6340071,0.976834,-0.189142,-9.832987
6341255,0.900220,-0.263362,-9.844957
6342437,0.900220,-0.234632,-9.888053
6343620,0.849942,-0.162806,-9.885659
6344801,0.873884,-0.148441,-9.797073
6345987,0.907402,-0.234632,-9.868899
6347179,0.924162,-0.248997,-9.919178
6348370,0.967257,-0.205901,-9.856929
6349548,0.916979,-0.213084,-9.897630
6350732,0.964863,-0.203507,-9.854534
6351913,0.936133,-0.172383,-9.837775
6353098,0.909797,-0.189142,-9.809045
6354277,0.900220,-0.241814,-9.957485
6355460,0.873884,-0.229843,-9.756371
6356650,0.916979,-0.208296,-9.811439
6357831,0.933739,-0.205901,-9.911995
6359021,0.921768,-0.196325,-9.789890
6360210,0.931344,-0.241814,-9.720459
6361394,0.905008,-0.275333,-9.847352
6362577,0.866701,-0.225055,-9.892841
6363751,0.852336,-0.222661,-9.811439
6364937,0.902614,-0.251391,-9.876082
6366117,0.905008,-0.196325,-9.876082
6367311,0.921768,-0.246603,-9.888053
6368496,0.921768,-0.275333,-9.859323
6369683,0.916979,-0.217872,-9.928755
6370865,0.914585,-0.232238,-9.888053
6372046,0.950498,-0.222661,-9.727641
6373226,0.931344,-0.251391,-9.763555
6374412,0.919373,-0.177171,-9.756371
6375593,0.928950,-0.210690,-9.710882
6376776,0.957681,-0.172383,-9.713276
6377955,0.979228,-0.177171,-9.794679
6379145,0.952892,-0.232238,-9.739613
6380332,0.912191,-0.234632,-9.871294
6381518,0.938527,-0.265756,-9.780313
6382696,0.869095,-0.232238,-9.856929
6383885,0.873884,-0.237026,-9.801862
6385061,0.890643,-0.225055,-9.797073
6386248,0.936133,-0.232238,-9.763555
6387434,0.914585,-0.198719,-9.866506
6388619,0.924162,-0.256180,-9.885659
6389800,0.969652,-0.237026,-9.933543
6390986,0.893037,-0.256180,-9.911995
6392178,0.876278,-0.237026,-9.828198
6393369,0.909797,-0.215478,-9.742006
6394546,0.931344,-0.234632,-9.703699
6395730,0.931344,-0.251391,-9.658210
6396912,0.938527,-0.258574,-9.682152
6398090,0.902614,-0.263362,-9.706094
6399269,0.885855,-0.215478,-9.715671
6400453,0.921768,-0.270545,-9.883265
6401636,0.952892,-0.210690,-9.787497
6402817,0.921768,-0.198719,-9.861717
6403998,0.902614,-0.203507,-9.840169
6405197,0.871489,-0.210690,-9.861717
6406376,0.926556,-0.184354,-9.801862
6407561,0.943315,-0.213084,-9.830592
6408740,0.931344,-0.208296,-9.753978
6409929,0.897826,-0.167594,-9.765948
6411109,0.883460,-0.186748,-9.835381
6412298,0.950498,-0.253785,-9.852140
6413477,0.933739,-0.215478,-9.828198
6414666,0.907402,-0.248997,-9.732430
6415844,0.943315,-0.256180,-9.823410
6417038,1.007959,-0.165200,-9.706094
6418215,0.979228,-0.181959,-9.804255
6419405,0.962469,-0.260968,-9.878476
6420586,0.912191,-0.306458,-9.818622
6421759,0.905008,-0.239420,-9.739613
6422939,0.928950,-0.268151,-9.835381
6424122,0.955287,-0.258574,-9.811439
6425307,0.948104,-0.289698,-9.696517
6426495,0.907402,-0.263362,-9.849746
6427678,0.943315,-0.205901,-9.852140
6428863,0.926556,-0.239420,-9.794679
6430044,0.912191,-0.205901,-9.797073
6431228,0.897826,-0.193930,-9.854534
6432408,0.928950,-0.196325,-9.854534
6433597,0.924162,-0.205901,-9.816227
6434777,0.960075,-0.234632,-9.876082
6435962,0.926556,-0.232238,-9.818622
6437153,0.883460,-0.213084,-9.837775
6438347,0.902614,-0.237026,-9.873688
6439530,0.945710,-0.201113,-9.756371
6440714,0.902614,-0.172383,-9.842564
6441893,0.948104,-0.248997,-9.813833
6443074,0.962469,-0.237026,-9.758766
6444250,0.900220,-0.232238,-9.758766
6445437,0.938527,-0.263362,-9.957485
6446617,1.005565,-0.217872,-9.813833
6447803,0.948104,-0.232238,-9.775525
6448984,0.921768,-0.210690,-9.797073
6450180,0.912191,-0.189142,-9.821015
6451364,0.948104,-0.169988,-9.799467
6452554,0.924162,-0.169988,-9.888053
6453734,0.979228,-0.203507,-9.849746
6454919,0.940921,-0.234632,-9.806650
6456097,0.864307,-0.213084,-9.864111
6457282,0.907402,-0.229843,-9.852140
6458460,0.885855,-0.191536,-9.856929
6459654,0.900220,-0.143652,-9.868899
6460834,0.964863,-0.237026,-9.900024
6462028,0.938527,-0.208296,-9.890448
6463208,0.878672,-0.248997,-9.792285
6464396,0.871489,-0.201113,-9.856929
6465580,0.890643,-0.203507,-9.923966
6466758,0.919373,-0.222661,-9.883265
6467940,0.950498,-0.191536,-9.765948
6469126,0.938527,-0.215478,-9.861717
6470313,0.928950,-0.210690,-9.787497
6471501,0.916979,-0.203507,-9.880871
6472683,0.919373,-0.248997,-9.852140
6473864,0.900220,-0.284910,-9.816227
6475044,0.962469,-0.234632,-9.849746
6476230,0.895431,-0.210690,-9.837775
6477409,0.907402,-0.275333,-9.864111
6478594,0.897826,-0.210690,-9.916783
6479771,0.914585,-0.193930,-9.856929
6480957,0.861913,-0.181959,-9.880871
6482144,0.881066,-0.215478,-9.854534
6483333,0.919373,-0.213084,-9.797073
6484512,0.995988,-0.229843,-9.715671
6485706,0.972046,-0.172383,-9.682152
6486890,0.895431,-0.169988,-9.756371
6488070,0.938527,-0.184354,-9.708488
6489255,0.926556,-0.203507,-9.698911
6490442,0.907402,-0.213084,-9.811439
6491621,0.986411,-0.256180,-9.823410
6492802,0.952892,-0.246603,-9.763555
6493983,0.895431,-0.184354,-9.789890
6495180,0.888249,-0.189142,-9.852140
6496366,0.945710,-0.184354,-9.821015
6497546,0.948104,-0.229843,-9.765948
6498723,0.940921,-0.162806,-9.883265
6499908,0.928950,-0.203507,-9.926360
6501083,0.931344,-0.237026,-9.883265
6502267,0.928950,-0.210690,-9.923966
6503451,0.921768,-0.179565,-9.883265
6504640,0.900220,-0.196325,-9.756371
6505815,0.948104,-0.213084,-9.725247
6507000,0.938527,-0.237026,-9.787497
6508196,0.960075,-0.239420,-9.801862
6509375,0.940921,-0.234632,-9.744401
6510554,0.938527,-0.260968,-9.840169
6511732,0.945710,-0.272939,-9.861717
6512914,0.926556,-0.275333,-9.816227
6514095,0.907402,-0.275333,-9.794679
6515275,0.881066,-0.208296,-9.871294
6516459,0.859518,-0.179565,-9.823410
6517642,0.869095,-0.239420,-9.818622
6518823,0.900220,-0.222661,-9.828198
6520003,0.931344,-0.174777,-9.832987
6521204,0.869095,-0.234632,-9.844957
6522387,0.881066,-0.234632,-9.940725
6523571,0.945710,-0.248997,-9.708488
6524745,0.926556,-0.193930,-9.706094
6525933,0.854730,-0.227449,-9.758766
6527114,0.873884,-0.220267,-9.773131
6528299,0.938527,-0.239420,-9.806650
6529481,0.919373,-0.210690,-9.868899
6530665,0.897826,-0.258574,-9.852140
6531845,0.955287,-0.265756,-9.794679
6533042,0.988805,-0.241814,-9.785102
6534222,0.962469,-0.227449,-9.787497
6535404,0.950498,-0.225055,-9.871294
6536587,0.897826,-0.272939,-9.674969
6537771,0.905008,-0.215478,-9.900024
6538945,0.897826,-0.239420,-9.864111
6540131,0.881066,-0.234632,-9.725247
6541318,0.883460,-0.256180,-9.787497
6542500,0.909797,-0.282516,-9.725247
6543684,0.948104,-0.210690,-9.744401
6544867,0.912191,-0.246603,-9.670180
6546044,0.895431,-0.284910,-9.804255
6547225,0.893037,-0.229843,-9.787497
6548406,0.890643,-0.213084,-9.797073
6549592,0.907402,-0.220267,-9.804255
6550771,0.878672,-0.210690,-9.866506
6551956,0.859518,-0.256180,-9.883265
6553137,0.835576,-0.220267,-9.706094
6554326,0.895431,-0.222661,-9.773131
6555507,0.931344,-0.181959,-9.813833
6556696,0.907402,-0.241814,-9.787497
6557880,0.852336,-0.205901,-9.804255
6559063,0.926556,-0.217872,-9.780313
6560246,0.940921,-0.268151,-9.983821
6561434,0.883460,-0.210690,-9.758766
6562610,0.933739,-0.263362,-9.883265
6563802,0.869095,-0.270545,-9.698911
6564982,0.926556,-0.270545,-9.782708
6566179,0.924162,-0.237026,-9.818622
6567362,0.928950,-0.205901,-9.689334
6568551,0.928950,-0.275333,-9.871294
6569731,0.909797,-0.150835,-9.804255
6570916,0.873884,-0.198719,-9.868899
6572093,0.866701,-0.217872,-9.727641
6573277,0.876278,-0.246603,-9.725247
6574457,0.907402,-0.232238,-9.854534
6575645,0.845153,-0.251391,-9.797073
6576821,0.818817,-0.198719,-9.864111
6578008,0.888249,-0.208296,-9.715671
6579203,0.864307,-0.258574,-9.746795
6580391,0.967257,-0.292093,-9.830592
6581571,0.957681,-0.299275,-9.715671
6582748,0.907402,-0.241814,-9.753978
6583932,0.852336,-0.246603,-9.761160
6585117,0.912191,-0.234632,-9.880871
6586309,0.888249,-0.258574,-9.916783
6587497,0.905008,-0.213084,-9.847352
6588675,0.938527,-0.225055,-10.005369
6589856,0.933739,-0.189142,-9.818622
6591039,0.948104,-0.229843,-9.962274
6592224,0.878672,-0.232238,-9.957485
6593404,0.890643,-0.220267,-9.983821
6594592,0.909797,-0.246603,-10.029311
6595772,0.928950,-0.179565,-9.964667
6596955,0.888249,-0.177171,-10.038888
6598137,0.857124,-0.205901,-9.943120
6599327,0.909797,-0.263362,-9.938332
6600507,0.912191,-0.198719,-10.053253
6601690,0.924162,-0.282516,-9.976639
6602864,0.931344,-0.308852,-9.900024
6604044,0.984017,-0.253785,-9.859323
6605224,0.936133,-0.253785,-9.964667
6606407,0.859518,-0.294487,-9.871294
6607591,0.878672,-0.294487,-9.835381
6608777,0.933739,-0.198719,-9.964667
6609959,0.919373,-0.213084,-9.825804
6611154,0.864307,-0.284910,-9.859323
6612343,0.888249,-0.284910,-9.945514
6613528,0.859518,-0.213084,-9.983821
6614708,0.914585,-0.220267,-9.868899
6615892,0.871489,-0.268151,-9.919178
6617074,0.849942,-0.229843,-9.928755
6618256,0.912191,-0.258574,-9.866506
6619440,0.950498,-0.234632,-10.024523
6620625,0.885855,-0.234632,-9.902418
6621806,0.926556,-0.208296,-9.904813
6622991,0.912191,-0.237026,-9.866506
6624180,0.955287,-0.196325,-9.847352
6625372,0.986411,-0.160412,-9.811439
6626549,0.924162,-0.193930,-9.825804
6627733,0.940921,-0.191536,-9.830592
6628913,0.916979,-0.186748,-9.782708
6630094,0.964863,-0.198719,-9.832987
6631275,0.928950,-0.165200,-9.830592
6632456,0.888249,-0.217872,-9.787497
6633640,0.897826,-0.155623,-9.859323
6634827,0.976834,-0.172383,-9.789890
6636017,0.926556,-0.165200,-9.835381
6637207,0.940921,-0.158017,-9.806650
6638388,0.926556,-0.165200,-9.780313
6639572,1.005565,-0.160412,-9.782708
6640745,0.940921,-0.191536,-9.765948
6641934,0.916979,-0.222661,-9.765948
6643116,0.931344,-0.229843,-9.739613
6644313,0.924162,-0.239420,-9.689334
6645498,0.895431,-0.198719,-9.722853
6646687,0.859518,-0.198719,-9.734824
6647866,0.905008,-0.205901,-9.720459
6649044,0.909797,-0.213084,-9.703699
6650223,0.931344,-0.222661,-9.658210
6651408,0.893037,-0.172383,-9.634268
6652591,0.940921,-0.179565,-9.742006
6653775,0.938527,-0.158017,-9.677363
6654956,0.960075,-0.146046,-9.698911
6656147,0.945710,-0.172383,-9.667787
6657333,0.957681,-0.201113,-9.701305
6658517,0.931344,-0.160412,-9.655815
6659695,0.964863,-0.193930,-9.677363
6660884,1.000776,-0.213084,-9.655815
6662063,0.998382,-0.198719,-9.698911
6663251,1.007959,-0.167594,-9.703699
6664434,0.995988,-0.234632,-9.670180
6665618,0.914585,-0.222661,-9.682152
6666788,0.924162,-0.229843,-9.734824
6667978,0.905008,-0.229843,-9.730036
6669168,0.914585,-0.222661,-9.797073
6670364,0.890643,-0.205901,-9.859323
6671546,0.907402,-0.193930,-9.876082
6672729,0.897826,-0.208296,-9.859323
6673910,0.902614,-0.205901,-9.847352
6675089,0.878672,-0.179565,-9.785102
6676269,0.852336,-0.222661,-9.916783
6677453,0.859518,-0.232238,-9.852140
6678636,0.885855,-0.237026,-9.832987
6679822,0.928950,-0.220267,-9.837775
6681003,0.900220,-0.213084,-9.777920
6682198,0.883460,-0.237026,-9.859323
6683378,0.890643,-0.222661,-9.871294
6684563,0.933739,-0.253785,-9.888053
6685738,0.919373,-0.277727,-9.888053
6686927,0.995988,-0.217872,-9.787497
6688107,0.962469,-0.225055,-9.825804
6689295,0.938527,-0.246603,-9.931149
6690475,0.945710,-0.203507,-9.926360
6691661,0.931344,-0.225055,-9.876082
6692840,0.876278,-0.232238,-9.830592
6694037,0.897826,-0.237026,-9.837775
6695217,0.878672,-0.217872,-9.885659
6696407,0.919373,-0.225055,-9.823410
6697587,0.890643,-0.275333,-9.825804
6698772,0.866701,-0.229843,-9.926360
6699947,0.890643,-0.239420,-9.835381
6701133,0.900220,-0.260968,-9.809045
6702316,0.948104,-0.217872,-9.768343
6703506,0.928950,-0.244209,-9.816227
6704688,0.907402,-0.225055,-9.830592
6705870,0.885855,-0.210690,-9.837775
6707045,0.895431,-0.244209,-9.859323
6708230,0.972046,-0.270545,-9.768343
6709409,0.943315,-0.275333,-9.909601
6710594,0.902614,-0.284910,-9.892841
6711771,0.890643,-0.260968,-9.840169
6712950,0.952892,-0.251391,-9.847352
6714132,0.893037,-0.186748,-9.844957
6715323,0.852336,-0.248997,-9.859323
6716503,0.902614,-0.287304,-9.935937
6717691,0.893037,-0.265756,-9.813833
6718872,0.890643,-0.229843,-9.809045
6720052,0.897826,-0.241814,-9.849746
6721236,0.924162,-0.213084,-9.811439
6722420,0.926556,-0.256180,-9.868899
6723599,0.948104,-0.248997,-9.991004
6724782,0.881066,-0.229843,-9.801862
6725963,0.916979,-0.265756,-9.809045
6727158,0.890643,-0.268151,-9.878476
6728347,0.921768,-0.263362,-9.864111
6729536,0.878672,-0.260968,-9.890448
6730715,0.924162,-0.229843,-9.911995
6731900,0.962469,-0.246603,-9.971850
6733076,0.940921,-0.181959,-9.923966
6734261,0.916979,-0.222661,-9.919178
6735445,0.998382,-0.229843,-9.919178
6736634,0.972046,-0.256180,-9.856929
6737809,0.919373,-0.215478,-9.859323
6738996,0.943315,-0.229843,-9.809045
6740188,0.943315,-0.189142,-9.897630
6741375,0.940921,-0.205901,-9.907207
6742553,0.914585,-0.201113,-9.809045
6743741,0.876278,-0.222661,-9.797073
6744926,0.900220,-0.184354,-9.751583
6746110,0.926556,-0.172383,-9.701305
6747293,0.967257,-0.172383,-9.797073
6748478,0.878672,-0.284910,-9.818622
6749661,0.905008,-0.205901,-9.727641
6750848,0.871489,-0.265756,-9.971850
6752040,0.907402,-0.023942,-9.133880
6753222,0.952892,-0.318429,-10.670957
6754401,0.869095,-0.545878,-10.010158
6755589,1.060631,-0.251391,-8.645462
6756766,0.979228,-0.215478,-9.540894
6757952,0.940921,-0.234632,-9.145850
6759133,1.065420,-0.423774,-9.816227
6760321,0.936133,-0.287304,-9.763555
6761499,0.854730,-0.064643,-10.165780
6762687,0.976834,-0.031125,-10.026917
6763868,0.787692,-0.253785,-10.026917
6765050,0.885855,-0.222661,-9.955091
6766230,0.864307,-0.248997,-9.816227
6767415,0.859518,-0.208296,-9.569624
6768595,0.871489,-0.177171,-9.390059
6769780,0.883460,-0.134075,-9.416395
6770961,0.902614,-0.239420,-9.923966
6772156,0.885855,-0.208296,-9.981427
6773342,0.897826,-0.239420,-9.976639
6774527,0.933739,-0.289698,-10.007763
6775707,0.943315,-0.227449,-9.895236
6776892,0.912191,-0.210690,-9.871294
6778073,0.974440,-0.191536,-9.684546
6779256,0.900220,-0.177171,-9.631873
6780438,0.936133,-0.174777,-9.629479
6781623,0.928950,-0.260968,-9.624691
6782804,0.919373,-0.263362,-9.830592
6783990,0.861913,-0.246603,-9.859323
6785182,0.900220,-0.203507,-9.950302
6786369,0.940921,-0.222661,-9.844957
6787548,0.926556,-0.258574,-9.718064
6788729,0.902614,-0.217872,-9.801862
6789911,0.842759,-0.208296,-9.821015
6791091,0.888249,-0.181959,-9.713276
6792272,0.902614,-0.208296,-9.761160
6793453,0.950498,-0.225055,-9.775525
6794636,0.960075,-0.177171,-9.756371
6795821,0.936133,-0.201113,-9.782708
6797002,0.876278,-0.272939,-9.730036
6798201,0.792481,-0.220267,-9.904813
6799381,0.859518,-0.167594,-9.940725
6800566,0.936133,-0.189142,-9.933543
6801741,0.962469,-0.260968,-9.821015
6802927,0.967257,-0.205901,-9.842564
6804105,0.940921,-0.198719,-9.674969
6805293,0.931344,-0.191536,-9.588778
6806474,0.866701,-0.210690,-9.648633
6807660,0.902614,-0.239420,-9.797073
6808844,0.876278,-0.184354,-9.785102
6810040,0.926556,-0.193930,-9.885659
6811220,0.900220,-0.213084,-9.919178
6812402,0.940921,-0.205901,-9.859323
6813584,0.905008,-0.232238,-9.876082
6814767,0.871489,-0.265756,-9.892841
6815948,0.861913,-0.229843,-9.787497
6817134,0.905008,-0.217872,-9.794679
6818319,0.936133,-0.205901,-9.830592
6819501,0.950498,-0.265756,-9.854534
6820685,0.945710,-0.253785,-9.768343
6821870,0.905008,-0.215478,-9.710882
6823045,0.883460,-0.237026,-9.919178
6824229,0.902614,-0.222661,-9.952697
6825409,0.921768,-0.172383,-9.840169
6826597,0.885855,-0.155623,-9.813833
6827778,0.919373,-0.189142,-9.847352
6828968,0.938527,-0.160412,-9.861717
6830159,0.952892,-0.217872,-9.911995
6831353,0.945710,-0.193930,-9.770737
6832536,0.881066,-0.201113,-9.811439
6833720,0.936133,-0.169988,-9.782708
6834901,0.931344,-0.155623,-9.780313
6836082,0.859518,-0.193930,-9.835381
6837262,0.981623,-0.244209,-9.809045
6838448,0.993594,-0.234632,-9.813833
6839633,0.943315,-0.210690,-9.813833
6840818,0.900220,-0.198719,-9.823410
6841997,0.964863,-0.244209,-9.797073
6843197,0.976834,-0.248997,-9.861717
6844378,0.967257,-0.222661,-9.753978
6845563,0.955287,-0.179565,-9.739613
6846743,0.960075,-0.198719,-9.849746
6847929,0.936133,-0.232238,-9.792285
6849109,0.940921,-0.213084,-9.873688
6850297,0.948104,-0.210690,-9.923966
6851475,0.931344,-0.208296,-9.847352
6852663,0.969652,-0.246603,-9.880871
6853842,0.967257,-0.244209,-9.938332
6855039,0.988805,-0.222661,-9.890448
6856219,0.928950,-0.258574,-9.852140
6857408,1.007959,-0.205901,-9.828198
6858590,0.974440,-0.169988,-9.749189
6859775,0.893037,-0.146046,-9.734824
6860956,0.900220,-0.129287,-9.837775
6862150,0.964863,-0.229843,-9.895236
6863337,0.928950,-0.225055,-9.830592
6864520,0.943315,-0.167594,-9.823410
6865701,0.976834,-0.167594,-9.880871
6866890,0.962469,-0.198719,-9.909601
6868071,0.984017,-0.193930,-9.926360
6869259,0.936133,-0.177171,-9.883265
6870443,0.950498,-0.165200,-9.892841
6871627,0.916979,-0.174777,-9.835381
6872808,0.914585,-0.201113,-9.789890
6873994,0.931344,-0.213084,-9.856929
6875183,0.960075,-0.158017,-9.871294
6876373,0.967257,-0.179565,-9.916783
6877552,0.979228,-0.169988,-9.940725
6878736,0.945710,-0.213084,-9.837775
6879917,0.955287,-0.215478,-9.811439
6881102,0.881066,-0.196325,-9.797073
6882281,0.976834,-0.217872,-9.823410
6883466,0.948104,-0.237026,-9.847352
6884654,0.981623,-0.222661,-9.775525
6885835,0.928950,-0.189142,-9.792285
6887026,0.873884,-0.234632,-9.890448
6888209,0.900220,-0.203507,-9.854534
6889390,0.931344,-0.232238,-9.787497
6890575,0.873884,-0.227449,-9.794679
6891751,0.854730,-0.201113,-9.780313
6892934,0.885855,-0.227449,-9.828198
6894116,0.948104,-0.205901,-9.878476
6895310,0.938527,-0.239420,-9.828198
6896493,0.902614,-0.203507,-9.804255
6897676,0.948104,-0.227449,-9.751583
6898853,0.905008,-0.203507,-9.789890
6900036,0.945710,-0.203507,-9.825804
6901212,0.905008,-0.217872,-9.871294
6902398,0.943315,-0.208296,-9.830592
6903578,0.885855,-0.234632,-9.773131
6904755,0.905008,-0.256180,-9.818622
6905932,0.919373,-0.229843,-9.849746
6907119,0.869095,-0.220267,-9.823410
6908309,0.866701,-0.217872,-9.787497
6909497,0.826000,-0.248997,-9.852140
6910675,0.835576,-0.239420,-9.864111
6911856,0.950498,-0.205901,-9.773131
6913037,0.859518,-0.181959,-9.651027
6914218,0.921768,-0.124498,-9.837775
6915404,0.857124,-0.203507,-9.722853
6916591,0.849942,-0.363919,-9.909601
6917771,0.864307,-0.225055,-9.782708
6918956,0.931344,-0.177171,-9.837775
6920144,0.972046,-0.251391,-10.014946
6921335,0.979228,-0.220267,-9.390059
6922514,0.943315,-0.256180,-9.900024
6923705,0.948104,-0.217872,-9.627085
6924889,0.928950,-0.232238,-9.557653
6926073,0.876278,-0.203507,-9.914390
6927250,0.890643,-0.201113,-9.813833
6928438,0.967257,-0.294487,-9.765948
6929617,0.948104,-0.253785,-9.749189
6930798,0.821211,-0.198719,-9.821015
6931985,0.744597,-0.244209,-9.837775
6933182,0.828394,-0.272939,-9.627085
6934368,0.809240,-0.217872,-9.682152
6935557,0.878672,-0.177171,-9.811439
6936729,0.924162,-0.237026,-9.684546
6937915,0.972046,-0.280122,-9.662998
6939091,0.921768,-0.201113,-9.959879
6940275,0.914585,-0.205901,-9.794679
6941453,0.797269,-0.301669,-9.751583
6942641,0.852336,-0.335188,-9.615114
6943818,0.943315,-0.246603,-9.576807
6945003,0.952892,-0.172383,-9.828198
6946200,1.017536,-0.260968,-9.787497
6947387,1.005565,-0.272939,-9.694122
6948567,0.854730,-0.114922,-9.907207
6949745,0.909797,-0.356736,-10.280702
6950930,0.991199,-0.227449,-9.490616
6952114,0.919373,-0.198719,-9.890448
6953299,0.926556,-0.184354,-9.732430
6954487,0.943315,-0.229843,-9.406818
6955670,0.873884,-0.284910,-10.228029
6956856,0.916979,-0.213084,-9.708488
6958038,0.964863,-0.172383,-9.923966
6959223,0.897826,-0.280122,-9.696517
6960404,0.912191,-0.260968,-9.718064
6961591,0.995988,-0.217872,-9.967062
6962772,0.878672,-0.179565,-9.842564
6963958,0.907402,-0.227449,-9.564836
6965145,0.943315,-0.220267,-9.849746
6966336,0.948104,-0.208296,-10.036493
6967516,0.957681,-0.222661,-9.876082
6968699,0.907402,-0.325611,-9.876082
6969882,0.936133,-0.232238,-9.868899
6971067,0.957681,-0.169988,-9.919178
6972251,0.933739,-0.229843,-9.734824
6973439,0.897826,-0.174777,-9.756371
6974620,0.921768,-0.174777,-9.816227
6975807,0.938527,-0.217872,-9.715671
6976989,0.948104,-0.253785,-9.708488
6978185,0.895431,-0.220267,-9.801862
6979371,0.897826,-0.162806,-9.842564
6980554,0.907402,-0.215478,-9.758766
6981733,0.905008,-0.277727,-9.844957
6982918,0.926556,-0.287304,-9.885659
6984094,0.931344,-0.237026,-9.794679
6985279,0.916979,-0.201113,-9.816227
6986459,0.979228,-0.251391,-9.852140
6987647,0.897826,-0.191536,-9.844957
6988829,0.890643,-0.193930,-9.885659
6990024,0.869095,-0.234632,-9.844957
6991208,0.921768,-0.184354,-9.768343
6992396,0.955287,-0.215478,-9.749189
6993580,0.984017,-0.239420,-9.698911
6994759,0.919373,-0.239420,-9.737218
6995940,0.957681,-0.213084,-9.761160
6997126,0.907402,-0.253785,-9.840169
6998309,0.900220,-0.227449,-9.840169
6999495,0.912191,-0.181959,-9.821015
7000679,0.883460,-0.177171,-9.835381
7001862,0.962469,-0.213084,-9.835381
7003044,0.931344,-0.205901,-9.856929
7004226,0.888249,-0.210690,-9.921572
7005405,0.902614,-0.251391,-9.916783
7006587,0.962469,-0.268151,-9.950302
7007758,0.931344,-0.227449,-9.981427
7008945,0.962469,-0.256180,-10.007763
7010126,0.919373,-0.292093,-9.864111
7011317,0.945710,-0.150835,-9.856929
7012502,0.926556,-0.193930,-9.871294
7013690,0.933739,-0.155623,-9.854534
7014872,0.950498,-0.138864,-9.943120
7016052,0.921768,-0.213084,-9.852140
7017231,0.921768,-0.234632,-9.969456
7018417,0.902614,-0.203507,-9.911995
7019601,0.905008,-0.205901,-9.885659
7020781,0.957681,-0.237026,-9.861717
7021959,0.926556,-0.287304,-9.799467
7023154,0.924162,-0.263362,-9.825804
7024344,0.926556,-0.287304,-9.809045
7025528,0.871489,-0.256180,-9.823410
7026707,0.876278,-0.225055,-9.804255
7027891,0.914585,-0.237026,-9.818622
7029072,0.988805,-0.253785,-9.840169
7030261,0.869095,-0.265756,-9.816227
7031442,0.878672,-0.227449,-9.876082
7032627,0.907402,-0.208296,-9.856929
7033801,0.897826,-0.208296,-9.811439
7034992,0.900220,-0.213084,-9.734824
7036183,0.928950,-0.248997,-9.660604
7037373,0.890643,-0.246603,-9.809045
7038549,0.952892,-0.229843,-9.792285
7039735,0.998382,-0.239420,-9.727641
7040915,0.936133,-0.246603,-9.758766
7042096,0.914585,-0.217872,-9.768343
7043274,0.914585,-0.198719,-9.864111
7044460,0.950498,-0.186748,-9.742006
7045642,0.938527,-0.213084,-9.785102
7046822,0.933739,-0.169988,-9.787497
7048004,0.897826,-0.232238,-9.823410
7049204,0.919373,-0.263362,-9.828198
7050388,0.948104,-0.217872,-9.773131
7051573,0.926556,-0.251391,-9.737218
7052749,0.931344,-0.246603,-9.782708
7053931,0.914585,-0.265756,-9.770737
7055111,0.924162,-0.193930,-9.773131
7056299,0.940921,-0.251391,-9.864111
7057479,0.909797,-0.241814,-9.799467
7058664,0.919373,-0.210690,-9.789890
7059842,0.897826,-0.184354,-9.825804
7061039,0.960075,-0.177171,-9.854534
7062219,0.931344,-0.208296,-9.892841
7063409,0.878672,-0.237026,-9.686940
7064591,0.972046,-0.203507,-9.789890
7065775,0.952892,-0.225055,-9.844957
7066956,0.976834,-0.232238,-9.785102
7068148,0.909797,-0.196325,-9.765948
7069334,0.967257,-0.165200,-9.876082
7070518,0.933739,-0.167594,-9.868899
7071693,0.933739,-0.280122,-9.797073
7072882,0.979228,-0.258574,-9.718064
7074061,0.931344,-0.198719,-9.746795
7075250,0.914585,-0.203507,-9.809045
7076428,0.883460,-0.253785,-9.830592
7077612,0.962469,-0.198719,-9.859323
7078799,0.945710,-0.215478,-9.825804
7079983,0.914585,-0.265756,-9.708488
7081175,0.912191,-0.239420,-9.732430
7082364,0.914585,-0.241814,-9.830592
7083549,0.897826,-0.265756,-9.809045
7084733,0.931344,-0.184354,-9.734824
7085915,0.960075,-0.205901,-9.749189
7087094,0.914585,-0.167594,-9.780313
7088274,0.876278,-0.189142,-9.777920
7089459,0.919373,-0.167594,-9.911995
7090643,0.909797,-0.189142,-9.885659
7091829,0.890643,-0.203507,-9.758766
7093019,0.902614,-0.225055,-9.634268
7094208,0.845153,-0.234632,-9.648633
7095392,0.948104,-0.193930,-9.689334
7096576,0.967257,-0.208296,-9.730036
7097749,0.940921,-0.217872,-9.756371
7098938,0.931344,-0.272939,-9.768343
7100120,0.845153,-0.260968,-9.753978
7101316,0.897826,-0.208296,-9.780313
7102501,0.857124,-0.229843,-9.770737
7103686,0.854730,-0.280122,-9.703699
7104860,0.931344,-0.232238,-9.775525
7106044,0.861913,-0.289698,-9.787497
7107225,0.787692,-0.220267,-9.749189
7108410,0.900220,-0.241814,-9.897630
7109591,0.826000,-0.193930,-9.919178
7110774,0.861913,-0.217872,-9.868899
7111951,0.948104,-0.205901,-9.864111
7113136,0.964863,-0.217872,-9.787497
7114320,0.864307,-0.208296,-9.732430
7115502,0.916979,-0.229843,-9.823410
7116682,0.943315,-0.225055,-9.782708
7117862,0.859518,-0.239420,-9.864111
7119044,0.818817,-0.167594,-9.806650
7120228,0.780510,-0.222661,-9.880871
7121407,0.897826,-0.292093,-10.038888
7122595,0.888249,-0.289698,-10.007763
7123776,0.878672,-0.268151,-9.938332
7124958,0.878672,-0.189142,-9.926360
7126145,0.876278,-0.196325,-9.967062
7127336,0.897826,-0.225055,-9.950302
7128515,0.900220,-0.270545,-10.079589
7129706,0.797269,-0.251391,-9.988609
7130891,0.837971,-0.251391,-9.995792
7132077,0.826000,-0.239420,-9.998186
7133251,0.845153,-0.239420,-9.904813
7134438,0.914585,-0.277727,-9.935937
7135619,0.883460,-0.234632,-9.885659
7136805,0.854730,-0.241814,-9.933543
7137986,0.842759,-0.292093,-9.830592
7139183,0.816423,-0.304064,-9.720459
7140368,0.895431,-0.287304,-9.816227
7141551,0.916979,-0.277727,-9.842564
7142732,0.955287,-0.270545,-9.830592
7143912,0.909797,-0.229843,-9.804255
7145085,0.936133,-0.215478,-9.789890
7146269,0.928950,-0.215478,-9.809045
7147446,0.955287,-0.217872,-9.617508
7148634,0.926556,-0.244209,-9.674969
7149816,0.919373,-0.270545,-9.797073
7151001,0.876278,-0.282516,-9.804255
7152197,0.948104,-0.244209,-9.734824
7153378,0.964863,-0.184354,-9.720459
7154558,0.986411,-0.210690,-9.765948
7155742,0.972046,-0.248997,-9.792285
7156926,0.902614,-0.220267,-9.818622
7158110,0.919373,-0.225055,-9.883265
7159293,0.974440,-0.244209,-9.935937
7160477,0.907402,-0.191536,-9.847352
7161657,0.890643,-0.160412,-9.832987
7162837,0.909797,-0.141258,-9.804255
7164027,0.948104,-0.196325,-9.830592
7165209,0.890643,-0.222661,-9.902418
7166392,0.919373,-0.256180,-9.876082
7167573,0.945710,-0.205901,-9.878476
7168747,0.916979,-0.208296,-9.868899
7169931,0.916979,-0.232238,-9.816227
7171111,0.885855,-0.205901,-9.813833
7172298,0.885855,-0.177171,-9.895236
7173479,0.876278,-0.203507,-9.789890
7174666,0.878672,-0.191536,-9.751583
7175846,0.885855,-0.248997,-9.864111
7177043,0.905008,-0.256180,-9.928755
7178221,0.940921,-0.263362,-9.816227
7179404,0.907402,-0.241814,-9.844957
7180587,0.914585,-0.201113,-9.861717
7181772,0.869095,-0.186748,-9.804255
7182953,0.926556,-0.208296,-9.904813
7184144,0.921768,-0.217872,-9.825804
7185331,0.948104,-0.172383,-9.775525
7186516,0.900220,-0.191536,-9.789890
7187693,0.907402,-0.210690,-9.909601
7188876,0.926556,-0.234632,-9.926360
7190052,0.914585,-0.232238,-9.885659
7191241,0.916979,-0.196325,-9.806650
7192420,0.912191,-0.196325,-9.907207
7193603,0.883460,-0.232238,-9.732430
7194782,0.888249,-0.213084,-9.852140
7195971,0.940921,-0.208296,-9.873688
7197161,0.921768,-0.174777,-9.828198
7198356,0.864307,-0.179565,-9.818622
7199539,0.931344,-0.189142,-9.835381
7200719,0.864307,-0.179565,-9.782708
7201900,0.905008,-0.158017,-9.761160
7203078,0.936133,-0.191536,-9.718064
7204256,0.967257,-0.189142,-9.756371
7205445,0.988805,-0.229843,-9.806650
7206624,0.914585,-0.205901,-9.832987
7207809,0.957681,-0.217872,-9.763555
7208991,0.960075,-0.225055,-9.813833
7210186,0.981623,-0.208296,-9.770737
7211369,0.955287,-0.201113,-9.713276
7212552,0.921768,-0.205901,-9.686940
7213731,0.902614,-0.217872,-9.742006
7214915,0.905008,-0.186748,-9.852140
7216090,0.960075,-0.215478,-9.844957
7217274,0.943315,-0.198719,-9.849746
7218455,0.914585,-0.160412,-9.813833
7219643,0.873884,-0.222661,-9.837775
7220825,0.893037,-0.232238,-9.876082
7222007,0.969652,-0.189142,-9.849746
7223204,0.955287,-0.191536,-9.900024
7224387,0.933739,-0.169988,-9.813833
7225568,0.943315,-0.158017,-9.770737
7226747,0.974440,-0.150835,-9.787497
7227931,0.895431,-0.174777,-9.902418
7229115,0.940921,-0.184354,-9.897630
7230298,1.007959,-0.213084,-9.890448
7231481,1.019930,-0.203507,-9.880871
7232663,0.931344,-0.184354,-9.844957
7233853,0.981623,-0.177171,-9.742006
7235034,0.950498,-0.201113,-9.801862
7236218,0.962469,-0.239420,-9.933543
7237403,0.895431,-0.248997,-9.955091
7238591,0.924162,-0.237026,-9.868899
7239772,0.969652,-0.119710,-9.825804
7240954,0.919373,-0.165200,-9.813833
7242135,0.962469,-0.210690,-9.878476
7243325,0.919373,-0.215478,-9.835381
7244503,0.852336,-0.296881,-9.775525
7245692,0.976834,-0.280122,-9.849746
7246868,0.974440,-0.220267,-9.770737
7248047,0.940921,-0.198719,-9.691729
7249228,0.931344,-0.165200,-9.770737
7250411,0.905008,-0.203507,-9.854534
7251592,0.849942,-0.229843,-9.871294
7252778,0.924162,-0.241814,-9.753978
7253960,0.902614,-0.299275,-9.725247
7255155,0.897826,-0.263362,-9.775525
7256345,0.849942,-0.165200,-9.713276
7257533,0.979228,-0.244209,-9.866506
7258712,1.027112,-0.213084,-9.926360
7259896,0.979228,-0.210690,-9.859323
7261069,0.916979,-0.193930,-9.785102
7262259,0.919373,-0.272939,-9.734824
7263443,0.964863,-0.205901,-9.660604
7264625,0.972046,-0.213084,-9.809045
7265800,0.938527,-0.227449,-9.852140
7266991,0.885855,-0.217872,-9.897630
7268183,0.888249,-0.193930,-9.799467
7269374,0.840365,-0.234632,-9.787497
7270554,0.938527,-0.284910,-9.864111
7271739,0.924162,-0.299275,-9.818622
7272921,0.921768,-0.265756,-9.823410
7274105,0.912191,-0.265756,-9.758766
7275289,0.936133,-0.263362,-9.828198
7276474,0.926556,-0.220267,-9.868899
7277657,0.957681,-0.248997,-9.809045
7278837,1.000776,-0.277727,-9.828198
7280029,0.962469,-0.253785,-9.832987
7281215,0.912191,-0.160412,-9.904813
7282399,0.916979,-0.172383,-9.962274
7283588,0.936133,-0.234632,-9.734824
7284769,0.905008,-0.299275,-9.897630
7285953,0.919373,-0.299275,-9.979033
7287135,0.897826,-0.225055,-9.830592
7288325,0.919373,-0.301669,-9.873688
7289505,0.912191,-0.191536,-9.816227
7290690,0.976834,-0.282516,-9.974244
7291867,0.960075,-0.186748,-9.967062
7293044,0.878672,-0.253785,-9.931149
7294225,0.871489,-0.248997,-9.959879
7295410,0.955287,-0.258574,-9.897630
7296594,0.964863,-0.244209,-9.694122
7297779,0.950498,-0.251391,-9.715671
7298955,0.905008,-0.210690,-9.713276
7300145,0.878672,-0.169988,-9.859323
7301332,0.821211,-0.169988,-9.842564
7302517,0.811634,-0.217872,-9.691729
7303706,0.960075,-0.260968,-9.722853
7304894,0.888249,-0.296881,-9.756371
7306076,0.945710,-0.318429,-9.710882
7307258,0.905008,-0.260968,-9.715671
7308440,0.885855,-0.213084,-9.835381
7309624,0.854730,-0.229843,-9.868899
7310801,0.859518,-0.239420,-9.864111
7311992,0.826000,-0.210690,-9.888053
7313181,0.871489,-0.217872,-9.809045
7314371,0.919373,-0.256180,-9.686940
7315549,0.816423,-0.179565,-9.610326
7316733,0.962469,-0.105345,-9.569624
7317910,0.909797,-0.260968,-9.425972
7319090,0.849942,-0.299275,-9.483433
7320268,0.804452,-0.306458,-9.574412
7321457,0.809240,-0.234632,-9.768343
7322640,0.804452,-0.234632,-9.703699
