time_us,x,y,z
5060151,0.943315,-0.246603,-9.770737
5061372,0.821211,-0.237026,-9.818622
5062542,0.871489,-0.196325,-9.849746
5063723,0.897826,-0.210690,-9.773131
5064913,0.866701,-0.239420,-9.799467
5066104,0.897826,-0.225055,-9.842564
5067288,0.873884,-0.193930,-9.864111
5068467,0.914585,-0.208296,-9.842564
5069641,0.926556,-0.193930,-9.856929
5070825,0.916979,-0.167594,-9.823410
5072022,0.907402,-0.234632,-9.818622
5073211,0.866701,-0.263362,-9.801862
5074394,0.866701,-0.217872,-9.821015
5075573,0.885855,-0.232238,-9.852140
5076743,0.849942,-0.210690,-9.844957
5077934,0.876278,-0.229843,-9.837775
5079121,0.871489,-0.184354,-9.801862
5080317,0.888249,-0.167594,-9.765948
5081489,0.902614,-0.167594,-9.804255
5082663,0.857124,-0.186748,-9.734824
5083845,0.864307,-0.217872,-9.662998
5085042,0.945710,-0.196325,-9.746795
5086219,0.960075,-0.196325,-9.801862
5087402,0.931344,-0.237026,-9.715671
5088572,0.837971,-0.177171,-9.732430
5089747,0.857124,-0.237026,-9.789890
5090933,0.909797,-0.229843,-9.734824
5092123,0.859518,-0.196325,-9.653421
5093315,0.871489,-0.234632,-9.703699
5094494,0.926556,-0.208296,-9.792285
5095669,0.881066,-0.222661,-9.710882
5096858,0.919373,-0.210690,-9.718064
5098046,0.888249,-0.225055,-9.734824
5099231,0.936133,-0.210690,-9.665392
5100409,0.933739,-0.220267,-9.749189
5101592,0.869095,-0.205901,-9.818622
5102770,0.933739,-0.253785,-9.770737
5103966,0.974440,-0.246603,-9.785102
5105162,0.909797,-0.203507,-9.777920
5106355,0.883460,-0.196325,-9.730036
5107526,0.909797,-0.225055,-9.761160
5108703,0.933739,-0.229843,-9.722853
5109889,0.907402,-0.220267,-9.744401
5111078,0.921768,-0.172383,-9.703699
5112256,0.912191,-0.179565,-9.682152
5113436,0.878672,-0.143652,-9.742006
5114610,0.974440,-0.210690,-9.856929
5115790,0.979228,-0.225055,-9.775525
5116976,0.897826,-0.258574,-9.782708
5118178,0.900220,-0.280122,-9.780313
5119360,0.885855,-0.229843,-9.780313
5120540,0.907402,-0.248997,-9.825804
5121713,0.974440,-0.258574,-9.797073
5122907,0.981623,-0.237026,-9.775525
5124097,0.919373,-0.222661,-9.756371
5125279,0.881066,-0.272939,-9.777920
5126454,0.900220,-0.272939,-9.816227
5127636,0.943315,-0.272939,-9.818622
5128816,0.945710,-0.280122,-9.765948
5130010,0.928950,-0.306458,-9.828198
5131205,0.873884,-0.284910,-9.897630
5132389,0.885855,-0.222661,-9.823410
5133564,0.885855,-0.256180,-9.775525
5134739,0.888249,-0.280122,-9.830592
5135925,0.885855,-0.246603,-9.818622
5137120,0.924162,-0.239420,-9.797073
5138309,0.907402,-0.316035,-9.830592
5139486,0.907402,-0.292093,-9.895236
5140660,0.928950,-0.260968,-9.876082
5141843,0.960075,-0.227449,-9.888053
5143035,0.936133,-0.244209,-9.897630
5144219,0.952892,-0.277727,-9.888053
5145407,0.897826,-0.251391,-9.859323
5146591,0.950498,-0.205901,-9.955091
5147759,0.933739,-0.213084,-9.935937
5148953,0.938527,-0.217872,-9.883265
5150150,0.897826,-0.265756,-9.868899
5151338,0.936133,-0.201113,-9.916783
5152508,0.902614,-0.244209,-9.940725
5153690,0.931344,-0.222661,-9.840169
5154877,0.909797,-0.241814,-9.907207
5156071,0.912191,-0.217872,-9.895236
5157257,0.869095,-0.222661,-9.904813
5158441,0.866701,-0.237026,-9.959879
5159616,0.948104,-0.232238,-9.873688
5160797,0.948104,-0.222661,-9.969456
5161983,0.943315,-0.260968,-9.959879
5163180,0.967257,-0.241814,-9.897630
5164370,0.924162,-0.287304,-9.842564
5165553,0.852336,-0.258574,-9.866506
5166731,0.907402,-0.258574,-9.811439
5167921,0.861913,-0.198719,-9.859323
5169113,0.900220,-0.251391,-9.919178
5170300,0.967257,-0.251391,-9.919178
5171475,0.907402,-0.229843,-9.928755
5172646,0.938527,-0.193930,-9.785102
5173825,0.950498,-0.239420,-9.830592
5175026,0.955287,-0.186748,-9.979033
5176208,0.924162,-0.215478,-9.931149
5177396,0.955287,-0.241814,-9.967062
5178566,0.926556,-0.220267,-9.952697
5179741,0.926556,-0.239420,-9.878476
5180927,0.943315,-0.232238,-9.885659
5182124,0.933739,-0.215478,-9.852140
5183315,0.962469,-0.184354,-9.864111
5184492,0.948104,-0.186748,-9.892841
5185659,0.909797,-0.210690,-9.837775
5186844,0.928950,-0.220267,-9.799467
5188036,0.993594,-0.155623,-9.825804
5189221,0.964863,-0.167594,-9.854534
5190410,0.974440,-0.227449,-9.890448
5191592,0.950498,-0.179565,-9.744401
5192771,0.873884,-0.191536,-9.794679
5193968,0.914585,-0.227449,-9.878476
5195166,0.998382,-0.167594,-9.852140
5196365,0.998382,-0.181959,-9.842564
5197541,0.948104,-0.186748,-9.895236
5198715,0.933739,-0.225055,-9.825804
5199904,0.972046,-0.158017,-9.777920
5201097,0.964863,-0.189142,-9.804255
5202277,0.902614,-0.198719,-9.852140
5203457,0.924162,-0.191536,-9.768343
5204636,0.919373,-0.246603,-9.804255
5205820,0.905008,-0.234632,-9.789890
5207007,0.902614,-0.208296,-9.749189
5208207,0.948104,-0.167594,-9.768343
5209390,0.919373,-0.232238,-9.730036
5210569,0.914585,-0.232238,-9.765948
5211740,0.916979,-0.169988,-9.809045
5212931,0.950498,-0.237026,-9.792285
5214116,0.924162,-0.272939,-9.785102
5215310,0.921768,-0.237026,-9.742006
5216483,0.933739,-0.193930,-9.797073
5217662,0.928950,-0.213084,-9.844957
5218843,0.926556,-0.165200,-9.825804
5220039,0.907402,-0.213084,-9.758766
5221218,0.921768,-0.237026,-9.667787
5222402,0.981623,-0.191536,-9.725247
5223578,0.950498,-0.186748,-9.751583
5224753,1.012747,-0.215478,-9.722853
5225937,0.950498,-0.208296,-9.660604
5227126,0.943315,-0.213084,-9.739613
5228317,0.909797,-0.225055,-9.696517
5229495,0.871489,-0.172383,-9.742006
5230669,0.912191,-0.241814,-9.734824
5231859,0.914585,-0.251391,-9.691729
5233049,0.928950,-0.196325,-9.763555
5234234,0.933739,-0.172383,-9.770737
5235414,0.912191,-0.189142,-9.770737
5236584,0.943315,-0.181959,-9.672575
5237755,0.969652,-0.222661,-9.725247
5238949,0.955287,-0.248997,-9.775525
5240136,0.981623,-0.239420,-9.739613
5241327,0.936133,-0.253785,-9.749189
5242497,0.916979,-0.256180,-9.844957
5243680,0.883460,-0.246603,-9.830592
5244863,0.943315,-0.215478,-9.753978
5246058,0.931344,-0.227449,-9.797073
5247241,0.890643,-0.237026,-9.830592
5248424,0.921768,-0.186748,-9.742006
5249597,0.931344,-0.241814,-9.691729
5250781,0.900220,-0.239420,-9.797073
5251963,0.857124,-0.234632,-9.794679
5253166,0.919373,-0.258574,-9.837775
5254357,0.890643,-0.280122,-9.804255
5255535,0.883460,-0.229843,-9.753978
5256710,0.916979,-0.220267,-9.864111
5257904,0.914585,-0.220267,-9.849746
5259091,0.936133,-0.234632,-9.746795
5260276,0.955287,-0.227449,-9.780313
5261451,0.943315,-0.172383,-9.816227
5262635,0.931344,-0.253785,-9.713276
5263813,0.876278,-0.196325,-9.816227
5265008,0.907402,-0.251391,-9.873688
5266203,0.900220,-0.308852,-9.892841
5267386,0.924162,-0.275333,-9.967062
5268561,0.955287,-0.270545,-9.907207
5269733,0.893037,-0.268151,-9.825804
5270919,0.873884,-0.237026,-9.856929
5272115,0.885855,-0.225055,-9.806650
5273297,0.919373,-0.172383,-9.854534
5274476,0.902614,-0.184354,-9.911995
5275651,0.864307,-0.193930,-9.902418
5276836,0.912191,-0.237026,-9.823410
5278028,0.926556,-0.237026,-9.816227
5279211,0.912191,-0.217872,-9.864111
5280395,0.845153,-0.213084,-9.888053
5281574,0.907402,-0.229843,-9.888053
5282742,0.957681,-0.232238,-9.821015
5283933,0.924162,-0.270545,-9.847352
5285120,0.926556,-0.272939,-9.868899
5286316,0.909797,-0.222661,-9.825804
5287490,0.943315,-0.239420,-9.859323
5288670,0.900220,-0.229843,-9.861717
5289853,0.861913,-0.244209,-9.809045
5291046,0.873884,-0.232238,-9.868899
5292227,0.912191,-0.232238,-9.892841
5293407,0.919373,-0.234632,-9.816227
5294583,0.893037,-0.201113,-9.897630
5295756,0.919373,-0.177171,-9.871294
5296946,0.924162,-0.191536,-9.876082
5298137,0.972046,-0.229843,-9.828198
5299324,0.883460,-0.213084,-9.885659
5300508,0.866701,-0.198719,-9.809045
5301685,0.924162,-0.210690,-9.823410
5302874,0.883460,-0.196325,-9.871294
5304063,0.921768,-0.213084,-9.852140
5305250,0.900220,-0.272939,-9.919178
5306434,0.876278,-0.248997,-9.897630
5307614,0.938527,-0.213084,-9.911995
5308790,0.912191,-0.179565,-9.888053
5309981,0.924162,-0.220267,-9.878476
5311174,0.902614,-0.198719,-9.811439
5312373,0.964863,-0.227449,-9.921572
5313544,0.869095,-0.244209,-9.900024
5314724,0.883460,-0.232238,-9.787497
5315916,0.950498,-0.227449,-9.897630
5317109,0.905008,-0.203507,-9.828198
5318286,0.869095,-0.210690,-9.935937
5319464,0.893037,-0.196325,-9.837775
5320632,0.926556,-0.203507,-9.785102
5321815,0.871489,-0.174777,-9.856929
5323005,0.928950,-0.241814,-9.840169
5324205,0.816423,-0.184354,-9.794679
5325389,0.866701,-0.213084,-9.823410
5326567,0.864307,-0.174777,-9.828198
5327737,0.909797,-0.177171,-9.840169
5328928,0.916979,-0.205901,-9.801862
5330118,0.962469,-0.179565,-9.828198
5331314,0.919373,-0.167594,-9.883265
5332489,0.931344,-0.172383,-9.840169
5333663,0.909797,-0.196325,-9.871294
5334845,0.936133,-0.203507,-9.880871
5336040,0.976834,-0.210690,-9.799467
5337220,0.967257,-0.205901,-9.785102
5338406,0.933739,-0.191536,-9.742006
5339581,0.960075,-0.191536,-9.832987
5340755,0.907402,-0.205901,-9.904813
5341938,0.897826,-0.229843,-9.892841
5343127,0.933739,-0.246603,-9.885659
5344312,0.952892,-0.232238,-9.835381
5345491,0.952892,-0.196325,-9.837775
5346662,0.926556,-0.217872,-9.840169
5347851,0.885855,-0.205901,-9.835381
5349043,0.895431,-0.215478,-9.873688
5350225,0.928950,-0.215478,-9.856929
5351404,0.905008,-0.246603,-9.792285
5352582,0.909797,-0.248997,-9.813833
5353752,0.914585,-0.234632,-9.847352
5354947,0.914585,-0.244209,-9.861717
5356133,0.962469,-0.191536,-9.816227
5357324,0.931344,-0.196325,-9.749189
5358491,0.955287,-0.210690,-9.722853
5359665,0.933739,-0.229843,-9.698911
5360847,0.936133,-0.215478,-9.880871
5362044,0.957681,-0.203507,-9.830592
5363223,0.890643,-0.217872,-9.806650
5364416,0.888249,-0.268151,-9.777920
5365594,0.916979,-0.241814,-9.816227
5366779,0.907402,-0.232238,-9.835381
5367969,0.916979,-0.198719,-9.753978
5369172,0.897826,-0.251391,-9.770737
5370367,0.902614,-0.265756,-9.756371
5371546,0.893037,-0.268151,-9.801862
5372724,0.905008,-0.229843,-9.785102
5373918,0.912191,-0.265756,-9.828198
5375110,0.883460,-0.282516,-9.794679
5376298,0.902614,-0.256180,-9.804255
5377472,0.902614,-0.289698,-9.765948
5378650,0.900220,-0.256180,-9.720459
5379824,0.914585,-0.205901,-9.777920
5381025,0.895431,-0.229843,-9.823410
5382210,0.849942,-0.239420,-9.809045
5383397,0.890643,-0.251391,-9.811439
5384572,0.921768,-0.220267,-9.823410
5385746,0.924162,-0.193930,-9.811439
5386932,0.895431,-0.210690,-9.797073
5388122,0.912191,-0.193930,-9.787497
5389311,0.897826,-0.210690,-9.742006
5390488,0.859518,-0.229843,-9.792285
5391664,0.943315,-0.167594,-9.900024
5392852,0.921768,-0.229843,-9.849746
5394044,0.919373,-0.196325,-9.816227
5395230,0.950498,-0.198719,-9.854534
5396404,0.964863,-0.222661,-9.806650
5397580,0.967257,-0.213084,-9.789890
5398750,0.912191,-0.237026,-9.816227
5399941,0.893037,-0.196325,-9.849746
5401124,0.967257,-0.184354,-9.787497
5402321,0.919373,-0.225055,-9.830592
5403495,0.919373,-0.208296,-9.837775
5404674,0.861913,-0.258574,-9.806650
5405858,0.905008,-0.272939,-9.782708
5407051,0.933739,-0.234632,-9.837775
5408231,0.902614,-0.205901,-9.806650
5409408,0.902614,-0.222661,-9.835381
5410583,0.919373,-0.174777,-9.813833
5411759,0.914585,-0.213084,-9.876082
5412948,0.878672,-0.253785,-9.797073
5414145,0.955287,-0.234632,-9.809045
5415330,0.928950,-0.246603,-9.849746
5416510,0.921768,-0.246603,-9.866506
5417682,0.878672,-0.229843,-9.828198
5418874,0.890643,-0.263362,-9.868899
5420065,0.938527,-0.146046,-9.832987
5421253,0.948104,-0.213084,-9.806650
5422426,0.912191,-0.205901,-9.844957
5423603,0.907402,-0.208296,-9.911995
5424781,0.921768,-0.239420,-9.809045
5425976,0.885855,-0.232238,-9.828198
5427174,0.893037,-0.256180,-9.832987
5428363,0.940921,-0.248997,-9.849746
5429538,0.988805,-0.220267,-9.856929
5430717,0.909797,-0.196325,-9.919178
5431906,0.957681,-0.220267,-9.861717
5433101,0.931344,-0.172383,-9.911995
5434281,0.921768,-0.186748,-9.842564
5435461,0.926556,-0.220267,-9.777920
5436635,1.010353,-0.244209,-9.813833
5437818,1.024718,-0.184354,-9.852140
5439007,0.907402,-0.239420,-9.923966
5440206,0.890643,-0.241814,-9.868899
5441390,0.914585,-0.131681,-9.806650
5442569,0.952892,-0.210690,-9.835381
5443738,0.902614,-0.234632,-9.847352
5444929,0.897826,-0.205901,-9.856929
5446115,0.943315,-0.191536,-9.799467
5447310,0.948104,-0.172383,-9.888053
5448483,0.955287,-0.210690,-9.876082
5449657,0.936133,-0.201113,-9.828198
5450838,0.897826,-0.232238,-9.902418
5452034,0.907402,-0.198719,-9.809045
5453210,1.015141,-0.253785,-9.809045
5454397,0.962469,-0.222661,-9.813833
5455570,0.890643,-0.239420,-9.859323
5456745,0.926556,-0.241814,-9.844957
5457931,0.924162,-0.208296,-9.821015
5459122,0.931344,-0.275333,-9.859323
5460314,0.957681,-0.239420,-9.868899
5461493,0.943315,-0.251391,-9.856929
5462668,0.926556,-0.229843,-9.847352
5463858,0.950498,-0.260968,-9.890448
5465047,0.933739,-0.237026,-9.895236
5466231,0.916979,-0.186748,-9.816227
5467407,0.962469,-0.205901,-9.787497
5468586,0.969652,-0.186748,-9.801862
5469756,0.945710,-0.208296,-9.837775
5470949,0.940921,-0.198719,-9.770737
5472132,0.893037,-0.251391,-9.876082
5473322,0.921768,-0.270545,-9.861717
5474495,0.905008,-0.296881,-9.847352
5475671,0.905008,-0.268151,-9.883265
5476855,0.885855,-0.253785,-9.861717
5478048,0.885855,-0.220267,-9.864111
5479229,0.912191,-0.208296,-9.823410
5480407,0.933739,-0.222661,-9.801862
5481580,0.960075,-0.227449,-9.864111
5482754,0.897826,-0.244209,-9.856929
5483940,0.955287,-0.253785,-9.837775
5485132,0.916979,-0.227449,-9.844957
5486317,0.969652,-0.296881,-9.842564
5487496,0.912191,-0.263362,-9.787497
5488672,0.873884,-0.251391,-9.878476
5489862,0.912191,-0.239420,-9.785102
5491051,0.979228,-0.263362,-9.816227
5492236,0.972046,-0.251391,-9.811439
5493416,0.914585,-0.227449,-9.818622
5494600,0.909797,-0.215478,-9.782708
5495779,0.921768,-0.251391,-9.823410
5496975,0.943315,-0.237026,-9.837775
5498173,0.926556,-0.217872,-9.873688
5499372,0.926556,-0.234632,-9.804255
5500542,0.914585,-0.227449,-9.773131
5501717,0.902614,-0.203507,-9.758766
5502903,0.986411,-0.265756,-9.823410
5504097,0.933739,-0.256180,-9.801862
5505277,0.931344,-0.222661,-9.713276
5506457,0.919373,-0.196325,-9.835381
5507637,0.928950,-0.217872,-9.835381
5508821,0.869095,-0.232238,-9.758766
5510018,0.897826,-0.229843,-9.765948
5511207,0.926556,-0.179565,-9.749189
5512388,0.933739,-0.213084,-9.737218
5513568,0.964863,-0.177171,-9.773131
5514739,0.900220,-0.186748,-9.804255
5515928,0.907402,-0.248997,-9.832987
5517119,0.945710,-0.213084,-9.746795
5518309,0.881066,-0.222661,-9.816227
5519483,0.873884,-0.265756,-9.785102
5520663,0.909797,-0.239420,-9.761160
5521843,0.895431,-0.260968,-9.835381
5523040,0.938527,-0.205901,-9.832987
5524220,0.945710,-0.215478,-9.806650
5525412,0.964863,-0.198719,-9.722853
5526591,0.914585,-0.184354,-9.751583
5527776,0.969652,-0.198719,-9.797073
5528967,0.950498,-0.186748,-9.842564
5530169,0.900220,-0.217872,-9.742006
5531352,0.912191,-0.205901,-9.770737
5532525,0.940921,-0.172383,-9.732430
5533699,0.960075,-0.189142,-9.684546
5534890,0.861913,-0.213084,-9.715671
5536076,0.859518,-0.222661,-9.691729
5537267,0.895431,-0.205901,-9.732430
5538445,0.909797,-0.258574,-9.734824
5539625,0.921768,-0.270545,-9.684546
5540801,0.919373,-0.251391,-9.789890
5541992,0.916979,-0.205901,-9.756371
5543184,0.988805,-0.251391,-9.646238
5544375,0.914585,-0.208296,-9.641450
5545544,0.905008,-0.165200,-9.780313
5546724,0.885855,-0.177171,-9.773131
5547916,0.878672,-0.232238,-9.756371
5549108,0.962469,-0.215478,-9.698911
5550289,0.871489,-0.172383,-9.859323
5551469,0.864307,-0.131681,-9.825804
5552642,0.885855,-0.184354,-9.842564
5553827,0.878672,-0.167594,-9.921572
5555022,0.960075,-0.165200,-9.911995
5556208,0.902614,-0.191536,-9.971850
5557391,0.907402,-0.181959,-10.036493
5558570,0.928950,-0.220267,-10.017340
5559739,0.952892,-0.234632,-9.993398
5560930,0.945710,-0.124498,-10.007763
5562114,0.907402,-0.167594,-10.002975
5563307,0.940921,-0.191536,-9.947908
5564478,0.907402,-0.237026,-9.950302
5565655,0.919373,-0.282516,-9.928755
5566837,0.916979,-0.272939,-9.911995
5568032,0.936133,-0.208296,-9.943120
5569212,0.926556,-0.234632,-9.919178
5570400,0.924162,-0.292093,-9.914390
5571575,0.907402,-0.268151,-9.823410
5572748,0.881066,-0.258574,-9.868899
5573934,0.897826,-0.256180,-9.832987
5575125,0.833182,-0.294487,-9.840169
5576317,0.873884,-0.282516,-9.813833
5577494,0.835576,-0.284910,-9.888053
5578663,0.845153,-0.289698,-9.832987
5579850,0.890643,-0.239420,-9.959879
5581042,0.905008,-0.213084,-9.983821
5582224,0.921768,-0.237026,-10.026917
5583413,0.957681,-0.191536,-10.043676
5584597,0.916979,-0.225055,-10.117896
5585777,0.907402,-0.246603,-9.988609
5586971,0.873884,-0.201113,-10.046070
5588168,0.914585,-0.186748,-10.000581
5589361,0.869095,-0.210690,-9.962274
5590530,0.907402,-0.184354,-9.983821
5591709,0.974440,-0.191536,-9.979033
5592898,0.936133,-0.160412,-9.900024
5594087,0.902614,-0.169988,-9.919178
5595267,0.931344,-0.234632,-9.904813
5596452,0.857124,-0.237026,-9.866506
5597626,0.857124,-0.193930,-9.847352
5598810,0.878672,-0.158017,-9.825804
5599999,0.916979,-0.232238,-9.775525
5601197,0.857124,-0.174777,-9.746795
5602378,0.871489,-0.153229,-9.691729
5603556,0.835576,-0.258574,-9.665392
5604736,0.861913,-0.244209,-9.662998
5605927,0.818817,-0.239420,-9.624691
5607118,0.814029,-0.179565,-9.651027
5608311,0.885855,-0.217872,-9.636662
5609486,0.907402,-0.244209,-9.651027
5610659,0.890643,-0.246603,-9.617508
5611839,0.924162,-0.205901,-9.574412
5613033,0.909797,-0.189142,-9.560047
5614210,0.921768,-0.256180,-9.598354
5615398,0.919373,-0.177171,-9.603143
5616572,0.933739,-0.232238,-9.588778
5617747,0.928950,-0.237026,-9.627085
5618932,0.914585,-0.222661,-9.658210
5620123,0.907402,-0.225055,-9.646238
5621311,0.933739,-0.210690,-9.849746
5622489,0.972046,-0.196325,-9.844957
5623665,0.945710,-0.203507,-9.777920
5624849,0.907402,-0.225055,-9.765948
5626040,0.940921,-0.234632,-9.727641
5627224,0.940921,-0.167594,-9.744401
5628403,0.945710,-0.213084,-9.801862
5629582,0.948104,-0.193930,-9.842564
5630751,0.943315,-0.227449,-9.763555
5631943,0.943315,-0.258574,-9.686940
5633129,0.902614,-0.220267,-9.710882
5634317,0.897826,-0.203507,-9.718064
5635490,0.936133,-0.268151,-9.713276
5636670,0.885855,-0.277727,-9.739613
5637855,0.926556,-0.220267,-9.770737
5639049,0.895431,-0.239420,-9.753978
5640229,0.888249,-0.215478,-9.751583
5641414,0.926556,-0.244209,-9.730036
5642591,0.869095,-0.225055,-9.636662
5643777,0.842759,-0.263362,-9.746795
5644969,0.830788,-0.272939,-9.809045
5646170,0.837971,-0.220267,-9.734824
5647361,0.830788,-0.222661,-9.660604
5648539,0.866701,-0.260968,-9.667787
5649714,0.909797,-0.256180,-9.761160
5650907,0.883460,-0.272939,-9.758766
5652096,0.890643,-0.292093,-9.763555
5653280,0.897826,-0.241814,-9.756371
5654453,0.912191,-0.241814,-9.773131
5655637,0.907402,-0.232238,-9.823410
5656813,0.897826,-0.248997,-9.832987
5658007,0.926556,-0.294487,-9.768343
5659204,0.902614,-0.244209,-9.761160
5660391,0.885855,-0.296881,-9.821015
5661566,0.857124,-0.256180,-9.811439
5662740,0.905008,-0.217872,-9.809045
5663923,0.905008,-0.239420,-9.895236
5665117,0.919373,-0.246603,-9.794679
5666300,0.907402,-0.232238,-9.734824
5667478,0.936133,-0.193930,-9.758766
5668653,0.878672,-0.220267,-9.775525
5669839,0.897826,-0.265756,-9.801862
5671032,0.914585,-0.313640,-9.921572
5672215,0.914585,-0.246603,-9.868899
5673398,0.857124,-0.225055,-9.888053
5674577,0.811634,-0.217872,-9.926360
5675747,0.871489,-0.155623,-9.876082
5676938,0.854730,-0.237026,-9.919178
5678124,0.845153,-0.208296,-9.866506
5679316,0.924162,-0.241814,-9.864111
5680491,0.897826,-0.258574,-9.911995
5681671,0.857124,-0.227449,-9.952697
5682856,0.909797,-0.292093,-9.916783
5684050,0.948104,-0.265756,-9.971850
5685230,0.893037,-0.292093,-10.010158
5686411,0.893037,-0.301669,-9.921572
5687586,0.897826,-0.277727,-10.012551
5688771,0.890643,-0.237026,-10.053253
5689960,0.902614,-0.217872,-10.010158
5691160,0.912191,-0.258574,-9.955091
5692349,0.969652,-0.220267,-9.979033
5693523,0.914585,-0.213084,-10.017340
5694698,0.888249,-0.217872,-9.957485
5695886,0.881066,-0.213084,-10.019734
5697072,0.960075,-0.244209,-9.909601
5698257,0.943315,-0.217872,-9.952697
5699438,0.957681,-0.225055,-9.856929
5700618,0.916979,-0.225055,-9.904813
5701793,0.957681,-0.232238,-9.909601
5702984,0.912191,-0.150835,-10.014946
5704176,0.909797,-0.146046,-9.940725
5705374,0.931344,-0.169988,-9.809045
5706539,0.950498,-0.217872,-9.916783
5707718,0.933739,-0.196325,-9.959879
5708909,0.950498,-0.117316,-9.943120
5710099,0.926556,-0.119710,-9.909601
5711278,0.914585,-0.143652,-9.847352
5712459,0.948104,-0.158017,-9.900024
5713626,0.957681,-0.148441,-9.866506
5714810,0.962469,-0.205901,-9.811439
5715998,0.955287,-0.222661,-9.842564
5717196,0.950498,-0.237026,-9.864111
5718379,0.993594,-0.143652,-9.787497
5719557,0.943315,-0.160412,-9.792285
5720738,0.943315,-0.201113,-9.837775
5721928,0.907402,-0.186748,-9.842564
5723116,0.931344,-0.208296,-9.823410
5724310,0.967257,-0.196325,-9.859323
5725485,0.936133,-0.143652,-9.761160
5726665,0.995988,-0.193930,-9.744401
5727845,0.936133,-0.208296,-9.804255
5729042,0.964863,-0.169988,-9.813833
5730223,0.960075,-0.158017,-9.756371
5731411,0.948104,-0.229843,-9.878476
5732587,0.936133,-0.201113,-9.780313
5733761,0.912191,-0.162806,-9.722853
5734950,1.007959,-0.184354,-9.749189
5736147,0.933739,-0.193930,-9.828198
5737332,0.909797,-0.186748,-9.811439
5738507,0.952892,-0.177171,-9.751583
5739686,0.943315,-0.179565,-9.799467
5740878,0.948104,-0.172383,-9.828198
5742069,0.950498,-0.181959,-9.787497
5743254,0.924162,-0.220267,-9.825804
5744434,0.964863,-0.181959,-9.804255
5745612,0.948104,-0.186748,-9.780313
5746787,0.907402,-0.220267,-9.768343
5747977,0.914585,-0.172383,-9.775525
5749175,0.945710,-0.184354,-9.777920
5750374,0.931344,-0.215478,-9.749189
5751545,0.897826,-0.258574,-9.809045
5752724,0.967257,-0.260968,-9.806650
5753914,0.895431,-0.232238,-9.816227
5755109,0.943315,-0.263362,-9.765948
5756293,0.950498,-0.258574,-9.739613
5757472,0.905008,-0.284910,-9.825804
5758644,0.936133,-0.227449,-9.708488
5759828,0.952892,-0.196325,-9.727641
5761026,0.893037,-0.184354,-9.780313
5762215,0.854730,-0.169988,-9.770737
5763398,0.936133,-0.208296,-9.861717
5764578,0.926556,-0.177171,-9.761160
5765748,0.933739,-0.213084,-9.785102
5766938,0.969652,-0.220267,-9.746795
5768124,0.964863,-0.208296,-9.809045
5769319,0.893037,-0.215478,-9.830592
5770492,0.933739,-0.239420,-9.813833
5771667,0.895431,-0.232238,-9.797073
5772848,0.907402,-0.213084,-9.765948
5774044,0.883460,-0.196325,-9.871294
5775224,0.864307,-0.160412,-9.909601
5776415,0.907402,-0.189142,-9.765948
5777593,0.933739,-0.193930,-9.746795
5778777,0.919373,-0.208296,-9.746795
5779969,0.914585,-0.225055,-9.739613
5781171,0.914585,-0.268151,-9.742006
5782360,0.885855,-0.260968,-9.801862
5783539,0.919373,-0.222661,-9.706094
5784713,0.933739,-0.263362,-9.744401
5785907,0.914585,-0.248997,-9.794679
5787098,0.931344,-0.220267,-9.770737
5788282,0.854730,-0.222661,-9.732430
5789456,0.840365,-0.263362,-9.758766
5790639,0.847547,-0.277727,-9.787497
5791819,0.885855,-0.225055,-9.780313
5793019,0.873884,-0.232238,-9.816227
5794206,0.878672,-0.296881,-9.830592
5795394,0.907402,-0.277727,-9.837775
5796569,0.885855,-0.220267,-9.797073
5797743,0.938527,-0.220267,-9.842564
5798929,0.914585,-0.213084,-9.873688
5800125,0.960075,-0.253785,-9.799467
5801316,0.928950,-0.284910,-9.854534
5802494,0.952892,-0.210690,-9.768343
5803668,0.885855,-0.205901,-9.828198
5804854,0.859518,-0.208296,-9.825804
5806044,0.878672,-0.208296,-9.861717
5807229,0.869095,-0.198719,-9.895236
5808407,0.840365,-0.213084,-9.847352
5809587,0.943315,-0.237026,-9.892841
5810754,0.931344,-0.239420,-9.928755
5811942,0.919373,-0.237026,-9.921572
5813128,0.885855,-0.292093,-9.967062
5814317,0.871489,-0.284910,-9.909601
5815490,0.905008,-0.241814,-9.844957
5816668,0.905008,-0.215478,-9.897630
5817848,0.931344,-0.201113,-9.897630
5819044,0.869095,-0.256180,-9.909601
5820222,0.907402,-0.229843,-9.873688
5821415,0.916979,-0.268151,-9.861717
5822585,0.900220,-0.191536,-9.821015
5823758,0.928950,-0.217872,-9.866506
5824944,0.878672,-0.198719,-9.849746
5826136,0.938527,-0.248997,-9.959879
5827323,0.926556,-0.220267,-9.854534
5828507,0.998382,-0.263362,-9.811439
5829686,0.919373,-0.263362,-9.885659
5830878,0.933739,-0.205901,-9.799467
5832069,0.926556,-0.239420,-9.787497
5833257,0.912191,-0.282516,-9.864111
5834442,0.936133,-0.275333,-9.849746
5835623,0.950498,-0.198719,-9.821015
5836798,0.952892,-0.196325,-9.804255
5837989,0.962469,-0.237026,-9.806650
5839181,0.861913,-0.222661,-9.818622
5840374,0.960075,-0.203507,-9.861717
5841542,0.943315,-0.153229,-9.794679
5842726,0.902614,-0.186748,-9.816227
5843917,0.895431,-0.179565,-9.830592
5845111,0.864307,-0.186748,-9.794679
5846295,0.914585,-0.179565,-9.799467
5847475,0.964863,-0.246603,-9.823410
5848647,0.924162,-0.260968,-9.782708
5849833,0.907402,-0.167594,-9.864111
5851024,0.921768,-0.172383,-9.816227
5852215,0.916979,-0.174777,-9.809045
5853395,0.861913,-0.210690,-9.878476
5854569,0.890643,-0.232238,-9.835381
5855739,0.902614,-0.220267,-9.866506
5856928,0.873884,-0.225055,-9.832987
5858117,0.885855,-0.237026,-9.864111
5859311,0.907402,-0.205901,-9.878476
5860481,0.936133,-0.184354,-9.911995
5861661,0.919373,-0.248997,-9.852140
5862843,0.909797,-0.210690,-9.828198
5864039,0.883460,-0.210690,-9.837775
5865215,0.924162,-0.167594,-9.785102
5866403,0.909797,-0.208296,-9.770737
5867577,0.940921,-0.208296,-9.859323
5868751,0.914585,-0.225055,-9.859323
5869937,0.897826,-0.222661,-9.849746
5871129,0.957681,-0.246603,-9.840169
5872311,0.919373,-0.203507,-9.821015
5873489,0.885855,-0.198719,-9.823410
5874664,0.897826,-0.232238,-9.775525
5875851,0.938527,-0.213084,-9.782708
5877043,0.881066,-0.225055,-9.787497
5878223,0.960075,-0.217872,-9.856929
5879411,0.964863,-0.215478,-9.751583
5880594,0.885855,-0.213084,-9.813833
5881774,0.900220,-0.222661,-9.749189
5882967,0.871489,-0.203507,-9.780313
5884162,0.871489,-0.215478,-9.761160
5885356,0.895431,-0.256180,-9.722853
5886531,0.902614,-0.265756,-9.763555
5887711,0.861913,-0.220267,-9.876082
5888899,0.900220,-0.169988,-9.801862
5890088,0.943315,-0.227449,-9.718064
5891268,0.926556,-0.270545,-9.749189
5892450,0.866701,-0.217872,-9.765948
5893625,0.890643,-0.229843,-9.770737
5894806,0.905008,-0.217872,-9.686940
5895990,0.864307,-0.196325,-9.694122
5897187,0.902614,-0.215478,-9.761160
5898374,0.888249,-0.237026,-9.787497
5899549,0.914585,-0.237026,-9.797073
5900726,0.907402,-0.239420,-9.804255
5901920,0.924162,-0.222661,-9.753978
5903112,0.881066,-0.196325,-9.734824
5904307,0.869095,-0.232238,-9.809045
5905477,0.883460,-0.253785,-9.840169
5906656,0.907402,-0.229843,-9.737218
5907836,0.871489,-0.167594,-9.725247
5909031,0.866701,-0.189142,-9.780313
5910209,0.888249,-0.246603,-9.837775
5911394,0.902614,-0.265756,-9.840169
5912559,0.866701,-0.215478,-9.830592
5913743,0.885855,-0.244209,-9.765948
5914929,0.914585,-0.225055,-9.765948
5916125,0.845153,-0.198719,-9.828198
5917317,0.897826,-0.193930,-9.871294
5918493,0.895431,-0.237026,-9.864111
5919668,0.869095,-0.241814,-9.801862
5920857,0.835576,-0.232238,-9.792285
5922044,0.912191,-0.251391,-9.804255
5923229,0.871489,-0.229843,-9.799467
5924408,0.878672,-0.201113,-9.787497
5925588,0.847547,-0.225055,-9.761160
5926757,0.866701,-0.213084,-9.861717
5927951,0.919373,-0.244209,-9.816227
5929137,0.914585,-0.225055,-9.832987
5930328,0.885855,-0.232238,-9.799467
5931497,0.912191,-0.225055,-9.792285
5932680,0.878672,-0.217872,-9.813833
5933866,0.876278,-0.244209,-9.773131
5935060,0.919373,-0.215478,-9.787497
5936241,0.952892,-0.198719,-9.744401
5937425,0.921768,-0.213084,-9.806650
5938597,0.835576,-0.217872,-9.813833
5939782,0.919373,-0.208296,-9.777920
5940973,0.897826,-0.165200,-9.773131
5942174,0.936133,-0.193930,-9.763555
5943369,0.955287,-0.244209,-9.823410
5944548,0.950498,-0.263362,-9.806650
5945725,0.888249,-0.191536,-9.730036
5946920,0.928950,-0.201113,-9.811439
5948111,0.916979,-0.167594,-9.825804
5949299,0.883460,-0.191536,-9.780313
5950473,0.936133,-0.193930,-9.787497
5951650,0.921768,-0.232238,-9.749189
5952832,0.900220,-0.191536,-9.746795
5954028,0.955287,-0.160412,-9.825804
5955212,0.957681,-0.208296,-9.847352
5956400,0.957681,-0.193930,-9.895236
5957576,0.933739,-0.155623,-9.897630
5958750,0.873884,-0.217872,-9.825804
5959936,0.950498,-0.191536,-9.794679
5961127,1.024718,-0.208296,-9.897630
5962318,0.972046,-0.225055,-9.849746
5963495,0.926556,-0.213084,-9.866506
5964670,0.938527,-0.189142,-9.809045
5965852,0.950498,-0.208296,-9.789890
5967043,0.895431,-0.246603,-9.806650
5968227,0.938527,-0.280122,-9.804255
5969398,0.924162,-0.222661,-9.856929
5970579,0.962469,-0.181959,-9.801862
5971749,0.952892,-0.184354,-9.890448
5972940,0.940921,-0.205901,-9.852140
5974121,0.909797,-0.256180,-9.844957
5975315,0.902614,-0.289698,-9.753978
5976489,0.926556,-0.275333,-9.859323
5977670,1.007959,-0.201113,-9.947908
5978847,0.938527,-0.225055,-9.852140
5980040,0.967257,-0.220267,-9.751583
5981220,0.940921,-0.191536,-9.830592
5982413,0.893037,-0.229843,-9.943120
5983582,0.936133,-0.222661,-9.904813
5984757,0.924162,-0.253785,-9.787497
5985944,0.885855,-0.210690,-9.825804
5987134,0.869095,-0.203507,-9.844957
5988317,0.931344,-0.225055,-9.823410
5989495,1.000776,-0.246603,-9.974244
5990669,0.957681,-0.299275,-9.885659
5991859,0.948104,-0.225055,-9.909601
5993047,0.869095,-0.229843,-9.878476
5994232,0.905008,-0.215478,-9.856929
5995409,0.979228,-0.227449,-9.768343
5996592,1.010353,-0.239420,-9.746795
5997771,0.940921,-0.229843,-9.830592
5998965,0.881066,-0.246603,-9.873688
6000160,0.907402,-0.234632,-9.835381
6001351,0.916979,-0.225055,-9.852140
6002525,0.952892,-0.222661,-9.885659
6003705,0.984017,-0.232238,-9.919178
6009814,0.912191,-0.217872,-9.799467
6011009,0.940921,-0.253785,-9.832987
6012198,0.974440,-0.244209,-9.742006
6013384,0.919373,-0.246603,-9.753978
6014558,0.852336,-0.260968,-9.825804
6015740,0.883460,-0.229843,-9.859323
6016926,0.895431,-0.299275,-9.904813
6018122,0.916979,-0.244209,-9.890448
6019311,0.816423,-0.275333,-9.890448
6020490,0.876278,-0.220267,-9.880871
6021664,0.897826,-0.225055,-9.832987
6022850,0.849942,-0.210690,-9.777920
6024041,0.900220,-0.270545,-9.770737
6025223,0.905008,-0.244209,-9.763555
6026410,0.885855,-0.208296,-9.809045
6027592,0.962469,-0.196325,-9.840169
6028771,0.948104,-0.248997,-9.859323
6029968,0.847547,-0.217872,-9.876082
6031165,0.890643,-0.210690,-9.871294
6032358,0.928950,-0.241814,-9.746795
6033533,0.926556,-0.241814,-9.773131
6034714,0.931344,-0.181959,-9.727641
6035904,0.912191,-0.213084,-9.756371
6037098,0.902614,-0.220267,-9.835381
6038278,0.948104,-0.287304,-9.794679
6039456,0.955287,-0.277727,-9.816227
6040635,0.926556,-0.222661,-9.727641
6041820,0.921768,-0.203507,-9.801862
6043007,0.909797,-0.227449,-9.804255
6044207,0.890643,-0.246603,-9.837775
6045387,0.878672,-0.210690,-9.789890
6046559,0.914585,-0.246603,-9.773131
6047727,0.866701,-0.208296,-9.749189
6048922,0.878672,-0.213084,-9.744401
6050113,0.926556,-0.201113,-9.713276
6051307,0.895431,-0.186748,-9.732430
6052481,0.878672,-0.198719,-9.756371
6053662,0.854730,-0.205901,-9.756371
6054842,0.924162,-0.217872,-9.710882
6056039,0.912191,-0.198719,-9.799467
6057220,0.905008,-0.227449,-9.823410
6058406,0.955287,-0.253785,-9.806650
6059580,0.952892,-0.201113,-9.725247
6060755,0.883460,-0.174777,-9.794679
6061941,0.924162,-0.215478,-9.864111
6063133,0.938527,-0.213084,-9.825804
6064318,0.909797,-0.203507,-9.782708
6065495,0.907402,-0.208296,-9.746795
6066669,0.921768,-0.229843,-9.770737
6067858,0.924162,-0.234632,-9.847352
6069049,0.890643,-0.167594,-9.849746
6070231,0.909797,-0.205901,-9.789890
6071407,0.969652,-0.217872,-9.835381
6072587,0.960075,-0.174777,-9.823410
6073756,0.885855,-0.213084,-9.897630
6074950,0.900220,-0.177171,-9.809045
6076131,0.912191,-0.165200,-9.801862
6077318,0.905008,-0.158017,-9.789890
6078490,0.931344,-0.155623,-9.746795
6079670,0.928950,-0.191536,-9.830592
6080851,0.895431,-0.210690,-9.844957
6082044,0.974440,-0.203507,-9.789890
6083220,0.912191,-0.203507,-9.813833
6084404,0.914585,-0.220267,-9.868899
6085574,0.933739,-0.201113,-9.852140
6086748,0.914585,-0.213084,-9.792285
6087934,0.924162,-0.210690,-9.787497
6089122,0.878672,-0.225055,-9.818622
6090313,0.960075,-0.136469,-9.880871
6091491,0.967257,-0.146046,-9.849746
6092666,0.940921,-0.215478,-9.880871
6093851,0.969652,-0.253785,-9.837775
6095044,0.916979,-0.158017,-9.818622
6096229,0.900220,-0.203507,-9.888053
6097401,0.916979,-0.186748,-9.868899
6098581,0.878672,-0.184354,-9.797073
6099748,0.916979,-0.253785,-9.813833
6100940,0.976834,-0.213084,-9.916783
6102127,0.921768,-0.225055,-9.945514
6103322,0.945710,-0.186748,-9.940725
6104495,0.897826,-0.177171,-9.914390
6105675,0.940921,-0.208296,-9.926360
6106858,0.928950,-0.227449,-9.919178
6108052,0.924162,-0.210690,-9.797073
6109231,0.912191,-0.229843,-9.880871
6110410,0.845153,-0.248997,-9.888053
6111585,0.849942,-0.239420,-9.821015
6112760,0.897826,-0.260968,-9.868899
6113949,0.943315,-0.241814,-9.921572
6115147,0.926556,-0.222661,-9.914390
6116333,0.940921,-0.260968,-9.904813
6117512,0.924162,-0.251391,-9.868899
6118691,0.916979,-0.272939,-9.835381
6119882,0.926556,-0.234632,-9.947908
6121069,0.993594,-0.186748,-9.823410
6122257,0.957681,-0.215478,-9.904813
6123437,0.943315,-0.272939,-9.904813
6124617,0.921768,-0.318429,-9.861717
6125794,0.888249,-0.277727,-9.825804
6126985,0.885855,-0.251391,-9.900024
6128176,0.900220,-0.277727,-9.931149
6129374,0.885855,-0.225055,-9.842564
6130552,0.972046,-0.280122,-9.914390
6131734,0.952892,-0.253785,-9.921572
6132926,0.849942,-0.282516,-9.847352
6134120,0.945710,-0.237026,-9.914390
6135308,0.900220,-0.220267,-9.780313
6136485,0.967257,-0.248997,-9.780313
6137655,0.928950,-0.232238,-9.832987
6138841,0.907402,-0.229843,-9.737218
6140030,0.897826,-0.217872,-9.900024
6141218,0.905008,-0.215478,-9.825804
6142400,0.928950,-0.248997,-9.885659
6143574,0.948104,-0.263362,-9.701305
6144743,0.936133,-0.225055,-9.737218
6145934,0.916979,-0.213084,-9.830592
6147119,0.919373,-0.222661,-9.768343
6148314,0.869095,-0.225055,-9.799467
6149487,0.893037,-0.191536,-9.821015
6150663,0.914585,-0.191536,-9.840169
6151844,0.905008,-0.234632,-9.789890
6153040,0.931344,-0.217872,-9.775525
6154220,0.914585,-0.246603,-9.761160
6155407,0.926556,-0.256180,-9.804255
6156582,0.888249,-0.181959,-9.746795
6157757,0.861913,-0.169988,-9.694122
6158949,0.897826,-0.196325,-9.799467
6160147,0.878672,-0.265756,-9.698911
6161334,0.902614,-0.256180,-9.854534
6162508,0.936133,-0.213084,-9.746795
6163684,0.885855,-0.205901,-9.782708
6164871,0.849942,-0.220267,-9.780313
6166060,0.878672,-0.277727,-9.777920
6167248,0.909797,-0.248997,-9.876082
6168425,0.890643,-0.217872,-9.801862
6169597,0.837971,-0.210690,-9.758766
6170775,0.826000,-0.227449,-9.859323
6171970,0.912191,-0.234632,-9.813833
6173164,0.919373,-0.237026,-9.801862
6174357,0.885855,-0.248997,-9.828198
6175528,0.857124,-0.208296,-9.823410
6176707,0.799663,-0.208296,-9.825804
6177892,0.849942,-0.181959,-9.765948
6179084,0.931344,-0.205901,-9.830592
6180263,0.905008,-0.186748,-9.674969
6181446,0.893037,-0.215478,-9.742006
6182620,0.869095,-0.239420,-9.828198
6183800,0.866701,-0.256180,-9.801862
6184985,0.847547,-0.244209,-9.914390
6186179,0.866701,-0.186748,-9.832987
6187373,0.907402,-0.222661,-9.801862
6188547,0.833182,-0.193930,-9.801862
6189718,0.885855,-0.210690,-9.832987
6190911,0.919373,-0.234632,-9.751583
6192101,0.881066,-0.268151,-9.770737
6193285,0.866701,-0.220267,-9.856929
6194459,0.893037,-0.229843,-9.830592
6195639,0.926556,-0.172383,-9.816227
6196819,0.943315,-0.148441,-9.782708
6198019,0.931344,-0.198719,-9.797073
6199208,0.931344,-0.177171,-9.758766
6200396,0.916979,-0.172383,-9.780313
6201571,0.909797,-0.222661,-9.775525
6202743,0.873884,-0.222661,-9.816227
6203930,0.878672,-0.246603,-9.904813
6205126,0.878672,-0.239420,-9.753978
6206317,0.842759,-0.237026,-9.859323
6207496,0.869095,-0.222661,-9.804255
6208665,0.972046,-0.179565,-9.746795
6209854,0.957681,-0.213084,-9.734824
6211044,0.866701,-0.258574,-9.780313
6212228,0.914585,-0.241814,-9.775525
6213409,0.905008,-0.169988,-9.801862
6214583,0.890643,-0.179565,-9.773131
6215753,0.885855,-0.232238,-9.780313
6216944,0.900220,-0.220267,-9.852140
6218128,0.861913,-0.189142,-9.804255
6219324,0.897826,-0.251391,-9.837775
6220499,0.883460,-0.244209,-9.780313
6221681,0.885855,-0.215478,-9.816227
6222866,0.919373,-0.213084,-9.868899
6224060,0.905008,-0.205901,-9.840169
6225237,0.897826,-0.232238,-9.880871
6226422,0.842759,-0.186748,-9.871294
6227593,0.849942,-0.179565,-9.844957
6228778,0.857124,-0.186748,-9.811439
6229970,0.859518,-0.241814,-9.835381
6231173,0.864307,-0.229843,-9.787497
6232361,0.859518,-0.232238,-9.847352
6233542,0.945710,-0.229843,-9.852140
6234716,0.936133,-0.237026,-9.780313
6235910,0.876278,-0.184354,-9.840169
6237099,0.964863,-0.177171,-9.763555
6238285,0.943315,-0.213084,-9.770737
6239459,0.907402,-0.237026,-9.787497
6240640,0.962469,-0.198719,-9.837775
6241815,0.890643,-0.148441,-9.876082
6243009,0.852336,-0.146046,-9.844957
6244204,0.952892,-0.237026,-9.854534
6245389,0.902614,-0.179565,-9.876082
6246557,0.919373,-0.174777,-9.921572
6247738,0.931344,-0.258574,-9.842564
6248925,0.895431,-0.265756,-9.825804
6250120,0.955287,-0.198719,-9.880871
6251310,0.885855,-0.172383,-9.852140
6252489,0.902614,-0.203507,-9.804255
6253662,0.921768,-0.234632,-9.852140
6254848,0.854730,-0.277727,-9.873688
6256038,0.883460,-0.239420,-9.868899
6257222,0.928950,-0.251391,-9.734824
6258402,0.895431,-0.253785,-9.768343
6259583,0.840365,-0.213084,-9.828198
6260752,0.933739,-0.217872,-9.892841
6261944,0.967257,-0.184354,-9.916783
6263130,0.897826,-0.246603,-9.828198
6264320,0.919373,-0.217872,-9.856929
6265494,0.957681,-0.225055,-9.830592
6266673,0.940921,-0.229843,-9.770737
6267857,0.936133,-0.181959,-9.816227
6269052,0.900220,-0.215478,-9.847352
6270231,0.957681,-0.210690,-9.866506
6271413,0.916979,-0.246603,-9.859323
6272591,0.931344,-0.260968,-9.890448
6273772,0.926556,-0.246603,-9.866506
6274963,0.960075,-0.205901,-9.935937
6276162,0.900220,-0.244209,-9.734824
6277349,0.907402,-0.229843,-9.828198
6278528,0.924162,-0.213084,-9.816227
6279703,0.852336,-0.153229,-9.794679
6280895,0.948104,-0.222661,-9.840169
6282081,1.003170,-0.222661,-9.904813
6283262,0.916979,-0.186748,-9.900024
6284441,0.933739,-0.196325,-9.823410
6285621,0.957681,-0.244209,-9.871294
6286797,0.967257,-0.225055,-9.844957
6287988,0.876278,-0.229843,-9.794679
6289181,0.885855,-0.184354,-9.785102
6290370,0.893037,-0.191536,-9.792285
6291546,0.924162,-0.193930,-9.806650
6292727,0.905008,-0.215478,-9.775525
6293917,0.905008,-0.177171,-9.816227
6295110,0.907402,-0.210690,-9.842564
6296288,0.964863,-0.246603,-9.801862
6297467,0.919373,-0.246603,-9.799467
6298641,0.890643,-0.213084,-9.809045
6299820,0.912191,-0.203507,-9.825804
6301009,0.921768,-0.239420,-9.830592
6302207,0.974440,-0.215478,-9.797073
6303387,0.964863,-0.203507,-9.821015
6304558,0.907402,-0.191536,-9.787497
6305736,0.950498,-0.208296,-9.739613
6306926,0.916979,-0.165200,-9.689334
6308117,0.914585,-0.239420,-9.777920
6309311,0.948104,-0.196325,-9.739613
6310484,0.916979,-0.198719,-9.694122
6311664,0.928950,-0.232238,-9.777920
6312845,0.945710,-0.217872,-9.825804
6314041,0.916979,-0.213084,-9.816227
6315222,0.950498,-0.220267,-9.801862
6316408,0.866701,-0.205901,-9.742006
6317580,0.897826,-0.237026,-9.672575
6318755,0.912191,-0.225055,-9.727641
6319939,0.931344,-0.239420,-9.756371
6321130,0.909797,-0.234632,-9.809045
6322320,0.928950,-0.162806,-9.868899
6323498,0.890643,-0.229843,-9.825804
6324672,0.916979,-0.220267,-9.835381
6325861,0.897826,-0.232238,-9.844957
6327052,0.878672,-0.272939,-9.818622
6328237,0.849942,-0.217872,-9.914390
6329417,0.893037,-0.203507,-9.871294
6330588,0.916979,-0.203507,-9.847352
6331757,0.895431,-0.208296,-9.852140
6332951,0.907402,-0.196325,-9.782708
6334136,0.909797,-0.265756,-9.756371
6335327,0.885855,-0.217872,-9.801862
6336496,0.960075,-0.246603,-9.864111
6337675,0.972046,-0.265756,-9.799467
6338859,0.916979,-0.237026,-9.713276
6340054,0.861913,-0.258574,-9.816227
6341234,0.881066,-0.232238,-9.821015
6342413,0.940921,-0.210690,-9.811439
6343581,0.914585,-0.229843,-9.837775
6344754,0.893037,-0.227449,-9.825804
6345940,0.888249,-0.222661,-9.852140
6347131,0.919373,-0.251391,-9.866506
6348315,0.890643,-0.191536,-9.780313
6349493,0.893037,-0.198719,-9.813833
6350669,0.893037,-0.246603,-9.888053
6351856,0.864307,-0.256180,-9.828198
6353044,0.861913,-0.179565,-9.852140
6354229,0.909797,-0.198719,-9.854534
6355406,0.940921,-0.251391,-9.761160
6356585,0.916979,-0.205901,-9.823410
6357754,0.948104,-0.213084,-9.799467
6358944,0.916979,-0.186748,-9.825804
6360131,0.950498,-0.191536,-9.797073
6361319,0.919373,-0.251391,-9.856929
6362494,0.948104,-0.275333,-9.892841
6363669,0.885855,-0.248997,-9.868899
6364851,0.864307,-0.232238,-9.859323
6366044,0.905008,-0.215478,-9.911995
6367220,0.933739,-0.229843,-9.876082
6368408,0.950498,-0.308852,-9.816227
6369583,0.921768,-0.253785,-9.837775
6370758,0.866701,-0.256180,-9.832987
6371944,0.876278,-0.265756,-9.878476
6373135,0.893037,-0.220267,-9.873688
6374316,0.912191,-0.248997,-9.737218
6375493,0.897826,-0.184354,-9.756371
6376669,0.916979,-0.220267,-9.789890
6377854,0.878672,-0.237026,-9.763555
6379044,0.909797,-0.275333,-9.871294
6380226,0.902614,-0.222661,-9.844957
6381401,0.943315,-0.251391,-9.916783
6382582,0.969652,-0.229843,-9.914390
6383752,0.926556,-0.220267,-9.897630
6384942,0.919373,-0.246603,-9.840169
6386128,0.905008,-0.232238,-9.859323
6387322,0.926556,-0.184354,-9.818622
6388497,0.919373,-0.193930,-9.892841
6389674,0.897826,-0.181959,-9.904813
6390859,0.895431,-0.268151,-9.868899
6392054,0.914585,-0.253785,-9.842564
6393234,0.921768,-0.225055,-9.854534
6394419,0.924162,-0.222661,-9.842564
6395585,0.905008,-0.215478,-9.835381
6396758,0.924162,-0.234632,-9.830592
6397945,0.921768,-0.237026,-9.842564
6399136,0.912191,-0.205901,-9.797073
6400319,0.948104,-0.220267,-9.806650
6401496,0.945710,-0.210690,-9.823410
6402669,0.948104,-0.205901,-9.821015
6403853,0.912191,-0.229843,-9.823410
6405044,0.972046,-0.258574,-9.835381
6406226,0.972046,-0.186748,-9.832987
6407401,0.924162,-0.248997,-9.849746
6408582,0.905008,-0.213084,-9.770737
6409749,0.921768,-0.217872,-9.739613
6410941,0.960075,-0.217872,-9.794679
6412126,0.960075,-0.193930,-9.801862
6413316,0.933739,-0.237026,-9.746795
6414490,1.003170,-0.244209,-9.789890
6415668,0.974440,-0.246603,-9.813833
6416847,0.984017,-0.217872,-9.847352
6418044,0.866701,-0.244209,-9.854534
6419224,0.883460,-0.253785,-9.871294
6420416,0.907402,-0.215478,-9.809045
6421593,0.986411,-0.198719,-9.823410
6422777,0.940921,-0.181959,-9.749189
6423968,0.885855,-0.181959,-9.720459
6425166,0.866701,-0.222661,-9.806650
6426354,0.960075,-0.292093,-9.883265
6427524,0.940921,-0.213084,-9.844957
6428698,0.962469,-0.186748,-9.821015
6429889,0.890643,-0.232238,-9.830592
6431075,0.895431,-0.232238,-9.737218
6432265,0.924162,-0.263362,-9.775525
6433446,0.960075,-0.241814,-9.756371
6434625,0.926556,-0.275333,-9.794679
6435802,0.883460,-0.270545,-9.773131
6436992,0.883460,-0.232238,-9.780313
6438184,0.916979,-0.189142,-9.734824
6439375,0.902614,-0.229843,-9.818622
6440553,0.936133,-0.203507,-9.782708
6441735,0.952892,-0.260968,-9.765948
6442926,0.952892,-0.265756,-9.799467
6444123,0.876278,-0.222661,-9.782708
6445312,0.907402,-0.232238,-9.789890
6446490,0.897826,-0.227449,-9.835381
6447660,0.902614,-0.263362,-9.847352
6448846,0.948104,-0.277727,-9.816227
6450039,0.914585,-0.191536,-9.809045
6451218,0.873884,-0.172383,-9.868899
6452398,0.859518,-0.186748,-9.777920
6453578,0.914585,-0.215478,-9.854534
6454749,0.921768,-0.260968,-9.799467
6455940,0.926556,-0.289698,-9.813833
6457127,0.895431,-0.301669,-9.847352
6458323,0.878672,-0.299275,-9.792285
6459498,0.936133,-0.248997,-9.751583
6460681,0.902614,-0.282516,-9.785102
6461867,0.921768,-0.241814,-9.871294
6463062,0.876278,-0.225055,-9.809045
6464244,0.912191,-0.213084,-9.842564
6465429,0.866701,-0.203507,-9.801862
6466600,0.909797,-0.253785,-9.840169
6467784,0.928950,-0.217872,-9.794679
6468975,0.933739,-0.196325,-9.871294
6470178,0.859518,-0.169988,-9.859323
6471373,0.859518,-0.241814,-9.818622
6472557,0.909797,-0.196325,-9.840169
6473735,0.885855,-0.225055,-9.780313
6474930,0.919373,-0.234632,-9.756371
6476122,0.914585,-0.222661,-9.837775
6477314,0.893037,-0.237026,-9.895236
6478487,0.902614,-0.215478,-9.842564
6479667,0.919373,-0.213084,-9.785102
6480848,0.926556,-0.225055,-9.787497
6482044,0.943315,-0.210690,-9.935937
6483224,0.916979,-0.225055,-9.876082
6484416,0.924162,-0.232238,-9.861717
6485595,0.931344,-0.220267,-9.804255
6486779,0.907402,-0.215478,-9.753978
6487969,0.883460,-0.258574,-9.818622
6489172,0.905008,-0.251391,-9.842564
6490360,0.902614,-0.258574,-9.919178
6491534,0.905008,-0.191536,-9.756371
6492708,0.950498,-0.237026,-9.816227
6493898,0.883460,-0.237026,-9.801862
6495083,0.861913,-0.215478,-9.806650
6496266,0.902614,-0.150835,-9.799467
6497445,0.936133,-0.179565,-9.878476
6498626,0.902614,-0.215478,-9.868899
6499802,0.857124,-0.196325,-9.818622
6500994,0.885855,-0.213084,-9.821015
6502185,0.974440,-0.210690,-9.789890
6503375,0.931344,-0.186748,-9.852140
6504545,0.883460,-0.193930,-9.785102
6505727,0.991199,-0.220267,-9.861717
6506918,1.015141,-0.201113,-9.957485
6508112,0.924162,-0.225055,-9.880871
6509295,0.943315,-0.225055,-9.876082
6510471,0.919373,-0.246603,-9.799467
6511645,0.928950,-0.253785,-9.799467
6512829,0.912191,-0.225055,-9.859323
6514026,0.897826,-0.210690,-9.852140
6515215,0.885855,-0.213084,-9.823410
6516398,0.943315,-0.150835,-9.854534
6517577,0.881066,-0.232238,-9.777920
6518746,0.969652,-0.203507,-9.825804
6519936,0.902614,-0.253785,-9.847352
6521122,0.964863,-0.210690,-9.856929
6522317,0.914585,-0.239420,-9.935937
6523491,0.945710,-0.265756,-9.782708
6524665,0.921768,-0.198719,-9.801862
6525846,0.916979,-0.143652,-9.753978
6527044,0.907402,-0.172383,-9.830592
6528223,0.926556,-0.251391,-9.885659
6529416,0.905008,-0.234632,-9.809045
6530592,0.885855,-0.215478,-9.837775
6531777,0.842759,-0.208296,-9.787497
6532968,0.895431,-0.217872,-9.823410
6534170,0.919373,-0.193930,-9.842564
6535360,0.890643,-0.253785,-9.888053
6536531,0.914585,-0.217872,-9.821015
6537706,0.924162,-0.213084,-9.809045
6538896,0.945710,-0.246603,-9.835381
6540082,0.905008,-0.220267,-9.825804
6541262,0.881066,-0.193930,-9.797073
6542440,0.919373,-0.193930,-9.813833
6543617,0.919373,-0.225055,-9.835381
6544793,0.931344,-0.203507,-9.797073
6545983,0.883460,-0.179565,-9.811439
6547176,0.871489,-0.160412,-9.734824
6548372,0.945710,-0.184354,-9.725247
6549547,0.928950,-0.210690,-9.876082
6550728,0.936133,-0.203507,-9.832987
6551919,0.948104,-0.205901,-9.818622
6553112,0.919373,-0.210690,-9.828198
6554289,0.902614,-0.134075,-9.909601
6555466,0.924162,-0.167594,-9.844957
6556641,0.919373,-0.232238,-9.821015
6557822,0.933739,-0.193930,-9.861717
6559018,0.943315,-0.241814,-9.923966
6560207,0.916979,-0.248997,-9.859323
6561391,0.926556,-0.241814,-9.847352
6562564,0.955287,-0.210690,-9.785102
6563731,0.943315,-0.246603,-9.830592
6564926,0.926556,-0.241814,-9.753978
6566118,0.900220,-0.251391,-9.818622
6567311,0.948104,-0.232238,-9.840169
6568484,0.931344,-0.232238,-9.830592
6569664,0.988805,-0.222661,-9.801862
6570842,0.940921,-0.246603,-9.880871
6572035,0.938527,-0.229843,-9.849746
6573214,0.948104,-0.232238,-9.837775
6574402,0.962469,-0.208296,-9.900024
6575575,0.919373,-0.210690,-9.794679
6576749,0.945710,-0.208296,-9.859323
6577935,0.919373,-0.186748,-9.878476
6579127,0.883460,-0.205901,-9.847352
6580317,0.881066,-0.177171,-9.768343
6581496,0.921768,-0.222661,-9.734824
6582671,0.893037,-0.172383,-9.753978
6583858,0.955287,-0.162806,-9.765948
6585047,0.950498,-0.179565,-9.777920
6586231,0.981623,-0.208296,-9.816227
6587410,0.986411,-0.227449,-9.761160
6588590,0.940921,-0.263362,-9.880871
6589759,0.909797,-0.241814,-9.868899
6590953,0.881066,-0.210690,-9.742006
6592137,0.919373,-0.232238,-9.780313
6593323,0.914585,-0.225055,-9.797073
6594497,0.830788,-0.205901,-9.801862
6595674,0.909797,-0.215478,-9.825804
6596858,0.916979,-0.179565,-9.804255
6598053,0.900220,-0.280122,-9.892841
6599231,0.931344,-0.246603,-9.801862
6600413,0.881066,-0.237026,-9.758766
6601588,0.907402,-0.179565,-9.785102
6602771,0.902614,-0.184354,-9.756371
6603957,0.928950,-0.210690,-9.746795
6605156,0.972046,-0.234632,-9.777920
6606342,0.885855,-0.253785,-9.801862
6607522,0.895431,-0.213084,-9.787497
6608697,0.938527,-0.208296,-9.900024
6609886,0.916979,-0.227449,-9.902418
6611071,0.933739,-0.258574,-9.900024
6612257,0.873884,-0.258574,-9.864111
6613437,0.931344,-0.241814,-9.852140
6614617,0.907402,-0.256180,-9.739613
6615792,0.936133,-0.232238,-9.777920
6616983,0.916979,-0.220267,-9.801862
6618175,0.924162,-0.198719,-9.832987
6619375,0.873884,-0.263362,-9.835381
6620539,0.890643,-0.239420,-9.856929
6621718,0.952892,-0.191536,-9.844957
6622909,0.960075,-0.239420,-9.801862
6624101,0.940921,-0.239420,-9.794679
6625281,0.919373,-0.280122,-9.837775
6626460,0.945710,-0.234632,-9.794679
6627630,0.943315,-0.280122,-9.768343
6628814,0.957681,-0.244209,-9.821015
6630003,0.936133,-0.222661,-9.792285
6631204,0.948104,-0.193930,-9.806650
6632386,0.893037,-0.256180,-9.794679
6633563,0.890643,-0.213084,-9.844957
6634743,0.909797,-0.241814,-9.842564
6635934,0.883460,-0.184354,-9.844957
6637120,0.916979,-0.193930,-9.835381
6638314,0.914585,-0.232238,-9.794679
6639489,0.914585,-0.244209,-9.801862
6640668,0.919373,-0.287304,-9.806650
6641848,0.945710,-0.248997,-9.880871
6643044,0.940921,-0.210690,-9.780313
6644222,0.883460,-0.225055,-9.828198
6645415,0.897826,-0.256180,-9.837775
6646593,0.857124,-0.234632,-9.861717
6647778,0.914585,-0.229843,-9.765948
6648970,0.871489,-0.213084,-9.737218
6650171,0.905008,-0.205901,-9.775525
6651358,0.919373,-0.189142,-9.871294
6652533,0.888249,-0.181959,-9.873688
6653709,0.984017,-0.284910,-9.919178
6654899,0.938527,-0.229843,-9.873688
6656083,0.957681,-0.203507,-9.789890
6657265,0.969652,-0.189142,-9.749189
6658440,0.926556,-0.155623,-9.758766
6659620,0.897826,-0.217872,-9.816227
6660797,0.957681,-0.227449,-9.787497
6661989,0.948104,-0.217872,-9.823410
6663181,0.928950,-0.244209,-9.794679
6664370,0.967257,-0.174777,-9.859323
6665540,0.957681,-0.213084,-9.880871
6666719,0.881066,-0.196325,-9.828198
6667909,0.893037,-0.196325,-9.813833
6669103,0.897826,-0.186748,-9.794679
6670281,0.926556,-0.174777,-9.775525
6671461,0.943315,-0.234632,-9.816227
6672638,0.955287,-0.265756,-9.864111
6673823,0.852336,-0.203507,-9.777920
6675019,0.885855,-0.222661,-9.775525
6676207,0.955287,-0.213084,-9.758766
6677391,0.943315,-0.277727,-9.849746
6678571,0.964863,-0.237026,-9.801862
6679741,0.897826,-0.189142,-9.744401
6680932,0.902614,-0.217872,-9.725247
6682123,0.909797,-0.201113,-9.765948
6683314,0.962469,-0.184354,-9.842564
6684489,0.919373,-0.220267,-9.797073
6685668,0.914585,-0.222661,-9.864111
6686850,0.912191,-0.229843,-9.837775
6688044,0.864307,-0.272939,-9.806650
6689223,0.873884,-0.246603,-9.849746
6690416,0.852336,-0.198719,-9.813833
6691596,0.912191,-0.193930,-9.861717
6692780,0.878672,-0.220267,-9.785102
6693971,0.900220,-0.217872,-9.763555
6695172,0.890643,-0.198719,-9.854534
6696363,0.952892,-0.239420,-9.828198
6697543,0.957681,-0.248997,-9.849746
6698718,0.881066,-0.208296,-9.765948
6699912,0.888249,-0.287304,-9.895236
6701102,0.893037,-0.260968,-9.864111
6702286,0.881066,-0.217872,-9.830592
6703460,0.859518,-0.234632,-9.720459
6704640,0.893037,-0.246603,-9.753978
6705819,0.931344,-0.301669,-9.813833
6707020,0.897826,-0.308852,-9.844957
6708208,0.909797,-0.222661,-9.835381
6709396,0.866701,-0.222661,-9.756371
6710566,0.883460,-0.256180,-9.804255
6711737,0.926556,-0.268151,-9.775525
6712924,0.902614,-0.203507,-9.818622
6714119,0.940921,-0.258574,-9.890448
6715308,0.905008,-0.227449,-9.921572
6716486,0.909797,-0.237026,-9.837775
6717660,0.912191,-0.234632,-9.861717
6718845,0.916979,-0.215478,-9.753978
6720038,0.876278,-0.181959,-9.811439
6721224,0.933739,-0.203507,-9.902418
6722411,0.921768,-0.225055,-9.797073
6723585,0.924162,-0.237026,-9.797073
6724755,0.883460,-0.237026,-9.806650
6725943,0.895431,-0.225055,-9.868899
6727127,0.883460,-0.203507,-9.799467
6728322,0.948104,-0.244209,-9.809045
6729493,0.950498,-0.225055,-9.811439
6730667,0.948104,-0.237026,-9.806650
6731846,0.878672,-0.234632,-9.835381
6733044,0.883460,-0.191536,-9.794679
6734224,0.859518,-0.225055,-9.763555
6735413,0.900220,-0.270545,-9.761160
6736581,0.857124,-0.258574,-9.828198
6737756,0.905008,-0.210690,-9.878476
6738940,0.938527,-0.237026,-9.785102
6740126,0.938527,-0.246603,-9.821015
6741317,0.907402,-0.181959,-9.859323
6742495,0.914585,-0.239420,-9.787497
6743670,0.859518,-0.270545,-9.840169
6744853,0.857124,-0.203507,-9.813833
6746044,0.885855,-0.220267,-9.868899
6747229,0.890643,-0.253785,-9.823410
6748407,0.916979,-0.232238,-9.768343
6749587,0.938527,-0.237026,-9.818622
6750757,0.909797,-0.263362,-9.765948
6751952,0.888249,-0.234632,-9.806650
6753137,0.938527,-0.239420,-9.821015
6754327,0.969652,-0.196325,-9.868899
6755497,0.921768,-0.225055,-9.813833
6756677,0.931344,-0.234632,-9.806650
6757860,0.842759,-0.210690,-9.873688
6759052,0.873884,-0.237026,-9.844957
6760232,0.909797,-0.213084,-9.809045
6761413,0.876278,-0.215478,-9.794679
6762584,0.861913,-0.208296,-9.873688
6763759,0.928950,-0.246603,-9.885659
6764949,0.952892,-0.205901,-9.926360
6766134,0.926556,-0.186748,-9.818622
6767316,0.907402,-0.213084,-9.765948
6768493,0.931344,-0.193930,-9.828198
6769669,0.897826,-0.225055,-9.873688
6770852,0.936133,-0.241814,-9.852140
6772041,0.878672,-0.225055,-9.897630
6773226,0.854730,-0.244209,-9.880871
6774413,0.936133,-0.258574,-9.852140
6775588,0.900220,-0.225055,-9.734824
6776756,0.881066,-0.225055,-9.794679
6777950,0.919373,-0.215478,-9.890448
6779133,0.895431,-0.201113,-9.900024
6780320,0.940921,-0.177171,-9.856929
6781493,0.847547,-0.215478,-9.837775
6782674,0.854730,-0.239420,-9.885659
6783858,0.960075,-0.239420,-9.830592
6785050,0.936133,-0.203507,-9.880871
6786229,0.905008,-0.165200,-9.844957
6787406,0.924162,-0.193930,-9.852140
6788577,0.948104,-0.186748,-9.880871
6789749,0.940921,-0.215478,-9.928755
6790935,0.940921,-0.232238,-9.859323
6792126,0.878672,-0.251391,-9.852140
6793318,0.869095,-0.208296,-9.880871
6794495,0.921768,-0.198719,-9.859323
6795671,0.909797,-0.189142,-9.849746
6796860,0.905008,-0.215478,-9.830592
6798044,0.914585,-0.237026,-9.947908
6799229,0.936133,-0.177171,-9.890448
6800407,0.938527,-0.172383,-9.943120
6801582,0.943315,-0.210690,-9.832987
6802751,0.952892,-0.217872,-9.782708
6803942,0.916979,-0.213084,-9.801862
6805125,0.931344,-0.246603,-9.832987
6806320,0.902614,-0.225055,-9.878476
6807493,0.912191,-0.213084,-9.844957
6808673,0.907402,-0.167594,-9.809045
6809852,0.902614,-0.191536,-9.816227
6811044,0.976834,-0.184354,-9.868899
6812225,0.928950,-0.251391,-9.852140
6813417,0.926556,-0.208296,-9.852140
6814584,0.912191,-0.213084,-9.854534
6815759,0.926556,-0.246603,-9.904813
6816945,0.871489,-0.256180,-9.792285
6818135,0.919373,-0.244209,-9.811439
6819320,0.900220,-0.220267,-9.813833
6820494,0.871489,-0.213084,-9.809045
6821668,0.926556,-0.234632,-9.804255
6822854,0.938527,-0.172383,-9.926360
6824044,0.943315,-0.210690,-9.801862
6825228,0.984017,-0.239420,-9.765948
6826416,0.991199,-0.237026,-9.801862
6827598,0.919373,-0.208296,-9.782708
6828777,0.885855,-0.165200,-9.816227
6829972,0.914585,-0.248997,-9.818622
6831171,0.988805,-0.251391,-9.789890
6832364,0.972046,-0.158017,-9.799467
6833539,0.914585,-0.186748,-9.813833
6834719,0.883460,-0.232238,-9.763555
6835909,0.945710,-0.246603,-9.813833
6837102,0.976834,-0.174777,-9.799467
6838283,0.926556,-0.220267,-9.849746
6839462,0.931344,-0.210690,-9.811439
6840640,0.902614,-0.239420,-9.847352
6841824,0.931344,-0.210690,-9.821015
6843018,0.907402,-0.213084,-9.837775
6844207,0.885855,-0.165200,-9.821015
6845386,0.952892,-0.203507,-9.773131
6846563,0.936133,-0.248997,-9.732430
6847743,0.933739,-0.222661,-9.794679
6848935,0.883460,-0.246603,-9.799467
6850121,0.943315,-0.234632,-9.806650
6851314,0.952892,-0.186748,-9.866506
6852489,0.900220,-0.205901,-9.844957
6853666,0.893037,-0.198719,-9.852140
6854847,0.931344,-0.191536,-9.734824
6856044,0.991199,-0.234632,-9.811439
6857225,0.948104,-0.210690,-9.830592
6858411,1.005565,-0.186748,-9.801862
6859585,0.998382,-0.150835,-9.847352
6860760,0.914585,-0.177171,-9.825804
6861946,0.909797,-0.225055,-9.768343
6863137,0.957681,-0.213084,-9.828198
6864323,0.926556,-0.213084,-9.785102
6865501,0.909797,-0.181959,-9.773131
6866676,0.928950,-0.239420,-9.792285
6867865,1.019930,-0.237026,-9.794679
6869053,1.015141,-0.222661,-9.840169
6870238,0.981623,-0.244209,-9.806650
6871417,1.010353,-0.232238,-9.823410
6872599,0.972046,-0.256180,-9.823410
6873772,1.010353,-0.201113,-9.756371
6874965,0.933739,-0.186748,-9.753978
6876162,0.888249,-0.208296,-9.739613
6877356,0.960075,-0.239420,-9.780313
6878529,0.888249,-0.193930,-9.720459
6879708,0.883460,-0.210690,-9.801862
6880893,0.905008,-0.179565,-9.842564
6882077,0.883460,-0.260968,-9.830592
6883259,0.919373,-0.210690,-9.804255
6884442,0.938527,-0.260968,-9.830592
6885617,0.916979,-0.225055,-9.809045
6886796,0.972046,-0.217872,-9.763555
6887983,0.948104,-0.239420,-9.777920
6889184,0.907402,-0.222661,-9.811439
6890368,0.928950,-0.205901,-9.864111
6891546,0.972046,-0.208296,-9.825804
6892720,0.974440,-0.227449,-9.821015
6893913,0.924162,-0.225055,-9.864111
6895103,0.960075,-0.191536,-9.835381
6896287,0.938527,-0.253785,-9.823410
6897462,0.883460,-0.232238,-9.780313
6898644,0.967257,-0.237026,-9.725247
6899824,0.936133,-0.232238,-9.835381
6901027,0.888249,-0.248997,-9.785102
6902212,0.885855,-0.237026,-9.794679
6903400,0.945710,-0.248997,-9.775525
6904575,0.924162,-0.296881,-9.794679
6905750,0.919373,-0.280122,-9.861717
6906937,0.940921,-0.251391,-9.871294
6908128,0.943315,-0.213084,-9.847352
6909319,0.895431,-0.210690,-9.792285
6910496,0.873884,-0.191536,-9.797073
6911666,0.931344,-0.165200,-9.816227
6912851,0.914585,-0.162806,-9.919178
6914044,0.907402,-0.318429,-9.842564
6915228,0.933739,-0.277727,-9.849746
6916417,0.984017,-0.241814,-9.832987
6917600,0.948104,-0.239420,-9.816227
6918779,0.902614,-0.292093,-9.964667
6919974,0.957681,-0.210690,-9.868899
6921171,0.907402,-0.256180,-9.921572
6922364,0.909797,-0.208296,-9.799467
6923539,0.881066,-0.201113,-9.842564
6924718,0.866701,-0.248997,-9.902418
6925906,0.885855,-0.234632,-9.830592
6927101,0.960075,-0.186748,-9.885659
6928280,0.962469,-0.213084,-9.878476
6929460,0.945710,-0.213084,-9.955091
6930634,0.909797,-0.294487,-9.979033
6931818,0.952892,-0.237026,-9.864111
6933007,0.955287,-0.210690,-9.852140
6934207,0.957681,-0.246603,-9.777920
6935386,0.866701,-0.248997,-9.818622
6936564,0.876278,-0.222661,-9.835381
6937733,0.897826,-0.215478,-9.859323
6938930,0.888249,-0.193930,-9.902418
6940121,0.964863,-0.191536,-9.861717
6941316,0.912191,-0.155623,-9.849746
6942491,0.914585,-0.198719,-9.945514
6943671,0.916979,-0.210690,-9.840169
6944848,0.938527,-0.232238,-9.794679
6946044,1.000776,-0.186748,-9.785102
6947223,0.952892,-0.265756,-9.871294
6948416,0.988805,-0.260968,-9.902418
6949590,0.924162,-0.232238,-9.876082
6950774,0.909797,-0.210690,-9.844957
6951963,0.943315,-0.237026,-9.847352
6953163,0.919373,-0.217872,-9.890448
6954353,0.909797,-0.186748,-9.852140
6955527,0.955287,-0.203507,-9.818622
6956701,0.933739,-0.220267,-9.801862
6957892,0.885855,-0.196325,-9.821015
6959078,0.928950,-0.193930,-9.780313
6960264,0.957681,-0.220267,-9.832987
6961444,0.907402,-0.208296,-9.864111
6962622,0.926556,-0.184354,-9.849746
6963799,0.895431,-0.184354,-9.868899
6964990,0.914585,-0.198719,-9.842564
6966183,0.885855,-0.215478,-9.859323
6967373,0.931344,-0.186748,-9.832987
6968544,0.928950,-0.234632,-9.775525
6969723,0.902614,-0.215478,-9.794679
6970913,0.878672,-0.225055,-9.835381
6972107,0.993594,-0.191536,-9.883265
6973288,0.943315,-0.232238,-9.842564
6974468,0.933739,-0.237026,-9.818622
6975642,0.926556,-0.203507,-9.844957
6976826,0.907402,-0.196325,-9.768343
6978022,0.938527,-0.160412,-9.768343
6979211,0.948104,-0.234632,-9.911995
6980394,1.005565,-0.232238,-9.859323
6981574,0.964863,-0.179565,-9.873688
6982744,0.948104,-0.239420,-9.821015
6983934,0.936133,-0.213084,-9.753978
6985120,0.943315,-0.208296,-9.830592
6986314,0.905008,-0.217872,-9.785102
6987483,0.890643,-0.208296,-9.876082
6988661,0.902614,-0.246603,-9.854534
6989842,0.945710,-0.244209,-9.730036
6991037,0.916979,-0.237026,-9.883265
6992217,0.945710,-0.237026,-9.818622
6993405,0.931344,-0.253785,-9.828198
6994581,0.936133,-0.251391,-9.840169
6995755,0.905008,-0.225055,-9.837775
6996939,0.924162,-0.244209,-9.823410
6998130,0.909797,-0.198719,-9.782708
6999321,0.909797,-0.222661,-9.866506
7000499,0.859518,-0.201113,-9.852140
7001673,0.912191,-0.162806,-9.880871
7002856,1.003170,-0.189142,-9.883265
7004043,0.972046,-0.203507,-9.792285
7005227,0.928950,-0.196325,-9.832987
7006415,0.921768,-0.186748,-9.883265
7007599,0.924162,-0.232238,-9.830592
7008778,0.936133,-0.222661,-9.840169
7009973,0.885855,-0.268151,-9.761160
7011171,1.000776,-0.239420,-9.880871
7012363,0.974440,-0.205901,-9.873688
7013537,0.936133,-0.227449,-9.828198
7014717,0.845153,-0.225055,-9.797073
7015906,0.943315,-0.208296,-9.801862
7017100,0.948104,-0.198719,-9.773131
7018280,0.883460,-0.205901,-9.763555
7019458,0.890643,-0.222661,-9.801862
7020633,0.912191,-0.210690,-9.864111
7021816,0.921768,-0.253785,-9.797073
7023006,0.936133,-0.232238,-9.785102
7024200,0.912191,-0.256180,-9.868899
7025384,0.878672,-0.232238,-9.842564
7026557,0.926556,-0.239420,-9.871294
7027736,0.859518,-0.205901,-9.837775
7028931,0.878672,-0.229843,-9.806650
7030122,0.890643,-0.172383,-9.801862
7031315,0.900220,-0.198719,-9.792285
7032488,0.957681,-0.162806,-9.804255
7033662,0.897826,-0.229843,-9.847352
7034844,0.854730,-0.222661,-9.823410
7036041,0.902614,-0.227449,-9.809045
7037219,0.859518,-0.263362,-9.837775
7038408,0.878672,-0.246603,-9.847352
7039583,0.845153,-0.210690,-9.861717
7040757,0.847547,-0.265756,-9.835381
7041944,0.821211,-0.251391,-9.821015
7043135,0.905008,-0.229843,-9.816227
7044320,0.864307,-0.251391,-9.871294
7045499,0.936133,-0.272939,-9.880871
7046669,0.948104,-0.239420,-9.847352
7047854,0.926556,-0.241814,-9.885659
7049044,0.871489,-0.268151,-9.931149
7050230,0.940921,-0.222661,-9.840169
7051417,0.905008,-0.225055,-9.861717
7052599,0.933739,-0.237026,-9.816227
7053778,0.928950,-0.208296,-9.935937
7054969,0.890643,-0.203507,-9.782708
7056163,0.919373,-0.229843,-9.792285
7057358,0.895431,-0.208296,-9.794679
7058533,0.864307,-0.222661,-9.701305
7059711,0.828394,-0.222661,-9.809045
7060894,0.864307,-0.272939,-9.844957
7062085,0.864307,-0.263362,-9.873688
7063263,0.897826,-0.222661,-9.804255
7064442,0.916979,-0.205901,-9.770737
7065616,0.969652,-0.227449,-9.883265
7066797,0.967257,-0.208296,-9.840169
7067982,0.984017,-0.232238,-9.749189
7069185,0.984017,-0.232238,-9.806650
7070373,0.905008,-0.239420,-9.813833
7071548,0.881066,-0.248997,-9.765948
7072726,0.888249,-0.203507,-9.828198
7073922,0.866701,-0.203507,-9.852140
7075107,0.914585,-0.220267,-9.737218
7076291,0.828394,-0.246603,-9.742006
7077465,0.871489,-0.239420,-9.797073
7078639,0.893037,-0.260968,-9.861717
7079818,0.955287,-0.227449,-9.828198
7081019,0.914585,-0.237026,-9.821015
7082208,0.919373,-0.227449,-9.785102
7083396,0.837971,-0.263362,-9.751583
7084571,0.885855,-0.251391,-9.816227
7085747,0.866701,-0.232238,-9.765948
7086933,0.928950,-0.208296,-9.856929
7088129,0.950498,-0.229843,-9.816227
7089320,0.888249,-0.184354,-9.797073
7090499,0.869095,-0.217872,-9.890448
7091673,0.883460,-0.205901,-9.785102
7092860,0.921768,-0.234632,-9.928755
7094047,0.916979,-0.217872,-9.859323
7095233,0.981623,-0.213084,-9.797073
7096409,0.914585,-0.258574,-9.885659
7097590,0.876278,-0.280122,-9.864111
7098766,0.926556,-0.244209,-9.969456
7099962,0.972046,-0.193930,-9.883265
7101157,0.948104,-0.220267,-9.737218
7102345,0.876278,-0.213084,-9.864111
7103515,0.914585,-0.229843,-9.844957
7104699,0.919373,-0.205901,-9.859323
7105884,0.895431,-0.191536,-9.938332
7107081,0.895431,-0.191536,-9.931149
7108267,0.881066,-0.232238,-9.885659
7109451,0.878672,-0.222661,-9.914390
7110627,0.948104,-0.210690,-9.861717
7111806,0.897826,-0.191536,-9.773131
7112994,0.945710,-0.232238,-9.837775
7114191,0.967257,-0.229843,-9.933543
7115375,0.893037,-0.277727,-9.842564
7116558,0.885855,-0.263362,-9.859323
7117737,0.960075,-0.174777,-9.830592
7118931,0.952892,-0.196325,-9.816227
7120123,0.890643,-0.225055,-9.840169
7121316,0.857124,-0.234632,-9.890448
7122490,0.938527,-0.234632,-9.835381
7123671,0.871489,-0.210690,-9.904813
7124848,0.885855,-0.227449,-9.856929
7126044,0.881066,-0.246603,-9.832987
7127224,0.871489,-0.237026,-9.919178
7128417,0.883460,-0.167594,-9.859323
7129595,0.909797,-0.208296,-9.837775
7130779,0.914585,-0.239420,-9.916783
7131967,0.888249,-0.177171,-9.907207
7133167,0.919373,-0.189142,-9.928755
7134357,0.960075,-0.167594,-9.797073
7135531,0.943315,-0.191536,-9.785102
7136706,0.878672,-0.186748,-9.823410
7137897,0.943315,-0.213084,-9.835381
7139083,0.938527,-0.196325,-9.818622
7140267,0.933739,-0.193930,-9.777920
7141446,0.905008,-0.222661,-9.847352
7142622,0.921768,-0.177171,-9.818622
7143799,0.890643,-0.165200,-9.852140
7144988,0.936133,-0.225055,-9.832987
7146180,0.905008,-0.217872,-9.914390
7147367,0.936133,-0.201113,-9.885659
7148542,0.940921,-0.217872,-9.844957
7149722,0.948104,-0.217872,-9.806650
7150911,0.897826,-0.181959,-9.844957
7152106,0.916979,-0.153229,-9.907207
7153285,0.931344,-0.148441,-9.854534
7154465,0.921768,-0.134075,-9.809045
7155643,0.928950,-0.205901,-9.801862
7156825,0.955287,-0.201113,-9.847352
7158022,0.962469,-0.186748,-9.816227
7159211,0.976834,-0.201113,-9.828198
7160395,0.926556,-0.210690,-9.859323
7161574,0.933739,-0.229843,-9.861717
7162744,0.926556,-0.239420,-9.859323
7163933,0.861913,-0.239420,-9.811439
7165124,0.895431,-0.227449,-9.794679
7166319,0.905008,-0.213084,-9.792285
7167491,0.861913,-0.229843,-9.749189
7168672,0.876278,-0.193930,-9.746795
7169853,0.921768,-0.222661,-9.720459
7171043,0.931344,-0.229843,-9.732430
7172223,0.928950,-0.258574,-9.809045
7173410,0.967257,-0.260968,-9.718064
7174579,0.991199,-0.260968,-9.667787
7175754,0.974440,-0.222661,-9.749189
7176940,0.952892,-0.215478,-9.734824
7178132,0.902614,-0.193930,-9.713276
7179316,0.955287,-0.172383,-9.794679
7180495,0.909797,-0.239420,-9.787497
7181669,0.945710,-0.184354,-9.737218
7182855,0.952892,-0.174777,-9.727641
7184044,0.914585,-0.172383,-9.667787
7185229,0.943315,-0.174777,-9.785102
7186418,0.897826,-0.232238,-9.742006
7187600,0.974440,-0.193930,-9.780313
7188778,0.900220,-0.220267,-9.828198
7189972,0.916979,-0.268151,-9.722853
7191171,0.972046,-0.217872,-9.785102
7192364,0.969652,-0.217872,-9.816227
7193535,0.967257,-0.191536,-9.763555
7194715,0.926556,-0.198719,-9.809045
7195898,0.998382,-0.234632,-9.780313
7197089,0.885855,-0.263362,-9.801862
7198267,0.914585,-0.253785,-9.758766
7199453,0.909797,-0.237026,-9.701305
7200626,0.919373,-0.215478,-9.749189
7201808,0.895431,-0.220267,-9.785102
7202993,0.952892,-0.237026,-9.780313
7204190,0.933739,-0.217872,-9.742006
7205374,0.933739,-0.301669,-9.816227
7206557,0.936133,-0.265756,-9.809045
7207735,0.950498,-0.277727,-9.832987
7208928,0.984017,-0.220267,-9.837775
7210118,0.943315,-0.205901,-9.866506
7211311,0.940921,-0.232238,-9.828198
7212486,0.943315,-0.213084,-9.923966
7213665,0.897826,-0.239420,-9.849746
7214844,0.864307,-0.275333,-9.878476
7216041,0.905008,-0.241814,-9.823410
7217219,0.912191,-0.234632,-9.892841
7218408,0.907402,-0.258574,-9.888053
7219581,0.919373,-0.246603,-9.854534
7220756,0.964863,-0.275333,-9.868899
7221943,0.933739,-0.239420,-9.835381
7223134,0.912191,-0.256180,-9.895236
7224319,0.940921,-0.263362,-9.931149
7225498,0.902614,-0.253785,-9.916783
7226673,0.950498,-0.225055,-9.868899
7227861,0.912191,-0.260968,-9.847352
7229045,0.933739,-0.256180,-9.799467
7230229,0.888249,-0.265756,-9.852140
7231417,0.893037,-0.181959,-9.940725
7232594,0.943315,-0.186748,-9.885659
7233774,0.962469,-0.248997,-9.880871
7234968,0.895431,-0.263362,-9.837775
7236165,0.907402,-0.220267,-9.897630
7237357,0.931344,-0.213084,-9.883265
7238532,0.931344,-0.210690,-9.847352
7239708,0.883460,-0.244209,-9.921572
7240894,0.900220,-0.253785,-9.959879
7242084,0.921768,-0.258574,-9.883265
7243263,0.914585,-0.237026,-9.837775
7244453,0.866701,-0.258574,-9.794679
7245628,0.926556,-0.234632,-9.950302
7246808,0.945710,-0.225055,-9.931149
7247994,0.924162,-0.229843,-9.923966
7249191,0.857124,-0.217872,-9.868899
7250376,0.849942,-0.186748,-9.856929
7251561,0.878672,-0.248997,-9.955091
7252728,0.919373,-0.260968,-9.938332
7253924,0.912191,-0.222661,-9.914390
7255116,0.919373,-0.237026,-9.835381
7256310,0.895431,-0.246603,-9.911995
7257484,0.943315,-0.217872,-9.940725
7258659,0.857124,-0.208296,-9.859323
7259840,0.876278,-0.232238,-9.897630
7261037,0.885855,-0.150835,-9.873688
7262216,0.912191,-0.191536,-9.835381
7263405,0.967257,-0.198719,-9.835381
7264580,0.916979,-0.184354,-9.871294
7265755,0.914585,-0.244209,-9.811439
7266939,0.948104,-0.203507,-9.835381
7268128,0.950498,-0.186748,-9.811439
7269320,0.895431,-0.244209,-9.809045
7270497,0.871489,-0.229843,-9.787497
7271672,0.919373,-0.174777,-9.792285
7272856,0.912191,-0.169988,-9.718064
7274044,0.890643,-0.203507,-9.782708
7275227,0.905008,-0.196325,-9.773131
7276406,0.857124,-0.167594,-9.789890
7277581,0.943315,-0.172383,-9.787497
7278751,0.885855,-0.181959,-9.806650
7279942,0.907402,-0.181959,-9.818622
7281127,0.905008,-0.181959,-9.739613
7282320,0.876278,-0.201113,-9.773131
7283494,0.931344,-0.165200,-9.813833
7284673,0.864307,-0.201113,-9.806650
7285852,0.902614,-0.150835,-9.797073
7287044,0.936133,-0.220267,-9.832987
7288224,0.931344,-0.203507,-9.703699
7289416,0.955287,-0.222661,-9.732430
7290591,0.950498,-0.205901,-9.744401
7291772,0.964863,-0.205901,-9.792285
7292961,0.950498,-0.251391,-9.761160
7294161,0.976834,-0.229843,-9.782708
7295347,0.914585,-0.215478,-9.864111
7296527,0.897826,-0.208296,-9.837775
7297703,0.945710,-0.232238,-9.794679
7298894,0.909797,-0.237026,-9.756371
7300073,0.933739,-0.189142,-9.794679
7301262,0.926556,-0.181959,-9.818622
7302442,0.866701,-0.191536,-9.780313
7303620,0.940921,-0.234632,-9.701305
7304795,0.936133,-0.203507,-9.727641
7305985,0.964863,-0.189142,-9.734824
7307178,0.948104,-0.222661,-9.763555
7308375,0.955287,-0.217872,-9.797073
7309550,0.881066,-0.172383,-9.770737
7310730,0.888249,-0.229843,-9.730036
7311920,0.878672,-0.239420,-9.674969
7313115,0.857124,-0.222661,-9.813833
7314299,0.902614,-0.210690,-9.840169
7315476,0.952892,-0.201113,-9.878476
7316649,0.842759,-0.217872,-9.765948
7317831,0.840365,-0.225055,-9.770737
7319025,0.861913,-0.213084,-9.801862
7320212,0.928950,-0.239420,-9.737218
7321395,0.885855,-0.232238,-9.797073
7322568,0.912191,-0.241814,-9.907207
7323735,0.907402,-0.232238,-9.914390
7324930,0.897826,-0.260968,-9.792285
7326121,0.888249,-0.208296,-9.859323
7327316,0.873884,-0.234632,-9.823410
7328490,0.878672,-0.232238,-9.809045
7329669,0.869095,-0.251391,-9.868899
7330850,0.916979,-0.201113,-9.775525
7332043,0.840365,-0.181959,-9.859323
7333223,0.816423,-0.229843,-9.866506
7334411,0.885855,-0.186748,-9.770737
7335581,0.881066,-0.253785,-9.926360
7336755,0.914585,-0.155623,-9.821015
7337941,0.895431,-0.193930,-9.892841
7339132,0.914585,-0.205901,-9.866506
7340315,0.955287,-0.181959,-9.825804
7341494,0.979228,-0.229843,-9.926360
7342669,0.890643,-0.256180,-9.806650
7343853,0.857124,-0.201113,-9.789890
7345042,0.890643,-0.229843,-9.873688
7346227,0.890643,-0.232238,-9.880871
7347415,0.873884,-0.248997,-9.804255
7348598,0.878672,-0.237026,-9.818622
7349778,0.895431,-0.201113,-9.852140
7350973,0.919373,-0.232238,-9.897630
7352171,0.907402,-0.251391,-9.878476
7353364,0.936133,-0.260968,-9.823410
7354534,0.909797,-0.222661,-9.880871
7355712,0.967257,-0.210690,-9.823410
7356895,0.902614,-0.208296,-9.830592
7358084,0.914585,-0.172383,-9.818622
7359263,0.928950,-0.191536,-9.856929
7360448,0.914585,-0.232238,-9.844957
7361624,0.873884,-0.201113,-9.854534
7362805,0.897826,-0.225055,-9.816227
7363988,0.945710,-0.248997,-9.780313
7365185,0.895431,-0.253785,-9.821015
7366369,0.955287,-0.229843,-9.847352
7367550,0.988805,-0.198719,-9.825804
7368724,0.943315,-0.232238,-9.801862
7369919,0.936133,-0.177171,-9.813833
7371110,0.914585,-0.181959,-9.835381
7372299,0.995988,-0.246603,-9.789890
7373473,0.948104,-0.225055,-9.746795
7374651,0.940921,-0.196325,-9.816227
7375832,0.900220,-0.210690,-9.785102
7377031,0.921768,-0.217872,-9.782708
7378216,0.972046,-0.272939,-9.825804
7379404,0.931344,-0.225055,-9.828198
7380579,0.888249,-0.196325,-9.883265
7381751,0.950498,-0.186748,-9.880871
7382937,0.952892,-0.237026,-9.859323
7384128,0.928950,-0.246603,-9.809045
7385313,0.902614,-0.217872,-9.799467
7386492,0.897826,-0.227449,-9.895236
7387668,0.950498,-0.241814,-9.823410
7388853,0.952892,-0.181959,-9.904813
7390044,0.900220,-0.203507,-9.818622
7391226,0.916979,-0.220267,-9.852140
7392414,0.940921,-0.229843,-9.854534
7393597,0.945710,-0.227449,-9.756371
7394777,0.857124,-0.215478,-9.785102
7395973,0.907402,-0.265756,-9.797073
7397169,0.940921,-0.263362,-9.878476
7398363,0.912191,-0.268151,-9.907207
7399538,0.924162,-0.225055,-9.801862
7400717,0.900220,-0.251391,-9.742006
7401898,0.854730,-0.239420,-9.816227
7403088,0.936133,-0.227449,-9.816227
7404264,0.907402,-0.246603,-9.811439
7405448,0.945710,-0.251391,-9.842564
7406622,0.957681,-0.260968,-9.799467
7407803,0.964863,-0.215478,-9.840169
7408989,0.955287,-0.203507,-9.742006
7410184,0.921768,-0.253785,-9.828198
7411370,0.940921,-0.225055,-9.900024
7412542,0.962469,-0.177171,-9.854534
7413717,0.960075,-0.181959,-9.775525
7414911,0.931344,-0.213084,-9.780313
7416097,0.974440,-0.244209,-9.868899
7417281,0.979228,-0.253785,-9.809045
7418455,0.909797,-0.227449,-9.844957
7419635,0.924162,-0.220267,-9.878476
7420811,0.969652,-0.234632,-9.809045
7422005,0.988805,-0.251391,-9.844957
7423197,0.943315,-0.225055,-9.825804
7424385,0.976834,-0.201113,-9.799467
7425558,0.950498,-0.222661,-9.789890
7426741,0.948104,-0.162806,-9.811439
7427926,0.890643,-0.225055,-9.818622
7429122,0.943315,-0.189142,-9.933543
7430312,0.969652,-0.193930,-9.909601
7431487,0.902614,-0.265756,-9.883265
7432662,0.931344,-0.232238,-9.847352
7433846,0.890643,-0.222661,-9.797073
7435036,0.914585,-0.251391,-9.756371
7436220,0.986411,-0.260968,-9.816227
7437403,0.974440,-0.237026,-9.904813
7438582,0.967257,-0.186748,-9.816227
7439753,0.933739,-0.256180,-9.787497
7440944,0.964863,-0.239420,-9.794679
7442130,0.909797,-0.232238,-9.804255
7443325,0.924162,-0.260968,-9.787497
7444499,0.914585,-0.234632,-9.835381
7445678,0.857124,-0.196325,-9.763555
7446864,0.928950,-0.186748,-9.789890
7448057,0.890643,-0.239420,-9.876082
7449236,0.900220,-0.191536,-9.792285
7450418,0.881066,-0.222661,-9.801862
7451592,0.921768,-0.222661,-9.832987
7452777,0.912191,-0.203507,-9.895236
7453966,0.924162,-0.237026,-9.787497
7455167,0.902614,-0.232238,-9.768343
7456352,0.912191,-0.196325,-9.825804
7457532,0.931344,-0.184354,-9.801862
7458707,0.926556,-0.251391,-9.832987
7459899,0.919373,-0.208296,-9.832987
7461085,0.948104,-0.227449,-9.900024
7462266,0.943315,-0.225055,-9.797073
7463446,0.964863,-0.220267,-9.780313
7464625,0.936133,-0.239420,-9.823410
7465800,0.933739,-0.244209,-9.830592
7466991,0.928950,-0.241814,-9.816227
7468180,0.895431,-0.162806,-9.823410
7469375,0.907402,-0.253785,-9.823410
7470549,0.897826,-0.203507,-9.782708
7471731,0.885855,-0.220267,-9.773131
7472922,0.955287,-0.198719,-9.770737
7474116,0.943315,-0.213084,-9.739613
7475299,0.900220,-0.220267,-9.744401
7476476,0.890643,-0.184354,-9.804255
7477649,0.907402,-0.210690,-9.789890
7478831,0.933739,-0.169988,-9.797073
7480028,0.876278,-0.234632,-9.775525
7481217,0.854730,-0.234632,-9.765948
7482400,0.909797,-0.220267,-9.799467
7483574,0.960075,-0.203507,-9.734824
7484740,0.893037,-0.232238,-9.780313
7485931,0.861913,-0.186748,-9.734824
7487123,0.893037,-0.172383,-9.816227
7488317,0.902614,-0.217872,-9.773131
7489491,0.916979,-0.272939,-9.797073
7490671,0.866701,-0.253785,-9.849746
7491852,0.960075,-0.210690,-9.787497
7493044,0.933739,-0.213084,-9.763555
7494224,0.938527,-0.193930,-9.777920
7495417,0.900220,-0.174777,-9.763555
7496590,0.936133,-0.193930,-9.770737
7497774,0.936133,-0.191536,-9.763555
7498964,0.876278,-0.201113,-9.718064
7500163,0.962469,-0.222661,-9.710882
7501348,0.979228,-0.239420,-9.763555
7502520,0.969652,-0.241814,-9.811439
7503694,0.890643,-0.239420,-9.801862
7504884,0.921768,-0.198719,-9.809045
7506074,0.928950,-0.220267,-9.837775
7507262,0.916979,-0.196325,-9.890448
7508442,0.897826,-0.222661,-9.782708
7509622,0.878672,-0.179565,-9.749189
7510799,0.936133,-0.213084,-9.773131
7511990,0.957681,-0.234632,-9.847352
7513183,0.912191,-0.244209,-9.888053
7514375,0.878672,-0.213084,-9.868899
7515545,0.909797,-0.217872,-9.852140
7516724,0.902614,-0.220267,-9.873688
7517913,0.943315,-0.237026,-9.792285
7519108,0.912191,-0.232238,-9.756371
7520289,0.924162,-0.232238,-9.799467
7521469,0.967257,-0.263362,-9.718064
7522644,0.974440,-0.222661,-9.816227
7523826,0.907402,-0.246603,-9.782708
7525019,0.948104,-0.237026,-9.797073
7526207,0.948104,-0.275333,-9.852140
7527390,0.895431,-0.275333,-9.837775
7528570,0.897826,-0.234632,-9.816227
7529739,0.964863,-0.184354,-9.844957
7530931,0.957681,-0.244209,-9.785102
7532122,0.940921,-0.237026,-9.789890
7533314,0.919373,-0.239420,-9.864111
7534489,0.873884,-0.248997,-9.919178
7535669,0.893037,-0.260968,-9.900024
7536848,0.878672,-0.217872,-9.859323
7538044,0.905008,-0.227449,-9.933543
7539223,0.909797,-0.210690,-9.904813
7540409,0.885855,-0.234632,-9.844957
7541585,0.893037,-0.239420,-9.878476
7542759,0.909797,-0.265756,-9.897630
7543939,0.931344,-0.210690,-9.864111
7545129,0.936133,-0.217872,-9.818622
7546322,0.933739,-0.227449,-9.844957
7547501,0.900220,-0.241814,-9.859323
7548670,0.945710,-0.248997,-9.847352
7549856,0.948104,-0.289698,-9.840169
7551044,0.857124,-0.220267,-9.811439
7552229,0.866701,-0.208296,-9.871294
7553417,0.883460,-0.193930,-9.813833
7554599,0.888249,-0.239420,-9.825804
7555778,0.890643,-0.227449,-9.835381
7556974,0.921768,-0.222661,-9.844957
7558173,0.905008,-0.191536,-9.938332
7559366,0.916979,-0.237026,-9.919178
7560536,0.888249,-0.239420,-9.864111
7561715,0.888249,-0.213084,-9.806650
7562897,0.900220,-0.229843,-9.770737
7564086,0.926556,-0.227449,-9.816227
7565265,0.902614,-0.222661,-9.801862
7566449,0.902614,-0.191536,-9.794679
7567625,0.900220,-0.222661,-9.809045
7568803,0.897826,-0.225055,-9.856929
7569989,0.895431,-0.253785,-9.797073
7571187,0.893037,-0.220267,-9.811439
7572368,0.914585,-0.198719,-9.792285
7573548,0.950498,-0.227449,-9.789890
7574723,0.940921,-0.239420,-9.799467
7575916,0.928950,-0.205901,-9.828198
7577104,0.955287,-0.258574,-9.902418
7578289,0.897826,-0.258574,-9.785102
7579464,0.907402,-0.203507,-9.789890
7580636,0.914585,-0.186748,-9.777920
7581809,0.885855,-0.201113,-9.756371
7583000,0.924162,-0.198719,-9.794679
7584191,0.948104,-0.186748,-9.811439
7585379,0.955287,-0.217872,-9.789890
7586559,0.919373,-0.208296,-9.806650
7587740,0.907402,-0.220267,-9.842564
7588925,0.950498,-0.155623,-9.844957
7590121,0.955287,-0.225055,-9.876082
7591310,0.986411,-0.253785,-9.813833
7592490,0.945710,-0.208296,-9.775525
7593664,0.924162,-0.210690,-9.830592
7594849,0.895431,-0.232238,-9.782708
7596042,0.890643,-0.220267,-9.787497
7597226,0.931344,-0.201113,-9.806650
7598413,0.936133,-0.220267,-9.777920
7599592,0.921768,-0.220267,-9.775525
7600772,0.909797,-0.203507,-9.780313
7601964,0.964863,-0.191536,-9.844957
7603160,0.931344,-0.191536,-9.825804
7604355,0.854730,-0.225055,-9.775525
7605524,0.885855,-0.260968,-9.852140
7606703,0.900220,-0.213084,-9.840169
7607887,0.940921,-0.198719,-9.868899
7609078,0.897826,-0.208296,-9.749189
7610262,0.859518,-0.210690,-9.794679
7611443,0.849942,-0.191536,-9.955091
7612618,0.919373,-0.186748,-9.777920
7613799,0.835576,-0.186748,-9.813833
7614986,0.821211,-0.191536,-9.835381
7616184,0.890643,-0.138864,-9.832987
7617368,0.871489,-0.143652,-9.861717
7618547,0.945710,-0.210690,-9.811439
7619721,0.866701,-0.239420,-9.832987
7620915,0.809240,-0.217872,-9.809045
7622096,0.878672,-0.229843,-9.770737
7623281,0.878672,-0.165200,-9.794679
7624455,0.972046,-0.225055,-9.777920
7625628,0.960075,-0.280122,-9.785102
7626802,0.900220,-0.196325,-9.782708
7627991,0.866701,-0.213084,-9.837775
7629180,0.905008,-0.213084,-9.825804
7630375,0.919373,-0.225055,-9.797073
7631550,0.928950,-0.234632,-9.861717
7632733,0.890643,-0.248997,-9.854534
7633924,0.857124,-0.205901,-9.782708
7635117,0.878672,-0.229843,-9.773131
7636307,0.840365,-0.244209,-9.825804
7637485,0.842759,-0.205901,-9.868899
7638659,0.905008,-0.244209,-9.813833
7639843,0.909797,-0.225055,-9.871294
7641035,0.926556,-0.205901,-9.828198
7642217,0.931344,-0.263362,-9.840169
7643401,0.909797,-0.227449,-9.765948
7644580,0.981623,-0.227449,-9.763555
7645751,0.964863,-0.263362,-9.866506
7646940,0.919373,-0.260968,-9.909601
7648125,0.897826,-0.220267,-9.823410
7649318,0.919373,-0.225055,-9.782708
7650492,0.921768,-0.198719,-9.828198
7651672,0.909797,-0.265756,-9.864111
7652854,0.897826,-0.210690,-9.940725
7654044,0.890643,-0.222661,-9.880871
7655224,0.885855,-0.241814,-9.809045
7656411,0.897826,-0.270545,-9.789890
7657586,0.907402,-0.222661,-9.804255
7658756,0.890643,-0.277727,-9.938332
7659942,0.893037,-0.203507,-9.892841
7661132,0.895431,-0.208296,-9.773131
7662323,0.905008,-0.217872,-9.777920
7663496,0.926556,-0.253785,-9.847352
7664672,0.921768,-0.251391,-9.888053
7665855,0.897826,-0.256180,-9.864111
7667044,0.912191,-0.282516,-9.844957
7668229,0.933739,-0.225055,-9.859323
7669418,0.883460,-0.246603,-9.852140
7670600,0.893037,-0.296881,-9.832987
7671777,0.876278,-0.215478,-9.835381
7672973,0.833182,-0.246603,-9.782708
7674170,0.960075,-0.232238,-9.852140
7675363,0.907402,-0.229843,-9.873688
7676532,0.962469,-0.220267,-9.840169
7677711,0.943315,-0.237026,-9.955091
7678897,0.900220,-0.213084,-9.911995
7680083,0.888249,-0.217872,-9.904813
7681262,0.895431,-0.225055,-9.938332
7682446,0.933739,-0.239420,-9.900024
7683613,0.950498,-0.253785,-9.892841
7684789,0.885855,-0.234632,-9.837775
7685976,0.854730,-0.217872,-9.969456
7687176,0.878672,-0.174777,-9.897630
7688365,0.912191,-0.213084,-9.801862
7689539,0.967257,-0.253785,-9.811439
7690715,0.921768,-0.237026,-9.787497
7691909,0.871489,-0.248997,-9.775525
7693096,0.895431,-0.239420,-9.811439
7694280,0.960075,-0.229843,-9.883265
7695455,0.897826,-0.260968,-9.911995
7696635,0.916979,-0.251391,-9.844957
7697815,0.945710,-0.220267,-9.804255
7699008,0.916979,-0.253785,-9.780313
7700201,0.883460,-0.229843,-9.832987
7701389,0.948104,-0.237026,-9.797073
7702561,0.893037,-0.222661,-9.777920
7703743,0.933739,-0.217872,-9.794679
7704927,0.969652,-0.244209,-9.761160
7706122,0.940921,-0.201113,-9.804255
7707311,0.933739,-0.229843,-9.837775
7708490,0.909797,-0.234632,-9.792285
7709666,0.943315,-0.227449,-9.830592
7710852,0.919373,-0.227449,-9.878476
7712042,0.909797,-0.263362,-9.837775
7713227,0.919373,-0.208296,-9.830592
7714414,0.897826,-0.237026,-9.806650
7715593,0.888249,-0.234632,-9.787497
7716773,0.897826,-0.253785,-9.780313
7717967,0.912191,-0.210690,-9.854534
7719162,0.945710,-0.258574,-9.837775
7720357,0.897826,-0.265756,-9.895236
7721532,0.931344,-0.220267,-9.811439
7722712,0.926556,-0.208296,-9.713276
7723898,0.931344,-0.237026,-9.799467
7725089,0.955287,-0.225055,-9.715671
7726269,0.988805,-0.241814,-9.780313
7727453,0.940921,-0.246603,-9.811439
7728628,0.914585,-0.198719,-9.777920
7729809,0.940921,-0.246603,-9.792285
7730992,0.948104,-0.248997,-9.816227
7732188,0.960075,-0.241814,-9.742006
7733371,0.962469,-0.205901,-9.710882
7734547,0.916979,-0.179565,-9.787497
7735722,0.902614,-0.229843,-9.801862
7736916,0.950498,-0.251391,-9.804255
7738105,0.895431,-0.248997,-9.799467
7739290,0.895431,-0.191536,-9.854534
7740466,0.876278,-0.258574,-9.775525
7741644,0.871489,-0.277727,-9.813833
7742824,0.876278,-0.232238,-9.844957
7744027,0.861913,-0.225055,-9.859323
7745211,0.842759,-0.237026,-9.864111
7746395,0.981623,-0.217872,-9.816227
7747571,0.969652,-0.210690,-9.825804
7748743,0.890643,-0.270545,-9.825804
7749928,0.890643,-0.225055,-9.787497
7751123,0.950498,-0.237026,-9.806650
7752311,0.926556,-0.215478,-9.852140
7753490,0.938527,-0.205901,-9.852140
7754659,0.878672,-0.251391,-9.794679
7755845,0.897826,-0.225055,-9.825804
7757037,0.876278,-0.213084,-9.854534
7758220,0.919373,-0.215478,-9.794679
7759404,0.976834,-0.222661,-9.837775
7760579,0.967257,-0.248997,-9.914390
7761750,0.936133,-0.272939,-9.844957
7762942,0.979228,-0.263362,-9.818622
7764129,0.888249,-0.222661,-9.902418
7765325,0.928950,-0.225055,-9.823410
7766495,0.924162,-0.220267,-9.868899
7767675,0.895431,-0.241814,-9.844957
7768857,0.873884,-0.181959,-9.842564
7770047,0.897826,-0.205901,-9.785102
7771223,0.890643,-0.210690,-9.883265
7772410,0.909797,-0.181959,-9.806650
7773584,0.878672,-0.177171,-9.792285
7774759,0.890643,-0.210690,-9.907207
7775943,0.881066,-0.208296,-9.868899
7777133,0.907402,-0.186748,-9.835381
7778317,0.895431,-0.208296,-9.904813
7779495,0.902614,-0.239420,-9.852140
7780669,0.900220,-0.232238,-9.923966
7781854,0.969652,-0.213084,-9.883265
7783044,0.998382,-0.201113,-9.835381
7784229,0.914585,-0.193930,-9.940725
7785417,0.962469,-0.213084,-9.761160
7786591,0.905008,-0.203507,-9.775525
7787758,0.919373,-0.208296,-9.821015
7788949,0.948104,-0.162806,-9.861717
7790134,0.948104,-0.172383,-9.828198
7791330,0.943315,-0.210690,-9.916783
7792504,0.952892,-0.248997,-9.938332
7793687,0.976834,-0.215478,-9.852140
7794872,0.907402,-0.203507,-9.785102
7796064,0.967257,-0.191536,-9.763555
7797244,0.919373,-0.181959,-9.785102
7798426,0.952892,-0.193930,-9.840169
7799599,0.933739,-0.210690,-9.859323
7800783,0.881066,-0.193930,-9.785102
7801973,0.905008,-0.239420,-9.739613
7803171,0.921768,-0.260968,-9.782708
7804360,0.945710,-0.237026,-9.734824
7805539,0.948104,-0.234632,-9.787497
7806714,0.952892,-0.241814,-9.847352
7807906,0.885855,-0.220267,-9.871294
7809090,0.926556,-0.167594,-9.811439
7810275,0.873884,-0.179565,-9.718064
7811449,0.924162,-0.210690,-9.758766
7812628,0.909797,-0.232238,-9.734824
7813802,0.950498,-0.222661,-9.715671
7814993,0.890643,-0.258574,-9.761160
7816182,0.957681,-0.215478,-9.792285
7817369,0.893037,-0.220267,-9.797073
7818543,0.914585,-0.232238,-9.830592
7819719,0.907402,-0.253785,-9.799467
7820908,0.907402,-0.225055,-9.852140
7822097,0.933739,-0.227449,-9.885659
7823278,0.921768,-0.213084,-9.818622
7824463,0.885855,-0.248997,-9.816227
7825643,0.888249,-0.210690,-9.883265
7826827,0.926556,-0.172383,-9.799467
7828025,0.902614,-0.177171,-9.773131
7829213,0.919373,-0.201113,-9.837775
7830397,0.936133,-0.222661,-9.799467
7831577,0.924162,-0.232238,-9.828198
7832748,0.907402,-0.229843,-9.821015
7833938,0.926556,-0.191536,-9.787497
7835125,0.907402,-0.208296,-9.770737
7836317,0.888249,-0.191536,-9.794679
7837492,0.893037,-0.215478,-9.780313
7838671,0.897826,-0.248997,-9.722853
7839853,0.907402,-0.304064,-9.730036
7841044,0.881066,-0.306458,-9.842564
7842224,0.878672,-0.268151,-9.880871
7843412,0.883460,-0.227449,-9.837775
7844582,0.912191,-0.220267,-9.813833
7845756,0.981623,-0.258574,-9.828198
7846941,0.976834,-0.263362,-9.751583
7848132,0.950498,-0.222661,-9.828198
7849324,0.926556,-0.229843,-9.775525
7850503,0.885855,-0.184354,-9.794679
7851674,0.902614,-0.198719,-9.765948
7852863,0.885855,-0.213084,-9.789890
7854046,0.881066,-0.265756,-9.773131
7855230,0.902614,-0.258574,-9.825804
7856418,0.962469,-0.275333,-9.734824
7857602,0.921768,-0.263362,-9.749189
7858782,0.924162,-0.268151,-9.761160
7859978,0.945710,-0.248997,-9.866506
7861175,0.940921,-0.244209,-9.816227
7862368,0.914585,-0.210690,-9.873688
7863543,0.873884,-0.196325,-9.852140
7864720,0.907402,-0.239420,-9.734824
7865908,0.936133,-0.272939,-9.835381
7867100,0.888249,-0.234632,-9.837775
7868279,0.854730,-0.258574,-9.773131
7869458,0.849942,-0.244209,-9.797073
7870633,0.871489,-0.251391,-9.835381
7871814,0.873884,-0.201113,-9.821015
7873000,0.893037,-0.265756,-9.856929
7874197,0.926556,-0.270545,-9.849746
7875377,0.900220,-0.225055,-9.847352
7876544,0.902614,-0.260968,-9.806650
7877717,0.933739,-0.227449,-9.773131
7878912,0.931344,-0.284910,-9.859323
7880102,0.893037,-0.263362,-9.854534
7881286,0.842759,-0.260968,-9.797073
7882461,0.885855,-0.205901,-9.825804
7883642,0.933739,-0.229843,-9.938332
7884822,0.960075,-0.205901,-9.911995
7886021,0.869095,-0.232238,-9.921572
7887208,0.859518,-0.208296,-9.873688
7888391,0.876278,-0.248997,-9.787497
7889561,0.933739,-0.253785,-9.703699
7890741,0.933739,-0.213084,-9.742006
7891926,0.859518,-0.155623,-9.756371
7893123,0.869095,-0.201113,-9.797073
7894311,0.861913,-0.222661,-9.818622
7895491,0.859518,-0.244209,-9.938332
7896661,0.943315,-0.215478,-9.895236
7897847,0.943315,-0.246603,-9.768343
7899040,0.916979,-0.248997,-9.773131
7900224,0.928950,-0.241814,-9.880871
7901403,0.854730,-0.217872,-9.842564
7902578,0.916979,-0.248997,-9.830592
7903748,0.933739,-0.222661,-9.842564
7904940,0.936133,-0.239420,-9.871294
7906126,0.893037,-0.251391,-9.787497
7907320,0.912191,-0.213084,-9.761160
7908494,0.897826,-0.213084,-9.840169
7909667,0.940921,-0.184354,-9.787497
7910849,0.926556,-0.210690,-9.749189
7912044,0.914585,-0.244209,-9.787497
7913224,0.926556,-0.222661,-9.787497
7914413,0.962469,-0.191536,-9.861717
7915586,0.924162,-0.239420,-9.830592
7916760,0.919373,-0.181959,-9.852140
7917947,0.905008,-0.225055,-9.746795
7919136,0.905008,-0.201113,-9.823410
7920316,0.967257,-0.203507,-9.804255
7921494,0.938527,-0.186748,-9.816227
7922670,0.955287,-0.184354,-9.809045
7923855,0.897826,-0.210690,-9.830592
7925044,0.907402,-0.193930,-9.789890
7926227,0.909797,-0.280122,-9.756371
7927406,0.902614,-0.251391,-9.751583
7928586,0.888249,-0.174777,-9.742006
7929756,0.902614,-0.220267,-9.765948
7930946,0.907402,-0.263362,-9.768343
7932132,0.905008,-0.237026,-9.787497
7933324,0.907402,-0.201113,-9.794679
7934497,0.928950,-0.227449,-9.756371
7935676,0.943315,-0.169988,-9.768343
7936862,0.912191,-0.189142,-9.794679
7938057,0.883460,-0.232238,-9.818622
7939237,0.926556,-0.275333,-9.751583
7940420,0.895431,-0.263362,-9.844957
7941599,0.952892,-0.196325,-9.773131
7942784,0.976834,-0.213084,-9.876082
7943975,0.924162,-0.205901,-9.849746
7945177,0.924162,-0.213084,-9.830592
7946366,0.964863,-0.203507,-9.916783
7947545,0.902614,-0.237026,-9.765948
7948719,0.926556,-0.265756,-9.895236
7949914,0.909797,-0.198719,-9.885659
7951104,0.916979,-0.184354,-9.804255
7952288,0.945710,-0.282516,-9.761160
7953460,0.957681,-0.217872,-9.792285
7954644,0.907402,-0.234632,-9.890448
7955822,0.902614,-0.210690,-9.866506
7957021,0.897826,-0.222661,-9.830592
7958208,0.919373,-0.229843,-9.816227
7959393,0.885855,-0.131681,-9.828198
7960567,0.897826,-0.222661,-9.782708
7961740,0.957681,-0.215478,-9.749189
7962932,0.905008,-0.160412,-9.866506
7964125,0.936133,-0.191536,-9.890448
7965315,0.960075,-0.174777,-9.832987
7966493,0.940921,-0.213084,-9.895236
7967668,0.936133,-0.217872,-9.868899
7968854,0.919373,-0.169988,-9.835381
7970044,0.907402,-0.189142,-9.787497
7971228,0.914585,-0.215478,-9.785102
7972408,0.979228,-0.258574,-9.868899
7973584,0.919373,-0.172383,-9.828198
7974755,0.967257,-0.143652,-9.730036
7975945,0.926556,-0.186748,-9.832987
7977131,0.928950,-0.220267,-9.813833
7978327,0.964863,-0.225055,-9.801862
7979500,0.926556,-0.196325,-9.799467
7980680,0.902614,-0.213084,-9.864111
7981863,0.893037,-0.208296,-9.873688
7983057,0.945710,-0.241814,-9.854534
7984237,0.945710,-0.193930,-9.832987
7985419,0.919373,-0.260968,-9.806650
7986593,0.897826,-0.256180,-9.789890
7987773,0.936133,-0.256180,-9.825804
7988962,0.926556,-0.227449,-9.816227
7990157,0.869095,-0.181959,-9.868899
7991343,0.854730,-0.198719,-9.809045
7992522,0.909797,-0.198719,-9.753978
7993695,0.845153,-0.229843,-9.799467
7994886,0.876278,-0.220267,-9.703699
7996074,0.955287,-0.282516,-9.861717
7997263,0.907402,-0.210690,-9.837775
7998435,0.905008,-0.210690,-9.864111
7999610,0.967257,-0.208296,-9.864111
8000785,0.895431,-0.251391,-9.935937
8001982,0.957681,-0.181959,-9.852140
8003179,0.928950,-0.213084,-9.739613
8004375,0.952892,-0.222661,-9.830592
8005545,0.979228,-0.220267,-9.816227
8010817,0.916979,-0.225055,-9.746795
8012006,0.960075,-0.234632,-9.840169
8013202,0.928950,-0.217872,-9.897630
8014385,0.940921,-0.196325,-9.811439
8015563,0.897826,-0.150835,-9.828198
8016741,0.943315,-0.196325,-9.823410
8017933,0.960075,-0.184354,-9.864111
8019123,0.969652,-0.174777,-9.888053
8020317,0.960075,-0.217872,-9.823410
8021490,0.967257,-0.203507,-9.888053
8022666,0.907402,-0.232238,-9.923966
8023847,0.938527,-0.244209,-9.876082
8025043,0.952892,-0.253785,-9.847352
8026224,0.919373,-0.234632,-9.809045
8027411,0.890643,-0.196325,-9.861717
8028586,0.859518,-0.227449,-9.854534
8029768,0.921768,-0.201113,-9.756371
8030957,0.955287,-0.225055,-9.835381
8032154,0.926556,-0.213084,-9.878476
8033341,0.897826,-0.232238,-9.864111
8034516,0.883460,-0.213084,-9.890448
8035693,0.948104,-0.177171,-9.787497
8036884,0.972046,-0.205901,-9.842564
8038074,0.943315,-0.193930,-9.830592
8039262,0.933739,-0.174777,-9.871294
8040442,0.857124,-0.201113,-9.840169
8041615,0.919373,-0.210690,-9.859323
8042786,0.967257,-0.239420,-9.842564
8043982,0.919373,-0.191536,-9.801862
8045179,0.883460,-0.191536,-9.809045
8046372,0.857124,-0.246603,-9.787497
8047547,0.897826,-0.232238,-9.811439
8048731,0.936133,-0.232238,-9.708488
8049922,0.902614,-0.189142,-9.708488
8051116,0.928950,-0.177171,-9.775525
8052299,0.931344,-0.227449,-9.713276
8053479,0.969652,-0.280122,-9.763555
8054652,0.878672,-0.213084,-9.763555
8055838,0.897826,-0.205901,-9.835381
8057035,0.926556,-0.213084,-9.852140
8058224,0.924162,-0.189142,-9.856929
8059408,0.919373,-0.181959,-9.852140
8060585,0.890643,-0.210690,-9.801862
8061753,0.926556,-0.237026,-9.823410
8062943,0.871489,-0.201113,-9.842564
8064130,0.893037,-0.244209,-9.780313
8065321,0.919373,-0.227449,-9.844957
8066496,0.866701,-0.174777,-9.670180
8067675,0.869095,-0.227449,-9.914390
8068855,0.921768,-0.208296,-9.830592
8070046,0.988805,-0.217872,-9.883265
8071226,0.972046,-0.232238,-9.938332
8072411,0.916979,-0.215478,-9.840169
8073586,0.897826,-0.189142,-9.837775
8074767,0.928950,-0.237026,-9.780313
8075956,0.972046,-0.215478,-9.828198
8077153,0.921768,-0.179565,-9.859323
8078340,0.883460,-0.186748,-9.859323
8079520,0.902614,-0.201113,-9.837775
8080692,0.931344,-0.244209,-9.799467
8081883,0.890643,-0.203507,-9.806650
8083072,0.914585,-0.225055,-9.871294
8084260,0.857124,-0.225055,-9.844957
8085438,0.905008,-0.193930,-9.797073
8086613,0.914585,-0.155623,-9.713276
8087788,0.883460,-0.217872,-9.837775
8088984,0.902614,-0.234632,-9.732430
8090178,0.873884,-0.246603,-9.840169
8091371,0.859518,-0.201113,-9.840169
8092546,0.900220,-0.205901,-9.758766
8093723,0.830788,-0.237026,-9.794679
8094912,0.854730,-0.208296,-9.806650
8096104,0.912191,-0.208296,-9.868899
8097284,0.919373,-0.220267,-9.816227
8098461,0.931344,-0.227449,-9.828198
8099637,0.914585,-0.237026,-9.916783
8100822,0.936133,-0.203507,-9.818622
8102011,0.905008,-0.217872,-9.720459
8103207,0.888249,-0.222661,-9.703699
8104390,0.888249,-0.220267,-9.840169
8105568,0.921768,-0.244209,-9.811439
8106736,0.926556,-0.205901,-9.856929
8107932,0.955287,-0.205901,-9.756371
8109122,0.909797,-0.244209,-9.876082
8110315,0.907402,-0.217872,-9.842564
8111489,0.907402,-0.186748,-9.780313
8112667,0.895431,-0.179565,-9.811439
8113849,0.940921,-0.263362,-9.818622
8115044,0.955287,-0.201113,-9.842564
8116224,0.897826,-0.227449,-9.816227
8117410,0.873884,-0.265756,-9.763555
8118580,0.871489,-0.217872,-9.806650
8119755,0.881066,-0.225055,-9.792285
8120940,0.900220,-0.241814,-9.878476
8122130,0.945710,-0.237026,-9.811439
8123320,0.912191,-0.179565,-9.830592
8124499,0.950498,-0.184354,-9.821015
8125674,0.933739,-0.153229,-9.821015
8126860,0.967257,-0.256180,-9.823410
8128046,0.955287,-0.217872,-9.883265
8129231,0.933739,-0.270545,-9.916783
8130411,0.967257,-0.244209,-9.856929
8131591,0.916979,-0.174777,-9.852140
8132757,0.936133,-0.201113,-9.883265
8133948,0.928950,-0.248997,-9.837775
8135135,0.938527,-0.244209,-9.809045
8136329,0.948104,-0.225055,-9.797073
8137502,0.926556,-0.227449,-9.749189
8138683,0.974440,-0.193930,-9.737218
8139866,0.924162,-0.213084,-9.768343
8141061,0.924162,-0.232238,-9.892841
8142242,0.871489,-0.181959,-9.914390
8143426,0.866701,-0.229843,-9.823410
8144599,0.902614,-0.229843,-9.730036
8145782,0.933739,-0.237026,-9.698911
8146973,0.909797,-0.184354,-9.727641
8148174,0.845153,-0.198719,-9.722853
8149364,0.876278,-0.208296,-9.804255
8150543,0.919373,-0.179565,-9.830592
8151715,0.895431,-0.201113,-9.801862
8152909,0.912191,-0.272939,-9.763555
8154096,0.912191,-0.208296,-9.789890
8155280,0.909797,-0.217872,-9.787497
8156458,0.864307,-0.229843,-9.797073
8157633,0.931344,-0.220267,-9.847352
8158809,0.938527,-0.215478,-9.751583
8160000,0.900220,-0.210690,-9.844957
8161190,0.893037,-0.229843,-9.902418
8162378,0.895431,-0.253785,-9.852140
8163553,0.897826,-0.177171,-9.804255
8164736,0.866701,-0.196325,-9.792285
8165927,0.976834,-0.181959,-9.902418
8167123,0.984017,-0.193930,-9.849746
8168312,0.962469,-0.186748,-9.765948
8169492,0.919373,-0.193930,-9.849746
8170667,0.900220,-0.215478,-9.897630
8171851,0.931344,-0.208296,-9.837775
8173042,0.921768,-0.186748,-9.823410
8174227,0.888249,-0.217872,-9.844957
8175416,0.897826,-0.239420,-9.943120
8176599,0.955287,-0.225055,-9.871294
8177778,0.928950,-0.174777,-9.823410
8178974,0.955287,-0.208296,-9.780313
8180169,0.995988,-0.184354,-9.830592
8181363,0.924162,-0.189142,-9.878476
8182539,0.933739,-0.215478,-9.825804
8183719,0.861913,-0.244209,-9.744401
8184908,0.907402,-0.237026,-9.806650
8186096,0.905008,-0.229843,-9.780313
8187275,0.919373,-0.237026,-9.852140
8188459,0.895431,-0.248997,-9.775525
8189635,0.890643,-0.251391,-9.746795
8190819,0.919373,-0.208296,-9.785102
8192008,0.895431,-0.237026,-9.823410
8193204,0.895431,-0.177171,-9.830592
8194385,0.916979,-0.205901,-9.811439
8195562,0.890643,-0.205901,-9.830592
8196739,0.924162,-0.186748,-9.753978
8197935,0.873884,-0.215478,-9.902418
8199127,0.871489,-0.225055,-9.794679
8200323,0.907402,-0.220267,-9.775525
8201495,0.928950,-0.220267,-9.804255
8202669,0.931344,-0.222661,-9.763555
8203851,0.871489,-0.220267,-9.840169
8205044,0.821211,-0.198719,-9.809045
8206224,0.878672,-0.210690,-9.806650
8207410,0.900220,-0.186748,-9.859323
8208584,0.885855,-0.210690,-9.888053
8209757,0.907402,-0.239420,-9.837775
8210939,0.852336,-0.265756,-9.751583
8212130,0.909797,-0.237026,-9.797073
8213318,0.905008,-0.198719,-9.832987
8214496,0.909797,-0.203507,-9.825804
8215669,0.905008,-0.220267,-9.804255
8216852,0.926556,-0.193930,-9.737218
8218044,0.890643,-0.227449,-9.806650
8219228,0.876278,-0.260968,-9.818622
8220408,0.938527,-0.201113,-9.866506
8221582,0.962469,-0.222661,-9.809045
8222752,0.919373,-0.239420,-9.866506
8223942,0.909797,-0.229843,-9.823410
8225128,0.936133,-0.196325,-9.816227
8226320,0.955287,-0.222661,-9.900024
8227493,0.914585,-0.208296,-9.873688
8228672,0.902614,-0.179565,-9.828198
8229854,0.919373,-0.213084,-9.859323
8231045,0.905008,-0.246603,-9.883265
8232221,0.873884,-0.225055,-9.806650
8233408,0.912191,-0.217872,-9.792285
8234579,0.940921,-0.222661,-9.806650
8235752,0.924162,-0.198719,-9.725247
8236936,0.907402,-0.251391,-9.859323
8238129,0.972046,-0.205901,-9.768343
8239319,0.907402,-0.208296,-9.744401
8240496,0.931344,-0.196325,-9.777920
8241671,0.960075,-0.225055,-9.720459
8242855,0.938527,-0.244209,-9.821015
8244044,0.861913,-0.179565,-9.866506
8245229,0.895431,-0.208296,-9.832987
8246409,0.979228,-0.225055,-9.821015
8247588,0.969652,-0.270545,-9.866506
8248758,0.950498,-0.272939,-9.823410
8249948,0.919373,-0.201113,-9.734824
8251134,0.897826,-0.234632,-9.722853
8252331,0.893037,-0.217872,-9.830592
8253504,0.907402,-0.234632,-9.787497
8254683,0.907402,-0.203507,-9.837775
8255866,0.919373,-0.217872,-9.859323
8257061,0.893037,-0.158017,-9.828198
8258240,0.895431,-0.198719,-9.787497
8259426,0.912191,-0.201113,-9.722853
8260591,0.909797,-0.189142,-9.818622
8261775,0.960075,-0.198719,-9.787497
8262961,0.888249,-0.239420,-9.816227
8264162,0.907402,-0.275333,-9.825804
8265341,0.907402,-0.265756,-9.787497
8266520,0.921768,-0.275333,-9.799467
8267694,0.883460,-0.229843,-9.897630
8268884,0.878672,-0.222661,-9.835381
8270076,0.859518,-0.174777,-9.849746
8271265,0.876278,-0.217872,-9.840169
8272445,0.861913,-0.251391,-9.775525
8273626,0.916979,-0.272939,-9.773131
8274802,0.995988,-0.227449,-9.787497
8275993,0.888249,-0.225055,-9.777920
8277185,0.936133,-0.244209,-9.758766
8278375,0.893037,-0.232238,-9.804255
8279549,0.897826,-0.213084,-9.775525
8280732,0.840365,-0.220267,-9.792285
8281923,0.847547,-0.220267,-9.818622
8283117,0.897826,-0.167594,-9.734824
8284309,0.912191,-0.203507,-9.804255
8285487,0.926556,-0.191536,-9.818622
8286661,0.893037,-0.189142,-9.797073
8287846,0.893037,-0.184354,-9.785102
8289038,0.938527,-0.184354,-9.868899
8290222,0.960075,-0.177171,-9.900024
8291403,0.936133,-0.208296,-9.844957
8292582,0.931344,-0.289698,-9.868899
8293753,0.897826,-0.284910,-9.825804
8294943,0.948104,-0.258574,-9.758766
8296130,0.940921,-0.213084,-9.897630
8297324,0.957681,-0.186748,-9.919178
8298499,0.938527,-0.160412,-9.830592
8299678,0.955287,-0.248997,-9.871294
8300864,0.926556,-0.277727,-9.892841
8302059,0.945710,-0.184354,-9.859323
8303239,0.979228,-0.220267,-9.847352
8304422,0.945710,-0.196325,-9.821015
8305599,0.964863,-0.205901,-9.856929
8306783,0.943315,-0.208296,-9.821015
8307974,0.907402,-0.246603,-9.847352
8309170,0.955287,-0.229843,-9.785102
8310360,0.981623,-0.234632,-9.801862
8311534,0.902614,-0.222661,-9.859323
8312710,0.926556,-0.248997,-9.813833
8313898,0.967257,-0.246603,-9.849746
8315085,0.900220,-0.203507,-9.866506
8316271,0.948104,-0.169988,-9.880871
8317451,0.991199,-0.258574,-9.892841
8318631,0.981623,-0.282516,-9.868899
8319808,0.912191,-0.241814,-9.715671
8321000,0.945710,-0.287304,-9.823410
8322191,0.960075,-0.222661,-9.856929
8323378,0.900220,-0.189142,-9.938332
8324552,0.938527,-0.237026,-9.844957
8325735,0.943315,-0.234632,-9.842564
8326927,0.902614,-0.234632,-9.830592
8328123,0.905008,-0.241814,-9.830592
8329310,0.847547,-0.241814,-9.883265
8330490,0.905008,-0.210690,-9.878476
8331657,0.897826,-0.184354,-9.828198
8332844,0.895431,-0.179565,-9.830592
8334036,0.847547,-0.248997,-9.763555
8335227,0.883460,-0.239420,-9.811439
8336410,0.931344,-0.246603,-9.792285
8337584,0.873884,-0.229843,-9.768343
8338755,0.900220,-0.229843,-9.818622
8339945,0.940921,-0.256180,-9.821015
8341127,0.873884,-0.220267,-9.789890
8342320,0.909797,-0.241814,-9.787497
8343494,0.869095,-0.213084,-9.763555
8344668,0.873884,-0.198719,-9.715671
8345850,0.881066,-0.220267,-9.737218
8347044,0.916979,-0.193930,-9.708488
8348224,0.931344,-0.136469,-9.787497
8349412,0.912191,-0.162806,-9.813833
8350588,0.921768,-0.248997,-9.847352
8351769,0.883460,-0.263362,-9.768343
8352953,0.928950,-0.208296,-9.768343
8354149,0.900220,-0.282516,-9.780313
8355333,0.890643,-0.253785,-9.830592
8356518,0.895431,-0.227449,-9.938332
8357697,0.936133,-0.196325,-9.792285
8358888,0.919373,-0.241814,-9.727641
8360080,0.888249,-0.172383,-9.828198
8361269,0.967257,-0.160412,-9.770737
8362442,0.995988,-0.234632,-9.797073
8363622,0.936133,-0.246603,-9.866506
8364797,0.864307,-0.251391,-9.818622
8365988,0.909797,-0.208296,-9.849746
8367180,0.928950,-0.244209,-9.852140
8368373,0.933739,-0.272939,-9.856929
8369544,0.885855,-0.217872,-9.868899
8370724,0.914585,-0.215478,-9.801862
8371911,0.902614,-0.225055,-9.780313
8373104,0.955287,-0.225055,-9.813833
8374284,0.900220,-0.239420,-9.823410
8375461,0.952892,-0.203507,-9.840169
8376636,0.969652,-0.237026,-9.864111
8377820,0.940921,-0.251391,-9.907207
8379008,0.936133,-0.234632,-9.950302
8380207,0.936133,-0.208296,-9.871294
8381391,0.962469,-0.256180,-9.928755
8382569,0.943315,-0.244209,-9.916783
8383737,0.883460,-0.217872,-9.880871
8384932,0.897826,-0.232238,-9.864111
8386124,0.905008,-0.246603,-9.888053
8387316,0.931344,-0.225055,-9.842564
8388490,0.912191,-0.193930,-9.801862
8389669,0.993594,-0.270545,-9.765948
8390850,0.957681,-0.256180,-9.801862
8392044,0.931344,-0.229843,-9.907207
8393224,0.969652,-0.229843,-9.742006
8394408,0.960075,-0.208296,-9.804255
8395582,0.940921,-0.244209,-9.876082
8396755,0.938527,-0.217872,-9.782708
8397941,0.948104,-0.239420,-9.849746
8399131,0.924162,-0.244209,-9.782708
8400322,0.907402,-0.229843,-9.749189
8401500,0.981623,-0.241814,-9.818622
8402676,0.914585,-0.225055,-9.725247
8403865,0.919373,-0.229843,-9.782708
8405055,0.864307,-0.244209,-9.880871
8406238,0.888249,-0.270545,-9.852140
8407418,0.876278,-0.222661,-9.849746
8408601,0.914585,-0.177171,-9.773131
8409781,0.883460,-0.193930,-9.770737
8410976,0.919373,-0.248997,-9.837775
8412174,0.888249,-0.205901,-9.842564
8413368,0.909797,-0.203507,-9.883265
8414542,0.924162,-0.165200,-9.832987
8415721,0.878672,-0.220267,-9.840169
8416910,0.912191,-0.196325,-9.864111
8418105,0.924162,-0.205901,-9.823410
8419284,0.921768,-0.258574,-9.813833
8420469,0.857124,-0.225055,-9.849746
8421639,0.950498,-0.189142,-9.931149
8422823,0.912191,-0.181959,-9.852140
8424019,0.861913,-0.220267,-9.842564
8425207,0.907402,-0.208296,-9.842564
8426389,0.912191,-0.268151,-9.813833
8427568,0.885855,-0.244209,-9.801862
8428736,0.881066,-0.237026,-9.789890
8429930,0.893037,-0.258574,-9.821015
8431121,0.902614,-0.208296,-9.919178
8432314,0.905008,-0.237026,-9.861717
8433487,0.907402,-0.234632,-9.873688
8434666,0.885855,-0.227449,-9.825804
8435846,0.919373,-0.237026,-9.888053
8437043,0.964863,-0.215478,-9.809045
8438222,0.857124,-0.268151,-9.837775
8439411,0.931344,-0.234632,-9.931149
8440587,0.912191,-0.227449,-9.830592
8441768,0.905008,-0.150835,-9.823410
8442951,0.914585,-0.189142,-9.904813
8444149,0.931344,-0.248997,-9.876082
8445332,0.955287,-0.220267,-9.840169
8446516,0.950498,-0.201113,-9.773131
8447694,0.861913,-0.193930,-9.722853
8448885,0.933739,-0.186748,-9.828198
8450077,0.924162,-0.198719,-9.749189
8451265,0.931344,-0.208296,-9.837775
8452451,0.926556,-0.251391,-9.852140
8453625,0.933739,-0.251391,-9.801862
8454802,0.940921,-0.215478,-9.761160
8455992,0.995988,-0.234632,-9.821015
8457184,0.952892,-0.232238,-9.883265
8458378,0.969652,-0.225055,-9.849746
8459548,0.861913,-0.227449,-9.847352
8460732,0.859518,-0.239420,-9.821015
8461923,0.979228,-0.258574,-9.861717
8463118,0.972046,-0.210690,-9.804255
8464296,0.976834,-0.213084,-9.816227
8465475,0.926556,-0.150835,-9.876082
8466648,0.895431,-0.165200,-9.823410
8467828,0.897826,-0.227449,-9.794679
8469027,0.912191,-0.248997,-9.821015
8470215,0.885855,-0.210690,-9.861717
8471394,0.940921,-0.203507,-9.825804
8472570,0.924162,-0.205901,-9.895236
8473738,0.931344,-0.220267,-9.854534
8474934,0.940921,-0.208296,-9.744401
8476124,0.945710,-0.203507,-9.775525
8477317,0.943315,-0.186748,-9.785102
8478490,0.897826,-0.234632,-9.861717
8479665,0.902614,-0.280122,-9.792285
8480846,0.826000,-0.237026,-9.753978
8482041,0.869095,-0.217872,-9.816227
8483221,0.938527,-0.268151,-9.852140
8484410,0.883460,-0.237026,-9.787497
8485584,0.840365,-0.193930,-9.761160
8486755,0.900220,-0.193930,-9.773131
8487939,0.849942,-0.227449,-9.859323
8489136,0.907402,-0.248997,-9.823410
8490319,0.849942,-0.229843,-9.840169
8491498,0.900220,-0.265756,-9.933543
8492667,0.885855,-0.330400,-9.849746
8493851,0.940921,-0.244209,-9.859323
8495043,0.938527,-0.215478,-9.852140
8496228,0.943315,-0.272939,-9.821015
8497411,0.909797,-0.241814,-9.732430
8498591,0.921768,-0.205901,-9.835381
8499766,0.907402,-0.201113,-9.923966
8500953,0.938527,-0.213084,-9.844957
8502146,0.878672,-0.213084,-9.770737
8503336,0.909797,-0.217872,-9.840169
8504504,0.881066,-0.213084,-9.830592
8505678,0.931344,-0.222661,-9.916783
8506863,0.895431,-0.270545,-9.828198
8508057,0.938527,-0.251391,-9.837775
8509238,0.921768,-0.258574,-9.811439
8510421,0.873884,-0.227449,-9.890448
8511591,0.962469,-0.239420,-9.868899
8512772,0.943315,-0.208296,-9.844957
8513961,0.888249,-0.189142,-9.885659
8515162,0.902614,-0.177171,-9.885659
8516349,0.931344,-0.208296,-9.809045
8517527,0.895431,-0.213084,-9.775525
8518702,0.921768,-0.263362,-9.744401
8519893,0.993594,-0.251391,-9.823410
8521079,1.017536,-0.277727,-9.883265
8522269,0.962469,-0.294487,-9.859323
8523450,0.861913,-0.160412,-9.818622
8524630,0.878672,-0.189142,-9.816227
8525807,0.897826,-0.172383,-9.811439
8526999,0.907402,-0.217872,-9.794679
8528190,0.921768,-0.205901,-9.792285
8529375,0.897826,-0.248997,-9.797073
8530550,0.926556,-0.227449,-9.809045
8531732,0.907402,-0.217872,-9.861717
8532923,0.907402,-0.234632,-9.868899
8534114,0.928950,-0.246603,-9.859323
8535293,0.933739,-0.260968,-9.832987
8536473,0.912191,-0.258574,-9.854534
8537647,0.895431,-0.248997,-9.732430
8538831,0.890643,-0.205901,-9.789890
8540025,0.976834,-0.225055,-9.789890
8541213,0.974440,-0.258574,-9.809045
8542392,0.943315,-0.196325,-9.871294
8543565,0.897826,-0.265756,-9.861717
8544746,0.881066,-0.260968,-9.890448
8545936,0.955287,-0.210690,-9.840169
8547126,0.938527,-0.208296,-9.794679
8548320,0.928950,-0.217872,-9.828198
8549494,0.926556,-0.225055,-9.816227
8550671,0.897826,-0.198719,-9.789890
8551852,0.912191,-0.277727,-9.777920
8553043,0.916979,-0.263362,-9.758766
8554216,0.914585,-0.227449,-9.840169
8555404,0.916979,-0.222661,-9.880871
8556579,0.926556,-0.234632,-9.864111
8557754,0.967257,-0.222661,-9.804255
8558941,0.897826,-0.196325,-9.804255
8560132,0.873884,-0.201113,-9.782708
8561321,0.919373,-0.179565,-9.818622
8562500,0.940921,-0.222661,-9.816227
8563670,0.931344,-0.198719,-9.892841
8564857,0.919373,-0.227449,-9.859323
8566044,0.885855,-0.239420,-9.809045
8567228,0.919373,-0.239420,-9.856929
8568416,0.943315,-0.220267,-9.837775
8569596,0.921768,-0.220267,-9.866506
8570772,0.909797,-0.174777,-9.753978
8571966,0.902614,-0.196325,-9.732430
8573161,0.940921,-0.169988,-9.737218
8574352,0.921768,-0.232238,-9.782708
8575527,0.905008,-0.251391,-9.756371
8576704,0.936133,-0.222661,-9.830592
8577890,0.952892,-0.162806,-9.897630
8579085,0.902614,-0.248997,-9.823410
8580270,0.871489,-0.229843,-9.816227
8581455,0.962469,-0.241814,-9.837775
8582631,0.938527,-0.225055,-9.828198
8583812,0.900220,-0.220267,-9.871294
8584996,0.897826,-0.213084,-9.785102
8586193,0.883460,-0.169988,-9.804255
8587376,0.960075,-0.253785,-9.789890
8588554,0.888249,-0.258574,-9.773131
8589733,0.893037,-0.227449,-9.811439
8590929,0.909797,-0.193930,-9.904813
8592119,0.912191,-0.208296,-9.849746
8593313,0.943315,-0.184354,-9.777920
8594488,0.933739,-0.234632,-9.876082
8595667,0.893037,-0.186748,-9.818622
8596849,0.895431,-0.184354,-9.885659
8598044,0.909797,-0.234632,-9.821015
8599224,0.926556,-0.248997,-9.794679
8600410,0.883460,-0.193930,-9.794679
8601584,0.869095,-0.251391,-9.777920
8602758,0.876278,-0.213084,-9.835381
8603944,0.912191,-0.239420,-9.801862
8605134,0.902614,-0.239420,-9.775525
8606320,0.952892,-0.248997,-9.818622
8607499,0.909797,-0.213084,-9.809045
8608672,0.981623,-0.246603,-9.840169
8609858,0.950498,-0.237026,-9.797073
8611044,0.928950,-0.227449,-9.811439
8612229,0.938527,-0.239420,-9.816227
8613418,0.948104,-0.215478,-9.840169
8614600,0.960075,-0.229843,-9.938332
8615779,0.950498,-0.205901,-9.871294
8616972,0.895431,-0.189142,-9.876082
8618167,0.943315,-0.205901,-9.785102
8619360,0.897826,-0.232238,-9.823410
8620531,0.909797,-0.222661,-9.775525
8621710,0.905008,-0.220267,-9.804255
8622894,0.902614,-0.181959,-9.782708
8624084,0.919373,-0.222661,-9.763555
8625270,0.902614,-0.205901,-9.871294
8626454,0.984017,-0.203507,-9.777920
8627626,0.897826,-0.222661,-9.789890
8628807,0.912191,-0.251391,-9.864111
8629994,0.936133,-0.193930,-9.856929
8631192,0.933739,-0.213084,-9.837775
8632375,0.897826,-0.172383,-9.811439
8633555,0.938527,-0.220267,-9.825804
8634733,0.909797,-0.205901,-9.861717
8635928,0.876278,-0.225055,-9.864111
8637120,0.895431,-0.193930,-9.844957
8638314,0.943315,-0.213084,-9.876082
8639488,0.931344,-0.246603,-9.832987
8640667,0.888249,-0.232238,-9.727641
8641849,0.883460,-0.208296,-9.780313
8643044,0.976834,-0.193930,-9.797073
8644222,0.945710,-0.217872,-9.753978
8645410,0.948104,-0.239420,-9.821015
8646584,0.873884,-0.244209,-9.854534
8647758,0.885855,-0.260968,-9.864111
8648945,0.940921,-0.248997,-9.804255
8650135,0.952892,-0.265756,-9.785102
8651326,0.940921,-0.268151,-9.804255
8652504,0.897826,-0.234632,-9.811439
8653680,0.928950,-0.210690,-9.859323
8654865,0.945710,-0.222661,-9.876082
8656050,0.955287,-0.246603,-9.832987
8657235,0.948104,-0.253785,-9.797073
8658423,0.964863,-0.198719,-9.775525
8659607,0.902614,-0.248997,-9.861717
8660786,0.902614,-0.203507,-9.809045
8661979,0.914585,-0.198719,-9.844957
8663178,0.948104,-0.229843,-9.871294
8664369,0.936133,-0.222661,-9.830592
8665539,0.924162,-0.153229,-9.749189
8666720,0.931344,-0.217872,-9.777920
8667903,0.931344,-0.205901,-9.744401
8669093,0.902614,-0.239420,-9.813833
8670271,0.948104,-0.241814,-9.842564
8671455,0.940921,-0.208296,-9.756371
8672630,0.938527,-0.248997,-9.801862
8673811,0.948104,-0.260968,-9.835381
8674997,0.909797,-0.239420,-9.900024
8676191,0.912191,-0.260968,-9.806650
8677374,0.919373,-0.229843,-9.847352
8678554,0.895431,-0.193930,-9.782708
8679726,0.885855,-0.239420,-9.775525
8680920,0.876278,-0.248997,-9.801862
8682110,0.921768,-0.222661,-9.734824
8683295,0.948104,-0.191536,-9.744401
8684469,0.948104,-0.217872,-9.832987
8685652,0.902614,-0.263362,-9.837775
8686832,0.914585,-0.268151,-9.749189
8688035,0.926556,-0.222661,-9.732430
8689220,0.962469,-0.191536,-9.773131
8690408,0.921768,-0.179565,-9.828198
8691584,0.893037,-0.239420,-9.871294
8692758,0.893037,-0.244209,-9.813833
8693944,0.940921,-0.184354,-9.852140
8695134,0.914585,-0.210690,-9.876082
8696324,0.878672,-0.186748,-9.770737
8697503,0.885855,-0.191536,-9.806650
8698678,0.909797,-0.191536,-9.856929
8699867,0.912191,-0.260968,-9.864111
8701056,0.897826,-0.208296,-9.768343
8702241,0.907402,-0.186748,-9.811439
8703416,0.931344,-0.198719,-9.828198
8704597,0.928950,-0.248997,-9.794679
8705776,0.876278,-0.296881,-9.825804
8706970,0.885855,-0.251391,-9.880871
8708166,0.928950,-0.229843,-9.856929
8709361,0.871489,-0.239420,-9.742006
8710535,0.902614,-0.208296,-9.739613
8711714,0.873884,-0.239420,-9.859323
8712900,0.912191,-0.213084,-9.861717
8714091,0.852336,-0.203507,-9.801862
8715268,0.849942,-0.234632,-9.787497
8716454,0.864307,-0.248997,-9.842564
8717629,0.928950,-0.258574,-9.902418
8718806,0.950498,-0.227449,-9.856929
8719993,0.960075,-0.174777,-9.780313
8721188,0.893037,-0.222661,-9.835381
8722373,0.895431,-0.186748,-9.873688
8723553,0.914585,-0.186748,-9.844957
8724731,0.885855,-0.270545,-9.823410
8725925,0.926556,-0.251391,-9.856929
8727115,0.924162,-0.217872,-9.883265
8728310,0.945710,-0.256180,-9.828198
8729481,0.928950,-0.258574,-9.763555
8730654,0.940921,-0.248997,-9.835381
8731831,0.955287,-0.205901,-9.823410
8733031,0.902614,-0.265756,-9.842564
8734217,0.876278,-0.246603,-9.856929
8735405,0.967257,-0.210690,-9.832987
8736579,0.926556,-0.222661,-9.868899
8737752,0.909797,-0.258574,-9.770737
8738937,0.921768,-0.232238,-9.832987
8740134,0.948104,-0.217872,-9.811439
8741325,0.897826,-0.193930,-9.797073
8742503,0.890643,-0.244209,-9.823410
8743677,0.890643,-0.201113,-9.880871
8744865,0.914585,-0.208296,-9.773131
8746055,0.902614,-0.213084,-9.742006
8747237,0.907402,-0.181959,-9.825804
8748414,0.945710,-0.227449,-9.866506
8749594,0.988805,-0.205901,-9.854534
8750769,0.869095,-0.222661,-9.830592
8751960,0.909797,-0.251391,-9.787497
8753152,0.895431,-0.246603,-9.777920
8754340,0.845153,-0.239420,-9.816227
8755503,0.883460,-0.248997,-9.816227
8756683,0.902614,-0.208296,-9.931149
8757866,0.897826,-0.172383,-9.813833
8759061,0.943315,-0.229843,-9.794679
8760242,0.933739,-0.198719,-9.864111
8761422,0.871489,-0.229843,-9.787497
8762593,0.931344,-0.222661,-9.777920
8763777,0.871489,-0.222661,-9.849746
8764967,0.955287,-0.229843,-9.792285
8766168,0.948104,-0.193930,-9.773131
8767351,0.866701,-0.198719,-9.885659
8768523,0.859518,-0.186748,-9.890448
8769697,0.928950,-0.215478,-9.876082
8770887,0.873884,-0.162806,-9.828198
8772078,0.893037,-0.186748,-9.809045
8773265,0.960075,-0.237026,-9.821015
8774443,0.952892,-0.244209,-9.816227
8775621,0.972046,-0.208296,-9.818622
8776797,0.902614,-0.208296,-9.799467
8777987,0.921768,-0.225055,-9.758766
8779185,0.900220,-0.210690,-9.856929
8780374,0.897826,-0.198719,-9.837775
8781544,0.988805,-0.169988,-9.852140
8782723,0.890643,-0.217872,-9.895236
8783913,0.933739,-0.189142,-9.890448
8785107,0.931344,-0.237026,-9.871294
8786288,0.960075,-0.169988,-9.890448
8787463,0.933739,-0.198719,-9.873688
8788639,0.981623,-0.232238,-9.832987
8789824,0.876278,-0.253785,-9.809045
8791019,0.921768,-0.277727,-9.806650
8792207,0.878672,-0.263362,-9.844957
8793391,0.866701,-0.222661,-9.890448
8794568,0.926556,-0.248997,-9.847352
8795749,0.878672,-0.229843,-9.818622
8796941,0.952892,-0.213084,-9.773131
8798127,0.960075,-0.201113,-9.722853
8799320,0.893037,-0.193930,-9.835381
8800494,0.916979,-0.205901,-9.813833
8801673,0.979228,-0.234632,-9.787497
8802855,0.900220,-0.201113,-9.928755
8804044,0.921768,-0.244209,-9.890448
8805224,0.940921,-0.246603,-9.847352
8806411,0.936133,-0.191536,-9.849746
8807587,0.955287,-0.172383,-9.780313
8808768,0.926556,-0.232238,-9.823410
8809957,0.907402,-0.208296,-9.787497
8811153,0.943315,-0.189142,-9.844957
8812340,0.950498,-0.160412,-9.830592
8813519,0.919373,-0.193930,-9.794679
8814692,0.916979,-0.172383,-9.830592
8815883,0.900220,-0.237026,-9.835381
8817073,0.895431,-0.220267,-9.844957
8818261,0.895431,-0.220267,-9.809045
8819434,0.948104,-0.208296,-9.816227
8820611,0.883460,-0.191536,-9.852140
8821790,0.919373,-0.225055,-9.818622
8822986,0.943315,-0.210690,-9.854534
8824183,0.881066,-0.263362,-9.907207
8825375,0.955287,-0.256180,-9.890448
8826549,0.936133,-0.193930,-9.895236
8827733,0.960075,-0.186748,-9.847352
8828923,0.897826,-0.191536,-9.868899
8830118,0.916979,-0.217872,-9.900024
8831300,0.900220,-0.217872,-9.842564
8832478,0.888249,-0.184354,-9.794679
8833653,0.960075,-0.174777,-9.821015
8834837,0.931344,-0.181959,-9.804255
8836035,0.940921,-0.253785,-9.856929
8837222,0.835576,-0.248997,-9.809045
8838404,0.895431,-0.165200,-9.789890
8839570,0.943315,-0.153229,-9.813833
8840739,0.907402,-0.172383,-9.816227
8841935,0.936133,-0.220267,-9.768343
8843126,0.962469,-0.186748,-9.816227
8844321,0.914585,-0.198719,-9.825804
8845496,0.940921,-0.229843,-9.823410
8846675,0.950498,-0.201113,-9.809045
8847854,0.948104,-0.177171,-9.844957
8849045,0.876278,-0.177171,-9.825804
8850225,0.928950,-0.251391,-9.765948
8851413,0.938527,-0.253785,-9.787497
8852584,0.948104,-0.263362,-9.818622
8853756,0.897826,-0.244209,-9.835381
8854942,0.885855,-0.215478,-9.856929
8856134,0.869095,-0.270545,-9.749189
8857325,0.907402,-0.222661,-9.758766
8858503,0.943315,-0.225055,-9.837775
8859678,0.940921,-0.248997,-9.907207
8860866,0.943315,-0.229843,-9.856929
8862056,0.962469,-0.225055,-9.852140
8863240,0.919373,-0.237026,-9.844957
8864415,0.902614,-0.193930,-9.840169
8865593,0.976834,-0.189142,-9.923966
8866770,0.924162,-0.210690,-9.840169
8867962,0.881066,-0.227449,-9.840169
8869154,0.916979,-0.251391,-9.866506
8870345,0.907402,-0.244209,-9.866506
8871518,0.948104,-0.234632,-9.818622
8872701,0.955287,-0.210690,-9.847352
8873887,0.921768,-0.222661,-9.890448
8875083,0.950498,-0.210690,-9.847352
8876267,0.926556,-0.222661,-9.854534
8877457,0.945710,-0.251391,-9.789890
8878627,0.964863,-0.237026,-9.856929
8879808,0.916979,-0.203507,-9.868899
8880993,0.885855,-0.227449,-9.852140
8882191,0.859518,-0.220267,-9.876082
8883372,0.900220,-0.253785,-9.852140
8884550,0.907402,-0.220267,-9.823410
8885723,0.921768,-0.186748,-9.811439
8886918,0.890643,-0.198719,-9.744401
8888107,0.909797,-0.217872,-9.753978
8889289,0.902614,-0.234632,-9.837775
8890463,0.936133,-0.193930,-9.890448
8891645,0.902614,-0.203507,-9.883265
8892824,0.912191,-0.248997,-9.777920
8894024,0.914585,-0.227449,-9.823410
8895208,0.940921,-0.217872,-9.900024
8896391,0.876278,-0.186748,-9.876082
8897564,0.936133,-0.203507,-9.775525
8898747,0.924162,-0.203507,-9.830592
8899929,0.962469,-0.203507,-9.763555
8901125,0.938527,-0.225055,-9.835381
8902314,0.938527,-0.225055,-9.763555
8903493,0.926556,-0.229843,-9.813833
8904669,0.864307,-0.205901,-9.828198
8905854,0.945710,-0.196325,-9.842564
8907044,0.931344,-0.248997,-9.890448
8908229,0.845153,-0.237026,-9.792285
8909412,0.866701,-0.232238,-9.794679
8910587,0.909797,-0.174777,-9.897630
8911757,0.943315,-0.191536,-9.825804
8912948,0.948104,-0.268151,-9.830592
8914133,0.883460,-0.280122,-9.876082
8915328,0.888249,-0.210690,-9.823410
8916501,0.866701,-0.186748,-9.818622
8917680,0.897826,-0.229843,-9.823410
8918865,0.912191,-0.248997,-9.828198
8920060,0.907402,-0.215478,-9.883265
8921239,0.897826,-0.203507,-9.806650
8922422,0.890643,-0.210690,-9.811439
8923593,0.972046,-0.234632,-9.816227
8924777,0.928950,-0.234632,-9.864111
8925967,0.907402,-0.191536,-9.742006
8927165,0.912191,-0.201113,-9.880871
8928351,0.936133,-0.244209,-9.861717
8929531,0.895431,-0.237026,-9.856929
8930706,0.883460,-0.201113,-9.859323
8931896,0.890643,-0.186748,-9.804255
8933082,0.924162,-0.201113,-9.785102
8934271,0.938527,-0.225055,-9.797073
8935453,0.940921,-0.189142,-9.823410
8936627,0.897826,-0.229843,-9.780313
8937803,0.888249,-0.213084,-9.768343
8938994,0.859518,-0.268151,-9.885659
8940187,0.902614,-0.260968,-9.895236
8941375,0.919373,-0.253785,-9.861717
8942551,0.952892,-0.232238,-9.706094
8943733,0.957681,-0.234632,-9.787497
8944925,0.926556,-0.220267,-9.840169
8946119,0.902614,-0.229843,-9.832987
8947308,0.907402,-0.251391,-9.765948
8948487,0.905008,-0.222661,-9.809045
8949652,0.905008,-0.210690,-9.811439
8950834,0.878672,-0.239420,-9.811439
8952032,0.962469,-0.215478,-9.794679
8953222,0.938527,-0.196325,-9.871294
8954406,0.849942,-0.186748,-9.835381
8955586,0.876278,-0.174777,-9.837775
8956757,0.902614,-0.193930,-9.727641
8957945,0.859518,-0.237026,-9.876082
8959130,0.931344,-0.172383,-9.830592
8960326,0.936133,-0.169988,-9.883265
8961501,0.902614,-0.172383,-9.823410
8962675,0.885855,-0.210690,-9.734824
8963855,0.861913,-0.169988,-9.758766
8965047,0.924162,-0.196325,-9.866506
8966227,0.928950,-0.186748,-9.828198
8967415,0.907402,-0.232238,-9.852140
8968589,0.866701,-0.260968,-9.816227
8969769,0.945710,-0.220267,-9.844957
8970958,0.938527,-0.205901,-9.710882
8972154,0.960075,-0.201113,-9.730036
8973337,0.905008,-0.208296,-9.825804
8974508,0.931344,-0.229843,-9.852140
8975683,0.916979,-0.229843,-9.844957
8976873,0.924162,-0.237026,-9.873688
8978063,0.933739,-0.232238,-9.789890
8979248,0.924162,-0.225055,-9.777920
8980427,0.871489,-0.191536,-9.770737
8981610,0.866701,-0.229843,-9.770737
8982789,0.916979,-0.256180,-9.730036
8983981,0.912191,-0.256180,-9.811439
8985179,0.924162,-0.234632,-9.804255
8986373,0.957681,-0.215478,-9.780313
8987548,0.912191,-0.205901,-9.816227
8988727,0.924162,-0.246603,-9.844957
8989916,0.919373,-0.196325,-9.821015
8991111,0.912191,-0.208296,-9.794679
8992290,0.969652,-0.201113,-9.787497
8993470,0.969652,-0.222661,-9.758766
8994649,0.967257,-0.251391,-9.718064
8995833,0.909797,-0.268151,-9.734824
8997030,0.893037,-0.217872,-9.804255
8998217,0.938527,-0.265756,-9.821015
8999400,0.952892,-0.248997,-9.792285
9000580,0.902614,-0.246603,-9.797073
9001749,0.881066,-0.217872,-9.866506
9002940,0.845153,-0.213084,-9.828198
9004130,0.888249,-0.184354,-9.785102
9005324,0.936133,-0.193930,-9.804255
9006498,0.919373,-0.246603,-9.761160
9007677,0.897826,-0.239420,-9.789890
9008857,0.938527,-0.222661,-9.842564
9010049,0.960075,-0.208296,-9.864111
9011228,0.897826,-0.217872,-9.823410
9012421,0.914585,-0.237026,-9.770737
9013595,0.955287,-0.179565,-9.799467
9014780,0.883460,-0.201113,-9.823410
9015968,0.890643,-0.253785,-9.770737
9017168,0.890643,-0.198719,-9.902418
9018354,0.905008,-0.174777,-9.832987
9019527,0.876278,-0.205901,-9.868899
9020700,0.943315,-0.165200,-9.904813
9021889,0.924162,-0.205901,-9.785102
9023078,0.945710,-0.181959,-9.847352
9024266,0.972046,-0.191536,-9.928755
9025449,0.921768,-0.234632,-9.935937
9026622,0.905008,-0.256180,-9.789890
9027794,0.907402,-0.220267,-9.844957
9028984,0.957681,-0.169988,-9.821015
9030182,0.873884,-0.198719,-9.816227
9031375,0.900220,-0.258574,-9.847352
9032544,0.943315,-0.198719,-9.856929
9033724,0.933739,-0.172383,-9.883265
9034914,0.933739,-0.205901,-9.871294
9036108,0.957681,-0.253785,-9.813833
9037289,0.957681,-0.229843,-9.792285
9038469,0.945710,-0.246603,-9.758766
9039647,0.945710,-0.237026,-9.749189
9040831,0.866701,-0.217872,-9.730036
9042027,0.924162,-0.246603,-9.789890
9043215,0.933739,-0.232238,-9.830592
9044398,0.938527,-0.179565,-9.821015
9045575,0.948104,-0.138864,-9.844957
9046743,0.914585,-0.174777,-9.900024
9047938,0.864307,-0.222661,-9.837775
9049129,0.905008,-0.260968,-9.809045
9050320,0.943315,-0.172383,-9.837775
9051495,0.967257,-0.189142,-9.871294
9052676,0.890643,-0.225055,-9.856929
9053856,0.893037,-0.184354,-9.792285
9055044,0.952892,-0.208296,-9.801862
9056222,0.909797,-0.239420,-9.809045
9057408,0.902614,-0.296881,-9.775525
9058583,0.909797,-0.275333,-9.768343
9059758,0.928950,-0.253785,-9.828198
9060945,0.893037,-0.275333,-9.742006
9062134,0.861913,-0.220267,-9.751583
9063326,0.866701,-0.237026,-9.804255
9064503,0.916979,-0.186748,-9.789890
9065678,0.945710,-0.196325,-9.818622
9066867,0.895431,-0.208296,-9.765948
9068057,0.888249,-0.203507,-9.749189
9069241,0.943315,-0.227449,-9.799467
9070417,0.950498,-0.234632,-9.847352
9071594,0.943315,-0.248997,-9.823410
9072771,0.924162,-0.239420,-9.837775
9073966,0.912191,-0.213084,-9.799467
9075162,0.902614,-0.191536,-9.785102
9076353,0.936133,-0.222661,-9.830592
9077520,0.924162,-0.179565,-9.835381
9078704,0.976834,-0.227449,-9.825804
9079890,0.921768,-0.244209,-9.785102
9081085,0.900220,-0.260968,-9.823410
9082266,0.936133,-0.213084,-9.734824
9083442,0.921768,-0.205901,-9.773131
9084615,0.921768,-0.179565,-9.823410
9085799,0.873884,-0.191536,-9.828198
9086986,0.905008,-0.232238,-9.895236
9088187,0.895431,-0.237026,-9.809045
9089374,0.936133,-0.275333,-9.804255
9090554,0.931344,-0.225055,-9.844957
9091729,0.921768,-0.241814,-9.787497
9092924,0.916979,-0.215478,-9.770737
9094113,0.952892,-0.210690,-9.818622
9095298,0.926556,-0.213084,-9.809045
9096471,0.940921,-0.184354,-9.775525
9097649,0.938527,-0.205901,-9.742006
9098826,0.995988,-0.222661,-9.739613
9100027,0.938527,-0.232238,-9.844957
9101211,0.893037,-0.229843,-9.852140
9102396,0.967257,-0.234632,-9.856929
9103570,0.933739,-0.191536,-9.844957
9104743,0.931344,-0.198719,-9.871294
9105935,0.962469,-0.234632,-9.873688
9107131,0.928950,-0.248997,-9.732430
9108322,0.876278,-0.222661,-9.847352
9109502,0.921768,-0.210690,-9.835381
9110676,0.883460,-0.251391,-9.890448
9111861,0.919373,-0.258574,-9.813833
9113048,0.902614,-0.227449,-9.742006
9114232,0.897826,-0.246603,-9.828198
9115412,0.895431,-0.292093,-9.892841
9116587,0.986411,-0.253785,-9.852140
9117757,0.883460,-0.239420,-9.792285
9118947,0.897826,-0.225055,-9.737218
9120131,0.940921,-0.217872,-9.854534
9121322,0.991199,-0.225055,-9.868899
9122496,0.943315,-0.203507,-9.837775
9123675,0.943315,-0.210690,-9.837775
9124856,0.885855,-0.213084,-9.780313
9126046,0.881066,-0.222661,-9.823410
9127224,0.907402,-0.193930,-9.763555
9128411,0.916979,-0.205901,-9.809045
9129584,0.888249,-0.189142,-9.763555
9130757,0.861913,-0.162806,-9.722853
9131943,0.912191,-0.158017,-9.744401
9133133,0.972046,-0.220267,-9.844957
9134322,0.912191,-0.222661,-9.871294
9135502,0.976834,-0.222661,-9.943120
9136677,0.979228,-0.191536,-9.832987
9137867,0.957681,-0.191536,-9.785102
9139056,0.972046,-0.193930,-9.787497
9140240,0.893037,-0.205901,-9.770737
9141417,0.900220,-0.282516,-9.871294
9142595,0.972046,-0.174777,-9.770737
9143771,0.933739,-0.241814,-9.785102
9144965,0.919373,-0.201113,-9.866506
9146157,0.919373,-0.193930,-9.876082
9147347,0.945710,-0.282516,-9.844957
9148523,0.926556,-0.244209,-9.813833
9149701,0.907402,-0.232238,-9.830592
9150886,0.936133,-0.237026,-9.854534
9152081,0.881066,-0.253785,-9.799467
9153265,0.885855,-0.198719,-9.818622
9154450,0.890643,-0.186748,-9.813833
9155625,0.926556,-0.189142,-9.787497
9156807,0.928950,-0.229843,-9.825804
9157993,0.952892,-0.229843,-9.856929
9159190,0.952892,-0.234632,-9.828198
9160374,0.957681,-0.198719,-9.868899
9161554,0.928950,-0.186748,-9.818622
9162733,0.972046,-0.203507,-9.856929
9163928,0.890643,-0.217872,-9.830592
9165115,0.916979,-0.251391,-9.801862
9166306,0.907402,-0.205901,-9.840169
9167478,0.907402,-0.148441,-9.842564
9168656,0.938527,-0.196325,-9.897630
9169837,0.931344,-0.256180,-9.828198
9171036,0.960075,-0.287304,-9.856929
9172220,0.883460,-0.222661,-9.864111
9173408,0.893037,-0.196325,-9.854534
9174584,0.902614,-0.222661,-9.780313
9175758,0.928950,-0.234632,-9.840169
9176943,0.902614,-0.198719,-9.821015
9178134,0.984017,-0.213084,-9.837775
9179324,0.909797,-0.237026,-9.809045
9180501,0.955287,-0.239420,-9.811439
9181676,0.936133,-0.210690,-9.837775
9182862,0.900220,-0.237026,-9.864111
9184046,0.890643,-0.225055,-9.713276
9185230,0.972046,-0.222661,-9.777920
9186413,0.948104,-0.217872,-9.864111
9187588,0.943315,-0.205901,-9.835381
9188757,0.936133,-0.237026,-9.830592
9189947,0.888249,-0.253785,-9.782708
9191134,0.905008,-0.270545,-9.787497
9192326,0.916979,-0.198719,-9.787497
9193501,0.955287,-0.205901,-9.777920
9194679,0.938527,-0.251391,-9.811439
9195858,0.984017,-0.237026,-9.775525
9197048,0.955287,-0.196325,-9.847352
9198229,0.924162,-0.189142,-9.864111
9199422,0.933739,-0.205901,-9.837775
9200597,0.916979,-0.251391,-9.911995
9201782,0.902614,-0.205901,-9.847352
9202970,0.945710,-0.241814,-9.832987
9204170,0.931344,-0.239420,-9.964667
9205356,0.916979,-0.179565,-9.811439
9206536,0.900220,-0.234632,-9.816227
9207710,0.912191,-0.213084,-9.792285
9208901,0.948104,-0.225055,-9.828198
9210087,0.933739,-0.232238,-9.868899
9211277,0.902614,-0.213084,-9.859323
9212456,0.902614,-0.244209,-9.909601
9213634,0.914585,-0.198719,-9.816227
9214811,0.928950,-0.203507,-9.830592
9216000,0.845153,-0.237026,-9.787497
9217190,0.842759,-0.222661,-9.801862
9218375,0.873884,-0.196325,-9.816227
9219551,0.837971,-0.220267,-9.823410
9220730,0.897826,-0.203507,-9.821015
9221918,0.876278,-0.213084,-9.708488
9223112,0.916979,-0.292093,-9.823410
9224291,0.936133,-0.232238,-9.799467
9225471,0.924162,-0.220267,-9.840169
9226649,0.921768,-0.186748,-9.821015
9227833,0.921768,-0.222661,-9.837775
9229031,0.919373,-0.213084,-9.840169
9230218,0.962469,-0.225055,-9.782708
9231401,0.909797,-0.246603,-9.785102
9232578,0.876278,-0.225055,-9.837775
9233747,0.943315,-0.179565,-9.854534
9234938,0.907402,-0.158017,-9.813833
9236128,0.914585,-0.222661,-9.818622
9237323,0.885855,-0.208296,-9.821015
9238497,0.840365,-0.265756,-9.844957
9239672,0.919373,-0.270545,-9.765948
9240853,0.945710,-0.229843,-9.749189
9242044,0.916979,-0.232238,-9.969456
9243225,0.926556,-0.189142,-9.890448
9244410,0.914585,-0.292093,-9.902418
9245579,0.943315,-0.253785,-9.883265
9246755,0.962469,-0.213084,-9.835381
9247941,0.902614,-0.232238,-9.873688
9249137,0.893037,-0.217872,-9.864111
9250328,0.905008,-0.205901,-9.818622
9251505,0.909797,-0.225055,-9.842564
9252679,0.928950,-0.232238,-9.768343
9253868,0.905008,-0.172383,-9.775525
9255050,0.926556,-0.256180,-9.885659
9256235,0.912191,-0.203507,-9.852140
9257409,0.938527,-0.237026,-9.806650
9258587,0.873884,-0.253785,-9.746795
9259758,0.888249,-0.237026,-9.830592
9260948,0.912191,-0.234632,-9.859323
9262136,0.900220,-0.208296,-9.840169
9263327,0.940921,-0.201113,-9.842564
9264501,0.859518,-0.165200,-9.799467
9265680,0.916979,-0.225055,-9.806650
9266860,0.914585,-0.237026,-9.809045
9268049,0.940921,-0.208296,-9.809045
9269228,0.914585,-0.193930,-9.811439
9270416,0.900220,-0.196325,-9.892841
9271589,0.921768,-0.284910,-9.789890
9272770,0.878672,-0.263362,-9.895236
9273960,0.893037,-0.232238,-9.871294
9275157,0.955287,-0.253785,-9.916783
9276344,0.926556,-0.265756,-9.813833
9277520,0.921768,-0.251391,-9.809045
9278697,0.912191,-0.222661,-9.837775
9279889,0.900220,-0.217872,-9.849746
9281079,0.823605,-0.179565,-9.818622
9282266,0.869095,-0.210690,-9.809045
9283444,0.881066,-0.193930,-9.854534
9284621,0.907402,-0.186748,-9.864111
9285795,0.943315,-0.201113,-9.801862
9286985,0.902614,-0.260968,-9.794679
9288182,0.921768,-0.222661,-9.878476
9289375,0.926556,-0.179565,-9.849746
9290546,0.931344,-0.215478,-9.871294
9291723,0.890643,-0.234632,-9.809045
9292912,0.871489,-0.239420,-9.835381
9294106,0.921768,-0.181959,-9.897630
9295286,0.931344,-0.184354,-9.799467
9296471,0.897826,-0.189142,-9.782708
9297641,0.857124,-0.191536,-9.787497
9298826,0.902614,-0.244209,-9.823410
9300020,0.890643,-0.289698,-9.816227
9301208,0.914585,-0.225055,-9.777920
9302391,0.933739,-0.248997,-9.909601
9303568,0.907402,-0.253785,-9.847352
9304746,0.869095,-0.215478,-9.770737
9305936,0.952892,-0.237026,-9.780313
9307127,0.928950,-0.284910,-9.797073
9308320,0.924162,-0.280122,-9.856929
9309494,0.900220,-0.256180,-9.852140
9310672,0.905008,-0.227449,-9.823410
9311848,0.928950,-0.203507,-9.832987
9313044,0.928950,-0.213084,-9.909601
9314221,0.876278,-0.239420,-9.876082
9315408,0.938527,-0.213084,-9.852140
9316582,0.928950,-0.217872,-9.873688
9317757,0.885855,-0.165200,-9.806650
9318942,0.900220,-0.201113,-9.780313
9320130,0.972046,-0.251391,-9.773131
9321319,0.893037,-0.284910,-9.828198
9322498,0.950498,-0.277727,-9.844957
9323673,0.926556,-0.232238,-9.797073
9324859,0.905008,-0.265756,-9.825804
9326044,0.940921,-0.260968,-9.856929
9327228,0.902614,-0.260968,-9.854534
9328411,0.900220,-0.284910,-9.823410
9329588,0.928950,-0.184354,-9.878476
9330758,0.921768,-0.208296,-9.844957
9331949,0.869095,-0.179565,-9.794679
9333136,0.905008,-0.177171,-9.854534
9334330,0.900220,-0.227449,-9.876082
9335503,0.912191,-0.260968,-9.909601
9336681,0.895431,-0.210690,-9.782708
9337861,0.905008,-0.158017,-9.794679
9339050,0.909797,-0.203507,-9.861717
9340229,0.938527,-0.239420,-9.816227
9341417,0.876278,-0.244209,-9.832987
9342592,0.928950,-0.201113,-9.871294
9343772,0.890643,-0.232238,-9.885659
9344964,0.890643,-0.246603,-9.785102
9346163,0.969652,-0.241814,-9.768343
9347350,0.921768,-0.217872,-9.801862
9348529,0.933739,-0.203507,-9.888053
9349701,0.909797,-0.184354,-9.825804
9350892,0.972046,-0.217872,-9.832987
9352083,0.926556,-0.213084,-9.940725
9353270,0.919373,-0.232238,-9.916783
9354456,0.909797,-0.210690,-9.904813
9355634,0.900220,-0.203507,-9.911995
9356808,0.940921,-0.244209,-9.883265
9357998,0.948104,-0.241814,-9.866506
9359190,0.974440,-0.251391,-9.835381
9360378,0.960075,-0.265756,-9.768343
9361552,0.943315,-0.227449,-9.818622
9362736,0.943315,-0.217872,-9.840169
9363927,0.967257,-0.241814,-9.811439
9365124,0.979228,-0.251391,-9.837775
9366314,0.900220,-0.263362,-9.770737
9367491,0.919373,-0.191536,-9.847352
9368667,0.916979,-0.196325,-9.928755
9369854,0.900220,-0.258574,-9.840169
9371044,0.890643,-0.239420,-9.780313
9372226,0.919373,-0.193930,-9.811439
9373409,0.909797,-0.270545,-9.840169
9374588,0.933739,-0.208296,-9.830592
9375757,0.948104,-0.260968,-9.775525
9376947,0.936133,-0.258574,-9.835381
9378134,0.940921,-0.272939,-9.864111
9379330,0.924162,-0.258574,-9.744401
9380504,0.883460,-0.186748,-9.830592
9381684,0.916979,-0.253785,-9.775525
9382869,0.964863,-0.272939,-9.868899
9384061,0.893037,-0.210690,-9.773131
9385240,0.885855,-0.193930,-9.703699
9386427,0.905008,-0.244209,-9.780313
9387603,0.948104,-0.239420,-9.868899
9388787,0.969652,-0.239420,-9.825804
9389977,0.873884,-0.189142,-9.799467
9391180,0.873884,-0.248997,-9.883265
9392370,0.902614,-0.248997,-9.861717
9393547,0.931344,-0.217872,-9.749189
9394723,0.912191,-0.272939,-9.787497
9395918,0.905008,-0.306458,-9.770737
9397105,0.948104,-0.246603,-9.758766
9398289,0.938527,-0.198719,-9.789890
9399463,0.928950,-0.222661,-9.775525
9400646,0.957681,-0.184354,-9.756371
9401826,1.003170,-0.184354,-9.765948
9403023,0.914585,-0.222661,-9.775525
9404208,0.943315,-0.244209,-9.775525
9405396,0.890643,-0.203507,-9.749189
9406568,0.893037,-0.225055,-9.825804
9407749,0.914585,-0.256180,-9.828198
9408936,0.926556,-0.208296,-9.818622
9410132,0.926556,-0.239420,-9.765948
9411323,0.902614,-0.253785,-9.811439
9412502,0.945710,-0.244209,-9.866506
9413670,0.890643,-0.186748,-9.797073
9414856,0.924162,-0.265756,-9.787497
9416044,0.988805,-0.275333,-9.830592
9417228,0.897826,-0.256180,-9.825804
9418408,0.871489,-0.234632,-9.799467
9419589,0.979228,-0.181959,-9.799467
9420759,0.948104,-0.246603,-9.933543
9421950,0.907402,-0.251391,-9.840169
9423135,0.931344,-0.256180,-9.768343
9424330,0.902614,-0.268151,-9.792285
9425504,0.940921,-0.277727,-9.799467
9426679,0.931344,-0.198719,-9.861717
9427861,0.916979,-0.203507,-9.830592
9429051,0.916979,-0.244209,-9.713276
9430231,0.893037,-0.260968,-9.696517
9431416,0.876278,-0.217872,-9.777920
9432591,0.902614,-0.272939,-9.828198
9433772,0.914585,-0.251391,-9.852140
9434961,0.916979,-0.193930,-9.852140
9436158,0.950498,-0.213084,-9.794679
9437344,0.952892,-0.237026,-9.818622
9438524,0.852336,-0.232238,-9.864111
9439698,0.818817,-0.213084,-9.821015
9440880,0.859518,-0.222661,-9.847352
9442072,0.895431,-0.253785,-9.813833
9443261,0.931344,-0.205901,-9.842564
9444441,0.955287,-0.244209,-9.823410
9445618,0.914585,-0.239420,-9.849746
9446792,0.931344,-0.203507,-9.861717
9447988,0.924162,-0.191536,-9.878476
9449183,0.943315,-0.205901,-9.895236
9450374,0.921768,-0.167594,-9.959879
9451549,0.919373,-0.203507,-9.883265
9452728,0.866701,-0.215478,-9.823410
9453917,0.940921,-0.270545,-9.811439
9455108,0.926556,-0.241814,-9.780313
9456288,0.897826,-0.205901,-9.821015
9457467,0.861913,-0.248997,-9.777920
9458642,0.948104,-0.263362,-9.876082
9459826,0.955287,-0.239420,-9.885659
9461022,0.900220,-0.232238,-9.844957
9462208,0.837971,-0.258574,-9.854534
9463392,0.883460,-0.229843,-9.799467
9464570,0.924162,-0.213084,-9.818622
9465750,0.955287,-0.232238,-9.813833
9466942,0.955287,-0.227449,-9.825804
9468128,0.952892,-0.208296,-9.818622
9469323,0.960075,-0.241814,-9.785102
9470495,0.967257,-0.241814,-9.842564
9471676,0.905008,-0.256180,-9.732430
9472854,0.852336,-0.234632,-9.823410
9474045,0.912191,-0.244209,-9.849746
9475224,0.924162,-0.248997,-9.789890
9476409,0.864307,-0.232238,-9.698911
9477584,0.881066,-0.270545,-9.691729
9478758,0.933739,-0.237026,-9.900024
9479942,0.955287,-0.237026,-9.847352
9481133,0.940921,-0.237026,-9.880871
9482320,1.003170,-0.239420,-9.866506
9483498,0.960075,-0.244209,-9.809045
9484670,0.873884,-0.256180,-9.842564
9485856,0.919373,-0.265756,-9.832987
9487044,0.950498,-0.263362,-9.775525
9488227,0.960075,-0.191536,-9.770737
9489409,0.933739,-0.208296,-9.775525
9490589,0.883460,-0.248997,-9.837775
9491759,0.948104,-0.177171,-9.823410
9492950,0.981623,-0.165200,-9.806650
9494134,0.928950,-0.153229,-9.821015
9495329,0.914585,-0.203507,-9.761160
9496502,0.933739,-0.248997,-9.739613
9497682,0.881066,-0.227449,-9.794679
9498867,0.888249,-0.177171,-9.811439
9500062,0.933739,-0.225055,-9.792285
9501239,0.890643,-0.253785,-9.787497
9502423,0.933739,-0.196325,-9.828198
9503602,0.869095,-0.181959,-9.813833
9504787,0.921768,-0.208296,-9.837775
9505978,0.919373,-0.294487,-9.854534
9507181,0.890643,-0.275333,-9.825804
9508367,0.948104,-0.237026,-9.809045
9509545,0.878672,-0.234632,-9.823410
9510720,0.955287,-0.191536,-9.801862
9511914,0.938527,-0.205901,-9.842564
9513094,0.952892,-0.208296,-9.816227
9514279,0.945710,-0.232238,-9.809045
9515458,0.945710,-0.248997,-9.765948
9516637,0.916979,-0.217872,-9.744401
9517814,0.943315,-0.244209,-9.799467
9519005,0.914585,-0.220267,-9.844957
9520197,0.948104,-0.191536,-9.830592
9521385,0.878672,-0.167594,-9.708488
9522563,0.909797,-0.172383,-9.847352
9523746,0.938527,-0.198719,-9.844957
9524933,0.893037,-0.253785,-9.765948
9526129,0.883460,-0.258574,-9.811439
9527318,0.928950,-0.210690,-9.789890
9528496,0.957681,-0.208296,-9.854534
9529671,0.921768,-0.210690,-9.849746
9530856,0.885855,-0.205901,-9.883265
9532044,0.943315,-0.191536,-9.868899
9533230,0.912191,-0.258574,-9.837775
9534411,0.900220,-0.225055,-9.866506
9535588,0.893037,-0.232238,-9.823410
9536758,0.873884,-0.193930,-9.830592
9537948,0.849942,-0.246603,-9.885659
9539135,0.842759,-0.232238,-9.847352
9540329,0.940921,-0.287304,-9.837775
9541503,0.895431,-0.241814,-9.847352
9542683,0.893037,-0.256180,-9.775525
9543867,0.916979,-0.186748,-9.852140
9545061,0.950498,-0.229843,-9.797073
9546241,0.945710,-0.241814,-9.797073
9547425,0.902614,-0.268151,-9.782708
9548603,0.902614,-0.239420,-9.782708
9549786,0.919373,-0.229843,-9.785102
9550977,0.907402,-0.241814,-9.830592
9552176,0.914585,-0.239420,-9.821015
9553365,0.909797,-0.225055,-9.825804
9554544,0.962469,-0.263362,-9.821015
9555719,0.931344,-0.203507,-9.768343
9556912,0.905008,-0.203507,-9.818622
9558096,0.912191,-0.201113,-9.801862
9559280,0.871489,-0.205901,-9.832987
9560453,0.919373,-0.181959,-9.828198
9561634,0.945710,-0.222661,-9.761160
9562809,0.931344,-0.251391,-9.897630
9564000,0.948104,-0.222661,-9.888053
9565192,0.897826,-0.225055,-9.935937
9566380,0.921768,-0.256180,-9.880871
9567550,0.998382,-0.318429,-9.883265
9568730,0.931344,-0.229843,-9.852140
9569920,0.909797,-0.234632,-9.876082
9571112,0.964863,-0.256180,-9.768343
9572293,0.933739,-0.239420,-9.859323
9573472,0.967257,-0.260968,-9.842564
9574651,0.943315,-0.241814,-9.890448
9575835,0.974440,-0.189142,-9.861717
9577032,0.897826,-0.237026,-9.880871
9578220,0.890643,-0.265756,-9.957485
9579403,0.902614,-0.229843,-9.873688
9580583,0.909797,-0.282516,-9.844957
9581753,0.900220,-0.296881,-9.878476
9582942,0.943315,-0.210690,-9.821015
9584127,0.912191,-0.270545,-9.742006
9585321,0.919373,-0.289698,-9.777920
9586495,0.936133,-0.256180,-9.904813
9587674,0.967257,-0.225055,-9.904813
9588854,0.895431,-0.191536,-9.816227
9590046,0.931344,-0.184354,-9.844957
9591225,0.902614,-0.205901,-9.801862
9592408,0.881066,-0.193930,-9.785102
9593577,0.926556,-0.189142,-9.842564
9594750,0.926556,-0.174777,-9.813833
9595937,0.866701,-0.251391,-9.856929
9597133,0.900220,-0.184354,-9.842564
9598321,0.940921,-0.198719,-9.785102
9599500,0.948104,-0.263362,-9.821015
9600674,0.897826,-0.241814,-9.890448
9601860,0.902614,-0.237026,-9.856929
9603045,0.900220,-0.205901,-9.816227
9604226,0.890643,-0.232238,-9.780313
9605409,0.914585,-0.237026,-9.823410
9606585,0.919373,-0.248997,-9.763555
9607756,0.885855,-0.292093,-9.782708
9608946,0.931344,-0.201113,-9.847352
9610132,0.902614,-0.246603,-9.804255
9611325,0.888249,-0.203507,-9.732430
9612498,0.921768,-0.198719,-9.825804
9613678,0.919373,-0.193930,-9.794679
9614859,0.876278,-0.208296,-9.830592
9616049,0.928950,-0.237026,-9.809045
9617227,0.888249,-0.184354,-9.720459
9618411,0.938527,-0.241814,-9.809045
9619586,0.919373,-0.246603,-9.840169
9620760,0.893037,-0.196325,-9.794679
9621946,0.933739,-0.232238,-9.775525
9623144,0.952892,-0.241814,-9.895236
9624331,0.984017,-0.198719,-9.888053
9625506,0.919373,-0.138864,-9.780313
9626681,0.936133,-0.208296,-9.737218
9627870,0.943315,-0.201113,-9.797073
9629059,0.885855,-0.229843,-9.816227
9630245,0.926556,-0.213084,-9.787497
9631425,0.936133,-0.155623,-9.844957
9632608,0.900220,-0.220267,-9.828198
9633785,0.924162,-0.248997,-9.801862
9634981,0.902614,-0.229843,-9.878476
9636179,0.900220,-0.251391,-9.835381
9637372,0.895431,-0.265756,-9.816227
9638547,0.914585,-0.277727,-9.852140
9639724,0.928950,-0.239420,-9.864111
9640913,0.905008,-0.174777,-9.861717
9642103,0.847547,-0.225055,-9.828198
9643283,0.845153,-0.191536,-9.818622
9644468,0.943315,-0.210690,-9.921572
9645643,0.895431,-0.205901,-9.890448
9646826,0.859518,-0.213084,-9.816227
9648023,0.885855,-0.205901,-9.811439
9649211,0.909797,-0.244209,-9.821015
9650389,0.902614,-0.289698,-9.799467
9651567,0.988805,-0.220267,-9.830592
9652742,0.928950,-0.198719,-9.885659
9653935,0.960075,-0.177171,-9.873688
9655126,0.900220,-0.184354,-9.892841
9656319,0.881066,-0.227449,-9.830592
9657489,0.931344,-0.227449,-9.818622
9658662,0.952892,-0.232238,-9.861717
9659844,0.883460,-0.263362,-9.753978
9661041,0.876278,-0.229843,-9.809045
9662216,0.938527,-0.237026,-9.789890
9663400,0.919373,-0.244209,-9.749189
9664576,0.878672,-0.270545,-9.751583
9665748,0.869095,-0.191536,-9.780313
9666934,0.907402,-0.265756,-9.801862
9668129,0.912191,-0.277727,-9.842564
9669319,0.952892,-0.232238,-9.868899
9670496,0.976834,-0.220267,-9.830592
9671670,0.974440,-0.232238,-9.852140
9672853,0.933739,-0.213084,-9.806650
9674044,0.905008,-0.217872,-9.801862
9675225,0.907402,-0.227449,-9.852140
9676407,0.931344,-0.222661,-9.734824
9677582,0.919373,-0.210690,-9.823410
9678751,0.897826,-0.263362,-9.801862
9679942,0.890643,-0.225055,-9.864111
9681128,0.878672,-0.222661,-9.787497
9682323,0.897826,-0.186748,-9.780313
9683497,0.897826,-0.201113,-9.727641
9684677,0.967257,-0.222661,-9.749189
9685859,0.991199,-0.246603,-9.955091
9687049,0.924162,-0.205901,-9.866506
9688228,0.931344,-0.213084,-9.856929
9689416,0.933739,-0.201113,-9.828198
9690591,0.957681,-0.244209,-9.806650
9691771,0.916979,-0.208296,-9.715671
9692960,0.960075,-0.205901,-9.835381
9694156,0.957681,-0.186748,-9.780313
9695342,0.912191,-0.237026,-9.787497
9696522,0.883460,-0.256180,-9.852140
9697699,0.912191,-0.222661,-9.806650
9698889,0.950498,-0.222661,-9.756371
9700080,0.957681,-0.313640,-9.749189
9701268,0.988805,-0.256180,-9.703699
9702447,0.964863,-0.237026,-9.686940
9703625,0.931344,-0.239420,-9.698911
9704801,0.919373,-0.234632,-9.727641
9705989,0.995988,-0.217872,-9.806650
9707188,0.905008,-0.227449,-9.770737
9708379,0.914585,-0.215478,-9.876082
9709554,0.981623,-0.234632,-9.897630
9710737,0.936133,-0.246603,-9.876082
9711928,0.859518,-0.213084,-9.878476
9713120,0.902614,-0.201113,-9.835381
9714296,0.936133,-0.172383,-9.823410
9715476,0.926556,-0.227449,-9.828198
9716650,0.883460,-0.258574,-9.773131
9717834,0.830788,-0.201113,-9.804255
9719030,0.943315,-0.225055,-9.835381
9720218,0.957681,-0.215478,-9.792285
9721402,0.907402,-0.208296,-9.864111
9722574,0.902614,-0.241814,-9.854534
9723742,0.916979,-0.220267,-9.842564
9724938,0.912191,-0.205901,-9.844957
9726129,0.888249,-0.260968,-9.780313
9727322,0.924162,-0.253785,-9.816227
9728497,0.933739,-0.270545,-9.825804
9729676,0.928950,-0.248997,-9.871294
9730857,0.914585,-0.244209,-9.823410
9732045,0.885855,-0.205901,-9.804255
9733222,0.916979,-0.229843,-9.842564
9734411,0.936133,-0.258574,-9.844957
9735585,0.948104,-0.248997,-9.782708
9736760,0.955287,-0.248997,-9.835381
9737947,0.905008,-0.229843,-9.734824
9739136,0.926556,-0.225055,-9.840169
9740325,0.967257,-0.237026,-9.830592
9741503,0.979228,-0.205901,-9.816227
9742678,0.940921,-0.237026,-9.849746
9743866,0.921768,-0.246603,-9.895236
9745053,0.948104,-0.220267,-9.892841
9746237,0.914585,-0.234632,-9.871294
9747426,0.909797,-0.237026,-9.768343
9748608,0.921768,-0.222661,-9.749189
9749789,0.972046,-0.217872,-9.765948
9750984,0.895431,-0.213084,-9.816227
9752182,0.974440,-0.222661,-9.816227
9753375,0.952892,-0.229843,-9.873688
9754546,0.871489,-0.232238,-9.842564
9755726,0.861913,-0.220267,-9.866506
9756915,0.895431,-0.258574,-9.794679
9758110,0.969652,-0.196325,-9.844957
9759291,0.895431,-0.239420,-9.888053
9760469,0.864307,-0.253785,-9.856929
9761642,0.916979,-0.234632,-9.818622
9762827,0.890643,-0.184354,-9.842564
9764022,0.869095,-0.177171,-9.818622
9765210,0.914585,-0.208296,-9.904813
9766393,0.924162,-0.241814,-9.928755
9767572,0.912191,-0.241814,-9.933543
9768748,0.955287,-0.213084,-9.926360
9769938,0.952892,-0.213084,-9.873688
9771130,0.936133,-0.213084,-9.878476
9772324,0.919373,-0.201113,-9.866506
9773498,0.914585,-0.215478,-9.890448
9774677,0.912191,-0.225055,-9.859323
9775859,0.919373,-0.193930,-9.837775
9777050,0.948104,-0.232238,-9.902418
9778229,0.924162,-0.239420,-9.878476
9779414,0.902614,-0.186748,-9.900024
9780587,0.962469,-0.186748,-9.804255
9781767,0.924162,-0.237026,-9.804255
9782953,0.984017,-0.244209,-9.878476
9784149,0.960075,-0.260968,-9.835381
9785334,0.957681,-0.193930,-9.787497
9786512,0.909797,-0.174777,-9.816227
9787682,0.933739,-0.179565,-9.718064
9788872,0.926556,-0.177171,-9.794679
9790062,0.952892,-0.239420,-9.859323
9791247,0.905008,-0.232238,-9.792285
9792426,0.919373,-0.213084,-9.797073
9793599,0.948104,-0.203507,-9.821015
9794774,0.919373,-0.193930,-9.856929
9795968,0.931344,-0.205901,-9.861717
9797163,0.861913,-0.198719,-9.847352
9798355,0.984017,-0.225055,-9.876082
9799528,0.919373,-0.203507,-9.816227
9800706,0.900220,-0.196325,-9.770737
9801890,0.969652,-0.174777,-9.821015
9803085,0.928950,-0.217872,-9.799467
9804269,0.883460,-0.189142,-9.789890
9805453,0.907402,-0.220267,-9.785102
9806626,0.924162,-0.191536,-9.768343
9807807,0.914585,-0.193930,-9.674969
9808993,0.928950,-0.198719,-9.761160
9810190,0.926556,-0.203507,-9.722853
9811374,0.957681,-0.174777,-9.737218
9812554,0.878672,-0.189142,-9.794679
9813730,0.933739,-0.186748,-9.828198
9814922,0.909797,-0.174777,-9.856929
9816112,0.969652,-0.220267,-9.823410
9817296,0.952892,-0.203507,-9.727641
9818470,0.924162,-0.210690,-9.701305
9819643,0.945710,-0.229843,-9.770737
9820819,0.960075,-0.189142,-9.830592
9822018,0.986411,-0.169988,-9.780313
9823204,0.943315,-0.196325,-9.782708
9824392,0.943315,-0.241814,-9.873688
9825566,0.943315,-0.165200,-9.825804
9826748,0.931344,-0.222661,-9.866506
9827934,0.952892,-0.165200,-9.876082
9829129,0.912191,-0.237026,-9.787497
9830319,0.885855,-0.196325,-9.797073
9831495,0.907402,-0.181959,-9.844957
9832669,0.931344,-0.193930,-9.837775
9833854,0.909797,-0.186748,-9.828198
9835044,0.924162,-0.177171,-9.787497
9836229,0.905008,-0.222661,-9.801862
9837411,0.921768,-0.251391,-9.794679
9838591,0.957681,-0.256180,-9.794679
9839767,0.897826,-0.215478,-9.885659
9840962,0.854730,-0.172383,-9.821015
9842154,0.888249,-0.153229,-9.785102
9843344,0.909797,-0.186748,-9.830592
9844519,0.912191,-0.237026,-9.718064
9845701,0.900220,-0.229843,-9.787497
9846883,0.897826,-0.280122,-9.878476
9848079,0.921768,-0.220267,-9.799467
9849263,0.900220,-0.220267,-9.734824
9850445,0.919373,-0.146046,-9.720459
9851618,0.876278,-0.196325,-9.737218
9852798,0.931344,-0.184354,-9.710882
9853984,0.914585,-0.167594,-9.825804
9855186,0.845153,-0.232238,-9.832987
9856376,0.857124,-0.244209,-9.866506
9857555,0.916979,-0.246603,-9.789890
9858729,0.948104,-0.237026,-9.813833
9859923,0.864307,-0.234632,-9.787497
9861112,0.909797,-0.270545,-9.832987
9862297,0.926556,-0.179565,-9.854534
9863472,0.907402,-0.251391,-9.825804
9864654,0.857124,-0.225055,-9.809045
9865832,0.881066,-0.191536,-9.873688
9867032,0.876278,-0.258574,-9.902418
9868216,0.936133,-0.237026,-9.799467
9869403,0.945710,-0.215478,-9.794679
9870578,0.995988,-0.248997,-9.811439
9871752,0.962469,-0.270545,-9.919178
9872938,0.928950,-0.244209,-9.832987
9874133,0.919373,-0.232238,-9.859323
9875325,0.912191,-0.258574,-9.797073
9876504,0.905008,-0.268151,-9.811439
9877677,0.869095,-0.237026,-9.880871
9878862,0.926556,-0.189142,-9.878476
9880046,0.914585,-0.258574,-9.888053
9881231,0.972046,-0.184354,-9.904813
9882414,0.969652,-0.181959,-9.801862
9883593,0.957681,-0.193930,-9.775525
9884770,0.955287,-0.248997,-9.832987
9885965,0.943315,-0.237026,-9.830592
9887157,0.940921,-0.251391,-9.818622
9888345,0.969652,-0.237026,-9.852140
9889507,0.948104,-0.275333,-9.835381
9890687,0.921768,-0.258574,-9.837775
9891872,0.902614,-0.220267,-9.830592
9893065,0.885855,-0.210690,-9.794679
9894245,0.861913,-0.282516,-9.919178
9895430,0.948104,-0.241814,-9.914390
9896608,0.950498,-0.268151,-9.890448
9897792,0.943315,-0.234632,-9.849746
9898984,0.967257,-0.232238,-9.758766
9900186,0.976834,-0.256180,-9.770737
9901374,0.909797,-0.265756,-9.799467
9902549,0.893037,-0.203507,-9.811439
9903719,0.900220,-0.232238,-9.780313
9904908,0.902614,-0.203507,-9.706094
9906092,0.919373,-0.244209,-9.758766
9907275,0.907402,-0.232238,-9.756371
9908459,0.909797,-0.248997,-9.794679
9909639,0.933739,-0.268151,-9.775525
9910816,0.928950,-0.244209,-9.799467
9912006,0.907402,-0.210690,-9.809045
9913196,0.936133,-0.222661,-9.744401
9914379,0.902614,-0.237026,-9.794679
9915548,0.914585,-0.208296,-9.837775
9916728,0.902614,-0.229843,-9.878476
9917917,0.902614,-0.181959,-9.861717
9919112,0.883460,-0.177171,-9.880871
9920291,0.895431,-0.229843,-9.751583
9921471,0.890643,-0.217872,-9.756371
9922650,0.962469,-0.217872,-9.818622
9923835,0.907402,-0.201113,-9.837775
9925029,0.881066,-0.222661,-9.782708
9926217,0.861913,-0.263362,-9.809045
9927396,0.905008,-0.213084,-9.773131
9928572,0.900220,-0.193930,-9.780313
9929748,0.888249,-0.213084,-9.832987
9930939,0.878672,-0.227449,-9.818622
9932131,0.842759,-0.217872,-9.828198
9933326,0.895431,-0.215478,-9.797073
9934500,0.847547,-0.272939,-9.780313
9935674,0.859518,-0.265756,-9.816227
9936856,0.881066,-0.246603,-9.787497
9938047,0.826000,-0.229843,-9.770737
9939222,0.900220,-0.237026,-9.775525
9940404,0.885855,-0.253785,-9.840169
9941572,0.890643,-0.268151,-9.825804
9942752,0.871489,-0.217872,-9.732430
9943938,0.902614,-0.215478,-9.775525
9945133,0.883460,-0.244209,-9.801862
9946322,0.857124,-0.263362,-9.876082
9947501,0.881066,-0.232238,-9.859323
9948671,0.907402,-0.222661,-9.828198
9949856,0.905008,-0.258574,-9.890448
9951044,0.885855,-0.232238,-9.837775
9952225,0.936133,-0.213084,-9.835381
9953409,0.907402,-0.277727,-9.753978
9954588,0.888249,-0.294487,-9.801862
9955758,0.936133,-0.227449,-9.890448
9956949,0.871489,-0.217872,-9.933543
9958136,0.902614,-0.258574,-9.852140
9959331,0.921768,-0.229843,-9.825804
9960505,0.945710,-0.258574,-9.844957
9961680,0.936133,-0.244209,-9.849746
9962861,0.907402,-0.225055,-9.861717
9964051,0.902614,-0.229843,-9.852140
9965231,0.943315,-0.217872,-9.828198
9966416,0.914585,-0.258574,-9.854534
9967587,0.907402,-0.253785,-9.773131
9968767,0.928950,-0.258574,-9.864111
9969953,0.957681,-0.246603,-9.859323
9971148,0.964863,-0.191536,-9.825804
9972334,0.964863,-0.275333,-9.818622
9973519,0.902614,-0.225055,-9.806650
9974691,0.897826,-0.198719,-9.768343
9975881,0.950498,-0.272939,-9.840169
9977070,0.967257,-0.256180,-9.864111
9978258,0.964863,-0.177171,-9.818622
9979438,0.943315,-0.193930,-9.873688
9980616,0.897826,-0.239420,-9.825804
9981795,0.890643,-0.237026,-9.813833
9982991,0.962469,-0.208296,-9.931149
9984188,0.979228,-0.241814,-9.883265
9985382,0.967257,-0.232238,-9.813833
9986558,0.936133,-0.270545,-9.866506
9987740,0.967257,-0.239420,-9.813833
9988931,0.957681,-0.225055,-9.801862
9990125,0.972046,-0.234632,-9.782708
9991314,0.962469,-0.237026,-9.787497
9992493,0.914585,-0.280122,-9.691729
9993668,0.964863,-0.265756,-9.785102
9994854,0.974440,-0.198719,-9.861717
9996044,0.938527,-0.208296,-9.734824
9997227,0.991199,-0.241814,-9.821015
9998411,0.940921,-0.198719,-9.749189
9999590,0.976834,-0.246603,-9.761160
10000766,0.964863,-0.280122,-9.823410
10001957,0.933739,-0.246603,-9.746795
10003150,0.921768,-0.227449,-9.749189
10004342,0.916979,-0.184354,-9.765948
10005512,0.916979,-0.234632,-9.701305
10006697,0.900220,-0.208296,-9.746795
10012814,0.962469,-0.165200,-9.777920
10014004,0.940921,-0.136469,-9.871294
10015197,0.914585,-0.167594,-9.809045
10016385,0.986411,-0.222661,-9.804255
10017564,0.960075,-0.205901,-9.847352
10018745,0.948104,-0.179565,-9.883265
10019937,0.895431,-0.201113,-9.797073
10021133,0.897826,-0.210690,-9.828198
10022323,0.933739,-0.189142,-9.854534
10023502,0.960075,-0.141258,-9.866506
10024677,0.916979,-0.196325,-9.868899
10025863,0.938527,-0.179565,-9.904813
10027050,0.919373,-0.244209,-9.856929
10028235,0.890643,-0.229843,-9.811439
10029416,0.881066,-0.153229,-9.902418
10030596,0.912191,-0.229843,-9.787497
10031773,0.902614,-0.215478,-9.883265
10032968,0.876278,-0.229843,-9.897630
10034164,0.895431,-0.179565,-9.892841
10035356,0.936133,-0.179565,-9.868899
10036528,0.878672,-0.172383,-9.888053
10037706,0.943315,-0.196325,-9.873688
10038893,0.914585,-0.208296,-9.907207
10040089,0.888249,-0.213084,-9.782708
10041274,0.921768,-0.203507,-9.864111
10042453,0.931344,-0.232238,-9.789890
10043625,0.914585,-0.234632,-9.844957
10044808,0.897826,-0.205901,-9.816227
10045994,0.895431,-0.220267,-9.883265
10047191,0.928950,-0.146046,-9.933543
10048374,0.916979,-0.179565,-9.940725
10049554,0.945710,-0.213084,-9.806650
10050728,0.885855,-0.248997,-9.773131
10051923,0.869095,-0.181959,-9.775525
10053113,0.826000,-0.181959,-9.880871
10054297,0.883460,-0.198719,-9.878476
10055472,0.895431,-0.210690,-9.859323
10056655,0.883460,-0.208296,-9.866506
10057834,0.888249,-0.165200,-9.804255
10059035,0.871489,-0.241814,-9.876082
10060216,0.881066,-0.229843,-9.861717
10061399,0.878672,-0.186748,-9.844957
10062573,0.866701,-0.177171,-9.785102
10063745,0.909797,-0.213084,-9.785102
10064936,0.895431,-0.225055,-9.763555
10066132,0.936133,-0.184354,-9.801862
10067322,0.847547,-0.227449,-9.844957
10068502,0.885855,-0.213084,-9.823410
10069677,0.849942,-0.177171,-9.794679
10070864,0.885855,-0.196325,-9.785102
10072051,0.866701,-0.177171,-9.797073
10073236,0.893037,-0.160412,-9.806650
10074418,0.871489,-0.191536,-9.775525
10075599,0.924162,-0.129287,-9.849746
10076780,0.902614,-0.201113,-9.847352
10077974,0.919373,-0.225055,-9.849746
10079169,0.902614,-0.241814,-9.765948
10080363,0.897826,-0.217872,-9.713276
10081540,0.897826,-0.181959,-9.825804
10082720,0.905008,-0.169988,-9.813833
10083905,0.902614,-0.210690,-9.809045
10085094,0.902614,-0.220267,-9.756371
10086269,0.960075,-0.186748,-9.742006
10087451,0.919373,-0.217872,-9.756371
10088628,0.897826,-0.237026,-9.749189
10089809,0.919373,-0.251391,-9.787497
10090996,0.909797,-0.186748,-9.739613
10092194,0.926556,-0.169988,-9.751583
10093374,0.914585,-0.179565,-9.777920
10094554,0.883460,-0.172383,-9.828198
10095730,0.952892,-0.162806,-9.763555
10096924,0.960075,-0.217872,-9.753978
10098114,0.988805,-0.208296,-9.763555
10099299,0.900220,-0.217872,-9.753978
10100473,0.895431,-0.241814,-9.785102
10101651,0.902614,-0.181959,-9.706094
10102830,0.914585,-0.227449,-9.686940
10104031,0.940921,-0.205901,-9.797073
10105213,0.969652,-0.246603,-9.813833
10106401,0.931344,-0.239420,-9.801862
10107572,0.905008,-0.270545,-9.816227
10108743,0.907402,-0.258574,-9.792285
10109934,0.924162,-0.203507,-9.794679
10111130,0.948104,-0.265756,-9.837775
10112320,0.986411,-0.201113,-9.835381
10113500,0.948104,-0.301669,-9.859323
10114675,0.960075,-0.248997,-9.811439
10115861,0.936133,-0.222661,-9.785102
10117045,0.984017,-0.210690,-9.818622
10118227,1.000776,-0.234632,-9.837775
10119410,0.955287,-0.265756,-9.852140
10120590,0.912191,-0.323217,-9.830592
10121767,0.940921,-0.251391,-9.880871
10122961,0.936133,-0.248997,-9.911995
10124155,0.988805,-0.225055,-9.880871
10125345,0.952892,-0.258574,-9.828198
10126522,0.938527,-0.251391,-9.823410
10127705,1.070208,-0.296881,-9.749189
10128891,0.991199,-0.248997,-9.828198
10130086,0.900220,-0.225055,-9.837775
10131268,0.895431,-0.198719,-9.830592
10132447,0.972046,-0.225055,-9.768343
10133622,0.938527,-0.227449,-9.830592
10134802,0.981623,-0.244209,-9.811439
10135989,0.962469,-0.268151,-9.844957
10137192,0.962469,-0.284910,-9.849746
10138374,0.972046,-0.284910,-9.847352
10139554,0.988805,-0.294487,-9.811439
10140728,0.979228,-0.260968,-9.837775
10141923,0.869095,-0.292093,-9.885659
10143112,0.916979,-0.251391,-9.835381
10144298,0.976834,-0.246603,-9.837775
10145473,1.005565,-0.256180,-9.895236
10146656,0.955287,-0.217872,-9.993398
10147837,0.912191,-0.213084,-9.943120
10149039,0.974440,-0.201113,-9.825804
10150224,1.000776,-0.229843,-9.876082
10151411,0.931344,-0.284910,-9.890448
10152586,1.012747,-0.244209,-9.880871
10153760,0.960075,-0.251391,-9.854534
10154947,0.893037,-0.248997,-9.895236
10156144,0.895431,-0.237026,-9.909601
10157328,0.976834,-0.272939,-9.842564
10158508,0.945710,-0.237026,-9.883265
10159680,0.938527,-0.265756,-9.933543
10160870,0.921768,-0.294487,-9.864111
10162061,0.974440,-0.270545,-9.818622
10163246,0.890643,-0.256180,-9.897630
10164425,0.914585,-0.282516,-9.823410
10165609,0.849942,-0.198719,-9.821015
10166786,0.897826,-0.227449,-9.856929
10167983,0.924162,-0.232238,-9.871294
10169182,0.907402,-0.222661,-9.789890
10170375,0.912191,-0.232238,-9.804255
10171551,0.895431,-0.248997,-9.832987
10172732,0.821211,-0.201113,-9.979033
10173921,0.845153,-0.205901,-9.840169
10175114,0.936133,-0.260968,-9.809045
10176291,0.888249,-0.229843,-9.842564
10177472,0.928950,-0.210690,-9.809045
10178645,0.854730,-0.158017,-9.739613
10179829,0.821211,-0.205901,-9.768343
10181023,0.814029,-0.222661,-9.799467
10182212,0.883460,-0.191536,-9.852140
10183395,0.933739,-0.196325,-9.849746
10184574,0.866701,-0.220267,-9.852140
10185753,0.866701,-0.248997,-9.868899
10186943,0.857124,-0.215478,-9.842564
10188136,0.845153,-0.165200,-9.856929
10189332,0.849942,-0.210690,-9.876082
10190501,0.852336,-0.153229,-9.888053
10191679,0.900220,-0.124498,-9.852140
10192859,0.897826,-0.201113,-9.866506
10194050,0.876278,-0.203507,-9.895236
10195227,0.900220,-0.215478,-9.844957
10196414,0.890643,-0.217872,-9.806650
10197589,0.905008,-0.177171,-9.761160
10198768,0.940921,-0.208296,-9.830592
10199953,0.802058,-0.177171,-9.842564
10201151,0.809240,-0.169988,-9.904813
10202336,0.821211,-0.189142,-9.907207
10203521,0.871489,-0.169988,-9.945514
10204700,0.931344,-0.193930,-9.904813
10205891,0.883460,-0.181959,-9.969456
10207083,0.905008,-0.196325,-9.883265
10208270,0.859518,-0.205901,-9.801862
10209450,0.873884,-0.184354,-9.813833
10210631,0.859518,-0.174777,-9.782708
10211807,0.871489,-0.208296,-9.768343
10212999,0.905008,-0.241814,-9.816227
10214191,0.861913,-0.165200,-9.801862
10215383,0.833182,-0.162806,-9.799467
10216559,0.792481,-0.193930,-9.792285
10217742,0.859518,-0.186748,-9.818622
10218935,0.849942,-0.100556,-9.744401
10220130,0.876278,-0.153229,-9.732430
10221320,0.849942,-0.203507,-9.801862
10222498,0.864307,-0.169988,-9.761160
10223673,0.849942,-0.229843,-9.698911
10224861,0.897826,-0.203507,-9.655815
10226044,0.859518,-0.165200,-9.792285
10227227,0.914585,-0.191536,-9.816227
10228412,0.909797,-0.198719,-9.775525
10229592,0.921768,-0.196325,-9.639056
10230769,0.845153,-0.184354,-9.825804
10231964,0.895431,-0.172383,-9.842564
10233157,0.878672,-0.169988,-9.749189
10234349,0.945710,-0.217872,-9.799467
10235525,0.916979,-0.208296,-9.694122
10236703,0.948104,-0.203507,-9.811439
10237889,0.916979,-0.237026,-9.732430
10239084,0.916979,-0.172383,-9.744401
10240268,0.902614,-0.193930,-9.718064
10241447,0.885855,-0.205901,-9.811439
10242617,0.948104,-0.208296,-9.904813
10243798,0.905008,-0.220267,-9.794679
10244982,0.885855,-0.196325,-9.830592
10246185,0.914585,-0.234632,-9.785102
10247374,0.948104,-0.299275,-9.787497
10248549,0.905008,-0.284910,-9.773131
10249723,0.885855,-0.208296,-9.871294
10250915,0.938527,-0.205901,-9.900024
10252099,0.952892,-0.239420,-9.919178
10253284,0.969652,-0.296881,-9.852140
10254465,0.909797,-0.251391,-9.871294
10255645,0.936133,-0.237026,-9.801862
10256821,0.926556,-0.256180,-9.809045
10258021,0.969652,-0.246603,-9.801862
10259207,0.972046,-0.260968,-9.816227
10260388,0.940921,-0.241814,-9.844957
10261559,0.972046,-0.227449,-9.849746
10262743,0.924162,-0.225055,-9.844957
10263935,0.964863,-0.208296,-9.837775
10265131,0.976834,-0.213084,-9.835381
10266322,0.952892,-0.201113,-9.864111
10267501,0.969652,-0.227449,-9.837775
10268677,0.960075,-0.205901,-9.847352
10269862,0.909797,-0.220267,-9.919178
10271048,0.938527,-0.229843,-9.840169
10272233,0.957681,-0.268151,-9.825804
10273415,0.976834,-0.296881,-9.816227
10274595,0.969652,-0.268151,-9.816227
10275773,0.964863,-0.299275,-9.854534
10276968,1.012747,-0.272939,-9.840169
10278161,1.027112,-0.253785,-9.854534
10279353,1.005565,-0.232238,-9.888053
10280528,1.034295,-0.191536,-9.943120
10281707,0.995988,-0.239420,-9.964667
10282894,0.991199,-0.244209,-9.890448
10284090,0.993594,-0.225055,-9.813833
10285275,0.986411,-0.263362,-9.823410
10286461,0.991199,-0.244209,-9.926360
10287636,1.005565,-0.251391,-9.864111
10288814,0.936133,-0.210690,-9.823410
10290000,1.010353,-0.244209,-9.780313
10291196,0.993594,-0.234632,-9.801862
10292380,1.010353,-0.234632,-9.828198
10293560,0.955287,-0.258574,-9.885659
10294739,0.936133,-0.237026,-9.861717
10295936,0.945710,-0.220267,-9.821015
10297126,0.943315,-0.193930,-9.859323
10298321,0.919373,-0.272939,-9.847352
10299496,0.957681,-0.265756,-9.746795
10300677,0.940921,-0.258574,-9.811439
10301859,1.029507,-0.203507,-9.655815
10303049,0.957681,-0.246603,-9.689334
10304230,0.962469,-0.246603,-9.694122
10305418,0.945710,-0.272939,-9.694122
10306594,0.955287,-0.325611,-9.583989
10307776,0.921768,-0.277727,-9.540894
10308966,0.931344,-0.306458,-9.653421
10310167,0.888249,-0.323217,-9.543288
10311355,0.873884,-0.284910,-9.481039
10312534,0.919373,-0.301669,-9.464279
10313710,0.931344,-0.313640,-9.598354
10314901,0.936133,-0.301669,-9.617508
10316087,0.936133,-0.246603,-9.662998
10317275,0.890643,-0.258574,-9.636662
10318456,0.857124,-0.196325,-9.624691
10319637,0.852336,-0.225055,-9.720459
10320813,0.878672,-0.220267,-9.768343
10322005,0.861913,-0.234632,-9.811439
10323198,0.842759,-0.174777,-9.868899
10324388,0.885855,-0.155623,-9.914390
10325558,0.926556,-0.201113,-9.885659
10326742,0.885855,-0.150835,-9.950302
10327932,0.864307,-0.181959,-9.880871
10329128,0.852336,-0.186748,-9.931149
10330319,0.864307,-0.150835,-9.928755
10331498,0.881066,-0.155623,-9.967062
10332673,0.873884,-0.158017,-9.979033
10333859,0.876278,-0.160412,-9.991004
10335044,0.921768,-0.179565,-10.029311
10336229,0.878672,-0.160412,-10.036493
10337412,0.842759,-0.153229,-10.043676
10338593,0.792481,-0.225055,-9.974244
10339770,0.816423,-0.275333,-9.957485
10340966,0.802058,-0.280122,-9.950302
10342156,0.842759,-0.265756,-9.962274
10343348,0.799663,-0.349553,-10.048465
10344524,0.818817,-0.320823,-10.029311
10345703,0.794875,-0.282516,-9.931149
10346890,0.761356,-0.304064,-9.943120
10348085,0.768539,-0.289698,-9.950302
10349271,0.780510,-0.213084,-10.019734
10350446,0.778116,-0.215478,-9.993398
10351622,0.859518,-0.239420,-9.967062
10352799,0.816423,-0.205901,-10.096349
10353985,0.876278,-0.203507,-10.017340
10355186,0.909797,-0.162806,-10.077195
10356375,0.907402,-0.134075,-10.122684
10357555,0.916979,-0.095768,-10.110714
10358730,0.907402,-0.083797,-10.129868
10359925,0.905008,-0.160412,-10.266336
10361114,0.976834,-0.167594,-10.218452
10362307,0.964863,-0.177171,-10.237606
10363483,0.893037,-0.136469,-10.254366
10364661,0.893037,-0.141258,-10.287885
10365843,0.849942,-0.129287,-10.189722
10367044,0.909797,-0.169988,-10.165780
10368223,0.907402,-0.110133,-10.108319
10369407,0.909797,-0.090980,-10.062830
10370574,0.864307,-0.110133,-9.976639
10371759,0.828394,-0.110133,-9.998186
10372945,0.849942,-0.165200,-9.832987
10374136,0.814029,-0.179565,-9.801862
10375326,0.804452,-0.155623,-9.732430
10376504,0.768539,-0.155623,-9.615114
10377681,0.828394,-0.141258,-9.653421
10378865,0.876278,-0.141258,-9.562442
10380052,0.833182,-0.174777,-9.540894
10381238,0.845153,-0.158017,-9.564836
10382418,0.849942,-0.193930,-9.490616
10383598,0.885855,-0.158017,-9.488221
10384774,0.938527,-0.158017,-9.483433
10385966,0.914585,-0.150835,-9.572019
10387159,0.900220,-0.165200,-9.672575
10388348,0.864307,-0.134075,-9.595961
10389522,0.924162,-0.098162,-9.730036
10390705,0.960075,-0.100556,-9.691729
10391890,1.027112,-0.141258,-9.746795
10393086,1.065420,-0.148441,-9.761160
10394267,1.077391,-0.138864,-9.804255
10395452,1.012747,-0.169988,-9.792285
10396628,1.019930,-0.148441,-9.873688
10397809,1.051055,-0.138864,-9.921572
10398996,1.041478,-0.076614,-9.811439
10400194,0.981623,-0.100556,-9.804255
10401374,1.022324,-0.136469,-9.765948
10402555,1.024718,-0.138864,-9.737218
10403731,1.053449,-0.136469,-9.744401
10404926,1.003170,-0.184354,-9.689334
10406115,1.046266,-0.210690,-9.607931
10407299,1.079785,-0.174777,-9.641450
10408474,1.031901,-0.169988,-9.610326
10409657,0.962469,-0.169988,-9.701305
10410836,1.007959,-0.222661,-9.742006
10412038,0.955287,-0.287304,-9.583989
10413222,1.012747,-0.275333,-9.550470
10414410,0.984017,-0.277727,-9.516952
10415586,0.962469,-0.289698,-9.617508
10416767,0.905008,-0.265756,-9.684546
10417952,0.943315,-0.292093,-9.581595
10419150,0.909797,-0.272939,-9.469068
10420336,0.897826,-0.313640,-9.528923
10421521,0.905008,-0.320823,-9.533711
10422698,0.943315,-0.323217,-9.538500
10423889,0.940921,-0.258574,-9.516952
10425081,0.984017,-0.268151,-9.516952
10426269,0.926556,-0.225055,-9.610326
10427443,0.957681,-0.275333,-9.524135
10428620,0.981623,-0.275333,-9.631873
10429796,1.010353,-0.318429,-9.684546
10430992,0.830788,-0.284910,-9.662998
10432189,0.780510,-0.304064,-9.739613
10433375,0.735020,-0.280122,-9.777920
10434544,0.727837,-0.323217,-9.629479
10435725,0.703895,-0.318429,-9.588778
10436915,0.644040,-0.304064,-9.435549
10438104,0.639252,-0.210690,-9.315839
10439284,0.660800,-0.165200,-9.366117
10440467,0.648829,-0.093374,-9.572019
10441642,0.691924,-0.098162,-9.737218
10442826,0.629675,-0.160412,-9.955091
10444022,0.696713,-0.215478,-9.830592
10445210,0.763750,-0.263362,-9.804255
10446394,0.766145,-0.270545,-9.672575
10447572,0.806846,-0.237026,-9.753978
10448752,0.826000,-0.332794,-9.864111
10449943,0.818817,-0.330400,-9.765948
10451133,0.952892,-0.332794,-9.911995
10452328,0.967257,-0.349553,-9.935937
10453504,1.017536,-0.397437,-9.933543
10454684,0.993594,-0.390255,-9.940725
10455865,0.988805,-0.433351,-9.758766
10457057,0.974440,-0.371101,-9.868899
10458237,0.926556,-0.349553,-9.823410
10459431,0.926556,-0.368707,-9.782708
10460609,0.909797,-0.435745,-9.775525
10461794,0.909797,-0.416591,-9.792285
10462986,0.845153,-0.421380,-9.782708
10464188,0.888249,-0.368707,-9.916783
10465377,0.905008,-0.318429,-10.010158
10466555,0.897826,-0.339977,-10.156203
10467731,0.902614,-0.275333,-10.268731
10468927,0.897826,-0.256180,-10.273520
10470117,0.964863,-0.265756,-10.261548
10471313,0.981623,-0.222661,-10.213664
10472490,1.029507,-0.268151,-10.177752
10473671,1.046266,-0.284910,-10.326192
10474853,1.113304,-0.248997,-10.340557
10476045,1.132457,-0.272939,-10.409989
10477226,1.185130,-0.174777,-10.354922
10478416,1.228225,-0.248997,-10.273520
10479593,1.230620,-0.325611,-10.163386
10480775,1.201889,-0.299275,-10.091560
10481965,1.192312,-0.339977,-10.000581
10483166,1.158794,-0.390255,-9.904813
10484353,1.098939,-0.344765,-9.821015
10485533,1.098939,-0.323217,-9.773131
10486709,1.096544,-0.280122,-9.768343
10487901,1.027112,-0.311246,-9.825804
10489087,1.036689,-0.248997,-9.773131
10490276,0.960075,-0.227449,-9.694122
10491456,0.924162,-0.244209,-9.739613
10492631,0.873884,-0.229843,-9.713276
10493808,0.816423,-0.248997,-9.804255
10495000,0.804452,-0.213084,-9.878476
10496192,0.869095,-0.153229,-9.921572
10497376,0.952892,-0.155623,-9.907207
10498551,0.964863,-0.155623,-9.923966
10499732,0.952892,-0.165200,-9.883265
10500921,0.967257,-0.141258,-9.878476
10502117,0.943315,-0.184354,-9.873688
10503298,1.022324,-0.146046,-9.773131
10504478,1.036689,-0.138864,-9.761160
10505652,1.022324,-0.179565,-9.856929
10506837,0.993594,-0.225055,-9.868899
10508035,0.972046,-0.153229,-9.914390
10509223,0.962469,-0.141258,-9.902418
10510404,0.885855,-0.153229,-9.864111
10511582,0.876278,-0.131681,-9.811439
10512754,0.854730,-0.158017,-9.856929
10513945,0.900220,-0.189142,-9.787497
10515135,0.818817,-0.155623,-9.813833
10516332,0.826000,-0.189142,-9.837775
10517505,0.845153,-0.165200,-9.911995
10518685,0.883460,-0.153229,-9.967062
10519870,0.837971,-0.150835,-9.892841
10521064,0.861913,-0.141258,-9.883265
10522245,0.895431,-0.174777,-10.005369
10523428,0.914585,-0.138864,-9.885659
10524608,0.962469,-0.126893,-9.964667
10525793,1.012747,-0.181959,-9.945514
10526985,1.084573,-0.201113,-9.998186
10528188,1.170765,-0.134075,-9.866506
10529374,1.163582,-0.160412,-10.053253
10530550,1.125275,-0.189142,-10.019734
10531727,1.156399,-0.222661,-9.921572
10532923,1.168370,-0.222661,-9.895236
10534113,1.098939,-0.217872,-9.852140
10535299,1.142034,-0.239420,-9.878476
10536474,1.074997,-0.213084,-9.794679
10537657,1.048660,-0.186748,-9.840169
10538837,1.084573,-0.201113,-9.816227
10540039,1.007959,-0.215478,-9.713276
10541225,1.077391,-0.126893,-9.672575
10542411,1.017536,-0.155623,-9.612720
10543581,0.998382,-0.179565,-9.569624
10544757,1.041478,-0.196325,-9.557653
10545944,1.029507,-0.160412,-9.598354
10547145,0.998382,-0.150835,-9.603143
10548329,0.921768,-0.117316,-9.763555
10549509,0.931344,-0.107739,-9.718064
10550684,0.936133,-0.146046,-9.655815
10551874,0.840365,-0.174777,-9.677363
10553064,0.907402,-0.131681,-9.617508
10554248,0.940921,-0.160412,-9.674969
10555428,0.933739,-0.117316,-9.641450
10556612,0.890643,-0.150835,-9.672575
10557792,0.931344,-0.079009,-9.691729
10558986,0.921768,-0.150835,-9.622296
10560185,0.907402,-0.198719,-9.689334
10561377,0.902614,-0.165200,-9.581595
10562552,0.869095,-0.179565,-9.624691
10563732,0.828394,-0.162806,-9.586384
10564922,0.861913,-0.169988,-9.528923
10566115,0.857124,-0.153229,-9.634268
10567296,0.821211,-0.222661,-9.569624
10568477,0.830788,-0.220267,-9.610326
10569646,0.845153,-0.229843,-9.622296
10570831,0.797269,-0.153229,-9.624691
10572028,0.780510,-0.141258,-9.706094
10573215,0.758962,-0.246603,-9.698911
10574399,0.857124,-0.229843,-9.720459
10575577,0.876278,-0.193930,-9.780313
10576743,0.888249,-0.217872,-9.780313
10577939,0.830788,-0.246603,-9.713276
10579130,0.806846,-0.179565,-9.761160
10580324,0.864307,-0.196325,-9.730036
10581498,0.914585,-0.167594,-9.753978
10582679,0.849942,-0.203507,-9.823410
10583859,0.866701,-0.210690,-9.861717
10585050,0.881066,-0.225055,-9.813833
10586228,0.811634,-0.141258,-9.890448
10587416,0.847547,-0.143652,-9.883265
10588593,0.845153,-0.138864,-9.866506
10589774,0.826000,-0.198719,-9.852140
10590959,0.809240,-0.229843,-9.828198
10592156,0.816423,-0.229843,-9.816227
10593344,0.828394,-0.193930,-9.856929
10594524,0.828394,-0.225055,-9.835381
10595703,0.828394,-0.225055,-9.859323
10596895,0.790087,-0.289698,-9.885659
10598086,0.804452,-0.287304,-9.818622
10599274,0.847547,-0.270545,-9.775525
10600451,0.916979,-0.246603,-9.799467
10601632,0.890643,-0.258574,-9.789890
10602808,0.902614,-0.248997,-9.775525
10604000,0.976834,-0.217872,-9.809045
10605192,0.976834,-0.270545,-9.825804
10606385,0.957681,-0.244209,-9.689334
10607560,0.974440,-0.210690,-9.775525
10608743,0.998382,-0.229843,-9.837775
10609935,1.007959,-0.237026,-9.821015
10611130,1.019930,-0.253785,-9.907207
10612319,1.005565,-0.186748,-9.763555
10613499,1.012747,-0.208296,-9.825804
10614673,1.022324,-0.198719,-9.849746
10615860,1.003170,-0.203507,-9.916783
10617046,0.957681,-0.244209,-9.967062
10618229,0.984017,-0.198719,-9.864111
10619412,0.995988,-0.201113,-9.854534
10620593,0.972046,-0.184354,-9.825804
10621769,0.933739,-0.205901,-9.900024
10622958,0.976834,-0.237026,-9.969456
10624151,0.976834,-0.280122,-9.914390
10625342,0.986411,-0.210690,-9.837775
10626511,0.955287,-0.265756,-9.825804
10627691,1.007959,-0.270545,-9.876082
10628875,0.940921,-0.263362,-9.842564
10630069,0.995988,-0.270545,-9.876082
10631250,1.012747,-0.248997,-9.852140
10632435,0.995988,-0.253785,-9.873688
10633609,0.986411,-0.248997,-9.859323
10634795,0.940921,-0.251391,-9.880871
10635986,0.926556,-0.272939,-9.885659
10637189,0.945710,-0.318429,-9.933543
10638378,0.972046,-0.265756,-9.947908
10639553,0.940921,-0.275333,-9.971850
10640728,0.940921,-0.263362,-9.943120
10641922,0.893037,-0.284910,-9.902418
10643105,0.938527,-0.277727,-9.895236
10644291,0.948104,-0.260968,-9.914390
10645465,0.986411,-0.270545,-9.935937
10646646,0.909797,-0.277727,-10.002975
10647822,0.948104,-0.244209,-9.964667
10649022,0.964863,-0.172383,-9.935937
10650208,0.933739,-0.172383,-9.919178
10651394,1.003170,-0.232238,-9.840169
10652558,0.960075,-0.227449,-9.964667
10653741,0.960075,-0.258574,-9.890448
10654930,0.976834,-0.270545,-9.931149
10656127,0.979228,-0.301669,-9.943120
10657316,0.952892,-0.306458,-9.878476
10658496,0.960075,-0.237026,-9.938332
10659665,0.893037,-0.268151,-9.914390
10660851,0.871489,-0.304064,-9.806650
10662042,0.893037,-0.332794,-9.799467
10663232,0.909797,-0.292093,-9.835381
10664415,0.974440,-0.328006,-9.832987
10665594,0.957681,-0.284910,-9.818622
10666771,0.933739,-0.308852,-9.813833
10667963,0.931344,-0.272939,-9.830592
10669156,0.885855,-0.318429,-9.957485
10670345,0.943315,-0.313640,-9.849746
10671520,0.984017,-0.225055,-9.847352
10672698,0.926556,-0.213084,-9.876082
10673882,0.876278,-0.244209,-9.892841
10675077,0.878672,-0.232238,-9.837775
10676262,0.938527,-0.239420,-9.921572
10677441,0.902614,-0.256180,-9.825804
10678614,0.869095,-0.256180,-9.852140
10679797,0.936133,-0.253785,-9.816227
10680990,0.962469,-0.220267,-9.904813
10682192,0.969652,-0.203507,-9.859323
10683380,0.897826,-0.263362,-9.933543
10684558,0.933739,-0.251391,-9.895236
10685738,0.972046,-0.275333,-9.909601
10686931,0.938527,-0.270545,-9.864111
10688122,0.909797,-0.244209,-9.780313
10689315,0.914585,-0.227449,-9.859323
10690491,0.902614,-0.251391,-9.797073
10691670,0.940921,-0.272939,-9.768343
10692852,1.017536,-0.237026,-9.837775
10694044,0.957681,-0.229843,-9.749189
10695223,0.960075,-0.234632,-9.718064
10696410,0.916979,-0.177171,-9.742006
10697585,0.964863,-0.234632,-9.801862
10698760,0.952892,-0.225055,-9.765948
10699947,0.984017,-0.205901,-9.751583
10701137,0.914585,-0.203507,-9.789890
10702326,0.912191,-0.179565,-9.842564
10703506,0.869095,-0.222661,-9.734824
10704682,0.900220,-0.237026,-9.847352
10705865,0.969652,-0.193930,-9.801862
10707051,0.921768,-0.169988,-9.742006
10708236,0.905008,-0.198719,-9.780313
10709418,0.849942,-0.203507,-9.694122
10710592,0.916979,-0.167594,-9.672575
10711770,0.924162,-0.148441,-9.603143
10712965,0.907402,-0.179565,-9.734824
10714157,0.828394,-0.184354,-9.737218
10715349,0.792481,-0.155623,-9.665392
10716525,0.914585,-0.169988,-9.737218
10717709,0.847547,-0.165200,-9.648633
10718895,0.869095,-0.148441,-9.660604
10720090,0.881066,-0.155623,-9.593566
10721276,0.816423,-0.162806,-9.545682
10722464,0.876278,-0.186748,-9.629479
10723640,0.852336,-0.148441,-9.651027
10724821,0.809240,-0.105345,-9.677363
10726007,0.818817,-0.160412,-9.639056
10727204,0.926556,-0.158017,-9.660604
10728386,0.857124,-0.186748,-9.543288
10729570,0.876278,-0.208296,-9.624691
10730749,0.897826,-0.181959,-9.730036
10731940,0.878672,-0.148441,-9.708488
10733132,0.876278,-0.165200,-9.718064
10734325,0.837971,-0.169988,-9.715671
10735501,0.878672,-0.167594,-9.787497
10736682,0.909797,-0.172383,-9.789890
10737863,0.859518,-0.165200,-9.816227
10739054,0.830788,-0.153229,-9.732430
10740234,0.888249,-0.117316,-9.799467
10741425,0.852336,-0.162806,-9.811439
10742601,0.895431,-0.160412,-9.804255
10743785,0.902614,-0.205901,-9.821015
10744973,0.878672,-0.203507,-9.861717
10746174,0.940921,-0.205901,-9.895236
10747359,0.876278,-0.208296,-9.902418
10748539,0.866701,-0.155623,-9.890448
10749713,0.916979,-0.162806,-9.844957
10750905,0.936133,-0.203507,-9.940725
10752091,0.928950,-0.241814,-9.847352
10753281,0.912191,-0.177171,-9.840169
10754462,0.924162,-0.189142,-9.943120
10755642,0.924162,-0.186748,-10.000581
10756818,0.948104,-0.165200,-9.928755
10758009,0.909797,-0.191536,-9.818622
10759201,0.921768,-0.148441,-9.931149
10760391,0.979228,-0.229843,-9.900024
10761560,0.967257,-0.179565,-9.878476
10762744,0.950498,-0.186748,-9.892841
10763936,0.979228,-0.167594,-9.971850
10765133,0.936133,-0.155623,-9.849746
10766324,0.919373,-0.220267,-9.849746
10767503,0.881066,-0.246603,-9.950302
10768677,0.964863,-0.186748,-9.871294
10769864,0.897826,-0.251391,-9.861717
10771051,0.905008,-0.186748,-9.856929
10772234,0.907402,-0.244209,-9.830592
10773416,0.893037,-0.213084,-9.852140
10774595,0.916979,-0.260968,-9.888053
10775771,0.960075,-0.232238,-9.911995
10776965,0.902614,-0.263362,-9.864111
10778158,0.857124,-0.193930,-9.854534
10779349,0.854730,-0.234632,-9.847352
10780525,0.914585,-0.244209,-9.780313
10781708,0.988805,-0.268151,-9.837775
10782894,0.945710,-0.225055,-9.921572
10784090,0.921768,-0.241814,-9.876082
10785276,0.974440,-0.237026,-9.825804
10786454,0.921768,-0.256180,-9.880871
10787629,0.852336,-0.258574,-9.830592
10788809,0.890643,-0.260968,-9.856929
10789995,0.837971,-0.287304,-9.892841
10791193,0.837971,-0.260968,-9.911995
10792374,0.857124,-0.280122,-9.895236
10793554,0.907402,-0.287304,-9.967062
10794728,0.866701,-0.225055,-9.969456
10795924,0.873884,-0.201113,-9.926360
10797113,0.878672,-0.227449,-9.969456
10798299,0.849942,-0.248997,-9.938332
10799475,0.816423,-0.265756,-9.940725
10800659,0.826000,-0.270545,-9.940725
10801836,0.840365,-0.311246,-9.866506
10803038,0.854730,-0.296881,-9.895236
10804224,0.885855,-0.263362,-9.904813
10805413,0.861913,-0.328006,-9.938332
10806587,0.888249,-0.227449,-9.876082
10807769,0.916979,-0.292093,-9.943120
10808955,0.900220,-0.306458,-9.902418
10810150,0.837971,-0.222661,-9.914390
10811337,0.881066,-0.282516,-9.801862
10812516,0.897826,-0.213084,-9.801862
10813691,0.866701,-0.229843,-9.789890
10814880,0.876278,-0.253785,-9.770737
10816070,0.893037,-0.248997,-9.811439
10817255,0.912191,-0.265756,-9.907207
10818430,0.907402,-0.284910,-9.811439
10819604,0.933739,-0.268151,-9.842564
10820784,0.916979,-0.260968,-9.804255
10821978,0.952892,-0.268151,-9.821015
10823172,0.967257,-0.198719,-9.816227
10824367,0.976834,-0.217872,-9.809045
10825537,0.964863,-0.270545,-9.770737
10826717,0.933739,-0.272939,-9.727641
10827904,0.967257,-0.217872,-9.730036
10829095,0.981623,-0.251391,-9.682152
10830275,0.950498,-0.296881,-9.624691
10831460,0.948104,-0.234632,-9.658210
10832635,0.960075,-0.294487,-9.686940
10833815,0.919373,-0.220267,-9.763555
10835002,0.976834,-0.215478,-9.648633
10836200,0.972046,-0.210690,-9.703699
10837379,0.972046,-0.237026,-9.753978
10838559,0.955287,-0.234632,-9.706094
10839731,0.945710,-0.193930,-9.782708
10840924,0.916979,-0.268151,-9.785102
10842114,0.943315,-0.220267,-9.782708
10843299,0.916979,-0.201113,-9.667787
10844474,0.960075,-0.215478,-9.667787
10845657,0.986411,-0.225055,-9.758766
10846837,0.952892,-0.251391,-9.684546
10848040,0.945710,-0.258574,-9.694122
10849226,0.940921,-0.217872,-9.696517
10850415,0.919373,-0.208296,-9.718064
10851590,0.931344,-0.244209,-9.655815
10852771,0.893037,-0.289698,-9.758766
10853958,0.921768,-0.237026,-9.775525
10855155,0.988805,-0.270545,-9.732430
10856341,0.928950,-0.241814,-9.742006
10857514,0.938527,-0.217872,-9.734824
10858690,0.919373,-0.203507,-9.789890
10859879,0.909797,-0.222661,-9.696517
10861069,0.916979,-0.210690,-9.725247
10862251,0.914585,-0.193930,-9.737218
10863431,0.835576,-0.193930,-9.696517
10864610,0.869095,-0.201113,-9.718064
10865790,0.871489,-0.189142,-9.653421
10866988,0.864307,-0.246603,-9.665392
10868185,0.890643,-0.225055,-9.708488
10869375,0.826000,-0.196325,-9.682152
10870549,0.890643,-0.203507,-9.643845
10871728,0.852336,-0.198719,-9.765948
10872919,0.916979,-0.205901,-9.794679
10874113,0.924162,-0.177171,-9.835381
10875294,0.938527,-0.215478,-9.715671
10876475,0.972046,-0.225055,-9.710882
10877641,0.890643,-0.198719,-9.751583
10878823,0.888249,-0.193930,-9.744401
10880009,0.893037,-0.205901,-9.797073
10881205,0.993594,-0.196325,-9.804255
10882389,0.943315,-0.189142,-9.890448
10883572,0.885855,-0.220267,-9.904813
10884751,0.938527,-0.184354,-9.832987
10885943,0.943315,-0.220267,-9.818622
10887134,0.945710,-0.248997,-9.849746
10888329,0.902614,-0.222661,-9.809045
10889503,0.895431,-0.260968,-9.780313
10890677,0.914585,-0.198719,-9.830592
10891859,0.897826,-0.193930,-9.847352
10893051,0.940921,-0.167594,-9.866506
10894231,0.998382,-0.213084,-9.904813
10895419,0.972046,-0.258574,-9.897630
10896594,0.952892,-0.248997,-9.945514
10897776,0.952892,-0.251391,-9.883265
10898967,0.948104,-0.172383,-9.890448
10900167,0.924162,-0.179565,-9.844957
10901353,1.010353,-0.189142,-9.888053
10902533,0.976834,-0.165200,-9.911995
10903703,0.969652,-0.234632,-9.897630
10904895,0.962469,-0.225055,-9.928755
10906086,0.921768,-0.232238,-9.947908
10907275,0.919373,-0.260968,-9.854534
10908450,0.938527,-0.239420,-9.909601
10909629,0.900220,-0.205901,-9.900024
10910799,0.960075,-0.205901,-9.940725
10911988,0.972046,-0.229843,-10.067618
10913187,0.938527,-0.220267,-10.034100
10914379,0.928950,-0.215478,-9.986216
10915552,0.943315,-0.208296,-10.065224
10916732,0.972046,-0.225055,-9.967062
10917918,0.976834,-0.225055,-9.957485
10919113,0.890643,-0.165200,-10.017340
10920292,0.909797,-0.184354,-9.993398
10921472,0.916979,-0.169988,-9.931149
10922641,0.873884,-0.191536,-9.919178
10923820,0.950498,-0.268151,-9.926360
10925006,0.912191,-0.299275,-9.967062
10926204,0.869095,-0.253785,-9.931149
10927388,0.921768,-0.196325,-9.933543
10928572,0.933739,-0.263362,-9.859323
10929753,0.955287,-0.263362,-9.931149
10930945,0.895431,-0.239420,-9.835381
10932144,0.974440,-0.198719,-9.792285
10933333,0.993594,-0.220267,-9.935937
10934508,0.943315,-0.234632,-9.909601
10935682,0.873884,-0.181959,-9.904813
10936864,0.907402,-0.186748,-9.868899
10938055,0.857124,-0.227449,-9.816227
10939236,0.849942,-0.198719,-9.844957
10940430,0.861913,-0.191536,-9.928755
10941601,0.967257,-0.215478,-9.962274
10942787,0.907402,-0.186748,-9.794679
10943978,0.895431,-0.191536,-9.864111
10945179,0.943315,-0.208296,-9.847352
10946370,0.919373,-0.225055,-9.794679
10947547,0.962469,-0.208296,-9.701305
10948721,0.914585,-0.179565,-9.813833
10949916,0.885855,-0.177171,-9.789890
10951103,0.943315,-0.203507,-9.756371
10952288,0.957681,-0.217872,-9.763555
10953463,0.986411,-0.184354,-9.756371
10954644,0.986411,-0.198719,-9.868899
10955821,0.972046,-0.220267,-9.821015
10957009,1.036689,-0.193930,-9.792285
10958202,0.940921,-0.186748,-9.761160
10959390,0.950498,-0.217872,-9.713276
10960561,1.010353,-0.208296,-9.689334
10961744,0.960075,-0.160412,-9.756371
10962934,0.945710,-0.213084,-9.653421
10964130,1.017536,-0.179565,-9.639056
10965320,0.991199,-0.239420,-9.670180
10966498,1.003170,-0.181959,-9.782708
10967667,1.005565,-0.155623,-9.816227
10968853,0.962469,-0.189142,-9.718064
10970044,0.967257,-0.169988,-9.677363
10971235,0.940921,-0.165200,-9.686940
10972414,0.893037,-0.244209,-9.782708
10973593,0.924162,-0.268151,-9.780313
10974770,0.914585,-0.251391,-9.825804
10975965,0.991199,-0.265756,-9.830592
10977158,1.007959,-0.256180,-9.765948
10978348,1.027112,-0.213084,-9.698911
10979524,0.984017,-0.205901,-9.691729
10980701,0.979228,-0.208296,-9.823410
10981883,0.972046,-0.208296,-9.682152
10983076,0.960075,-0.220267,-9.660604
10984257,0.948104,-0.232238,-9.720459
10985436,0.988805,-0.234632,-9.720459
10986610,0.967257,-0.189142,-9.761160
10987794,0.984017,-0.256180,-9.734824
10988986,0.998382,-0.237026,-9.679757
10990188,0.962469,-0.220267,-9.660604
10991375,0.919373,-0.215478,-9.660604
10992555,0.972046,-0.263362,-9.720459
10993730,0.960075,-0.268151,-9.765948
10994924,0.919373,-0.196325,-9.782708
10996114,0.943315,-0.284910,-9.809045
10997298,0.936133,-0.225055,-9.722853
10998473,0.919373,-0.217872,-9.770737
10999657,0.912191,-0.220267,-9.689334
11000836,0.928950,-0.239420,-9.727641
11002039,0.976834,-0.253785,-9.758766
11003223,0.955287,-0.294487,-9.777920
11004412,0.931344,-0.251391,-9.888053
11005587,0.991199,-0.217872,-9.806650
11006768,0.914585,-0.210690,-9.797073
11007954,0.921768,-0.222661,-9.756371
11009152,0.885855,-0.241814,-9.835381
11010339,0.912191,-0.253785,-9.773131
11011525,0.845153,-0.268151,-9.777920
11012704,0.852336,-0.308852,-9.792285
11013896,0.902614,-0.232238,-9.768343
11015085,0.919373,-0.229843,-9.840169
11016273,0.845153,-0.222661,-9.847352
11017449,0.883460,-0.232238,-9.895236
11018629,0.914585,-0.280122,-9.773131
11019806,0.905008,-0.260968,-9.811439
11020995,0.940921,-0.232238,-9.873688
11022188,0.885855,-0.177171,-9.804255
11023382,0.931344,-0.186748,-9.801862
11024555,0.945710,-0.213084,-9.868899
11025734,0.902614,-0.210690,-9.983821
11026923,0.933739,-0.189142,-9.909601
11028117,0.902614,-0.205901,-9.844957
11029296,0.873884,-0.222661,-9.763555
11030477,0.864307,-0.222661,-9.828198
11031643,0.907402,-0.272939,-9.868899
11032827,0.919373,-0.227449,-10.010158
11034023,0.861913,-0.270545,-10.002975
11035211,0.914585,-0.239420,-9.935937
11036395,0.897826,-0.196325,-9.938332
11037574,0.888249,-0.229843,-9.880871
11038755,0.924162,-0.222661,-9.916783
11039947,0.979228,-0.203507,-9.883265
11041133,0.914585,-0.213084,-9.868899
11042325,0.907402,-0.160412,-9.844957
11043499,0.933739,-0.256180,-9.782708
11044670,0.945710,-0.213084,-9.813833
11045852,0.950498,-0.232238,-9.964667
11047044,0.916979,-0.239420,-9.842564
11048223,0.905008,-0.258574,-9.864111
11049411,0.926556,-0.203507,-9.868899
11050580,0.905008,-0.222661,-9.859323
11051753,0.933739,-0.208296,-9.799467
11052940,0.960075,-0.241814,-9.892841
11054135,0.969652,-0.248997,-9.890448
11055325,0.931344,-0.227449,-9.856929
11056505,0.897826,-0.253785,-9.859323
11057677,0.907402,-0.193930,-9.859323
11058862,0.955287,-0.189142,-9.974244
11060049,0.943315,-0.193930,-9.861717
11061233,0.943315,-0.174777,-9.794679
11062417,0.907402,-0.193930,-9.835381
11063596,0.916979,-0.160412,-9.979033
11064772,1.012747,-0.189142,-10.017340
11065967,0.991199,-0.213084,-9.914390
11067159,0.993594,-0.241814,-9.837775
11068352,0.902614,-0.213084,-9.856929
11069527,0.938527,-0.165200,-9.883265
11070709,0.890643,-0.174777,-9.880871
11071896,0.902614,-0.181959,-9.823410
11073089,0.895431,-0.210690,-9.888053
11074273,0.928950,-0.225055,-9.835381
11075458,0.955287,-0.169988,-9.794679
11076631,0.912191,-0.179565,-9.828198
11077814,0.964863,-0.172383,-10.002975
11078998,0.936133,-0.203507,-9.979033
11080194,0.974440,-0.136469,-9.844957
11081374,0.938527,-0.165200,-9.871294
11082548,0.893037,-0.184354,-9.837775
11083724,0.914585,-0.234632,-9.840169
11084912,0.905008,-0.172383,-9.835381
11086097,0.909797,-0.203507,-9.919178
11087279,0.912191,-0.239420,-9.816227
11088460,0.881066,-0.222661,-9.904813
11089640,0.972046,-0.203507,-9.861717
11090815,0.952892,-0.203507,-9.811439
11092006,0.948104,-0.215478,-9.849746
11093199,0.924162,-0.203507,-9.813833
11094387,0.938527,-0.268151,-9.849746
11095564,0.988805,-0.186748,-9.856929
11096747,0.916979,-0.177171,-9.816227
11097940,0.912191,-0.210690,-9.777920
11099135,0.986411,-0.244209,-9.756371
11100325,0.974440,-0.237026,-9.828198
11101504,0.943315,-0.225055,-9.861717
11102679,0.936133,-0.191536,-9.811439
11103867,0.871489,-0.165200,-9.809045
11105051,0.931344,-0.167594,-9.844957
11106237,0.916979,-0.179565,-9.888053
11107426,0.921768,-0.179565,-9.907207
11108600,0.972046,-0.179565,-9.840169
11109776,0.902614,-0.155623,-9.777920
11110970,0.991199,-0.222661,-9.696517
11112167,0.957681,-0.248997,-9.646238
11113357,0.902614,-0.174777,-9.770737
11114531,0.936133,-0.225055,-9.842564
11115707,0.938527,-0.227449,-9.672575
11116895,0.933739,-0.193930,-9.730036
11118090,0.916979,-0.160412,-9.816227
11119274,0.945710,-0.220267,-9.655815
11120452,0.890643,-0.220267,-9.540894
11121620,0.969652,-0.184354,-9.880871
11122805,1.065420,-0.189142,-9.832987
11123991,0.986411,-0.098162,-9.507375
11125193,1.041478,-0.193930,-9.773131
11126382,0.864307,-0.292093,-10.141838
11127563,0.967257,-0.241814,-9.787497
11128742,1.017536,-0.263362,-9.888053
11129938,1.074997,-0.160412,-9.732430
11131130,0.988805,-0.148441,-9.536105
11132324,0.974440,-0.162806,-9.770737
11133497,0.931344,-0.237026,-9.737218
11134677,0.873884,-0.213084,-9.521740
11135859,0.828394,-0.189142,-9.787497
11137051,0.995988,-0.186748,-9.983821
11138232,0.993594,-0.227449,-9.947908
11139421,0.967257,-0.275333,-9.806650
11140596,1.015141,-0.150835,-10.199299
11141778,0.926556,-0.217872,-10.043676
11142969,0.775721,-0.256180,-9.689334
11144170,0.816423,-0.205901,-9.643845
11145356,0.792481,-0.150835,-9.655815
11146531,0.938527,-0.141258,-9.734824
11147703,1.015141,-0.205901,-9.655815
11148894,1.034295,-0.270545,-9.775525
11150085,0.960075,-0.227449,-10.120291
11151273,0.945710,-0.241814,-9.923966
11152454,0.840365,-0.246603,-9.622296
11153627,0.861913,-0.225055,-9.586384
11154802,0.869095,-0.179565,-9.646238
11155993,0.964863,-0.162806,-9.674969
11157191,0.986411,-0.169988,-9.935937
11158386,0.895431,-0.186748,-10.067618
11159562,0.861913,-0.205901,-10.194510
11160745,0.857124,-0.311246,-9.991004
11161937,0.866701,-0.208296,-9.753978
11163132,0.864307,-0.201113,-9.718064
11164318,0.948104,-0.222661,-9.732430
11165497,0.931344,-0.275333,-9.701305
11166672,0.847547,-0.215478,-9.821015
11167859,0.792481,-0.234632,-9.914390
11169046,0.833182,-0.239420,-9.837775
11170226,0.840365,-0.169988,-9.859323
11171410,0.864307,-0.179565,-9.878476
11172591,0.866701,-0.239420,-9.907207
11173759,0.876278,-0.287304,-9.840169
11174950,0.916979,-0.268151,-9.830592
11176137,0.943315,-0.208296,-9.888053
11177331,0.893037,-0.220267,-9.890448
11178505,0.885855,-0.232238,-9.816227
11179686,0.845153,-0.229843,-9.890448
11180865,0.857124,-0.191536,-9.931149
11182057,0.845153,-0.234632,-9.909601
11183237,0.905008,-0.225055,-9.926360
11184420,0.876278,-0.225055,-9.856929
11185591,0.933739,-0.208296,-9.883265
11186772,0.876278,-0.237026,-9.880871
11187958,0.878672,-0.210690,-9.883265
11189155,0.818817,-0.172383,-9.928755
11190343,0.893037,-0.220267,-9.914390
11191516,0.859518,-0.213084,-9.964667
11192692,0.883460,-0.215478,-10.007763
11193881,0.933739,-0.217872,-9.933543
11195072,0.979228,-0.215478,-9.928755
11196261,0.890643,-0.205901,-9.919178
11197440,0.873884,-0.165200,-9.916783
11198615,0.974440,-0.201113,-9.876082
11199789,0.950498,-0.210690,-9.897630
11200982,0.955287,-0.177171,-9.844957
11202178,0.948104,-0.246603,-9.765948
11203372,0.964863,-0.253785,-9.818622
11204549,0.936133,-0.268151,-9.801862
11205729,0.962469,-0.282516,-9.823410
11206919,0.986411,-0.241814,-9.797073
11208114,0.878672,-0.172383,-9.818622
11209295,0.897826,-0.222661,-9.801862
11210475,0.962469,-0.172383,-9.861717
11211655,0.919373,-0.229843,-9.809045
11212839,0.897826,-0.229843,-9.813833
11214038,0.888249,-0.198719,-9.837775
11215229,0.900220,-0.232238,-9.785102
11216407,0.859518,-0.237026,-9.871294
11217587,0.849942,-0.265756,-9.823410
11218758,0.890643,-0.217872,-9.739613
11219947,0.907402,-0.246603,-9.756371
11221132,0.866701,-0.229843,-9.837775
11222327,0.924162,-0.155623,-9.830592
11223502,0.919373,-0.239420,-9.842564
11224682,0.900220,-0.234632,-9.792285
11225863,0.902614,-0.229843,-9.770737
11227053,0.919373,-0.263362,-9.785102
11228234,0.919373,-0.213084,-9.835381
11229423,0.909797,-0.217872,-9.775525
11230593,0.909797,-0.227449,-9.746795
11231775,0.895431,-0.253785,-9.720459
11232965,0.916979,-0.248997,-9.703699
11234163,0.931344,-0.186748,-9.753978
11235350,0.897826,-0.253785,-9.797073
11236529,0.852336,-0.260968,-9.768343
11237703,0.900220,-0.265756,-9.792285
11238894,0.890643,-0.248997,-9.864111
11240086,0.878672,-0.265756,-9.825804
11241274,0.998382,-0.234632,-9.830592
11242460,0.960075,-0.213084,-9.794679
11243634,0.986411,-0.174777,-9.837775
11244811,0.914585,-0.222661,-9.840169
11246002,0.926556,-0.222661,-9.856929
11247196,0.897826,-0.244209,-9.876082
11248384,0.861913,-0.248997,-9.744401
11249560,0.849942,-0.239420,-9.734824
11250743,0.945710,-0.232238,-9.804255
11251935,0.986411,-0.191536,-9.828198
11253130,0.993594,-0.227449,-9.892841
11254321,0.974440,-0.184354,-9.847352
11255500,0.967257,-0.191536,-9.789890
11256676,0.974440,-0.210690,-9.732430
11257857,0.907402,-0.208296,-9.708488
11259044,0.895431,-0.268151,-9.670180
11260234,0.888249,-0.251391,-9.799467
11261419,0.955287,-0.217872,-9.794679
11262597,0.931344,-0.246603,-9.811439
11263774,0.866701,-0.232238,-9.789890
11264968,0.919373,-0.189142,-9.775525
11266161,0.912191,-0.241814,-9.739613
11267353,0.955287,-0.253785,-9.787497
11268525,0.972046,-0.220267,-9.768343
11269709,0.948104,-0.186748,-9.753978
11270893,0.895431,-0.189142,-9.742006
11272089,0.907402,-0.253785,-9.713276
11273272,0.919373,-0.198719,-9.653421
11274458,0.945710,-0.268151,-9.691729
11275634,0.967257,-0.232238,-9.749189
11276816,0.967257,-0.246603,-9.806650
11278001,0.902614,-0.191536,-9.732430
11279198,0.878672,-0.217872,-9.622296
11280378,0.902614,-0.193930,-9.631873
11281553,0.905008,-0.234632,-9.713276
11282727,0.849942,-0.246603,-9.758766
11283922,0.881066,-0.272939,-9.715671
11285109,0.837971,-0.258574,-9.701305
11286290,0.857124,-0.184354,-9.756371
11287464,0.849942,-0.220267,-9.622296
11288644,0.859518,-0.244209,-9.708488
11289821,0.926556,-0.198719,-9.749189
11291019,0.897826,-0.241814,-9.806650
11292205,0.854730,-0.253785,-9.713276
11293391,0.931344,-0.246603,-9.737218
11294561,0.869095,-0.220267,-9.787497
11295744,0.914585,-0.239420,-9.730036
11296935,0.890643,-0.215478,-9.785102
11298131,0.859518,-0.256180,-9.828198
11299321,0.893037,-0.201113,-9.730036
11300498,0.845153,-0.196325,-9.749189
11301675,0.878672,-0.191536,-9.739613
11302862,0.837971,-0.217872,-9.742006
11304048,0.837971,-0.241814,-9.801862
11305231,0.900220,-0.237026,-9.895236
11306413,0.866701,-0.289698,-9.902418
11307593,0.914585,-0.272939,-9.830592
11308770,0.883460,-0.215478,-9.773131
11309961,0.890643,-0.229843,-9.806650
11311153,0.900220,-0.225055,-9.854534
11312343,0.897826,-0.198719,-9.792285
11313513,0.914585,-0.220267,-9.878476
11314697,0.873884,-0.248997,-9.859323
11315882,0.878672,-0.287304,-9.742006
11317076,0.861913,-0.296881,-9.809045
11318256,0.897826,-0.241814,-9.900024
11319440,0.912191,-0.210690,-9.888053
11320612,0.885855,-0.165200,-9.844957
11321796,0.869095,-0.177171,-9.789890
11322988,0.907402,-0.229843,-9.737218
11324190,0.878672,-0.282516,-9.854534
11325379,0.859518,-0.256180,-9.758766
11326557,0.921768,-0.292093,-9.864111
11327732,0.950498,-0.251391,-9.804255
11328927,0.864307,-0.263362,-9.789890
11330116,0.828394,-0.198719,-9.900024
11331300,0.883460,-0.241814,-9.809045
11332474,0.890643,-0.229843,-9.892841
11333658,0.962469,-0.263362,-10.010158
11334839,0.931344,-0.220267,-9.792285
11336041,0.933739,-0.229843,-9.809045
11337223,0.972046,-0.227449,-9.955091
11338411,0.986411,-0.256180,-9.897630
11339581,0.943315,-0.208296,-9.959879
11340755,0.845153,-0.246603,-9.785102
11341941,0.885855,-0.241814,-9.775525
11343144,0.878672,-0.229843,-9.940725
11344336,0.933739,-0.239420,-9.832987
11345515,0.890643,-0.289698,-9.976639
11346691,0.871489,-0.265756,-9.983821
11347881,0.962469,-0.275333,-9.885659
11349072,0.988805,-0.280122,-10.127473
11350257,0.842759,-0.234632,-9.725247
11351430,0.857124,-0.246603,-10.172963
11352609,0.873884,-0.181959,-9.955091
11353789,0.883460,-0.210690,-9.701305
11354981,0.938527,-0.280122,-9.998186
11356178,0.878672,-0.277727,-9.998186
11357373,0.924162,-0.248997,-9.959879
11358550,0.900220,-0.227449,-9.926360
11359728,0.883460,-0.229843,-9.679757
11360918,0.914585,-0.253785,-9.897630
11362113,0.943315,-0.189142,-9.967062
11363293,0.885855,-0.227449,-9.931149
11364474,0.869095,-0.287304,-9.864111
11365653,0.861913,-0.227449,-9.828198
11366838,0.897826,-0.222661,-9.849746
11368037,0.854730,-0.201113,-9.868899
11369225,0.835576,-0.193930,-9.986216
11370409,0.840365,-0.227449,-9.878476
11371589,0.873884,-0.220267,-9.931149
11372766,0.969652,-0.191536,-9.902418
11373958,0.943315,-0.253785,-9.809045
11375150,0.912191,-0.227449,-9.804255
11376342,0.902614,-0.234632,-9.816227
11377516,0.897826,-0.215478,-9.801862
11378699,0.931344,-0.246603,-9.821015
11379884,0.938527,-0.256180,-9.749189
11381076,0.905008,-0.191536,-9.739613
11382255,0.960075,-0.179565,-9.691729
11383431,0.972046,-0.179565,-9.809045
11384601,0.957681,-0.234632,-9.844957
11385786,0.931344,-0.225055,-9.950302
11386975,0.931344,-0.210690,-9.897630
11388174,0.900220,-0.225055,-9.821015
11389359,0.924162,-0.217872,-9.780313
11390534,0.945710,-0.205901,-9.660604
11391705,1.007959,-0.241814,-9.787497
11392897,0.955287,-0.277727,-9.861717
11394089,0.926556,-0.189142,-9.794679
11395280,1.003170,-0.222661,-9.840169
11396459,0.991199,-0.282516,-9.935937
11397640,0.993594,-0.270545,-9.849746
11398817,0.895431,-0.237026,-9.761160
11400008,0.881066,-0.196325,-9.818622
11401198,0.907402,-0.184354,-9.710882
11402380,0.972046,-0.265756,-9.727641
11403555,0.943315,-0.198719,-9.744401
11404736,0.943315,-0.198719,-9.832987
11405926,0.974440,-0.237026,-9.756371
11407120,0.878672,-0.229843,-9.859323
11408308,0.897826,-0.248997,-9.821015
11409488,0.943315,-0.205901,-9.732430
11410658,0.948104,-0.220267,-9.789890
11411841,0.943315,-0.220267,-9.742006
11413038,0.938527,-0.244209,-9.701305
11414225,0.893037,-0.229843,-9.710882
11415405,1.017536,-0.205901,-9.744401
11416577,0.936133,-0.193930,-9.706094
11417757,0.907402,-0.172383,-9.799467
11418948,0.924162,-0.198719,-9.861717
11420135,0.905008,-0.196325,-9.830592
11421328,0.914585,-0.203507,-9.749189
11422502,0.926556,-0.205901,-9.825804
11423681,0.897826,-0.234632,-9.744401
11424863,0.938527,-0.203507,-9.730036
11426052,0.902614,-0.213084,-9.914390
11427229,0.936133,-0.222661,-9.866506
11428414,0.948104,-0.203507,-9.938332
11429583,0.974440,-0.196325,-9.904813
11430756,0.952892,-0.225055,-9.749189
11431943,0.916979,-0.232238,-9.816227
11433146,0.948104,-0.181959,-9.883265
11434331,0.950498,-0.172383,-9.909601
11435509,0.962469,-0.239420,-9.816227
11436685,0.921768,-0.225055,-9.885659
11437875,0.916979,-0.201113,-9.830592
11439064,0.900220,-0.222661,-9.763555
11440249,0.957681,-0.272939,-9.785102
11441427,0.924162,-0.181959,-9.849746
11442612,0.936133,-0.253785,-9.761160
11443789,0.948104,-0.196325,-9.818622
11444985,0.952892,-0.177171,-9.844957
11446182,0.940921,-0.189142,-9.945514
11447375,0.885855,-0.215478,-9.813833
11448550,0.902614,-0.208296,-9.837775
11449730,0.940921,-0.184354,-9.756371
11450920,0.974440,-0.213084,-9.782708
11452110,0.876278,-0.246603,-9.878476
11453290,0.931344,-0.260968,-9.883265
11454475,0.995988,-0.227449,-9.852140
11455646,1.041478,-0.222661,-9.933543
11456831,1.007959,-0.203507,-9.979033
11458026,1.022324,-0.184354,-9.883265
11459215,0.981623,-0.165200,-9.811439
11460398,0.928950,-0.191536,-9.849746
11461577,0.962469,-0.232238,-9.832987
11462758,0.969652,-0.251391,-9.880871
11463949,0.967257,-0.220267,-9.787497
11465136,0.986411,-0.191536,-9.892841
11466331,1.012747,-0.179565,-9.923966
11467507,0.986411,-0.205901,-9.883265
11468686,0.967257,-0.169988,-9.919178
11469869,0.972046,-0.150835,-9.911995
11471060,0.928950,-0.201113,-9.871294
11472237,0.955287,-0.225055,-9.832987
11473425,0.988805,-0.277727,-9.904813
11474600,0.940921,-0.260968,-9.837775
11475784,0.991199,-0.277727,-9.864111
11476975,0.991199,-0.311246,-9.919178
11478177,0.984017,-0.220267,-9.928755
11479363,0.926556,-0.253785,-9.871294
11480539,0.945710,-0.222661,-9.749189
11481715,0.979228,-0.251391,-9.813833
11482907,0.974440,-0.220267,-9.885659
11484093,0.888249,-0.229843,-9.885659
11485284,0.864307,-0.244209,-9.821015
11486457,0.938527,-0.260968,-9.854534
11487637,0.916979,-0.220267,-9.902418
11488814,0.902614,-0.232238,-9.897630
11490005,0.948104,-0.222661,-9.849746
11491197,0.940921,-0.215478,-9.792285
11492378,0.921768,-0.210690,-9.823410
11493548,0.912191,-0.220267,-9.904813
11494727,0.895431,-0.258574,-9.885659
11495918,0.897826,-0.275333,-9.830592
11497110,0.919373,-0.239420,-9.844957
11498290,0.948104,-0.256180,-9.809045
11499473,0.940921,-0.196325,-9.761160
11500648,0.940921,-0.229843,-9.751583
11501833,0.926556,-0.256180,-9.804255
11503029,0.921768,-0.246603,-9.739613
11504217,0.912191,-0.258574,-9.873688
11505399,0.897826,-0.239420,-9.821015
11506572,0.952892,-0.265756,-9.856929
11507748,0.916979,-0.265756,-9.926360
11508945,0.948104,-0.227449,-9.849746
11510137,0.967257,-0.265756,-9.842564
11511334,0.883460,-0.227449,-9.856929
11512508,0.893037,-0.193930,-9.892841
11513688,0.902614,-0.237026,-9.825804
11514872,0.897826,-0.225055,-9.835381
11516067,0.861913,-0.205901,-9.811439
11517247,0.900220,-0.232238,-9.806650
11518429,0.919373,-0.184354,-9.832987
11519609,0.933739,-0.241814,-9.782708
11520793,0.902614,-0.244209,-9.768343
11521985,0.893037,-0.272939,-9.840169
11523187,0.900220,-0.306458,-9.813833
11524374,0.940921,-0.246603,-9.794679
11525554,0.876278,-0.217872,-9.792285
11526730,0.888249,-0.258574,-9.837775
11527925,0.960075,-0.217872,-9.852140
11529114,0.919373,-0.186748,-9.837775
11530300,0.890643,-0.232238,-9.792285
11531475,0.847547,-0.260968,-9.775525
11532650,0.823605,-0.237026,-9.765948
11533829,0.888249,-0.299275,-9.840169
11535030,0.964863,-0.263362,-9.849746
11536215,0.967257,-0.248997,-9.861717
11537404,0.955287,-0.270545,-9.868899
11538578,0.950498,-0.177171,-9.818622
11539752,0.950498,-0.186748,-9.837775
11540939,0.945710,-0.184354,-9.876082
11542134,0.885855,-0.210690,-9.804255
11543323,0.881066,-0.280122,-9.789890
11544501,0.957681,-0.258574,-9.825804
11545677,0.902614,-0.193930,-9.751583
11546863,0.919373,-0.179565,-9.756371
11548051,0.943315,-0.263362,-9.816227
11549236,0.914585,-0.256180,-9.859323
11550418,0.909797,-0.196325,-9.871294
11551593,0.878672,-0.246603,-9.775525
11552769,0.864307,-0.241814,-9.763555
11553961,0.902614,-0.222661,-9.835381
11555151,0.936133,-0.225055,-9.799467
11556343,0.902614,-0.246603,-9.785102
11557516,0.895431,-0.272939,-9.758766
11558700,0.885855,-0.208296,-9.844957
11559887,0.950498,-0.210690,-9.742006
11561079,0.905008,-0.210690,-9.804255
11562257,0.921768,-0.196325,-9.849746
11563442,0.962469,-0.201113,-9.902418
11564611,0.905008,-0.222661,-9.789890
11565793,0.890643,-0.198719,-9.787497
11566985,0.909797,-0.229843,-9.864111
11568186,0.897826,-0.229843,-9.801862
11569374,0.876278,-0.220267,-9.895236
11570554,0.948104,-0.186748,-9.909601
11571729,0.914585,-0.205901,-9.914390
11572922,0.902614,-0.198719,-9.876082
11574108,0.902614,-0.244209,-9.923966
11575293,0.885855,-0.227449,-9.940725
11576468,0.883460,-0.191536,-9.789890
11577648,0.979228,-0.129287,-9.797073
11578822,0.943315,-0.177171,-9.777920
11580023,0.885855,-0.191536,-9.892841
11581208,0.885855,-0.143652,-9.885659
11582397,0.869095,-0.196325,-9.806650
11583561,0.864307,-0.227449,-9.780313
11584738,0.900220,-0.201113,-9.940725
11585923,0.902614,-0.208296,-9.888053
11587116,0.931344,-0.217872,-9.801862
11588297,0.914585,-0.191536,-9.832987
11589478,0.940921,-0.208296,-9.806650
11590655,0.909797,-0.241814,-9.859323
11591837,0.969652,-0.229843,-9.852140
11593035,0.928950,-0.186748,-9.904813
11594223,0.905008,-0.186748,-9.854534
11595406,0.869095,-0.162806,-9.852140
11596585,0.883460,-0.184354,-9.880871
11597753,0.921768,-0.189142,-9.947908
11598945,0.854730,-0.143652,-9.878476
11600137,0.948104,-0.158017,-9.878476
11601331,0.873884,-0.227449,-9.866506
11602506,0.893037,-0.201113,-9.823410
11603685,0.957681,-0.179565,-9.876082
11604866,0.924162,-0.160412,-9.837775
11606058,0.905008,-0.203507,-9.825804
11607235,0.857124,-0.208296,-9.749189
11608424,0.900220,-0.196325,-9.897630
11609598,0.931344,-0.201113,-10.012551
11610779,0.931344,-0.174777,-9.835381
11611970,0.957681,-0.203507,-9.916783
11613167,0.967257,-0.234632,-9.825804
11614354,0.905008,-0.225055,-9.792285
11615527,0.955287,-0.186748,-9.904813
11616706,0.921768,-0.220267,-9.806650
11617896,0.926556,-0.181959,-9.821015
11619085,0.907402,-0.181959,-9.955091
11620272,0.897826,-0.225055,-9.849746
11621447,0.907402,-0.263362,-9.830592
11622624,0.936133,-0.229843,-9.919178
11623796,0.907402,-0.196325,-9.911995
11624992,0.921768,-0.191536,-9.883265
11626191,0.878672,-0.217872,-9.861717
11627385,0.888249,-0.213084,-9.876082
11628555,0.931344,-0.210690,-9.873688
11629734,0.962469,-0.232238,-9.878476
11630925,0.964863,-0.253785,-9.888053
11632120,0.900220,-0.222661,-9.895236
11633299,0.914585,-0.177171,-9.847352
11634480,0.957681,-0.196325,-9.744401
11635659,0.933739,-0.237026,-9.765948
11636842,0.933739,-0.251391,-9.718064
11638041,0.924162,-0.234632,-9.761160
11639230,0.902614,-0.239420,-9.837775
11640410,0.952892,-0.251391,-9.744401
11641586,0.936133,-0.239420,-9.806650
11642754,0.881066,-0.244209,-9.801862
11643943,0.845153,-0.246603,-9.797073
11645134,0.909797,-0.229843,-9.952697
11646329,0.878672,-0.215478,-9.926360
11647504,0.936133,-0.215478,-9.856929
11648685,0.931344,-0.237026,-9.832987
11649864,0.845153,-0.234632,-9.758766
11651056,0.895431,-0.138864,-9.744401
11652237,0.960075,-0.172383,-9.892841
11653421,0.914585,-0.196325,-9.818622
11654593,0.890643,-0.258574,-9.818622
11655774,0.883460,-0.272939,-9.864111
11656961,0.893037,-0.251391,-9.837775
11658155,0.924162,-0.203507,-9.835381
11659342,0.916979,-0.239420,-9.806650
11660515,0.921768,-0.217872,-9.804255
11661691,0.878672,-0.181959,-9.832987
11662881,0.878672,-0.234632,-9.849746
11664072,0.933739,-0.292093,-9.897630
11665256,0.912191,-0.277727,-9.828198
11666438,0.921768,-0.217872,-9.742006
11667615,0.881066,-0.260968,-9.859323
11668795,0.969652,-0.229843,-9.749189
11669989,0.914585,-0.217872,-9.842564
11671188,0.905008,-0.220267,-9.849746
11672375,0.866701,-0.225055,-9.873688
11673545,0.916979,-0.237026,-9.933543
11674725,0.914585,-0.232238,-9.825804
11675912,0.907402,-0.217872,-9.789890
11677100,0.881066,-0.201113,-9.770737
11678277,0.943315,-0.208296,-9.753978
11679463,0.921768,-0.234632,-9.832987
11680639,0.849942,-0.222661,-9.883265
11681821,0.842759,-0.272939,-9.878476
11683006,0.907402,-0.232238,-9.816227
11684203,0.919373,-0.260968,-9.835381
11685384,0.924162,-0.244209,-9.837775
11686564,0.943315,-0.201113,-9.964667
11687743,0.964863,-0.239420,-9.832987
11688937,0.919373,-0.215478,-9.816227
11690130,0.857124,-0.167594,-9.799467
11691325,0.907402,-0.172383,-9.777920
11692499,0.936133,-0.232238,-9.825804
11693676,0.931344,-0.186748,-9.792285
11694859,0.897826,-0.208296,-9.914390
11696049,0.916979,-0.244209,-9.837775
11697228,0.969652,-0.217872,-9.876082
11698417,0.931344,-0.172383,-9.854534
11699593,0.876278,-0.222661,-9.787497
11700775,0.897826,-0.251391,-9.799467
11701963,0.902614,-0.205901,-9.876082
11703159,0.914585,-0.169988,-9.883265
11704346,0.957681,-0.160412,-9.835381
11705526,0.928950,-0.203507,-9.799467
11706699,0.907402,-0.217872,-9.811439
11707888,0.912191,-0.203507,-9.859323
11709078,0.933739,-0.158017,-9.866506
11710265,0.921768,-0.198719,-9.888053
11711440,0.876278,-0.191536,-9.852140
11712621,0.878672,-0.220267,-9.801862
11713792,0.905008,-0.165200,-9.842564
11714986,0.914585,-0.172383,-9.883265
11716185,0.936133,-0.177171,-9.787497
11717375,0.893037,-0.246603,-9.782708
11718544,0.907402,-0.258574,-9.811439
11719724,0.845153,-0.217872,-9.763555
11720911,0.907402,-0.215478,-9.868899
11722102,0.895431,-0.177171,-9.876082
11723283,0.943315,-0.193930,-9.842564
11724468,0.940921,-0.225055,-9.816227
11725643,0.912191,-0.205901,-9.897630
11726823,0.912191,-0.205901,-9.940725
11728009,0.907402,-0.284910,-9.928755
11729205,0.943315,-0.222661,-9.840169
11730389,0.876278,-0.215478,-9.859323
11731571,0.881066,-0.215478,-9.880871
11732749,0.914585,-0.253785,-9.789890
11733945,0.964863,-0.210690,-9.844957
11735137,0.936133,-0.248997,-9.919178
11736332,0.950498,-0.253785,-9.861717
11737507,0.979228,-0.225055,-9.880871
11738687,0.926556,-0.251391,-9.837775
11739869,0.936133,-0.265756,-9.888053
11741061,0.866701,-0.222661,-9.902418
11742241,0.914585,-0.167594,-9.809045
11743434,0.914585,-0.229843,-9.823410
11744610,0.893037,-0.244209,-9.911995
11745794,0.909797,-0.213084,-9.991004
11746984,0.907402,-0.203507,-9.854534
11748180,0.919373,-0.225055,-9.926360
11749369,0.921768,-0.220267,-9.844957
11750545,0.897826,-0.196325,-9.821015
11751721,0.976834,-0.225055,-9.847352
11752912,0.960075,-0.181959,-9.854534
11754098,0.938527,-0.160412,-9.890448
11755281,0.938527,-0.234632,-9.890448
11756462,0.921768,-0.220267,-9.840169
11757641,0.895431,-0.244209,-9.830592
11758818,0.933739,-0.232238,-9.811439
11760010,0.900220,-0.282516,-9.770737
11761201,0.864307,-0.256180,-9.823410
11762388,0.837971,-0.213084,-9.787497
11763564,0.943315,-0.239420,-9.816227
11764744,0.933739,-0.246603,-9.792285
11765936,0.924162,-0.270545,-9.873688
11767133,0.907402,-0.289698,-9.921572
11768322,0.933739,-0.260968,-9.895236
11769502,0.931344,-0.239420,-9.861717
11770673,0.926556,-0.196325,-9.821015
11771859,0.955287,-0.193930,-9.854534
11773046,0.974440,-0.201113,-9.744401
11774235,0.950498,-0.196325,-9.792285
11775419,0.988805,-0.205901,-9.818622
11776598,0.933739,-0.213084,-9.828198
11777774,0.928950,-0.229843,-9.907207
11778968,0.972046,-0.220267,-9.835381
11780161,0.928950,-0.203507,-9.933543
11781351,0.895431,-0.244209,-9.868899
11782526,0.936133,-0.244209,-9.825804
11783704,0.905008,-0.215478,-9.883265
11784890,0.869095,-0.217872,-9.768343
11786086,0.883460,-0.215478,-9.742006
11787269,0.933739,-0.210690,-9.770737
11788453,0.893037,-0.227449,-9.818622
11789627,0.826000,-0.181959,-9.847352
11790805,0.905008,-0.213084,-9.868899
11791990,0.869095,-0.184354,-9.794679
11793192,0.833182,-0.186748,-9.844957
11794382,0.897826,-0.167594,-9.830592
11795559,0.967257,-0.189142,-9.856929
11796736,0.859518,-0.220267,-9.900024
11797929,0.869095,-0.181959,-9.890448
11799118,0.840365,-0.222661,-9.883265
11800310,0.847547,-0.205901,-9.818622
11801484,0.909797,-0.234632,-9.813833
11802663,0.952892,-0.246603,-9.809045
11803842,0.907402,-0.237026,-9.847352
11805043,0.895431,-0.196325,-9.868899
11806230,0.871489,-0.246603,-9.859323
11807418,0.864307,-0.181959,-9.813833
11808594,0.866701,-0.184354,-9.852140
11809775,0.921768,-0.220267,-9.837775
11810959,0.993594,-0.186748,-9.799467
11812157,0.873884,-0.184354,-9.799467
11813342,0.854730,-0.201113,-9.770737
11814526,0.950498,-0.220267,-9.758766
11815704,0.964863,-0.239420,-9.799467
11816896,0.902614,-0.232238,-9.830592
11818087,0.907402,-0.258574,-9.868899
11819275,0.948104,-0.225055,-9.801862
11820448,0.938527,-0.158017,-9.770737
11821621,0.948104,-0.203507,-9.900024
11822798,0.938527,-0.227449,-9.895236
11823995,0.871489,-0.215478,-9.789890
11825193,0.893037,-0.174777,-9.809045
11826386,0.895431,-0.112527,-9.816227
11827562,0.938527,-0.150835,-9.861717
11828745,0.926556,-0.184354,-9.911995
11829938,0.916979,-0.191536,-9.756371
11831135,0.895431,-0.265756,-9.727641
11832326,0.895431,-0.222661,-9.761160
11833506,0.895431,-0.193930,-9.749189
11834681,0.890643,-0.181959,-9.734824
11835868,0.914585,-0.296881,-9.720459
11837055,0.933739,-0.196325,-9.773131
11838240,0.955287,-0.213084,-9.780313
11839420,0.924162,-0.210690,-9.830592
11840594,0.919373,-0.222661,-9.785102
11841771,0.914585,-0.244209,-9.797073
11842962,0.914585,-0.248997,-9.763555
11844153,0.938527,-0.292093,-9.765948
11845345,0.938527,-0.258574,-9.785102
11846509,0.916979,-0.239420,-9.753978
11847689,0.888249,-0.239420,-9.777920
11848873,0.871489,-0.268151,-9.840169
11850068,0.876278,-0.208296,-9.864111
11851249,0.866701,-0.227449,-9.797073
11852431,0.938527,-0.289698,-9.744401
11853610,0.964863,-0.232238,-9.849746
11854796,0.890643,-0.196325,-9.916783
11855988,0.876278,-0.210690,-9.995792
11857188,0.909797,-0.217872,-9.799467
11858374,0.902614,-0.215478,-9.825804
11859554,0.936133,-0.244209,-10.046070
11860728,0.924162,-0.215478,-9.765948
11861923,0.912191,-0.162806,-9.804255
11863109,0.938527,-0.193930,-9.718064
11864294,0.972046,-0.210690,-9.945514
11865469,0.940921,-0.172383,-9.854534
11866649,0.914585,-0.186748,-9.823410
11867826,0.885855,-0.246603,-10.022128
11869027,0.895431,-0.172383,-9.935937
11870208,0.878672,-0.193930,-9.900024
11871395,0.940921,-0.198719,-9.818622
11872566,0.845153,-0.256180,-9.859323
11873746,0.924162,-0.239420,-9.821015
11874937,0.955287,-0.234632,-9.955091
11876134,0.960075,-0.222661,-9.785102
11877323,0.928950,-0.280122,-9.854534
11878502,0.919373,-0.208296,-9.792285
11879677,0.883460,-0.208296,-9.909601
11880862,0.792481,-0.232238,-9.777920
11882049,0.897826,-0.225055,-9.883265
11883232,0.974440,-0.203507,-9.864111
11884415,0.905008,-0.227449,-9.995792
11885594,0.955287,-0.237026,-9.789890
11886770,0.955287,-0.232238,-9.890448
11887961,0.907402,-0.227449,-9.797073
11889153,0.921768,-0.186748,-9.947908
11890345,0.933739,-0.184354,-9.868899
11891515,0.974440,-0.196325,-9.911995
11892698,0.895431,-0.193930,-9.777920
11893883,1.010353,-0.134075,-9.883265
11895077,0.926556,-0.246603,-9.749189
11896258,0.940921,-0.222661,-9.804255
11897442,0.931344,-0.232238,-9.746795
11898617,0.981623,-0.203507,-9.823410
11899800,0.900220,-0.251391,-9.943120
11900990,0.952892,-0.217872,-9.940725
11902192,0.902614,-0.189142,-9.737218
11903374,0.924162,-0.193930,-9.919178
11904554,0.890643,-0.222661,-9.789890
11905729,1.007959,-0.196325,-9.828198
11906924,0.933739,-0.215478,-9.799467
11908109,0.955287,-0.260968,-9.928755
11909294,0.960075,-0.280122,-9.859323
11910473,1.003170,-0.220267,-9.840169
11911651,0.926556,-0.196325,-9.813833
11912832,1.053449,-0.244209,-9.849746
11914033,0.960075,-0.246603,-9.928755
11915216,0.943315,-0.177171,-9.864111
11916405,0.914585,-0.177171,-9.780313
11917580,1.000776,-0.196325,-9.876082
11918753,0.928950,-0.210690,-9.911995
11919938,0.864307,-0.205901,-9.928755
11921131,0.885855,-0.244209,-9.677363
11922322,0.972046,-0.237026,-9.861717
11923501,0.976834,-0.205901,-9.897630
11924675,0.974440,-0.189142,-9.842564
11925861,0.883460,-0.165200,-9.890448
11927046,0.873884,-0.191536,-9.806650
11928236,0.914585,-0.225055,-9.864111
11929420,0.907402,-0.213084,-9.782708
11930597,0.928950,-0.239420,-9.794679
11931773,0.909797,-0.220267,-9.696517
11932964,0.969652,-0.196325,-9.830592
11934157,0.976834,-0.234632,-9.923966
11935349,0.916979,-0.210690,-9.811439
11936512,0.878672,-0.253785,-9.753978
11937693,0.926556,-0.189142,-9.761160
11938876,0.972046,-0.217872,-9.825804
11940069,0.976834,-0.189142,-9.852140
11941250,1.007959,-0.169988,-9.799467
11942435,0.936133,-0.227449,-9.799467
11943614,0.861913,-0.294487,-9.830592
11944799,0.936133,-0.258574,-9.816227
11945991,0.988805,-0.186748,-9.720459
11947193,0.955287,-0.205901,-9.830592
11948376,0.919373,-0.186748,-9.818622
11949549,0.952892,-0.153229,-9.873688
11950725,0.928950,-0.181959,-9.832987
11951920,0.921768,-0.237026,-9.883265
11953107,0.897826,-0.227449,-9.844957
11954293,0.919373,-0.205901,-9.828198
11955468,0.928950,-0.191536,-9.811439
11956648,0.926556,-0.232238,-9.854534
11957825,0.928950,-0.263362,-9.844957
11959026,0.878672,-0.155623,-9.749189
11960208,0.933739,-0.205901,-9.782708
11961392,0.972046,-0.234632,-9.832987
11962562,0.931344,-0.248997,-9.883265
11963746,0.902614,-0.229843,-9.895236
11964938,0.921768,-0.239420,-9.763555
11966135,0.974440,-0.205901,-9.933543
11967324,0.955287,-0.191536,-9.811439
11968501,0.924162,-0.215478,-9.967062
11969676,0.883460,-0.208296,-9.931149
11970862,0.955287,-0.201113,-9.837775
11972049,0.928950,-0.208296,-9.813833
11973232,0.893037,-0.193930,-9.785102
11974414,0.916979,-0.210690,-9.809045
11975593,0.936133,-0.196325,-9.816227
11976770,0.974440,-0.203507,-9.902418
11977960,0.950498,-0.196325,-9.821015
11979152,0.912191,-0.208296,-9.832987
11980344,0.907402,-0.181959,-9.789890
11981512,0.885855,-0.217872,-9.787497
11982693,0.931344,-0.210690,-9.713276
11983878,0.931344,-0.241814,-9.765948
11985073,0.924162,-0.198719,-9.804255
11986254,0.972046,-0.244209,-9.859323
11987438,0.960075,-0.237026,-9.871294
11988611,0.914585,-0.198719,-9.909601
11989795,0.988805,-0.193930,-9.897630
11990985,0.926556,-0.179565,-9.888053
11992188,0.928950,-0.203507,-9.959879
11993374,0.933739,-0.222661,-9.935937
11994555,0.893037,-0.177171,-9.852140
11995729,0.871489,-0.196325,-9.876082
11996924,0.890643,-0.162806,-9.883265
11998113,0.938527,-0.229843,-9.864111
11999296,0.988805,-0.208296,-9.758766
12000471,0.919373,-0.179565,-9.864111
12001655,0.888249,-0.150835,-9.856929
12002835,0.916979,-0.155623,-9.799467
12004034,0.926556,-0.210690,-9.825804
12005216,0.895431,-0.277727,-9.880871
12006405,0.924162,-0.244209,-9.876082
12007573,0.914585,-0.246603,-9.876082
12008756,0.878672,-0.220267,-9.868899
12014814,0.866701,-0.201113,-9.840169
12016004,0.938527,-0.225055,-9.852140
12017196,0.943315,-0.215478,-9.888053
12018390,0.914585,-0.222661,-9.849746
12019566,0.888249,-0.220267,-9.840169
12020751,0.921768,-0.222661,-9.897630
12021943,0.885855,-0.210690,-9.849746
12023145,0.873884,-0.246603,-9.780313
12024336,0.955287,-0.227449,-9.794679
12025515,0.960075,-0.258574,-9.823410
12026682,0.967257,-0.246603,-9.837775
12027869,0.897826,-0.222661,-9.876082
12029055,0.940921,-0.292093,-9.844957
12030240,0.940921,-0.181959,-9.878476
12031421,0.895431,-0.193930,-9.806650
12032592,0.926556,-0.260968,-9.809045
12033767,0.921768,-0.301669,-9.842564
12034956,0.950498,-0.248997,-9.859323
12036149,1.010353,-0.225055,-9.816227
12037338,0.919373,-0.222661,-9.787497
12038513,0.933739,-0.246603,-9.746795
12039693,0.948104,-0.217872,-9.804255
12040878,0.981623,-0.189142,-9.821015
12042073,0.950498,-0.225055,-9.816227
12043253,0.974440,-0.284910,-9.811439
12044436,0.952892,-0.241814,-9.739613
12045615,0.976834,-0.208296,-9.718064
12046799,0.995988,-0.270545,-9.804255
12047990,0.948104,-0.258574,-9.856929
12049193,0.952892,-0.241814,-9.804255
12050382,0.938527,-0.196325,-9.804255
12051562,0.948104,-0.201113,-9.885659
12052737,0.962469,-0.165200,-9.892841
12053928,0.991199,-0.227449,-9.821015
12055119,0.924162,-0.251391,-9.811439
12056311,0.957681,-0.217872,-9.811439
12057486,0.952892,-0.196325,-9.866506
12058660,0.943315,-0.215478,-9.823410
12059840,0.993594,-0.232238,-9.801862
12061043,0.964863,-0.227449,-9.823410
12062228,0.960075,-0.193930,-9.849746
12063415,0.955287,-0.215478,-9.878476
12064587,0.943315,-0.227449,-9.844957
12065769,0.940921,-0.232238,-9.746795
12066956,0.931344,-0.239420,-9.830592
12068152,0.885855,-0.196325,-9.871294
12069340,0.885855,-0.232238,-9.799467
12070517,0.907402,-0.232238,-9.871294
12071689,0.943315,-0.248997,-9.852140
12072879,0.873884,-0.220267,-9.789890
12074068,0.912191,-0.205901,-9.895236
12075253,0.926556,-0.184354,-9.844957
12076434,0.924162,-0.237026,-9.844957
12077618,0.936133,-0.256180,-9.847352
12078798,0.928950,-0.256180,-9.849746
12079994,0.912191,-0.251391,-9.864111
12081192,0.885855,-0.237026,-9.895236
12082386,0.897826,-0.220267,-9.868899
12083562,0.897826,-0.213084,-9.840169
12084745,0.897826,-0.239420,-9.828198
12085937,0.945710,-0.198719,-9.904813
12087128,0.885855,-0.208296,-9.816227
12088315,0.883460,-0.205901,-9.809045
12089492,0.900220,-0.253785,-9.837775
12090659,0.933739,-0.215478,-9.897630
12091844,0.928950,-0.191536,-9.895236
12093042,0.871489,-0.179565,-9.883265
12094229,0.893037,-0.198719,-9.849746
12095413,0.931344,-0.251391,-9.773131
12096593,0.902614,-0.258574,-9.837775
12097767,0.869095,-0.229843,-9.844957
12098959,0.881066,-0.234632,-9.756371
12100152,0.873884,-0.256180,-9.880871
12101343,0.919373,-0.237026,-9.799467
12102517,0.914585,-0.225055,-9.864111
12103692,0.907402,-0.208296,-9.907207
12104875,0.881066,-0.263362,-9.828198
12106063,0.948104,-0.251391,-9.871294
12107244,0.950498,-0.213084,-9.849746
12108436,0.842759,-0.181959,-9.885659
12109616,0.888249,-0.193930,-9.923966
12110801,0.833182,-0.208296,-9.840169
12111992,0.854730,-0.253785,-9.744401
12113194,0.864307,-0.246603,-9.828198
12114383,0.871489,-0.237026,-9.792285
12115563,0.890643,-0.237026,-9.931149
12116738,0.881066,-0.229843,-9.765948
12117930,0.847547,-0.217872,-9.794679
12119121,0.885855,-0.186748,-9.945514
12120313,0.976834,-0.210690,-9.832987
12121487,0.933739,-0.186748,-9.806650
12122666,0.909797,-0.191536,-9.866506
12123847,0.914585,-0.217872,-9.986216
12125044,0.890643,-0.174777,-9.825804
12126228,0.871489,-0.270545,-9.876082
12127416,0.926556,-0.167594,-9.821015
12128591,0.960075,-0.189142,-9.904813
12129771,0.986411,-0.193930,-9.890448
12130958,0.950498,-0.246603,-9.859323
12132155,0.895431,-0.222661,-9.818622
12133342,0.914585,-0.256180,-9.888053
12134518,0.900220,-0.198719,-9.911995
12135692,0.826000,-0.191536,-9.856929
12136881,0.873884,-0.191536,-9.876082
12138071,0.914585,-0.222661,-9.919178
12139257,0.878672,-0.232238,-9.809045
12140437,0.871489,-0.270545,-9.787497
12141621,0.940921,-0.253785,-9.744401
12142800,0.955287,-0.172383,-9.895236
12143997,0.921768,-0.186748,-9.849746
12145195,0.869095,-0.217872,-9.888053
12146376,0.931344,-0.222661,-9.876082
12147551,0.893037,-0.191536,-9.835381
12148731,0.914585,-0.227449,-9.832987
12149922,0.916979,-0.203507,-9.792285
12151116,0.926556,-0.196325,-9.804255
12152297,0.950498,-0.217872,-9.856929
12153474,0.890643,-0.186748,-9.844957
12154650,0.866701,-0.205901,-9.854534
12155834,0.893037,-0.246603,-9.847352
12157029,0.883460,-0.169988,-9.844957
12158218,0.907402,-0.172383,-9.837775
12159401,0.876278,-0.186748,-9.861717
12160580,0.919373,-0.215478,-9.849746
12161767,0.919373,-0.227449,-9.832987
12162959,0.878672,-0.220267,-9.792285
12164152,0.905008,-0.225055,-9.749189
12165340,0.893037,-0.225055,-9.801862
12166514,0.948104,-0.208296,-9.782708
12167690,0.952892,-0.246603,-9.885659
12168871,0.869095,-0.174777,-9.868899
12170066,0.871489,-0.184354,-9.816227
12171248,0.876278,-0.237026,-9.878476
12172431,0.967257,-0.263362,-9.864111
12173607,0.909797,-0.237026,-9.883265
12174791,0.974440,-0.229843,-9.847352
12175983,0.940921,-0.263362,-9.852140
12177184,0.909797,-0.227449,-9.813833
12178374,0.921768,-0.232238,-9.749189
12179550,0.907402,-0.167594,-9.770737
12180724,0.914585,-0.201113,-9.765948
12181919,0.955287,-0.227449,-9.742006
12183105,0.897826,-0.181959,-9.816227
12184291,0.933739,-0.186748,-9.730036
12185465,0.902614,-0.196325,-9.777920
12186644,0.928950,-0.229843,-9.873688
12187821,0.849942,-0.234632,-9.837775
12189019,0.890643,-0.198719,-9.823410
12190206,0.962469,-0.210690,-9.904813
12191393,0.964863,-0.227449,-9.885659
12192564,0.900220,-0.239420,-9.823410
12193745,0.895431,-0.181959,-9.873688
12194937,0.931344,-0.205901,-9.849746
12196133,0.849942,-0.220267,-9.904813
12197323,0.857124,-0.191536,-9.892841
12198503,0.881066,-0.210690,-9.847352
12199677,0.876278,-0.253785,-9.828198
12200861,0.902614,-0.205901,-9.844957
12202047,0.864307,-0.196325,-9.840169
12203237,0.912191,-0.210690,-9.792285
12204420,0.900220,-0.239420,-9.801862
12205598,0.914585,-0.203507,-9.842564
12206774,0.881066,-0.225055,-9.837775
12207965,0.936133,-0.253785,-9.794679
12209159,0.948104,-0.222661,-9.792285
12210350,0.950498,-0.222661,-9.878476
12211526,0.907402,-0.246603,-9.679757
12212708,0.885855,-0.217872,-9.799467
12213895,0.888249,-0.222661,-9.885659
12215092,0.916979,-0.227449,-9.830592
12216276,0.931344,-0.268151,-9.739613
12217462,0.931344,-0.244209,-9.868899
12218638,0.948104,-0.237026,-9.763555
12219819,0.957681,-0.268151,-9.768343
12221003,0.957681,-0.220267,-9.840169
12222199,0.916979,-0.210690,-9.840169
12223377,0.885855,-0.258574,-9.742006
12224556,0.878672,-0.239420,-9.844957
12225729,0.921768,-0.213084,-9.806650
12226923,0.914585,-0.280122,-9.842564
12228110,0.895431,-0.260968,-9.868899
12229292,0.864307,-0.222661,-9.751583
12230472,0.907402,-0.222661,-9.852140
12231646,0.893037,-0.237026,-9.823410
12232822,0.945710,-0.196325,-9.904813
12234019,0.926556,-0.186748,-9.878476
12235206,0.916979,-0.253785,-9.842564
12236396,0.926556,-0.191536,-9.883265
12237567,0.988805,-0.229843,-9.823410
12238750,0.933739,-0.268151,-9.801862
12239942,0.936133,-0.205901,-9.873688
12241144,0.919373,-0.229843,-9.880871
12242334,0.902614,-0.239420,-9.880871
12243509,0.905008,-0.196325,-9.761160
12244683,0.938527,-0.229843,-9.837775
12245870,0.964863,-0.232238,-9.809045
12247056,0.998382,-0.217872,-9.794679
12248242,0.914585,-0.208296,-9.794679
12249431,0.938527,-0.225055,-9.828198
12250614,0.902614,-0.217872,-9.780313
12251794,0.924162,-0.203507,-9.835381
12252989,0.837971,-0.232238,-9.854534
12254188,0.881066,-0.213084,-9.842564
12255376,0.957681,-0.189142,-9.943120
12256547,0.876278,-0.213084,-9.919178
12257727,0.914585,-0.215478,-9.871294
12258914,0.931344,-0.160412,-9.792285
12260106,0.952892,-0.174777,-9.854534
12261287,0.976834,-0.210690,-9.923966
12262472,1.015141,-0.198719,-9.880871
12263647,0.928950,-0.150835,-9.799467
12264825,0.952892,-0.201113,-9.854534
12266022,0.952892,-0.213084,-9.890448
12267207,0.967257,-0.124498,-9.770737
12268391,0.895431,-0.196325,-9.727641
12269567,0.940921,-0.217872,-9.844957
12270746,0.943315,-0.253785,-9.876082
12271942,0.948104,-0.229843,-9.868899
12273134,0.943315,-0.184354,-9.818622
12274330,0.938527,-0.248997,-9.823410
12275504,0.864307,-0.193930,-9.825804
12276683,0.926556,-0.251391,-9.828198
12277866,0.893037,-0.220267,-9.830592
12279056,0.912191,-0.234632,-9.758766
12280237,0.938527,-0.244209,-9.804255
12281425,0.902614,-0.174777,-9.823410
12282600,0.919373,-0.222661,-9.756371
12283777,0.962469,-0.232238,-9.732430
12284961,0.902614,-0.203507,-9.892841
12286157,0.890643,-0.244209,-9.871294
12287343,0.902614,-0.222661,-9.947908
12288528,0.878672,-0.191536,-9.842564
12289708,0.907402,-0.193930,-9.854534
12290898,0.907402,-0.169988,-9.926360
12292088,0.945710,-0.179565,-9.921572
12293277,0.952892,-0.232238,-9.832987
12294463,0.933739,-0.258574,-9.737218
12295644,0.933739,-0.229843,-9.768343
12296821,0.914585,-0.237026,-9.761160
12298019,0.890643,-0.186748,-9.878476
12299206,0.873884,-0.172383,-9.816227
12300392,0.916979,-0.208296,-9.897630
12301562,0.902614,-0.265756,-9.868899
12302745,0.957681,-0.275333,-9.720459
12303937,0.926556,-0.244209,-9.777920
12305131,0.948104,-0.208296,-9.859323
12306321,0.919373,-0.263362,-9.761160
12307500,0.952892,-0.179565,-9.821015
12308676,0.933739,-0.167594,-9.876082
12309862,0.960075,-0.253785,-9.943120
12311048,0.943315,-0.232238,-9.811439
12312239,0.969652,-0.205901,-9.794679
12313419,0.914585,-0.189142,-9.727641
12314594,0.933739,-0.213084,-9.768343
12315771,0.905008,-0.251391,-9.797073
12316961,0.936133,-0.241814,-9.880871
12318154,0.833182,-0.248997,-9.844957
12319346,0.893037,-0.165200,-9.923966
12320514,0.919373,-0.189142,-9.847352
12321695,0.969652,-0.220267,-9.892841
12322878,0.952892,-0.210690,-9.694122
12324073,0.933739,-0.205901,-9.844957
12325253,0.924162,-0.208296,-9.854534
12326439,0.902614,-0.184354,-9.806650
12327612,0.854730,-0.220267,-9.777920
12328792,0.938527,-0.177171,-9.880871
12329984,0.943315,-0.225055,-9.844957
12331182,0.926556,-0.239420,-9.825804
12332372,0.916979,-0.203507,-9.897630
12333548,0.974440,-0.258574,-9.703699
12334723,0.866701,-0.244209,-9.821015
12335910,0.907402,-0.260968,-9.737218
12337096,0.900220,-0.193930,-9.873688
12338280,0.926556,-0.215478,-9.773131
12339461,0.945710,-0.165200,-9.734824
12340640,0.902614,-0.225055,-9.868899
12341816,0.933739,-0.251391,-9.830592
12343007,0.981623,-0.265756,-9.928755
12344201,0.943315,-0.213084,-9.725247
12345390,0.902614,-0.217872,-9.844957
12346566,0.912191,-0.201113,-9.967062
12347746,0.921768,-0.304064,-9.818622
12348937,0.878672,-0.260968,-9.892841
12350132,0.914585,-0.258574,-9.828198
12351323,0.969652,-0.239420,-9.876082
12352501,0.921768,-0.184354,-9.871294
12353678,0.871489,-0.167594,-9.864111
12354865,0.905008,-0.253785,-9.835381
12356051,0.940921,-0.289698,-9.866506
12357234,0.902614,-0.237026,-9.861717
12358417,0.988805,-0.246603,-9.940725
12359596,0.950498,-0.210690,-9.950302
12360770,0.962469,-0.232238,-9.904813
12361962,0.972046,-0.225055,-9.842564
12363154,0.960075,-0.215478,-9.773131
12364345,0.979228,-0.225055,-9.768343
12365515,0.969652,-0.198719,-9.765948
12366695,0.940921,-0.222661,-9.876082
12367880,0.943315,-0.229843,-9.871294
12369076,0.921768,-0.186748,-9.809045
12370256,0.881066,-0.229843,-9.775525
12371441,0.895431,-0.248997,-9.804255
12372614,0.938527,-0.227449,-9.859323
12373797,0.984017,-0.210690,-9.885659
12374988,1.000776,-0.191536,-9.799467
12376189,0.943315,-0.146046,-9.727641
12377374,0.948104,-0.186748,-9.806650
12378547,0.986411,-0.248997,-9.868899
12379723,0.972046,-0.258574,-9.864111
12380915,0.950498,-0.241814,-9.861717
12382102,0.909797,-0.225055,-9.866506
12383284,0.900220,-0.189142,-9.842564
12384458,0.936133,-0.237026,-9.847352
12385638,0.885855,-0.158017,-9.916783
12386815,0.902614,-0.225055,-9.801862
12388005,0.964863,-0.248997,-9.811439
12389199,0.969652,-0.203507,-9.821015
12390381,0.928950,-0.215478,-9.816227
12391557,0.936133,-0.229843,-9.801862
12392734,0.938527,-0.229843,-9.768343
12393925,0.945710,-0.272939,-9.837775
12395113,0.924162,-0.210690,-9.864111
12396293,0.907402,-0.203507,-9.859323
12397482,0.869095,-0.203507,-9.842564
12398646,0.948104,-0.217872,-9.844957
12399830,0.998382,-0.169988,-9.859323
12401027,0.960075,-0.227449,-9.830592
12402215,0.936133,-0.205901,-9.828198
12403398,0.936133,-0.174777,-9.806650
12404576,0.967257,-0.179565,-9.897630
12405755,0.893037,-0.237026,-9.773131
12406946,0.914585,-0.272939,-9.844957
12408145,0.905008,-0.244209,-9.821015
12409334,0.984017,-0.217872,-9.854534
12410506,0.905008,-0.213084,-9.804255
12411684,0.933739,-0.222661,-9.806650
12412865,0.895431,-0.229843,-9.880871
12414056,0.948104,-0.213084,-9.835381
12415236,0.897826,-0.215478,-9.852140
12416425,0.861913,-0.208296,-9.866506
12417600,0.881066,-0.210690,-9.868899
12418780,0.960075,-0.198719,-9.933543
12419963,0.926556,-0.239420,-9.871294
12421161,0.902614,-0.191536,-9.837775
12422348,0.943315,-0.191536,-9.916783
12423528,0.960075,-0.193930,-9.967062
12424705,0.974440,-0.239420,-9.842564
12425896,0.940921,-0.155623,-9.883265
12427088,0.945710,-0.169988,-9.809045
12428275,0.905008,-0.193930,-9.811439
12429454,0.883460,-0.239420,-9.799467
12430632,0.948104,-0.172383,-9.753978
12431809,0.914585,-0.244209,-9.880871
12432997,0.878672,-0.225055,-9.797073
12434193,0.921768,-0.265756,-9.816227
12435387,0.914585,-0.215478,-9.873688
12436556,0.907402,-0.237026,-9.847352
12437735,0.950498,-0.208296,-9.825804
12438924,0.897826,-0.234632,-9.837775
12440119,0.902614,-0.251391,-9.780313
12441299,0.900220,-0.277727,-9.799467
12442478,0.931344,-0.258574,-9.797073
12443657,0.919373,-0.244209,-9.768343
12444842,0.916979,-0.193930,-9.852140
12446040,0.936133,-0.177171,-9.837775
12447229,0.943315,-0.158017,-9.809045
12448416,0.926556,-0.177171,-9.773131
12449597,0.988805,-0.229843,-9.816227
12450774,0.907402,-0.232238,-9.864111
12451962,0.828394,-0.227449,-9.794679
12453156,0.866701,-0.241814,-9.813833
12454347,0.931344,-0.237026,-9.868899
12455517,0.940921,-0.265756,-9.871294
12456694,0.861913,-0.225055,-9.923966
12457879,0.890643,-0.184354,-9.835381
12459074,0.883460,-0.220267,-9.890448
12460250,0.840365,-0.215478,-9.842564
12461435,0.845153,-0.215478,-9.797073
12462614,0.871489,-0.217872,-9.852140
12463796,0.897826,-0.208296,-9.844957
12464988,0.888249,-0.275333,-9.892841
12466191,0.869095,-0.232238,-9.837775
12467380,0.861913,-0.210690,-9.890448
12468559,0.924162,-0.191536,-9.866506
12469735,0.912191,-0.205901,-9.868899
12470929,0.921768,-0.237026,-9.832987
12472119,0.878672,-0.203507,-9.890448
12473310,0.854730,-0.213084,-9.816227
12474484,0.871489,-0.222661,-9.768343
12475663,0.905008,-0.239420,-9.708488
12476841,0.893037,-0.277727,-9.871294
12478043,0.931344,-0.201113,-9.830592
12479227,0.924162,-0.220267,-9.878476
12480415,0.912191,-0.251391,-9.890448
12481591,0.952892,-0.203507,-9.907207
12482771,0.940921,-0.229843,-9.830592
12483957,0.931344,-0.225055,-9.785102
12485154,0.907402,-0.256180,-9.844957
12486335,0.912191,-0.256180,-9.852140
12487513,0.890643,-0.225055,-9.816227
12488688,0.890643,-0.213084,-9.799467
12489871,0.873884,-0.227449,-9.789890
12491058,0.943315,-0.229843,-9.895236
12492244,0.936133,-0.239420,-9.916783
12493433,0.926556,-0.215478,-9.895236
12494617,0.967257,-0.246603,-9.883265
12495797,0.972046,-0.229843,-9.864111
12496993,0.952892,-0.239420,-9.859323
12498192,0.950498,-0.208296,-9.801862
12499376,0.912191,-0.244209,-9.854534
12500547,0.943315,-0.248997,-9.866506
12501724,0.993594,-0.248997,-9.809045
12502910,0.873884,-0.239420,-9.866506
12504098,0.888249,-0.198719,-9.852140
12505277,0.926556,-0.220267,-9.871294
12506457,0.897826,-0.225055,-9.840169
12507632,0.883460,-0.229843,-9.806650
12508812,0.912191,-0.277727,-9.916783
12510000,0.902614,-0.268151,-9.868899
12511202,0.931344,-0.244209,-9.840169
12512381,0.931344,-0.256180,-9.799467
12513556,0.948104,-0.265756,-9.813833
12514731,0.972046,-0.229843,-9.856929
12515923,0.921768,-0.272939,-9.911995
12517111,0.969652,-0.208296,-9.883265
12518296,0.955287,-0.155623,-9.928755
12519472,0.950498,-0.222661,-9.744401
12520652,0.895431,-0.205901,-9.703699
12521828,0.916979,-0.225055,-9.868899
12523029,0.866701,-0.246603,-9.809045
12524208,0.857124,-0.217872,-9.854534
12525394,0.893037,-0.246603,-9.840169
12526555,0.948104,-0.260968,-9.773131
12527735,0.914585,-0.225055,-9.832987
12528925,0.905008,-0.237026,-9.849746
12530115,0.888249,-0.244209,-9.856929
12531295,0.907402,-0.222661,-9.926360
12532474,0.861913,-0.232238,-9.847352
12533651,0.883460,-0.210690,-9.725247
12534828,0.900220,-0.227449,-9.792285
12536020,0.981623,-0.232238,-9.832987
12537207,0.938527,-0.220267,-9.921572
12538391,0.936133,-0.177171,-9.902418
12539566,0.864307,-0.203507,-9.785102
12540740,0.909797,-0.210690,-9.871294
12541933,0.837971,-0.205901,-9.770737
12543122,0.890643,-0.232238,-9.892841
12544314,0.907402,-0.232238,-10.000581
12545487,0.909797,-0.205901,-9.684546
12546665,0.919373,-0.225055,-9.928755
12547846,0.902614,-0.241814,-9.955091
12549044,0.984017,-0.237026,-9.926360
12550229,0.955287,-0.268151,-9.979033
12551417,0.936133,-0.229843,-9.679757
12552590,0.926556,-0.217872,-9.859323
12553770,0.869095,-0.215478,-9.952697
12554956,0.933739,-0.265756,-9.880871
12556153,0.928950,-0.191536,-9.897630
12557338,0.984017,-0.158017,-9.646238
12558516,1.015141,-0.215478,-9.890448
12559692,0.938527,-0.215478,-9.926360
12560882,0.933739,-0.179565,-9.679757
12562073,0.926556,-0.203507,-9.837775
12563257,0.909797,-0.193930,-9.615114
12564433,0.960075,-0.215478,-10.084377
12565616,0.902614,-0.210690,-9.964667
12566795,0.840365,-0.186748,-9.612720
12567990,0.876278,-0.181959,-9.777920
12569187,0.895431,-0.181959,-9.627085
12570376,0.936133,-0.193930,-10.012551
12571551,0.883460,-0.220267,-9.780313
12572730,0.905008,-0.225055,-9.749189
12573915,1.000776,-0.196325,-10.043676
12575106,0.933739,-0.203507,-9.677363
12576286,0.924162,-0.248997,-9.926360
12577471,0.852336,-0.167594,-9.562442
12578648,0.952892,-0.237026,-9.830592
12579828,0.964863,-0.220267,-9.933543
12581021,0.866701,-0.260968,-9.940725
12582207,0.955287,-0.237026,-9.852140
12583390,0.921768,-0.162806,-9.672575
12584565,0.876278,-0.186748,-9.991004
12585740,0.864307,-0.232238,-9.801862
12586934,0.833182,-0.215478,-9.550470
12588124,0.919373,-0.210690,-9.780313
12589314,0.955287,-0.239420,-9.756371
12590489,0.969652,-0.253785,-10.034100
12591667,0.905008,-0.191536,-9.694122
12592848,0.924162,-0.181959,-9.653421
12594045,0.900220,-0.203507,-9.684546
12595226,0.948104,-0.208296,-9.770737
12596413,0.936133,-0.203507,-9.976639
12597588,0.885855,-0.141258,-9.603143
12598770,0.905008,-0.225055,-9.806650
12599952,0.926556,-0.256180,-10.050858
12601150,0.936133,-0.210690,-9.868899
12602334,0.952892,-0.258574,-9.888053
12603513,0.907402,-0.193930,-9.536105
12604687,0.902614,-0.201113,-9.979033
12605872,0.890643,-0.193930,-9.888053
12607058,0.895431,-0.234632,-9.935937
12608244,0.878672,-0.229843,-9.804255
12609425,0.936133,-0.201113,-9.548077
12610599,0.914585,-0.225055,-10.093954
12611776,0.897826,-0.155623,-9.809045
12612967,0.876278,-0.198719,-9.689334
12614161,0.950498,-0.193930,-9.765948
12615351,0.948104,-0.201113,-9.775525
12616520,0.962469,-0.248997,-10.038888
12617704,0.916979,-0.210690,-9.701305
12618888,0.919373,-0.143652,-9.811439
12620083,0.890643,-0.191536,-9.698911
12621267,0.950498,-0.217872,-9.883265
12622452,0.945710,-0.232238,-9.945514
12623626,0.928950,-0.155623,-9.595961
12624806,0.969652,-0.213084,-9.799467
12625993,0.967257,-0.275333,-9.902418
12627195,0.921768,-0.248997,-9.844957
12628385,0.945710,-0.205901,-9.904813
12629563,0.955287,-0.155623,-9.636662
12630740,0.988805,-0.225055,-9.995792
12631934,0.928950,-0.244209,-10.012551
12633123,0.988805,-0.304064,-9.933543
12634313,0.936133,-0.251391,-9.933543
12635489,0.878672,-0.160412,-9.655815
12636668,0.933739,-0.241814,-9.976639
12637850,0.962469,-0.294487,-9.818622
12639048,0.960075,-0.265756,-9.572019
12640232,0.900220,-0.253785,-9.801862
12641419,0.984017,-0.196325,-9.665392
12642594,1.039083,-0.256180,-10.019734
12643775,0.936133,-0.229843,-9.809045
12644961,0.938527,-0.193930,-9.727641
12646159,0.916979,-0.210690,-9.799467
12647345,0.948104,-0.165200,-9.797073
12648528,0.962469,-0.244209,-10.141838
12649708,0.993594,-0.225055,-9.837775
12650899,0.943315,-0.220267,-9.792285
12652091,0.926556,-0.181959,-9.756371
12653277,0.936133,-0.248997,-9.816227
12654458,0.943315,-0.237026,-10.026917
12655638,0.955287,-0.167594,-9.689334
12656816,0.955287,-0.237026,-9.765948
12658007,0.976834,-0.253785,-10.005369
12659200,0.979228,-0.253785,-9.854534
12660385,0.962469,-0.251391,-10.053253
12661556,0.897826,-0.193930,-9.634268
12662736,0.893037,-0.248997,-9.828198
12663926,0.895431,-0.208296,-9.947908
12665120,0.928950,-0.251391,-9.931149
12666301,0.924162,-0.237026,-10.058042
12667480,0.885855,-0.184354,-9.622296
12668659,0.871489,-0.234632,-9.861717
12669842,0.857124,-0.201113,-9.943120
12671039,0.859518,-0.138864,-9.636662
12672229,0.902614,-0.205901,-9.959879
12673407,0.890643,-0.167594,-9.619903
12674585,0.936133,-0.208296,-9.938332
12675754,0.926556,-0.237026,-9.854534
12676951,0.893037,-0.196325,-9.572019
12678148,0.893037,-0.165200,-9.787497
12679343,0.893037,-0.208296,-9.751583
12680517,0.957681,-0.225055,-10.036493
12681697,0.921768,-0.210690,-9.785102
12682881,0.926556,-0.189142,-9.720459
12684076,0.926556,-0.215478,-10.019734
12685254,0.866701,-0.201113,-9.751583
12686437,0.943315,-0.208296,-10.036493
12687616,0.864307,-0.234632,-9.756371
12688803,0.897826,-0.191536,-9.842564
12689995,0.878672,-0.213084,-10.007763
12691197,0.940921,-0.205901,-9.701305
12692383,0.936133,-0.174777,-9.971850
12693564,0.849942,-0.196325,-9.746795
12694740,0.905008,-0.287304,-9.859323
12695933,0.857124,-0.275333,-9.988609
12697123,0.900220,-0.227449,-9.739613
12698313,0.957681,-0.251391,-9.921572
12699489,0.936133,-0.213084,-9.706094
12700667,0.916979,-0.244209,-9.861717
12701849,0.840365,-0.193930,-9.852140
12703044,0.916979,-0.179565,-9.639056
12704230,0.940921,-0.179565,-9.840169
12705415,0.914585,-0.153229,-9.756371
12706581,0.926556,-0.246603,-9.967062
12707772,0.936133,-0.227449,-9.878476
12708960,0.912191,-0.162806,-9.672575
12710157,0.909797,-0.222661,-9.873688
12711344,0.950498,-0.169988,-9.672575
12712529,0.986411,-0.203507,-9.957485
12713708,0.926556,-0.162806,-9.761160
12714899,0.936133,-0.174777,-9.667787
12716088,0.998382,-0.215478,-9.871294
12717278,0.948104,-0.225055,-9.825804
12718457,0.885855,-0.213084,-9.907207
12719635,0.869095,-0.196325,-9.698911
12720811,0.924162,-0.203507,-9.794679
12722002,0.914585,-0.258574,-9.931149
12723195,0.933739,-0.248997,-9.861717
12724390,0.928950,-0.225055,-9.955091
12725559,0.873884,-0.179565,-9.737218
12726740,0.895431,-0.155623,-9.787497
12727928,0.955287,-0.198719,-9.804255
12729122,0.924162,-0.191536,-9.713276
12730310,0.943315,-0.237026,-9.928755
12731489,0.900220,-0.215478,-9.732430
12732662,0.878672,-0.253785,-9.883265
12733847,0.852336,-0.253785,-9.883265
12735044,0.919373,-0.179565,-9.809045
12736234,0.916979,-0.270545,-9.763555
12737418,0.869095,-0.232238,-9.708488
12738597,0.924162,-0.294487,-9.919178
12739775,0.885855,-0.172383,-9.856929
12740964,0.900220,-0.155623,-9.785102
12742155,0.866701,-0.232238,-9.888053
12743346,0.890643,-0.234632,-9.761160
12744520,0.926556,-0.258574,-9.823410
12745703,0.861913,-0.210690,-9.713276
12746888,0.952892,-0.217872,-9.777920
12748083,0.893037,-0.205901,-9.974244
12749259,0.902614,-0.210690,-9.734824
12750443,0.883460,-0.220267,-9.919178
12751617,0.852336,-0.181959,-9.837775
12752802,0.912191,-0.237026,-9.885659
12753994,0.890643,-0.258574,-9.955091
12755196,0.909797,-0.198719,-9.653421
12756377,0.864307,-0.237026,-9.935937
12757557,0.864307,-0.162806,-9.809045
12758730,0.912191,-0.198719,-9.871294
12759926,0.916979,-0.239420,-9.883265
12761113,0.926556,-0.239420,-9.703699
12762297,0.883460,-0.220267,-9.904813
12763471,0.897826,-0.186748,-9.785102
12764652,0.926556,-0.258574,-9.895236
12765829,0.909797,-0.229843,-9.828198
12767030,0.864307,-0.251391,-9.732430
12768210,0.902614,-0.241814,-9.897630
12769392,0.972046,-0.225055,-9.768343
12770557,0.964863,-0.237026,-9.926360
12771737,0.962469,-0.217872,-9.868899
12772928,0.909797,-0.220267,-9.739613
12774122,0.933739,-0.241814,-9.952697
12775300,0.962469,-0.239420,-9.878476
12776480,0.924162,-0.244209,-9.964667
12777659,0.888249,-0.237026,-9.722853
12778844,0.933739,-0.184354,-9.684546
12780043,0.962469,-0.232238,-9.909601
12781231,0.873884,-0.191536,-9.792285
12782412,0.919373,-0.213084,-9.880871
12783592,0.972046,-0.232238,-9.710882
12784768,0.916979,-0.244209,-9.832987
12785960,0.876278,-0.232238,-9.933543
12787153,0.890643,-0.160412,-9.686940
12788344,0.962469,-0.189142,-9.933543
12789519,0.962469,-0.174777,-9.749189
12790703,0.938527,-0.222661,-9.919178
12791887,0.969652,-0.246603,-9.926360
12793082,0.945710,-0.227449,-9.789890
12794259,0.974440,-0.220267,-9.902418
12795443,0.995988,-0.246603,-9.722853
12796617,0.955287,-0.239420,-9.880871
12797798,0.967257,-0.251391,-9.854534
12798990,0.909797,-0.210690,-9.674969
12800192,0.988805,-0.225055,-9.911995
12801375,0.988805,-0.172383,-9.756371
12802556,0.952892,-0.177171,-9.840169
12803731,0.893037,-0.227449,-9.883265
12804926,0.871489,-0.237026,-9.761160
12806112,0.979228,-0.229843,-9.904813
12807297,0.943315,-0.268151,-9.749189
12808479,0.950498,-0.265756,-9.806650
12809652,0.933739,-0.229843,-9.861717
12810833,0.948104,-0.277727,-9.751583
12812034,0.945710,-0.237026,-9.895236
12813219,0.952892,-0.227449,-9.895236
12814406,0.972046,-0.272939,-9.821015
12815579,0.945710,-0.287304,-10.022128
12816768,0.883460,-0.222661,-9.816227
12817955,0.893037,-0.237026,-9.892841
12819152,0.928950,-0.237026,-9.916783
12820337,0.907402,-0.241814,-9.811439
12821515,0.914585,-0.229843,-9.892841
12822688,0.905008,-0.229843,-9.758766
12823874,0.888249,-0.198719,-9.868899
12825061,0.919373,-0.217872,-9.830592
12826246,0.960075,-0.213084,-9.761160
12827433,0.881066,-0.220267,-9.765948
12828616,0.921768,-0.225055,-9.713276
12829797,0.936133,-0.239420,-9.794679
12830993,0.919373,-0.222661,-9.797073
12832191,0.864307,-0.222661,-9.794679
12833380,0.878672,-0.179565,-9.756371
12834551,0.931344,-0.244209,-9.911995
12835731,0.952892,-0.237026,-9.919178
12836918,0.938527,-0.208296,-9.780313
12838109,0.940921,-0.181959,-9.797073
12839289,0.957681,-0.244209,-9.816227
12840474,0.969652,-0.177171,-9.885659
12841650,0.897826,-0.225055,-9.909601
12842834,0.900220,-0.292093,-9.722853
12844028,0.948104,-0.227449,-9.799467
12845217,0.909797,-0.222661,-9.909601
12846396,0.938527,-0.299275,-9.782708
12847566,0.967257,-0.260968,-9.885659
12848745,0.943315,-0.270545,-9.797073
12849941,0.976834,-0.280122,-9.797073
12851133,0.931344,-0.244209,-9.892841
12852327,0.933739,-0.172383,-9.799467
12853503,0.943315,-0.198719,-9.799467
12854684,0.902614,-0.220267,-9.770737
12855864,0.948104,-0.234632,-9.765948
12857056,0.948104,-0.256180,-9.806650
12858230,0.952892,-0.167594,-9.708488
12859418,0.895431,-0.222661,-9.842564
12860595,0.876278,-0.237026,-9.828198
12861776,0.921768,-0.217872,-9.823410
12862963,0.948104,-0.220267,-9.883265
12864160,0.916979,-0.225055,-9.876082
12865346,0.878672,-0.234632,-9.844957
12866522,0.893037,-0.201113,-9.837775
12867694,0.928950,-0.220267,-9.854534
12868883,0.926556,-0.220267,-9.866506
12870072,0.905008,-0.220267,-9.828198
12871256,0.907402,-0.260968,-9.861717
12872435,0.916979,-0.184354,-9.852140
12873610,0.926556,-0.205901,-9.816227
12874789,0.986411,-0.198719,-9.794679
12875985,0.986411,-0.215478,-9.854534
12877182,0.960075,-0.162806,-9.844957
12878375,0.871489,-0.196325,-9.718064
12879551,0.933739,-0.244209,-9.981427
12880731,0.897826,-0.169988,-9.751583
12881922,0.948104,-0.165200,-9.904813
12883111,0.998382,-0.179565,-9.919178
12884293,0.909797,-0.225055,-9.765948
12885471,0.933739,-0.167594,-9.794679
12886648,0.952892,-0.220267,-9.756371
12887829,0.902614,-0.237026,-9.804255
12889021,0.852336,-0.208296,-9.816227
12890207,0.849942,-0.208296,-9.832987
12891391,0.883460,-0.225055,-9.787497
12892565,0.897826,-0.181959,-9.799467
12893742,0.885855,-0.210690,-9.785102
12894935,0.928950,-0.241814,-9.878476
12896125,0.888249,-0.205901,-9.897630
12897315,0.876278,-0.186748,-9.880871
12898488,0.955287,-0.196325,-9.811439
12899667,0.964863,-0.227449,-9.921572
12900850,0.940921,-0.270545,-9.866506
12902045,1.012747,-0.201113,-9.856929
12903231,0.921768,-0.248997,-9.861717
12904420,0.924162,-0.225055,-9.775525
12905596,0.893037,-0.241814,-9.761160
12906777,0.948104,-0.198719,-9.768343
12907964,0.907402,-0.203507,-9.775525
12909159,0.945710,-0.215478,-9.746795
12910346,0.926556,-0.196325,-9.742006
12911516,0.926556,-0.239420,-9.797073
12912683,0.840365,-0.251391,-9.804255
12913869,0.931344,-0.268151,-9.842564
12915057,0.914585,-0.248997,-9.823410
12916240,0.873884,-0.153229,-9.739613
12917422,0.871489,-0.184354,-9.821015
12918597,0.928950,-0.167594,-9.847352
12919774,0.972046,-0.217872,-9.821015
12920965,0.948104,-0.208296,-9.861717
12922157,0.948104,-0.201113,-9.799467
12923348,0.957681,-0.181959,-9.715671
12924518,0.950498,-0.246603,-9.871294
12925692,0.964863,-0.220267,-9.847352
12926877,0.919373,-0.205901,-9.895236
12928072,0.972046,-0.239420,-9.947908
12929251,0.979228,-0.205901,-9.890448
12930433,0.964863,-0.205901,-9.821015
12931608,0.931344,-0.222661,-9.923966
12932793,0.969652,-0.244209,-9.825804
12933984,0.924162,-0.234632,-9.809045
12935185,0.895431,-0.146046,-9.888053
12936374,0.921768,-0.162806,-9.883265
12937554,0.972046,-0.208296,-9.933543
12938724,0.969652,-0.191536,-9.952697
12939916,0.969652,-0.179565,-9.830592
12941103,0.926556,-0.196325,-9.794679
12942289,0.955287,-0.184354,-9.859323
12943470,0.950498,-0.213084,-9.890448
12944649,0.957681,-0.208296,-9.883265
12945826,0.967257,-0.191536,-9.763555
12947028,0.955287,-0.234632,-9.818622
12948209,0.964863,-0.208296,-9.804255
12949397,0.969652,-0.179565,-9.811439
12950569,0.988805,-0.203507,-9.785102
12951750,0.993594,-0.196325,-9.823410
12952942,0.938527,-0.208296,-9.873688
12954145,0.919373,-0.241814,-9.840169
12955337,0.895431,-0.234632,-9.926360
12956516,0.909797,-0.229843,-9.864111
12957692,0.928950,-0.201113,-9.852140
12958880,0.907402,-0.232238,-9.947908
12960069,0.967257,-0.227449,-9.868899
12961256,0.943315,-0.248997,-9.840169
12962436,0.914585,-0.241814,-9.861717
12963620,0.905008,-0.229843,-9.746795
12964799,0.957681,-0.241814,-9.809045
12965995,0.950498,-0.186748,-9.821015
12967192,0.907402,-0.201113,-9.797073
12968379,0.864307,-0.205901,-9.797073
12969553,0.943315,-0.246603,-9.797073
12970732,0.881066,-0.282516,-9.888053
12971922,0.902614,-0.234632,-9.938332
12973113,0.890643,-0.237026,-9.787497
12974293,0.938527,-0.284910,-9.809045
12975477,0.936133,-0.220267,-9.856929
12976653,0.948104,-0.260968,-9.756371
12977834,0.984017,-0.313640,-9.828198
12979029,0.897826,-0.253785,-9.993398
12980219,0.869095,-0.225055,-9.911995
12981399,0.914585,-0.280122,-9.859323
12982569,0.912191,-0.193930,-9.842564
12983748,0.991199,-0.210690,-9.883265
12984944,0.952892,-0.205901,-9.852140
12986135,0.969652,-0.177171,-9.804255
12987329,0.926556,-0.191536,-9.821015
12988501,0.921768,-0.246603,-9.880871
12989681,0.972046,-0.205901,-9.737218
12990862,0.926556,-0.217872,-9.904813
12992053,0.969652,-0.169988,-9.854534
12993233,0.938527,-0.196325,-9.823410
12994421,0.885855,-0.181959,-9.878476
12995598,0.888249,-0.193930,-9.792285
12996776,0.893037,-0.220267,-9.828198
12997960,0.905008,-0.234632,-9.832987
12999156,0.864307,-0.246603,-9.832987
13000339,0.878672,-0.193930,-9.801862
13001518,0.907402,-0.208296,-9.789890
13002687,0.912191,-0.244209,-9.753978
13003873,0.919373,-0.241814,-9.780313
13005060,0.907402,-0.258574,-9.959879
13006245,0.873884,-0.229843,-9.871294
13007434,0.914585,-0.181959,-9.806650
13008611,0.928950,-0.203507,-9.761160
13009789,0.878672,-0.239420,-9.763555
13010984,0.849942,-0.258574,-9.696517
13012181,0.921768,-0.251391,-9.753978
13013375,0.849942,-0.222661,-9.801862
13014551,0.845153,-0.225055,-9.818622
13015731,0.883460,-0.220267,-9.794679
13016920,0.888249,-0.239420,-9.785102
13018111,0.888249,-0.196325,-9.823410
13019292,0.881066,-0.162806,-9.763555
13020470,0.845153,-0.191536,-9.782708
13021646,0.909797,-0.201113,-9.933543
13022827,0.912191,-0.162806,-9.955091
13024020,0.847547,-0.234632,-9.861717
13025207,0.823605,-0.201113,-9.847352
13026390,0.871489,-0.220267,-9.909601
13027569,0.873884,-0.179565,-9.844957
13028749,0.936133,-0.189142,-9.852140
13029942,0.907402,-0.172383,-9.890448
13031133,0.866701,-0.181959,-9.816227
13032328,0.916979,-0.208296,-9.806650
13033501,0.960075,-0.232238,-9.780313
13034673,0.945710,-0.217872,-9.945514
13035855,0.912191,-0.256180,-9.923966
13037047,0.885855,-0.172383,-9.856929
13038233,0.921768,-0.227449,-9.821015
13039421,0.907402,-0.210690,-9.789890
13040589,0.842759,-0.167594,-9.765948
13041772,0.845153,-0.208296,-9.753978
13042956,0.866701,-0.260968,-9.768343
13044153,0.895431,-0.258574,-9.809045
13045337,0.897826,-0.246603,-9.873688
13046516,0.905008,-0.246603,-9.854534
13047690,0.864307,-0.201113,-9.789890
13048878,0.902614,-0.172383,-9.794679
13050069,0.945710,-0.222661,-9.816227
13051254,0.948104,-0.246603,-9.782708
13052433,0.900220,-0.222661,-9.797073
13053615,0.881066,-0.275333,-9.823410
13054794,0.916979,-0.260968,-9.813833
13055991,0.878672,-0.251391,-9.864111
13057189,0.916979,-0.213084,-9.756371
13058378,0.890643,-0.205901,-9.852140
13059552,0.938527,-0.222661,-9.854534
13060733,0.902614,-0.232238,-9.909601
13061921,0.873884,-0.217872,-9.976639
13063113,0.890643,-0.232238,-9.933543
13064294,0.902614,-0.227449,-9.842564
13065473,0.907402,-0.268151,-9.744401
13066645,0.890643,-0.239420,-9.880871
13067825,0.928950,-0.215478,-9.885659
13069018,0.984017,-0.225055,-9.840169
13070207,0.902614,-0.234632,-9.883265
13071391,0.912191,-0.184354,-9.832987
13072575,0.895431,-0.227449,-9.892841
13073755,0.926556,-0.186748,-9.852140
13074951,0.852336,-0.225055,-9.830592
13076149,0.888249,-0.227449,-9.849746
13077345,0.881066,-0.260968,-9.768343
13078519,0.864307,-0.277727,-9.892841
13079702,0.916979,-0.177171,-9.813833
13080888,0.914585,-0.253785,-9.871294
13082083,0.912191,-0.256180,-9.897630
13083267,0.907402,-0.193930,-9.852140
13084444,0.876278,-0.177171,-9.753978
13085619,0.909797,-0.234632,-9.811439
13086803,0.938527,-0.237026,-9.813833
13087995,0.933739,-0.196325,-9.821015
13089198,0.924162,-0.237026,-9.842564
13090387,0.924162,-0.248997,-9.832987
13091568,0.909797,-0.217872,-9.856929
13092747,0.890643,-0.169988,-9.835381
13093944,0.888249,-0.181959,-9.871294
13095136,0.881066,-0.239420,-9.825804
13096330,0.916979,-0.225055,-9.837775
13097504,0.960075,-0.225055,-9.844957
13098678,0.902614,-0.232238,-9.789890
13099860,0.940921,-0.186748,-9.880871
13101050,0.924162,-0.203507,-9.828198
13102235,0.878672,-0.225055,-9.852140
13103423,0.897826,-0.179565,-9.816227
13104600,0.916979,-0.169988,-9.964667
13105782,0.909797,-0.191536,-9.801862
13106971,0.902614,-0.205901,-9.844957
13108168,0.893037,-0.232238,-9.804255
13109354,0.895431,-0.246603,-9.770737
13110534,0.907402,-0.198719,-9.782708
13111706,0.914585,-0.184354,-9.880871
13112898,0.926556,-0.232238,-9.756371
13114090,0.936133,-0.237026,-9.885659
13115279,0.924162,-0.186748,-9.780313
13116454,0.921768,-0.213084,-9.756371
13117631,0.881066,-0.270545,-9.665392
13118806,0.869095,-0.287304,-9.830592
13119996,0.907402,-0.292093,-9.794679
13121193,0.907402,-0.263362,-9.919178
13122380,0.933739,-0.232238,-9.892841
13123557,0.991199,-0.299275,-9.928755
13124737,0.890643,-0.251391,-9.809045
13125926,0.921768,-0.246603,-9.804255
13127120,0.902614,-0.237026,-9.725247
13128300,0.881066,-0.186748,-9.627085
13129480,0.905008,-0.150835,-9.730036
13130653,0.909797,-0.205901,-9.801862
13131835,0.940921,-0.232238,-9.823410
13133031,0.931344,-0.227449,-9.835381
13134220,0.914585,-0.268151,-9.852140
13135404,0.905008,-0.277727,-9.830592
13136573,0.914585,-0.253785,-9.842564
13137752,0.871489,-0.251391,-9.859323
13138949,0.938527,-0.186748,-9.847352
13140149,0.905008,-0.237026,-9.837775
13141344,0.960075,-0.196325,-9.959879
13142517,0.912191,-0.222661,-9.909601
13143697,0.871489,-0.237026,-9.698911
13144882,0.909797,-0.241814,-9.816227
13146077,0.895431,-0.260968,-9.897630
13147257,0.924162,-0.246603,-9.878476
13148442,0.902614,-0.215478,-9.844957
13149616,0.912191,-0.210690,-9.787497
13150800,0.964863,-0.289698,-9.883265
13151993,0.972046,-0.246603,-9.861717
13153195,0.972046,-0.215478,-9.859323
13154379,0.969652,-0.244209,-9.888053
13155558,0.967257,-0.222661,-9.883265
13156735,0.902614,-0.189142,-9.847352
13157929,0.878672,-0.225055,-9.792285
13159120,0.852336,-0.225055,-9.866506
13160310,0.921768,-0.181959,-9.823410
13161486,0.924162,-0.160412,-9.902418
13162658,0.861913,-0.177171,-9.849746
13163839,0.895431,-0.215478,-9.837775
13165040,0.919373,-0.241814,-9.828198
13166225,0.900220,-0.205901,-9.852140
13167410,0.928950,-0.253785,-9.816227
13168586,0.981623,-0.220267,-9.816227
13169759,0.936133,-0.193930,-9.837775
13170946,0.912191,-0.181959,-9.868899
13172146,0.878672,-0.217872,-9.864111
13173339,0.912191,-0.239420,-9.947908
13174518,0.893037,-0.220267,-9.955091
13175692,0.909797,-0.210690,-9.914390
13176874,0.952892,-0.229843,-9.844957
13178061,0.948104,-0.239420,-9.880871
13179245,0.957681,-0.153229,-9.907207
13180434,0.962469,-0.150835,-9.895236
13181617,0.943315,-0.217872,-9.811439
13182798,0.916979,-0.169988,-9.789890
13183995,0.945710,-0.155623,-9.919178
13185193,0.885855,-0.186748,-9.933543
13186382,0.866701,-0.229843,-9.811439
13187552,0.890643,-0.205901,-9.765948
13188732,0.888249,-0.191536,-9.801862
13189916,0.964863,-0.244209,-9.914390
13191106,0.857124,-0.208296,-9.854534
13192287,0.936133,-0.193930,-9.842564
13193472,0.921768,-0.186748,-9.864111
13194643,0.861913,-0.146046,-9.751583
13195825,0.890643,-0.169988,-9.746795
13197018,0.916979,-0.208296,-9.794679
13198207,0.912191,-0.198719,-9.864111
13199392,0.933739,-0.208296,-9.830592
13200566,1.015141,-0.165200,-9.813833
13201741,0.924162,-0.208296,-9.864111
13202936,0.878672,-0.246603,-9.921572
13204126,0.905008,-0.227449,-9.821015
13205316,0.883460,-0.225055,-9.780313
13206489,0.921768,-0.222661,-9.789890
13207668,0.905008,-0.251391,-9.785102
13208847,0.885855,-0.198719,-9.727641
13210044,0.897826,-0.201113,-9.928755
13211228,0.945710,-0.205901,-9.854534
13212412,0.948104,-0.210690,-9.849746
13213580,0.893037,-0.234632,-9.883265
13214771,0.905008,-0.232238,-9.866506
13215953,0.950498,-0.304064,-9.799467
13217150,0.897826,-0.292093,-9.837775
13218342,0.914585,-0.246603,-9.777920
13219520,0.921768,-0.246603,-9.816227
13220696,0.897826,-0.258574,-9.856929
13221886,0.919373,-0.225055,-9.938332
13223076,0.926556,-0.229843,-9.892841
13224262,0.957681,-0.268151,-9.823410
13225440,0.969652,-0.225055,-9.847352
13226618,0.936133,-0.193930,-9.885659
13227796,0.895431,-0.181959,-9.821015
13228992,0.940921,-0.213084,-9.794679
13230185,0.933739,-0.179565,-9.842564
13231375,0.921768,-0.208296,-9.902418
13232550,0.912191,-0.225055,-9.943120
13233729,0.883460,-0.222661,-9.868899
13234913,0.885855,-0.208296,-9.806650
13236100,0.905008,-0.237026,-9.775525
13237284,0.919373,-0.270545,-9.715671
13238469,0.931344,-0.248997,-9.770737
13239645,0.905008,-0.227449,-9.861717
13240825,0.979228,-0.208296,-9.895236
13242018,0.952892,-0.258574,-9.840169
13243207,0.919373,-0.248997,-9.852140
13244391,0.926556,-0.186748,-9.821015
13245571,0.885855,-0.220267,-9.768343
13246750,0.900220,-0.263362,-9.844957
13247945,0.924162,-0.232238,-9.782708
13249136,0.866701,-0.270545,-9.828198
13250331,0.952892,-0.234632,-9.830592
13251503,0.974440,-0.196325,-9.823410
13252682,0.931344,-0.179565,-9.816227
13253865,0.890643,-0.191536,-9.782708
13255056,0.945710,-0.225055,-9.763555
13256234,0.936133,-0.210690,-9.813833
13257422,0.950498,-0.225055,-9.758766
13258598,0.991199,-0.210690,-9.787497
13259779,0.960075,-0.229843,-9.749189
13260965,0.926556,-0.203507,-9.837775
13262162,0.881066,-0.232238,-9.744401
13263348,0.926556,-0.246603,-9.789890
13264533,0.984017,-0.225055,-9.775525
13265711,0.940921,-0.220267,-9.770737
13266901,0.861913,-0.244209,-9.794679
13268093,0.948104,-0.208296,-9.770737
13269280,0.928950,-0.248997,-9.789890
13270460,0.914585,-0.253785,-9.785102
13271641,0.928950,-0.222661,-9.825804
13272816,0.871489,-0.241814,-9.854534
13274008,0.861913,-0.229843,-9.801862
13275201,0.845153,-0.213084,-9.849746
13276385,0.885855,-0.193930,-9.792285
13277555,0.893037,-0.217872,-9.749189
13278736,0.943315,-0.177171,-9.768343
13279926,0.945710,-0.143652,-9.890448
13281117,0.866701,-0.229843,-9.938332
13282298,0.916979,-0.227449,-9.734824
13283483,0.907402,-0.256180,-9.775525
13284661,0.912191,-0.253785,-9.969456
13285846,0.943315,-0.215478,-9.888053
13287044,0.962469,-0.213084,-9.821015
13288232,0.914585,-0.196325,-9.830592
13289416,0.964863,-0.234632,-9.801862
13290591,0.986411,-0.215478,-9.768343
13291769,0.919373,-0.181959,-9.806650
