time_us,x,y,z
1811058831,0.306458,-0.529119,-9.888053
1811060064,0.363919,-0.565032,-9.890448
1811061306,0.311246,-0.502782,-9.907207
1811062498,0.294487,-0.497994,-9.933543
1811063710,0.280122,-0.452504,-9.916783
1811064929,0.344765,-0.478840,-9.840169
1811066143,0.335188,-0.471658,-9.828198
1811067350,0.344765,-0.529119,-9.935937
1811068554,0.383072,-0.529119,-9.921572
1811069776,0.332794,-0.538695,-9.878476
1811070997,0.330400,-0.512359,-9.895236
1811072211,0.332794,-0.490811,-9.969456
1811073417,0.248997,-0.478840,-9.979033
1811074628,0.339977,-0.471658,-9.955091
1811075861,0.397437,-0.531513,-9.883265
1811077077,0.301669,-0.526724,-9.947908
1811078294,0.318429,-0.553061,-9.976639
1811079491,0.347159,-0.514753,-9.943120
1811080703,0.301669,-0.505177,-9.911995
1811081934,0.330400,-0.514753,-9.892841
1811083159,0.282516,-0.526724,-9.854534
1811084361,0.299275,-0.545878,-9.897630
1811085570,0.344765,-0.521936,-9.964667
1811086788,0.335188,-0.529119,-10.031705
1811088020,0.296881,-0.497994,-9.868899
1811089242,0.301669,-0.502782,-9.878476
1811090449,0.313640,-0.519542,-9.888053
1811091665,0.320823,-0.581791,-9.876082
1811092897,0.316035,-0.562637,-9.931149
1811094123,0.339977,-0.486023,-9.797073
1811095334,0.270545,-0.464475,-9.876082
1811096545,0.354342,-0.502782,-9.888053
1811097758,0.332794,-0.505177,-9.835381
1811098974,0.359130,-0.474052,-9.854534
1811100193,0.313640,-0.476446,-9.816227
1811101404,0.337582,-0.555455,-9.823410
1811102610,0.385466,-0.493206,-9.809045
1811103831,0.359130,-0.493206,-9.818622
1811105052,0.328006,-0.500388,-9.859323
1811106263,0.299275,-0.481235,-9.914390
1811107475,0.347159,-0.488417,-9.940725
1811108687,0.397437,-0.505177,-9.837775
1811109916,0.356736,-0.488417,-9.921572
1811111133,0.368707,-0.541090,-9.902418
1811112343,0.339977,-0.545878,-9.904813
1811113547,0.380678,-0.488417,-9.818622
1811114769,0.366313,-0.514753,-9.792285
1811115985,0.354342,-0.469264,-9.816227
1811117212,0.368707,-0.490811,-9.890448
1811118412,0.332794,-0.476446,-9.801862
1811119628,0.366313,-0.457293,-9.828198
1811120857,0.344765,-0.541090,-9.811439
1811122078,0.330400,-0.521936,-9.768343
1811123288,0.380678,-0.502782,-9.844957
1811124501,0.383072,-0.471658,-9.859323
1811125713,0.311246,-0.438139,-9.787497
1811126941,0.351948,-0.536301,-9.828198
1811128162,0.361524,-0.560243,-9.828198
1811129368,0.308852,-0.562637,-9.871294
1811130575,0.328006,-0.526724,-9.840169
1811131800,0.337582,-0.505177,-9.876082
1811133031,0.363919,-0.541090,-9.789890
1811134255,0.311246,-0.560243,-9.785102
1811135450,0.272939,-0.505177,-9.730036
1811136670,0.342371,-0.524330,-9.830592
1811137897,0.351948,-0.507571,-9.895236
1811139125,0.323217,-0.524330,-9.837775
1811140332,0.282516,-0.531513,-9.830592
1811141540,0.380678,-0.521936,-9.871294
1811142754,0.387861,-0.529119,-9.914390
1811143974,0.339977,-0.529119,-9.866506
1811145187,0.311246,-0.531513,-9.878476
1811146404,0.325611,-0.533907,-9.873688
1811147606,0.304064,-0.524330,-9.861717
1811148831,0.313640,-0.497994,-9.811439
1811150058,0.325611,-0.481235,-9.897630
1811151278,0.332794,-0.490811,-9.787497
1811152485,0.316035,-0.512359,-9.840169
1811153700,0.306458,-0.521936,-9.892841
1811154932,0.323217,-0.548272,-9.847352
1811156150,0.282516,-0.531513,-9.823410
1811157349,0.225055,-0.531513,-9.830592
1811158554,0.270545,-0.488417,-9.923966
1811159776,0.311246,-0.514753,-9.871294
1811160997,0.332794,-0.550666,-9.873688
1811162220,0.313640,-0.524330,-9.852140
1811163424,0.311246,-0.507571,-9.792285
1811164635,0.316035,-0.514753,-9.837775
1811165873,0.272939,-0.459687,-9.864111
1811167090,0.301669,-0.505177,-9.876082
1811168311,0.256180,-0.526724,-9.967062
1811169517,0.296881,-0.574608,-9.916783
1811170740,0.256180,-0.574608,-9.921572
1811171961,0.306458,-0.581791,-10.012551
1811173181,0.292093,-0.617704,-10.017340
1811174388,0.248997,-0.586579,-10.010158
1811175604,0.323217,-0.553061,-10.022128
1811176831,0.339977,-0.507571,-9.928755
1811178057,0.299275,-0.469264,-9.935937
1811179274,0.385466,-0.541090,-9.904813
1811180484,0.323217,-0.541090,-10.050858
1811181690,0.366313,-0.500388,-10.084377
1811182927,0.373495,-0.553061,-10.036493
1811184142,0.371101,-0.500388,-9.852140
1811185352,0.320823,-0.505177,-9.844957
1811186557,0.265756,-0.483629,-9.861717
1811187779,0.313640,-0.445322,-9.787497
1811188994,0.316035,-0.469264,-9.797073
1811190224,0.366313,-0.486023,-9.868899
1811191425,0.344765,-0.481235,-9.933543
1811192642,0.323217,-0.471658,-9.955091
1811193881,0.356736,-0.486023,-9.914390
1811195100,0.328006,-0.488417,-9.847352
1811196307,0.304064,-0.457293,-9.892841
1811197518,0.325611,-0.466869,-9.852140
1811198735,0.287304,-0.507571,-9.780313
1811199954,0.265756,-0.507571,-9.876082
1811201159,0.284910,-0.464475,-9.890448
1811202362,0.316035,-0.507571,-9.911995
1811203569,0.344765,-0.553061,-9.840169
1811204795,0.325611,-0.545878,-9.806650
1811206024,0.301669,-0.529119,-9.756371
1811207242,0.296881,-0.553061,-9.835381
1811208440,0.292093,-0.488417,-9.821015
1811209656,0.323217,-0.450110,-9.809045
1811210882,0.282516,-0.478840,-9.864111
1811212102,0.339977,-0.533907,-9.909601
1811213303,0.359130,-0.493206,-9.969456
1811214509,0.339977,-0.509965,-9.873688
1811215724,0.359130,-0.483629,-9.883265
1811216940,0.390255,-0.512359,-9.868899
1811218161,0.296881,-0.507571,-9.844957
1811219365,0.296881,-0.524330,-9.888053
1811220571,0.311246,-0.502782,-9.892841
1811221793,0.308852,-0.502782,-9.849746
1811223020,0.287304,-0.529119,-9.758766
1811224236,0.308852,-0.541090,-9.756371
1811225441,0.328006,-0.536301,-9.816227
1811226656,0.320823,-0.507571,-9.880871
1811227883,0.328006,-0.459687,-9.926360
1811229102,0.325611,-0.502782,-9.940725
1811230308,0.339977,-0.560243,-9.885659
1811231517,0.292093,-0.457293,-9.873688
1811232734,0.251391,-0.440533,-9.871294
1811233957,0.256180,-0.541090,-9.792285
1811235167,0.325611,-0.533907,-9.832987
1811236379,0.311246,-0.481235,-9.787497
1811237586,0.332794,-0.497994,-9.876082
1811238818,0.318429,-0.464475,-9.832987
1811240041,0.258574,-0.495600,-9.854534
1811241272,0.311246,-0.548272,-9.900024
1811242474,0.268151,-0.567426,-9.854534
1811243692,0.296881,-0.538695,-9.811439
1811244925,0.323217,-0.615310,-9.868899
1811246143,0.339977,-0.553061,-9.952697
1811247350,0.356736,-0.438139,-9.945514
1811248562,0.320823,-0.462081,-9.868899
1811249778,0.349553,-0.533907,-9.840169
1811250998,0.387861,-0.555455,-9.801862
1811252223,0.328006,-0.519542,-9.955091
1811253427,0.344765,-0.531513,-9.940725
1811254636,0.289698,-0.610521,-9.854534
1811255874,0.301669,-0.555455,-9.907207
1811257089,0.313640,-0.481235,-9.777920
1811258306,0.316035,-0.533907,-9.696517
1811259507,0.296881,-0.548272,-9.765948
1811260736,0.354342,-0.555455,-9.823410
1811261956,0.361524,-0.543484,-9.940725
1811263176,0.397437,-0.541090,-9.871294
1811264383,0.378284,-0.541090,-9.873688
1811265588,0.433351,-0.553061,-9.919178
1811266815,0.435745,-0.529119,-9.983821
1811268042,0.426168,-0.478840,-9.885659
1811269259,0.433351,-0.414197,-9.897630
1811270471,0.462081,-0.497994,-9.873688
1811271682,0.435745,-0.471658,-9.828198
1811272915,0.399832,-0.538695,-9.842564
1811274129,0.404620,-0.555455,-9.816227
1811275339,0.416591,-0.541090,-9.758766
1811276550,0.404620,-0.541090,-9.734824
1811277767,0.428562,-0.548272,-9.720459
1811278981,0.440533,-0.531513,-9.718064
1811280200,0.397437,-0.512359,-9.792285
1811281397,0.411803,-0.524330,-9.749189
1811282618,0.397437,-0.493206,-9.753978
1811283837,0.380678,-0.555455,-9.931149
1811285069,0.373495,-0.509965,-9.921572
1811286280,0.306458,-0.502782,-10.103531
1811287491,0.385466,-0.555455,-10.172963
1811288710,0.423774,-0.464475,-10.117896
1811289939,0.445322,-0.385466,-9.938332
1811291158,0.421380,-0.383072,-9.883265
1811292364,0.414197,-0.428562,-9.742006
1811293565,0.368707,-0.478840,-9.794679
1811294788,0.488417,-0.505177,-9.828198
1811296015,0.486023,-0.517148,-9.993398
1811297236,0.488417,-0.526724,-9.921572
1811298443,0.500388,-0.517148,-9.732430
1811299658,0.462081,-0.521936,-9.677363
1811300886,0.409408,-0.471658,-9.655815
1811302105,0.387861,-0.462081,-9.684546
1811303312,0.426168,-0.469264,-9.703699
1811304521,0.428562,-0.383072,-9.842564
1811305739,0.335188,-0.375890,-9.852140
1811306962,0.399832,-0.416591,-9.907207
1811308170,0.383072,-0.423774,-9.955091
1811309370,0.339977,-0.486023,-9.971850
1811310576,0.371101,-0.514753,-9.940725
1811311797,0.330400,-0.526724,-9.933543
1811313029,0.335188,-0.481235,-9.921572
1811314250,0.387861,-0.474052,-9.969456
1811315446,0.404620,-0.476446,-9.813833
1811316662,0.359130,-0.474052,-9.713276
1811317880,0.368707,-0.466869,-9.691729
1811319100,0.339977,-0.452504,-9.677363
1811320307,0.359130,-0.486023,-9.667787
1811321518,0.311246,-0.483629,-9.670180
1811322735,0.371101,-0.486023,-9.696517
1811323955,0.402226,-0.538695,-9.758766
1811325170,0.354342,-0.474052,-9.832987
1811326382,0.397437,-0.521936,-9.809045
1811327588,0.330400,-0.531513,-9.768343
1811328818,0.311246,-0.514753,-9.770737
1811330041,0.337582,-0.466869,-9.837775
1811331262,0.354342,-0.490811,-9.804255
1811332463,0.390255,-0.505177,-9.852140
1811333678,0.320823,-0.507571,-9.864111
1811334905,0.387861,-0.488417,-9.871294
1811336126,0.354342,-0.519542,-9.931149
1811337333,0.299275,-0.519542,-9.914390
1811338549,0.296881,-0.550666,-9.955091
1811339761,0.361524,-0.596156,-10.024523
1811340981,0.366313,-0.574608,-10.017340
1811342191,0.318429,-0.550666,-9.947908
1811343406,0.289698,-0.517148,-9.947908
1811344613,0.294487,-0.529119,-9.986216
1811345847,0.268151,-0.572214,-10.046070
1811347077,0.282516,-0.536301,-10.060435
1811348297,0.275333,-0.493206,-9.900024
1811349492,0.268151,-0.493206,-9.911995
1811350714,0.313640,-0.524330,-9.914390
1811351932,0.292093,-0.495600,-9.938332
1811353151,0.268151,-0.502782,-9.933543
1811354347,0.349553,-0.524330,-9.957485
1811355569,0.368707,-0.495600,-9.976639
1811356790,0.344765,-0.490811,-9.897630
1811358021,0.332794,-0.545878,-9.907207
1811359232,0.251391,-0.574608,-9.952697
1811360437,0.246603,-0.577003,-9.923966
1811361654,0.203507,-0.543484,-9.854534
1811362893,0.265756,-0.526724,-9.866506
1811364120,0.225055,-0.517148,-9.849746
1811365331,0.260968,-0.531513,-9.878476
1811366538,0.260968,-0.555455,-9.770737
1811367754,0.215478,-0.493206,-9.840169
1811368969,0.217872,-0.488417,-9.797073
1811370190,0.275333,-0.519542,-9.806650
1811371400,0.275333,-0.536301,-9.969456
1811372617,0.316035,-0.462081,-9.935937
1811373839,0.354342,-0.486023,-9.883265
1811375071,0.347159,-0.486023,-9.864111
1811376284,0.318429,-0.567426,-9.904813
1811377496,0.318429,-0.567426,-9.950302
1811378702,0.347159,-0.529119,-9.976639
1811379940,0.385466,-0.512359,-9.914390
1811381161,0.335188,-0.567426,-9.854534
1811382358,0.363919,-0.555455,-9.928755
1811383555,0.375890,-0.529119,-9.911995
1811384772,0.263362,-0.529119,-9.935937
1811385983,0.304064,-0.553061,-9.868899
1811387207,0.359130,-0.517148,-9.840169
1811388407,0.349553,-0.545878,-9.854534
1811389624,0.397437,-0.577003,-9.955091
1811390851,0.342371,-0.591368,-9.904813
1811392081,0.356736,-0.579397,-9.890448
1811393299,0.299275,-0.474052,-9.959879
1811394521,0.299275,-0.462081,-9.957485
1811395739,0.356736,-0.524330,-9.859323
1811396962,0.380678,-0.507571,-9.895236
1811398177,0.337582,-0.505177,-9.969456
1811399389,0.337582,-0.500388,-9.914390
1811400600,0.342371,-0.521936,-9.940725
1811401836,0.359130,-0.505177,-9.947908
1811403058,0.328006,-0.524330,-9.962274
1811404274,0.339977,-0.505177,-9.911995
1811405478,0.335188,-0.486023,-9.885659
1811406695,0.347159,-0.526724,-9.828198
1811407923,0.332794,-0.502782,-9.880871
1811409143,0.318429,-0.517148,-9.825804
1811410347,0.368707,-0.533907,-9.880871
1811411567,0.380678,-0.490811,-9.840169
1811412785,0.375890,-0.495600,-9.799467
1811414009,0.371101,-0.509965,-9.856929
1811415222,0.351948,-0.481235,-9.859323
1811416428,0.328006,-0.524330,-9.744401
1811417633,0.368707,-0.545878,-9.835381
1811418862,0.349553,-0.548272,-9.885659
1811420079,0.409408,-0.474052,-9.856929
1811421298,0.385466,-0.490811,-9.742006
1811422499,0.363919,-0.509965,-9.777920
1811423709,0.347159,-0.517148,-9.811439
1811424932,0.339977,-0.497994,-9.852140
1811426152,0.313640,-0.524330,-9.864111
1811427349,0.339977,-0.509965,-9.849746
1811428561,0.347159,-0.521936,-9.832987
1811429779,0.347159,-0.488417,-9.773131
1811431000,0.328006,-0.495600,-9.859323
1811432214,0.335188,-0.495600,-9.895236
1811433416,0.354342,-0.490811,-9.952697
1811434623,0.373495,-0.524330,-9.895236
1811435855,0.330400,-0.555455,-9.880871
1811437076,0.325611,-0.507571,-9.859323
1811438296,0.359130,-0.543484,-9.837775
1811439492,0.328006,-0.533907,-9.919178
1811440713,0.323217,-0.469264,-9.868899
1811441933,0.335188,-0.421380,-9.900024
1811443146,0.349553,-0.435745,-9.907207
1811444351,0.397437,-0.505177,-9.849746
1811445558,0.339977,-0.545878,-9.900024
1811446774,0.344765,-0.497994,-9.888053
1811447989,0.339977,-0.471658,-9.864111
1811449212,0.347159,-0.464475,-9.885659
1811450418,0.347159,-0.476446,-9.988609
1811451627,0.402226,-0.486023,-9.904813
1811452858,0.371101,-0.514753,-9.852140
1811454077,0.404620,-0.538695,-9.880871
1811455296,0.347159,-0.593762,-9.856929
1811456499,0.373495,-0.577003,-9.809045
1811457708,0.383072,-0.502782,-9.806650
1811458928,0.359130,-0.500388,-9.919178
1811460147,0.385466,-0.567426,-9.785102
1811461349,0.416591,-0.519542,-9.911995
1811462572,0.373495,-0.521936,-9.933543
1811463794,0.344765,-0.529119,-9.878476
1811465031,0.371101,-0.512359,-9.809045
1811466246,0.402226,-0.493206,-9.830592
1811467444,0.256180,-0.514753,-9.878476
1811468646,0.337582,-0.517148,-9.900024
1811469888,0.344765,-0.517148,-9.883265
1811471105,0.311246,-0.531513,-9.761160
1811472316,0.325611,-0.490811,-9.818622
1811473523,0.311246,-0.507571,-9.883265
1811474746,0.287304,-0.533907,-9.847352
1811475972,0.316035,-0.533907,-9.849746
1811477189,0.268151,-0.483629,-9.770737
1811478401,0.256180,-0.502782,-9.821015
1811479616,0.246603,-0.529119,-9.792285
1811480839,0.292093,-0.586579,-9.765948
1811482070,0.205901,-0.557849,-9.830592
1811483280,0.277727,-0.524330,-9.885659
1811484492,0.272939,-0.533907,-9.825804
1811485709,0.339977,-0.519542,-9.861717
1811486936,0.304064,-0.541090,-9.787497
1811488155,0.248997,-0.543484,-9.821015
1811489353,0.347159,-0.550666,-9.804255
1811490559,0.287304,-0.493206,-9.866506
1811491784,0.268151,-0.483629,-9.897630
1811493000,0.227449,-0.488417,-9.945514
1811494221,0.258574,-0.533907,-9.852140
1811495421,0.229843,-0.486023,-9.993398
1811496636,0.299275,-0.500388,-9.938332
1811497861,0.313640,-0.471658,-9.935937
1811499081,0.308852,-0.474052,-9.844957
1811500298,0.318429,-0.478840,-9.854534
1811501519,0.299275,-0.512359,-9.952697
1811502738,0.284910,-0.572214,-9.892841
1811503964,0.304064,-0.500388,-9.933543
1811505172,0.308852,-0.543484,-9.935937
1811506370,0.301669,-0.521936,-9.921572
1811507577,0.330400,-0.545878,-9.897630
1811508801,0.272939,-0.471658,-9.933543
1811510021,0.318429,-0.474052,-9.935937
1811511236,0.265756,-0.533907,-9.907207
1811512441,0.313640,-0.481235,-9.926360
1811513657,0.241814,-0.500388,-9.844957
1811514885,0.280122,-0.512359,-9.832987
1811516110,0.296881,-0.505177,-9.794679
1811517317,0.306458,-0.481235,-9.813833
1811518529,0.282516,-0.474052,-9.866506
1811519747,0.318429,-0.474052,-9.818622
1811520978,0.284910,-0.512359,-9.852140
1811522193,0.277727,-0.512359,-9.885659
1811523409,0.272939,-0.474052,-9.811439
1811524620,0.282516,-0.524330,-9.840169
1811525849,0.256180,-0.533907,-9.804255
1811527073,0.311246,-0.497994,-9.801862
1811528293,0.325611,-0.493206,-9.732430
1811529501,0.270545,-0.497994,-9.849746
1811530724,0.282516,-0.500388,-9.840169
1811531936,0.275333,-0.512359,-9.854534
1811533159,0.260968,-0.490811,-9.809045
1811534359,0.304064,-0.469264,-9.816227
1811535570,0.363919,-0.497994,-9.873688
1811536793,0.301669,-0.524330,-9.904813
1811538024,0.316035,-0.483629,-9.861717
1811539239,0.294487,-0.507571,-9.825804
1811540449,0.335188,-0.533907,-9.921572
1811541667,0.294487,-0.514753,-9.854534
1811542900,0.282516,-0.478840,-9.852140
1811544116,0.339977,-0.486023,-9.859323
1811545327,0.323217,-0.476446,-9.868899
1811546535,0.294487,-0.502782,-9.907207
1811547750,0.311246,-0.500388,-9.926360
1811548975,0.308852,-0.512359,-9.962274
1811550195,0.318429,-0.481235,-9.986216
1811551406,0.265756,-0.459687,-9.974244
1811552624,0.339977,-0.497994,-9.950302
1811553840,0.306458,-0.471658,-9.983821
1811555072,0.311246,-0.507571,-9.933543
1811556288,0.304064,-0.507571,-10.005369
1811557503,0.292093,-0.545878,-9.957485
1811558721,0.320823,-0.474052,-9.979033
1811559940,0.349553,-0.459687,-9.926360
1811561162,0.366313,-0.476446,-9.931149
1811562367,0.428562,-0.536301,-9.945514
1811563573,0.354342,-0.519542,-9.976639
1811564800,0.320823,-0.509965,-9.976639
1811566029,0.335188,-0.464475,-9.876082
1811567249,0.320823,-0.450110,-9.832987
1811568443,0.318429,-0.481235,-9.794679
1811569660,0.371101,-0.486023,-9.902418
1811570887,0.387861,-0.483629,-9.890448
1811572104,0.337582,-0.495600,-9.868899
1811573308,0.385466,-0.476446,-9.904813
1811574519,0.349553,-0.524330,-9.940725
1811575726,0.380678,-0.493206,-9.914390
1811576946,0.375890,-0.531513,-9.909601
1811578171,0.375890,-0.569820,-9.837775
1811579382,0.366313,-0.538695,-9.804255
1811580586,0.284910,-0.474052,-9.883265
1811581817,0.366313,-0.493206,-9.828198
1811583039,0.337582,-0.493206,-9.787497
1811584266,0.359130,-0.474052,-9.861717
1811585472,0.359130,-0.474052,-9.907207
1811586682,0.306458,-0.486023,-9.897630
1811587905,0.323217,-0.488417,-9.868899
1811589124,0.399832,-0.452504,-9.797073
1811590330,0.383072,-0.486023,-9.856929
1811591541,0.421380,-0.442927,-9.945514
1811592758,0.395043,-0.529119,-9.935937
1811593971,0.373495,-0.497994,-9.825804
1811595187,0.349553,-0.459687,-9.861717
1811596403,0.323217,-0.474052,-9.876082
1811597615,0.311246,-0.497994,-9.816227
1811598849,0.347159,-0.490811,-9.873688
1811600077,0.356736,-0.526724,-9.835381
1811601295,0.402226,-0.524330,-9.859323
1811602491,0.409408,-0.500388,-9.847352
1811603712,0.335188,-0.531513,-9.799467
1811604931,0.347159,-0.555455,-9.799467
1811606152,0.275333,-0.476446,-9.847352
1811607351,0.354342,-0.521936,-9.811439
1811608558,0.366313,-0.488417,-9.821015
1811609779,0.349553,-0.524330,-9.756371
1811610997,0.390255,-0.514753,-9.797073
1811612222,0.354342,-0.514753,-9.809045
1811613427,0.308852,-0.493206,-9.854534
1811614635,0.361524,-0.438139,-9.777920
1811615862,0.354342,-0.435745,-9.809045
1811617077,0.378284,-0.495600,-9.854534
1811618297,0.359130,-0.488417,-9.816227
1811619494,0.316035,-0.493206,-9.914390
1811620704,0.356736,-0.478840,-9.746795
1811621926,0.354342,-0.469264,-9.746795
1811623143,0.380678,-0.478840,-9.785102
1811624348,0.328006,-0.478840,-9.758766
1811625553,0.375890,-0.521936,-9.751583
1811626775,0.363919,-0.450110,-9.868899
1811627996,0.368707,-0.497994,-9.844957
1811629219,0.330400,-0.495600,-9.813833
1811630419,0.282516,-0.476446,-9.816227
1811631631,0.325611,-0.531513,-9.780313
1811632859,0.339977,-0.514753,-9.770737
1811634077,0.325611,-0.493206,-9.835381
1811635298,0.349553,-0.550666,-9.847352
1811636499,0.404620,-0.524330,-9.847352
1811637721,0.292093,-0.548272,-9.859323
1811638937,0.299275,-0.533907,-9.770737
1811640162,0.316035,-0.605733,-9.825804
1811641354,0.330400,-0.577003,-9.928755
1811642556,0.335188,-0.512359,-9.859323
1811643778,0.337582,-0.471658,-9.823410
1811644998,0.337582,-0.445322,-9.844957
1811646225,0.308852,-0.450110,-9.892841
1811647429,0.284910,-0.505177,-9.926360
1811648634,0.344765,-0.541090,-9.931149
1811649871,0.349553,-0.483629,-9.931149
1811651082,0.359130,-0.543484,-9.801862
1811652303,0.339977,-0.500388,-9.844957
1811653507,0.337582,-0.531513,-9.902418
1811654730,0.349553,-0.519542,-9.911995
1811655946,0.296881,-0.524330,-9.883265
1811657176,0.308852,-0.514753,-9.880871
1811658382,0.308852,-0.490811,-9.847352
1811659592,0.304064,-0.497994,-9.883265
1811660819,0.339977,-0.533907,-9.904813
1811662045,0.337582,-0.505177,-9.895236
1811663271,0.316035,-0.462081,-9.890448
1811664471,0.323217,-0.517148,-9.919178
1811665678,0.316035,-0.541090,-9.914390
1811666909,0.237026,-0.550666,-9.856929
1811668123,0.306458,-0.533907,-9.916783
1811669331,0.316035,-0.560243,-9.864111
1811670532,0.301669,-0.514753,-9.890448
1811671748,0.363919,-0.541090,-9.876082
1811672974,0.385466,-0.588974,-9.859323
1811674195,0.344765,-0.574608,-9.823410
1811675405,0.304064,-0.555455,-9.900024
1811676619,0.308852,-0.514753,-9.947908
1811677840,0.320823,-0.545878,-9.911995
1811679073,0.296881,-0.562637,-9.938332
1811680289,0.356736,-0.541090,-9.943120
1811681505,0.378284,-0.541090,-9.911995
1811682723,0.256180,-0.565032,-9.928755
1811683937,0.282516,-0.543484,-9.842564
1811685156,0.265756,-0.517148,-9.885659
1811686353,0.270545,-0.469264,-9.914390
1811687554,0.339977,-0.495600,-9.876082
1811688779,0.301669,-0.560243,-9.928755
1811689994,0.304064,-0.545878,-9.842564
1811691216,0.268151,-0.538695,-9.916783
1811692415,0.335188,-0.502782,-9.801862
1811693631,0.387861,-0.495600,-9.854534
1811694855,0.328006,-0.567426,-9.945514
1811696078,0.306458,-0.550666,-9.914390
1811697293,0.351948,-0.569820,-9.995792
1811698507,0.332794,-0.524330,-10.000581
1811699724,0.299275,-0.514753,-9.892841
1811700945,0.284910,-0.507571,-9.868899
1811702163,0.265756,-0.478840,-9.933543
1811703369,0.268151,-0.517148,-9.967062
1811704576,0.263362,-0.502782,-9.950302
1811705801,0.294487,-0.488417,-9.897630
1811707033,0.339977,-0.507571,-9.955091
1811708258,0.263362,-0.493206,-9.914390
1811709448,0.320823,-0.514753,-9.938332
1811710660,0.344765,-0.529119,-9.993398
1811711881,0.270545,-0.502782,-9.873688
1811713100,0.277727,-0.529119,-9.907207
1811714307,0.304064,-0.541090,-9.892841
1811715511,0.277727,-0.519542,-9.883265
1811716725,0.258574,-0.497994,-9.955091
1811717946,0.304064,-0.495600,-9.907207
1811719164,0.316035,-0.505177,-9.955091
1811720364,0.361524,-0.497994,-9.878476
1811721572,0.366313,-0.471658,-9.852140
1811722798,0.316035,-0.445322,-9.789890
1811724020,0.359130,-0.464475,-9.835381
1811725241,0.325611,-0.519542,-9.835381
1811726448,0.351948,-0.505177,-9.859323
1811727665,0.287304,-0.541090,-9.919178
1811728892,0.344765,-0.433351,-9.859323
1811730124,0.337582,-0.519542,-9.890448
1811731330,0.361524,-0.488417,-9.868899
1811732542,0.363919,-0.466869,-9.883265
1811733752,0.344765,-0.459687,-9.828198
1811734984,0.351948,-0.476446,-9.770737
1811736204,0.323217,-0.474052,-9.725247
1811737409,0.311246,-0.497994,-9.739613
1811738622,0.306458,-0.490811,-9.730036
1811739853,0.301669,-0.481235,-9.758766
1811741072,0.292093,-0.507571,-9.785102
1811742291,0.359130,-0.524330,-9.744401
1811743489,0.387861,-0.521936,-9.799467
1811744712,0.313640,-0.493206,-9.818622
1811745934,0.328006,-0.514753,-9.797073
1811747155,0.347159,-0.507571,-9.775525
1811748351,0.339977,-0.509965,-9.835381
1811749557,0.308852,-0.543484,-9.794679
1811750779,0.344765,-0.521936,-9.818622
1811751997,0.306458,-0.421380,-9.761160
1811753222,0.387861,-0.421380,-9.773131
1811754427,0.368707,-0.476446,-9.811439
1811755633,0.311246,-0.454898,-9.840169
1811756865,0.397437,-0.531513,-9.854534
1811758082,0.402226,-0.478840,-9.763555
1811759296,0.390255,-0.445322,-9.854534
1811760493,0.373495,-0.521936,-9.883265
1811761711,0.342371,-0.555455,-9.821015
1811762933,0.318429,-0.529119,-9.828198
1811764159,0.363919,-0.514753,-9.765948
1811765362,0.366313,-0.507571,-9.756371
1811766573,0.328006,-0.486023,-9.878476
1811767789,0.392649,-0.474052,-9.823410
1811769021,0.363919,-0.557849,-9.835381
1811770237,0.414197,-0.509965,-9.852140
1811771447,0.414197,-0.495600,-9.823410
1811772659,0.339977,-0.493206,-9.830592
1811773885,0.395043,-0.536301,-9.880871
1811775100,0.332794,-0.517148,-9.844957
1811776312,0.344765,-0.514753,-9.835381
1811777520,0.414197,-0.500388,-9.830592
1811778736,0.368707,-0.457293,-9.844957
1811779952,0.287304,-0.531513,-9.844957
1811781182,0.328006,-0.476446,-9.892841
1811782386,0.323217,-0.505177,-9.830592
1811783597,0.299275,-0.536301,-9.907207
1811784828,0.359130,-0.502782,-9.823410
1811786053,0.325611,-0.555455,-9.761160
1811787260,0.347159,-0.557849,-9.844957
1811788473,0.320823,-0.493206,-9.897630
1811789683,0.325611,-0.447716,-9.854534
1811790910,0.359130,-0.466869,-9.777920
1811792125,0.373495,-0.541090,-9.830592
1811793335,0.335188,-0.514753,-9.897630
1811794539,0.335188,-0.514753,-9.873688
1811795756,0.335188,-0.529119,-9.837775
1811796963,0.306458,-0.462081,-9.888053
1811798177,0.316035,-0.478840,-9.840169
1811799383,0.294487,-0.490811,-9.852140
1811800590,0.311246,-0.500388,-9.897630
1811801816,0.356736,-0.529119,-9.880871
1811803038,0.361524,-0.471658,-9.955091
1811804259,0.316035,-0.529119,-9.904813
1811805464,0.311246,-0.509965,-9.888053
1811806675,0.349553,-0.512359,-9.911995
1811807903,0.330400,-0.538695,-9.955091
1811809118,0.351948,-0.512359,-9.923966
1811810330,0.299275,-0.474052,-9.919178
1811811533,0.328006,-0.505177,-9.895236
1811812749,0.354342,-0.557849,-9.926360
1811813960,0.390255,-0.462081,-9.864111
1811815179,0.407014,-0.466869,-9.859323
1811816386,0.404620,-0.486023,-9.897630
1811817600,0.292093,-0.452504,-9.969456
1811818829,0.308852,-0.509965,-9.943120
1811820049,0.385466,-0.459687,-9.909601
1811821275,0.351948,-0.474052,-9.964667
1811822486,0.347159,-0.486023,-9.933543
1811823693,0.306458,-0.526724,-9.931149
1811824929,0.296881,-0.529119,-9.979033
1811826142,0.260968,-0.500388,-9.880871
1811827352,0.335188,-0.553061,-9.897630
1811828553,0.356736,-0.555455,-9.971850
1811829780,0.402226,-0.557849,-9.897630
1811830995,0.349553,-0.517148,-9.928755
1811832226,0.373495,-0.481235,-9.904813
1811833427,0.361524,-0.505177,-9.928755
1811834643,0.368707,-0.548272,-9.907207
1811835875,0.339977,-0.505177,-9.902418
1811837095,0.344765,-0.493206,-9.854534
1811838312,0.351948,-0.495600,-9.873688
1811839522,0.361524,-0.553061,-9.801862
1811840740,0.368707,-0.569820,-9.813833
1811841965,0.347159,-0.521936,-9.871294
1811843176,0.385466,-0.505177,-9.864111
1811844388,0.359130,-0.497994,-9.902418
1811845594,0.296881,-0.531513,-9.871294
1811846832,0.383072,-0.517148,-9.883265
1811848048,0.359130,-0.507571,-9.811439
1811849270,0.301669,-0.507571,-9.888053
1811850476,0.335188,-0.521936,-9.844957
1811851693,0.323217,-0.512359,-9.859323
1811852924,0.366313,-0.500388,-9.821015
1811854143,0.390255,-0.519542,-9.868899
1811855350,0.380678,-0.497994,-9.823410
1811856551,0.397437,-0.454898,-9.873688
1811857763,0.359130,-0.464475,-9.928755
1811858983,0.392649,-0.529119,-9.813833
1811860205,0.375890,-0.593762,-9.809045
1811861409,0.337582,-0.555455,-9.883265
1811862611,0.373495,-0.509965,-9.823410
1811863837,0.383072,-0.526724,-9.825804
1811865064,0.373495,-0.526724,-9.909601
1811866284,0.330400,-0.524330,-9.892841
1811867489,0.280122,-0.495600,-9.854534
1811868710,0.344765,-0.509965,-9.849746
1811869931,0.301669,-0.543484,-9.868899
1811871152,0.308852,-0.490811,-9.844957
1811872353,0.392649,-0.502782,-9.852140
1811873558,0.356736,-0.531513,-9.835381
1811874781,0.318429,-0.538695,-9.892841
1811875997,0.373495,-0.507571,-9.830592
1811877223,0.339977,-0.526724,-9.847352
1811878428,0.368707,-0.507571,-9.864111
1811879634,0.335188,-0.565032,-9.782708
1811880866,0.335188,-0.548272,-9.842564
1811882082,0.363919,-0.493206,-9.849746
1811883304,0.390255,-0.519542,-9.852140
1811884516,0.323217,-0.526724,-9.809045
1811885738,0.304064,-0.500388,-9.830592
1811886951,0.301669,-0.509965,-9.897630
1811888177,0.332794,-0.545878,-9.950302
1811889373,0.323217,-0.567426,-9.919178
1811890585,0.342371,-0.548272,-9.873688
1811891813,0.308852,-0.550666,-9.859323
1811893039,0.316035,-0.490811,-9.801862
1811894249,0.301669,-0.507571,-9.756371
1811895448,0.268151,-0.519542,-9.828198
1811896661,0.313640,-0.541090,-9.933543
1811897893,0.323217,-0.512359,-9.914390
1811899115,0.299275,-0.493206,-9.933543
1811900324,0.344765,-0.502782,-9.871294
1811901530,0.301669,-0.505177,-9.780313
1811902748,0.339977,-0.550666,-9.818622
1811903974,0.318429,-0.550666,-9.837775
1811905195,0.349553,-0.500388,-9.823410
1811906404,0.332794,-0.502782,-9.782708
1811907610,0.306458,-0.490811,-9.842564
1811908831,0.296881,-0.505177,-9.933543
1811910058,0.304064,-0.469264,-9.844957
1811911273,0.313640,-0.502782,-9.799467
1811912478,0.284910,-0.517148,-9.821015
1811913679,0.270545,-0.517148,-9.938332
1811914910,0.296881,-0.517148,-9.909601
1811916125,0.292093,-0.471658,-9.818622
1811917337,0.306458,-0.512359,-9.866506
1811918548,0.368707,-0.550666,-9.835381
1811919769,0.337582,-0.536301,-9.854534
1811920980,0.287304,-0.536301,-9.861717
1811922196,0.351948,-0.519542,-9.904813
1811923407,0.294487,-0.495600,-9.897630
1811924613,0.260968,-0.486023,-9.938332
1811925826,0.301669,-0.469264,-9.892841
1811927053,0.280122,-0.514753,-9.785102
1811928268,0.304064,-0.519542,-9.787497
1811929479,0.351948,-0.517148,-9.885659
1811930692,0.328006,-0.495600,-9.861717
1811931927,0.356736,-0.505177,-9.871294
1811933143,0.320823,-0.462081,-9.828198
1811934353,0.359130,-0.486023,-9.809045
1811935548,0.306458,-0.509965,-9.842564
1811936769,0.292093,-0.488417,-9.885659
1811937985,0.347159,-0.531513,-9.818622
1811939212,0.289698,-0.531513,-9.873688
1811940413,0.347159,-0.526724,-9.849746
1811941630,0.395043,-0.531513,-9.823410
1811942858,0.351948,-0.512359,-9.734824
1811944078,0.351948,-0.483629,-9.809045
1811945293,0.339977,-0.474052,-9.849746
1811946510,0.296881,-0.505177,-9.825804
1811947728,0.335188,-0.519542,-9.816227
1811948949,0.371101,-0.447716,-9.866506
1811950174,0.356736,-0.500388,-9.773131
1811951374,0.349553,-0.486023,-9.806650
1811952579,0.330400,-0.476446,-9.832987
1811953805,0.351948,-0.457293,-9.830592
1811955036,0.311246,-0.481235,-9.859323
1811956263,0.351948,-0.474052,-9.756371
1811957470,0.342371,-0.486023,-9.787497
1811958686,0.332794,-0.459687,-9.835381
1811959914,0.335188,-0.514753,-9.787497
1811961136,0.361524,-0.533907,-9.842564
1811962337,0.330400,-0.524330,-9.801862
1811963551,0.347159,-0.493206,-9.861717
1811964773,0.387861,-0.524330,-9.914390
1811965993,0.363919,-0.509965,-9.854534
1811967220,0.363919,-0.509965,-9.904813
1811968425,0.390255,-0.541090,-9.950302
1811969626,0.349553,-0.541090,-9.938332
1811970858,0.366313,-0.531513,-9.844957
1811972077,0.318429,-0.495600,-9.876082
1811973296,0.318429,-0.550666,-9.979033
1811974507,0.363919,-0.541090,-10.026917
1811975729,0.354342,-0.483629,-9.991004
1811976940,0.344765,-0.462081,-9.962274
1811978160,0.337582,-0.548272,-9.885659
1811979355,0.313640,-0.557849,-9.969456
1811980567,0.361524,-0.560243,-9.964667
1811981784,0.380678,-0.584185,-9.919178
1811983011,0.299275,-0.478840,-9.911995
1811984226,0.337582,-0.572214,-9.847352
1811985431,0.351948,-0.517148,-9.895236
1811986638,0.339977,-0.565032,-9.892841
1811987876,0.323217,-0.608127,-9.883265
1811989087,0.351948,-0.457293,-9.943120
1811990310,0.387861,-0.533907,-9.868899
1811991517,0.366313,-0.567426,-9.947908
1811992734,0.349553,-0.538695,-9.952697
1811993950,0.339977,-0.478840,-9.873688
1811995181,0.299275,-0.529119,-9.828198
1811996389,0.316035,-0.529119,-9.856929
1811997606,0.347159,-0.505177,-9.876082
1811998833,0.371101,-0.471658,-9.897630
1812000058,0.325611,-0.471658,-9.943120
1812001274,0.289698,-0.541090,-9.871294
1812002485,0.260968,-0.517148,-9.907207
1812003695,0.296881,-0.502782,-9.876082
1812004921,0.318429,-0.531513,-9.895236
1812006138,0.337582,-0.541090,-9.895236
1812007349,0.349553,-0.531513,-9.828198
1812008562,0.339977,-0.586579,-9.895236
1812009789,0.361524,-0.550666,-9.883265
1812011016,0.404620,-0.505177,-9.931149
1812012236,0.335188,-0.526724,-9.911995
1812013442,0.351948,-0.524330,-9.885659
1812014649,0.373495,-0.529119,-9.842564
1812015886,0.351948,-0.486023,-9.897630
1812017106,0.361524,-0.541090,-9.859323
1812018312,0.316035,-0.550666,-9.813833
1812019523,0.306458,-0.536301,-9.840169
1812020740,0.253785,-0.490811,-9.763555
1812021966,0.325611,-0.553061,-9.794679
1812023181,0.318429,-0.500388,-9.933543
1812024393,0.383072,-0.471658,-9.811439
1812025605,0.325611,-0.493206,-9.804255
1812026848,0.313640,-0.541090,-9.809045
1812028068,0.332794,-0.541090,-9.847352
1812029282,0.402226,-0.538695,-9.911995
1812030489,0.339977,-0.519542,-9.935937
1812031699,0.328006,-0.526724,-9.835381
1812032929,0.294487,-0.514753,-9.811439
1812034148,0.318429,-0.555455,-9.840169
1812035349,0.263362,-0.533907,-9.849746
1812036571,0.289698,-0.505177,-9.787497
1812037788,0.320823,-0.531513,-9.890448
1812039014,0.316035,-0.500388,-9.888053
1812040228,0.328006,-0.538695,-9.799467
1812041433,0.311246,-0.476446,-9.789890
1812042644,0.335188,-0.450110,-9.809045
1812043876,0.325611,-0.497994,-9.876082
1812045092,0.296881,-0.478840,-9.837775
1812046310,0.268151,-0.488417,-9.871294
1812047507,0.311246,-0.481235,-9.828198
1812048731,0.280122,-0.502782,-9.830592
1812049945,0.347159,-0.500388,-9.871294
1812051176,0.258574,-0.505177,-9.806650
1812052368,0.308852,-0.493206,-9.859323
1812053578,0.351948,-0.457293,-9.856929
1812054798,0.339977,-0.421380,-9.804255
1812056027,0.328006,-0.505177,-9.813833
1812057241,0.323217,-0.474052,-9.849746
1812058452,0.294487,-0.469264,-9.794679
1812059670,0.313640,-0.478840,-9.914390
1812060902,0.351948,-0.502782,-9.830592
1812062124,0.390255,-0.497994,-9.821015
1812063335,0.299275,-0.514753,-9.890448
1812064541,0.263362,-0.531513,-9.835381
1812065764,0.387861,-0.476446,-9.813833
1812066980,0.361524,-0.481235,-9.825804
1812068200,0.320823,-0.505177,-9.880871
1812069400,0.318429,-0.469264,-9.854534
1812070622,0.359130,-0.507571,-9.816227
1812071850,0.318429,-0.483629,-9.904813
1812073078,0.371101,-0.469264,-9.844957
1812074291,0.366313,-0.469264,-9.916783
1812075508,0.366313,-0.483629,-9.876082
1812076727,0.335188,-0.457293,-9.921572
1812077948,0.318429,-0.490811,-9.947908
1812079174,0.342371,-0.459687,-9.897630
1812080386,0.344765,-0.481235,-9.955091
1812081593,0.378284,-0.526724,-9.911995
1812082825,0.371101,-0.512359,-9.923966
1812084047,0.335188,-0.497994,-9.957485
1812085276,0.387861,-0.471658,-9.986216
1812086481,0.316035,-0.486023,-9.950302
1812087696,0.335188,-0.529119,-9.976639
1812088929,0.306458,-0.562637,-9.988609
1812090148,0.306458,-0.509965,-9.933543
1812091354,0.354342,-0.478840,-9.878476
1812092560,0.351948,-0.462081,-9.854534
1812093782,0.313640,-0.490811,-9.928755
1812095001,0.294487,-0.490811,-9.952697
1812096227,0.347159,-0.488417,-9.902418
1812097432,0.299275,-0.454898,-9.840169
1812098640,0.383072,-0.474052,-9.911995
1812099878,0.366313,-0.457293,-9.916783
1812101089,0.351948,-0.512359,-9.974244
1812102313,0.342371,-0.483629,-9.866506
1812103519,0.325611,-0.471658,-9.955091
1812104742,0.294487,-0.500388,-9.921572
1812105962,0.268151,-0.493206,-9.914390
1812107182,0.294487,-0.481235,-9.859323
1812108390,0.332794,-0.548272,-9.909601
1812109607,0.366313,-0.543484,-9.799467
1812110839,0.330400,-0.493206,-9.866506
1812112060,0.299275,-0.452504,-9.868899
1812113276,0.313640,-0.474052,-9.861717
1812114487,0.287304,-0.524330,-9.955091
1812115689,0.304064,-0.493206,-9.864111
1812116911,0.320823,-0.490811,-9.909601
1812118124,0.320823,-0.519542,-9.892841
1812119335,0.318429,-0.505177,-9.823410
1812120541,0.375890,-0.526724,-9.940725
1812121757,0.325611,-0.529119,-9.981427
1812122974,0.253785,-0.526724,-9.885659
1812124195,0.277727,-0.529119,-9.871294
1812125399,0.308852,-0.526724,-9.868899
1812126621,0.344765,-0.497994,-9.844957
1812127850,0.363919,-0.519542,-9.828198
1812129081,0.368707,-0.512359,-9.732430
1812130296,0.282516,-0.505177,-9.641450
1812131512,0.301669,-0.529119,-9.658210
1812132730,0.237026,-0.562637,-9.718064
1812133950,0.253785,-0.584185,-9.753978
1812135176,0.277727,-0.567426,-9.816227
1812136389,0.304064,-0.481235,-9.852140
1812137590,0.284910,-0.450110,-9.880871
1812138820,0.304064,-0.430956,-9.983821
1812140040,0.284910,-0.438139,-9.959879
1812141264,0.316035,-0.505177,-9.976639
1812142470,0.368707,-0.519542,-10.014946
1812143687,0.373495,-0.486023,-9.964667
1812144914,0.375890,-0.509965,-10.070012
1812146132,0.332794,-0.533907,-10.098742
1812147336,0.316035,-0.529119,-10.043676
1812148552,0.304064,-0.553061,-10.053253
1812149768,0.313640,-0.538695,-9.933543
1812150989,0.363919,-0.529119,-9.890448
1812152210,0.349553,-0.541090,-9.746795
1812153415,0.392649,-0.478840,-9.780313
1812154626,0.390255,-0.529119,-9.713276
1812155859,0.368707,-0.555455,-9.742006
1812157074,0.337582,-0.541090,-9.789890
1812158293,0.409408,-0.519542,-9.758766
1812159504,0.318429,-0.608127,-9.885659
1812160728,0.344765,-0.557849,-9.885659
1812161945,0.339977,-0.524330,-9.854534
1812163176,0.383072,-0.565032,-9.844957
1812164383,0.416591,-0.495600,-9.883265
1812165593,0.385466,-0.493206,-9.864111
1812166821,0.361524,-0.490811,-9.854534
1812168047,0.414197,-0.478840,-9.885659
1812169261,0.359130,-0.514753,-9.921572
1812170473,0.430956,-0.550666,-9.835381
1812171684,0.385466,-0.526724,-9.859323
1812172915,0.368707,-0.533907,-9.804255
1812174130,0.375890,-0.584185,-9.844957
1812175341,0.428562,-0.577003,-9.856929
1812176552,0.380678,-0.524330,-9.732430
1812177778,0.416591,-0.512359,-9.787497
1812178994,0.344765,-0.588974,-9.816227
1812180226,0.371101,-0.555455,-9.756371
1812181424,0.351948,-0.512359,-9.672575
1812182635,0.332794,-0.553061,-9.730036
1812183862,0.339977,-0.565032,-9.809045
1812185081,0.356736,-0.562637,-9.794679
1812186298,0.387861,-0.545878,-9.782708
1812187513,0.402226,-0.536301,-9.823410
1812188725,0.414197,-0.529119,-9.725247
1812189946,0.380678,-0.512359,-9.698911
1812191173,0.383072,-0.512359,-9.722853
1812192385,0.426168,-0.553061,-9.868899
1812193592,0.380678,-0.565032,-9.782708
1812194823,0.339977,-0.562637,-9.830592
1812196045,0.294487,-0.493206,-9.923966
1812197271,0.325611,-0.521936,-9.988609
1812198478,0.349553,-0.519542,-9.928755
1812199688,0.385466,-0.545878,-9.926360
1812200915,0.387861,-0.548272,-9.931149
1812202131,0.349553,-0.541090,-9.940725
1812203336,0.316035,-0.500388,-9.955091
1812204546,0.378284,-0.545878,-10.014946
1812205763,0.330400,-0.569820,-9.959879
1812206981,0.380678,-0.569820,-9.955091
1812208192,0.371101,-0.502782,-9.962274
1812209405,0.351948,-0.490811,-9.950302
1812210615,0.339977,-0.521936,-9.959879
1812211849,0.399832,-0.533907,-9.837775
1812213072,0.359130,-0.533907,-9.842564
1812214292,0.318429,-0.486023,-9.931149
1812215504,0.363919,-0.577003,-9.904813
1812216726,0.339977,-0.490811,-9.868899
1812217942,0.311246,-0.500388,-9.885659
1812219167,0.320823,-0.517148,-9.916783
1812220363,0.359130,-0.490811,-9.849746
1812221575,0.332794,-0.505177,-9.852140
1812222796,0.347159,-0.497994,-9.864111
1812224034,0.304064,-0.521936,-9.792285
1812225246,0.316035,-0.483629,-9.737218
1812226457,0.332794,-0.445322,-9.698911
1812227677,0.272939,-0.459687,-9.708488
1812228906,0.287304,-0.493206,-9.710882
1812230121,0.272939,-0.488417,-9.756371
1812231333,0.313640,-0.497994,-9.837775
1812232540,0.339977,-0.502782,-9.856929
1812233757,0.299275,-0.493206,-9.911995
1812234977,0.239420,-0.464475,-9.868899
1812236193,0.306458,-0.450110,-9.926360
1812237402,0.308852,-0.488417,-9.916783
1812238619,0.363919,-0.462081,-9.842564
1812239848,0.316035,-0.466869,-9.935937
1812241079,0.263362,-0.440533,-9.940725
1812242294,0.311246,-0.433351,-9.919178
1812243509,0.361524,-0.581791,-9.780313
1812244727,0.366313,-0.555455,-9.885659
1812245948,0.359130,-0.447716,-9.945514
1812247165,0.359130,-0.450110,-9.883265
1812248370,0.383072,-0.488417,-9.871294
1812249577,0.359130,-0.440533,-9.902418
1812250797,0.354342,-0.459687,-9.916783
1812252031,0.380678,-0.466869,-9.856929
1812253248,0.375890,-0.505177,-9.840169
1812254452,0.325611,-0.524330,-9.959879
1812255674,0.397437,-0.533907,-10.010158
1812256902,0.368707,-0.553061,-9.998186
1812258131,0.363919,-0.514753,-9.914390
1812259338,0.361524,-0.490811,-9.895236
1812260555,0.335188,-0.505177,-9.873688
1812261769,0.337582,-0.454898,-9.876082
1812262989,0.359130,-0.507571,-9.823410
1812264208,0.296881,-0.476446,-9.852140
1812265410,0.332794,-0.462081,-9.904813
1812266617,0.356736,-0.562637,-9.868899
1812267848,0.349553,-0.505177,-9.809045
1812269077,0.375890,-0.481235,-9.854534
1812270298,0.361524,-0.476446,-9.904813
1812271509,0.339977,-0.526724,-9.768343
1812272732,0.328006,-0.529119,-9.794679
1812273947,0.344765,-0.502782,-9.763555
1812275178,0.349553,-0.521936,-9.785102
1812276385,0.373495,-0.486023,-9.816227
1812277591,0.354342,-0.505177,-9.856929
1812278819,0.296881,-0.414197,-9.837775
1812280033,0.268151,-0.481235,-9.919178
1812281244,0.320823,-0.488417,-9.895236
1812282453,0.320823,-0.481235,-9.856929
1812283671,0.351948,-0.486023,-9.828198
1812284904,0.359130,-0.474052,-9.785102
1812286123,0.342371,-0.500388,-9.832987
1812287334,0.320823,-0.474052,-9.883265
1812288540,0.359130,-0.490811,-9.799467
1812289756,0.371101,-0.474052,-9.744401
1812290980,0.328006,-0.526724,-9.799467
1812292192,0.366313,-0.483629,-9.816227
1812293404,0.325611,-0.466869,-9.902418
1812294621,0.320823,-0.512359,-9.909601
1812295836,0.320823,-0.476446,-9.883265
1812297063,0.349553,-0.469264,-9.885659
1812298280,0.330400,-0.502782,-9.962274
1812299489,0.301669,-0.500388,-9.880871
1812300699,0.402226,-0.541090,-9.904813
1812301934,0.421380,-0.478840,-9.950302
1812303147,0.359130,-0.524330,-10.012551
1812304358,0.411803,-0.521936,-10.022128
1812305565,0.361524,-0.500388,-9.940725
1812306791,0.356736,-0.500388,-9.919178
1812308018,0.361524,-0.521936,-9.938332
1812309236,0.430956,-0.538695,-9.955091
1812310436,0.428562,-0.567426,-9.856929
1812311659,0.390255,-0.553061,-9.787497
1812312886,0.325611,-0.557849,-9.842564
1812314107,0.335188,-0.560243,-9.940725
1812315313,0.351948,-0.553061,-9.911995
1812316525,0.363919,-0.524330,-9.849746
1812317743,0.371101,-0.507571,-9.909601
1812318966,0.356736,-0.524330,-9.837775
1812320182,0.354342,-0.553061,-9.823410
1812321389,0.351948,-0.538695,-9.849746
1812322596,0.407014,-0.560243,-9.859323
1812323831,0.387861,-0.524330,-9.921572
1812325050,0.339977,-0.474052,-9.900024
1812326279,0.361524,-0.462081,-9.844957
1812327486,0.395043,-0.517148,-9.923966
1812328698,0.299275,-0.497994,-9.830592
1812329930,0.349553,-0.567426,-9.861717
1812331151,0.361524,-0.531513,-9.866506
1812332344,0.462081,-0.505177,-9.926360
1812333560,0.390255,-0.545878,-9.919178
1812334774,0.383072,-0.493206,-9.840169
1812335988,0.383072,-0.557849,-9.837775
1812337209,0.349553,-0.572214,-9.844957
1812338415,0.328006,-0.548272,-9.780313
1812339626,0.409408,-0.517148,-9.852140
1812340853,0.395043,-0.481235,-9.909601
1812342076,0.387861,-0.509965,-10.012551
1812343297,0.359130,-0.531513,-9.959879
1812344508,0.335188,-0.560243,-9.974244
1812345726,0.387861,-0.565032,-9.974244
1812346937,0.392649,-0.550666,-9.928755
1812348162,0.351948,-0.507571,-9.935937
1812349364,0.438139,-0.538695,-9.900024
1812350575,0.409408,-0.526724,-9.854534
1812351796,0.351948,-0.519542,-9.706094
1812353023,0.392649,-0.543484,-9.895236
1812354240,0.445322,-0.512359,-9.940725
1812355450,0.466869,-0.514753,-9.921572
1812356663,0.316035,-0.545878,-9.742006
1812357887,0.354342,-0.500388,-9.785102
1812359096,0.383072,-0.488417,-9.823410
1812360315,0.404620,-0.524330,-9.868899
1812361521,0.387861,-0.545878,-9.763555
1812362744,0.375890,-0.478840,-9.859323
1812363964,0.418985,-0.471658,-9.801862
1812365179,0.428562,-0.481235,-9.763555
1812366387,0.380678,-0.466869,-9.830592
1812367598,0.354342,-0.502782,-9.799467
1812368831,0.311246,-0.457293,-9.914390
1812370054,0.349553,-0.474052,-9.933543
1812371270,0.380678,-0.471658,-9.935937
1812372482,0.328006,-0.507571,-9.911995
1812373685,0.301669,-0.521936,-9.885659
1812374916,0.299275,-0.521936,-9.888053
1812376132,0.284910,-0.497994,-9.890448
1812377343,0.323217,-0.423774,-9.852140
1812378550,0.368707,-0.452504,-9.876082
1812379768,0.301669,-0.517148,-9.849746
1812380983,0.311246,-0.550666,-9.868899
1812382203,0.272939,-0.531513,-9.873688
1812383404,0.246603,-0.488417,-9.878476
1812384621,0.335188,-0.529119,-9.866506
1812385850,0.220267,-0.486023,-9.871294
1812387080,0.239420,-0.507571,-9.828198
1812388290,0.260968,-0.502782,-9.852140
1812389495,0.272939,-0.519542,-9.844957
1812390698,0.282516,-0.474052,-9.933543
1812391935,0.246603,-0.512359,-9.923966
1812393150,0.222661,-0.507571,-9.792285
1812394361,0.268151,-0.505177,-9.856929
1812395568,0.287304,-0.502782,-9.921572
1812396794,0.270545,-0.462081,-9.888053
1812398004,0.306458,-0.486023,-9.856929
1812399224,0.325611,-0.454898,-9.868899
1812400425,0.347159,-0.442927,-9.806650
1812401641,0.258574,-0.466869,-9.837775
1812402875,0.248997,-0.490811,-9.782708
1812404090,0.268151,-0.466869,-9.794679
1812405309,0.270545,-0.414197,-9.816227
1812406525,0.287304,-0.433351,-9.775525
1812407743,0.225055,-0.466869,-9.828198
1812408958,0.253785,-0.452504,-9.792285
1812410174,0.323217,-0.464475,-9.758766
1812411386,0.320823,-0.483629,-9.753978
1812412593,0.196325,-0.490811,-9.753978
1812413825,0.282516,-0.454898,-9.806650
1812415041,0.251391,-0.488417,-9.873688
1812416268,0.251391,-0.481235,-9.866506
1812417477,0.280122,-0.486023,-9.825804
1812418688,0.260968,-0.466869,-9.787497
1812419910,0.292093,-0.466869,-9.823410
1812421130,0.263362,-0.464475,-9.883265
1812422333,0.282516,-0.478840,-9.816227
1812423540,0.246603,-0.476446,-9.852140
1812424751,0.306458,-0.476446,-9.825804
1812425981,0.299275,-0.469264,-9.859323
1812427198,0.263362,-0.486023,-9.940725
1812428412,0.287304,-0.462081,-9.866506
1812429617,0.253785,-0.502782,-9.890448
1812430849,0.270545,-0.478840,-9.775525
1812432078,0.225055,-0.452504,-9.866506
1812433297,0.237026,-0.445322,-9.900024
1812434506,0.351948,-0.426168,-9.904813
1812435721,0.304064,-0.512359,-9.952697
1812436936,0.246603,-0.495600,-9.967062
1812438147,0.284910,-0.414197,-9.837775
1812439348,0.280122,-0.452504,-9.801862
1812440568,0.270545,-0.490811,-9.859323
1812441790,0.284910,-0.490811,-9.921572
1812443021,0.299275,-0.447716,-9.809045
1812444231,0.260968,-0.471658,-9.866506
1812445435,0.251391,-0.517148,-9.873688
1812446643,0.284910,-0.531513,-9.950302
1812447880,0.356736,-0.447716,-9.911995
1812449096,0.313640,-0.433351,-9.911995
1812450314,0.318429,-0.440533,-9.916783
1812451511,0.354342,-0.457293,-9.895236
1812452734,0.344765,-0.462081,-9.832987
1812453950,0.347159,-0.488417,-9.897630
1812455180,0.356736,-0.442927,-9.849746
1812456374,0.311246,-0.464475,-9.955091
1812457585,0.277727,-0.447716,-9.902418
1812458802,0.282516,-0.430956,-9.909601
1812460025,0.323217,-0.507571,-9.859323
1812461233,0.363919,-0.457293,-9.809045
1812462437,0.366313,-0.495600,-9.864111
1812463648,0.361524,-0.495600,-9.873688
1812464888,0.339977,-0.543484,-9.787497
1812466109,0.375890,-0.548272,-9.888053
1812467320,0.385466,-0.524330,-9.890448
1812468527,0.392649,-0.533907,-9.792285
1812469748,0.328006,-0.519542,-9.799467
1812470968,0.363919,-0.505177,-9.883265
1812472189,0.337582,-0.541090,-9.840169
1812473399,0.385466,-0.569820,-9.861717
1812474622,0.416591,-0.545878,-9.897630
1812475850,0.423774,-0.543484,-9.895236
1812477081,0.397437,-0.517148,-9.883265
1812478299,0.313640,-0.471658,-9.909601
1812479502,0.344765,-0.545878,-9.916783
1812480714,0.404620,-0.550666,-9.861717
1812481940,0.438139,-0.569820,-9.919178
1812483158,0.380678,-0.567426,-9.935937
1812484340,0.347159,-0.579397,-9.933543
1812485522,0.356736,-0.545878,-9.967062
1812486705,0.375890,-0.545878,-9.933543
1812487904,0.390255,-0.543484,-9.844957
1812489096,0.380678,-0.553061,-9.830592
1812490280,0.402226,-0.562637,-9.895236
1812491462,0.423774,-0.622492,-9.923966
1812492641,0.414197,-0.591368,-9.923966
1812493838,0.414197,-0.586579,-9.928755
1812495027,0.344765,-0.560243,-9.938332
1812496214,0.418985,-0.555455,-9.940725
1812497391,0.387861,-0.533907,-9.871294
1812498577,0.359130,-0.514753,-9.871294
1812499765,0.390255,-0.577003,-9.947908
1812500948,0.440533,-0.497994,-9.914390
1812502133,0.380678,-0.538695,-9.926360
1812503313,0.416591,-0.519542,-9.952697
1812504496,0.332794,-0.557849,-9.904813
1812505679,0.337582,-0.579397,-9.876082
1812506873,0.342371,-0.514753,-9.866506
1812508066,0.373495,-0.524330,-9.919178
1812509249,0.399832,-0.557849,-9.859323
1812510431,0.385466,-0.560243,-9.921572
1812511617,0.366313,-0.548272,-9.923966
1812512811,0.337582,-0.543484,-9.842564
1812513999,0.371101,-0.548272,-9.849746
1812515189,0.402226,-0.497994,-9.904813
1812516365,0.328006,-0.519542,-9.904813
1812517546,0.332794,-0.555455,-9.897630
1812518736,0.383072,-0.581791,-9.852140
1812519922,0.385466,-0.557849,-9.864111
1812521105,0.380678,-0.548272,-9.945514
1812522300,0.380678,-0.500388,-9.859323
1812523485,0.371101,-0.529119,-9.895236
1812524673,0.380678,-0.524330,-9.854534
1812525867,0.347159,-0.574608,-9.883265
1812527060,0.344765,-0.538695,-9.830592
1812528240,0.375890,-0.531513,-9.888053
1812529422,0.385466,-0.555455,-9.840169
1812530608,0.392649,-0.574608,-9.847352
1812531806,0.392649,-0.553061,-9.828198
1812532993,0.375890,-0.572214,-9.861717
1812534183,0.354342,-0.593762,-9.830592
1812535359,0.387861,-0.529119,-9.794679
1812536543,0.344765,-0.521936,-9.777920
1812537733,0.339977,-0.517148,-9.871294
1812538919,0.332794,-0.543484,-9.854534
1812540102,0.351948,-0.533907,-9.828198
1812541296,0.306458,-0.486023,-9.799467
1812542477,0.323217,-0.538695,-9.785102
1812543664,0.344765,-0.560243,-9.813833
1812544863,0.337582,-0.545878,-9.844957
1812546055,0.330400,-0.502782,-9.864111
1812547238,0.316035,-0.490811,-9.938332
1812548419,0.342371,-0.486023,-9.854534
1812549603,0.342371,-0.488417,-9.821015
1812550799,0.373495,-0.514753,-9.823410
1812551984,0.380678,-0.493206,-9.830592
1812553170,0.335188,-0.471658,-9.780313
1812554347,0.296881,-0.500388,-9.816227
1812555527,0.325611,-0.519542,-9.816227
1812556711,0.277727,-0.493206,-9.856929
1812557906,0.318429,-0.512359,-9.761160
1812559093,0.316035,-0.474052,-9.789890
1812560282,0.373495,-0.533907,-9.859323
1812561454,0.339977,-0.507571,-9.847352
1812562637,0.313640,-0.459687,-9.797073
1812563824,0.280122,-0.474052,-9.816227
1812565016,0.237026,-0.445322,-9.900024
1812566197,0.251391,-0.464475,-9.832987
1812567378,0.265756,-0.466869,-9.852140
1812568556,0.275333,-0.447716,-9.830592
1812569748,0.316035,-0.459687,-9.804255
1812570930,0.244209,-0.505177,-9.835381
1812572116,0.256180,-0.476446,-9.945514
1812573301,0.220267,-0.457293,-9.986216
1812574487,0.272939,-0.486023,-9.981427
1812575665,0.301669,-0.464475,-9.945514
1812576864,0.253785,-0.471658,-9.873688
1812578052,0.155623,-0.476446,-9.892841
1812579247,0.244209,-0.483629,-9.823410
1812580421,0.248997,-0.478840,-9.883265
1812581612,0.237026,-0.486023,-9.900024
1812582803,0.234632,-0.543484,-9.919178
1812583991,0.248997,-0.497994,-9.907207
1812585176,0.294487,-0.524330,-9.926360
1812586356,0.296881,-0.500388,-9.900024
1812587530,0.282516,-0.474052,-9.888053
1812588724,0.241814,-0.483629,-9.900024
1812589911,0.234632,-0.512359,-9.880871
1812591103,0.232238,-0.445322,-9.897630
1812592293,0.256180,-0.426168,-9.861717
1812593479,0.287304,-0.488417,-9.856929
1812599517,0.246603,-0.474052,-9.928755
1812600703,0.320823,-0.442927,-9.849746
1812601902,0.299275,-0.469264,-9.837775
1812603093,0.378284,-0.411803,-9.890448
1812604278,0.318429,-0.445322,-9.818622
1812605455,0.234632,-0.474052,-9.876082
1812606633,0.275333,-0.507571,-9.916783
1812607823,0.253785,-0.507571,-9.947908
1812609011,0.263362,-0.428562,-9.876082
1812610196,0.239420,-0.457293,-9.885659
1812611372,0.268151,-0.445322,-9.873688
1812612555,0.289698,-0.493206,-9.871294
1812613748,0.318429,-0.464475,-9.907207
1812614937,0.323217,-0.452504,-9.914390
1812616119,0.313640,-0.435745,-9.856929
1812617305,0.330400,-0.512359,-9.844957
1812618481,0.325611,-0.486023,-9.909601
1812619661,0.313640,-0.457293,-9.940725
1812620857,0.294487,-0.488417,-9.890448
1812622054,0.390255,-0.500388,-9.866506
1812623240,0.347159,-0.502782,-9.861717
1812624421,0.306458,-0.481235,-9.821015
1812625607,0.294487,-0.505177,-9.880871
1812626805,0.304064,-0.502782,-9.861717
1812627989,0.282516,-0.531513,-9.835381
1812629179,0.325611,-0.512359,-9.938332
1812630356,0.296881,-0.553061,-9.921572
1812631539,0.328006,-0.507571,-9.876082
1812632727,0.351948,-0.512359,-9.835381
1812633914,0.347159,-0.478840,-9.825804
1812635094,0.296881,-0.442927,-9.809045
1812636283,0.320823,-0.497994,-9.871294
1812637455,0.339977,-0.569820,-9.804255
1812638638,0.363919,-0.512359,-9.813833
1812639827,0.373495,-0.497994,-9.900024
1812641013,0.356736,-0.560243,-9.861717
1812642193,0.311246,-0.565032,-9.974244
1812643374,0.337582,-0.560243,-9.993398
1812644552,0.328006,-0.469264,-9.943120
1812645748,0.318429,-0.464475,-9.876082
1812646933,0.347159,-0.469264,-9.844957
1812648121,0.282516,-0.507571,-9.837775
1812649303,0.299275,-0.524330,-9.935937
1812650489,0.311246,-0.579397,-9.957485
1812651668,0.306458,-0.579397,-9.856929
1812652867,0.318429,-0.529119,-9.907207
1812654055,0.323217,-0.450110,-9.756371
1812655249,0.380678,-0.517148,-9.775525
1812656426,0.399832,-0.526724,-9.789890
1812657617,0.399832,-0.572214,-9.789890
1812658805,0.371101,-0.560243,-9.861717
1812659995,0.409408,-0.524330,-9.964667
1812661179,0.380678,-0.529119,-9.904813
1812662357,0.363919,-0.586579,-9.844957
1812663531,0.359130,-0.574608,-9.806650
1812664723,0.349553,-0.600945,-9.818622
1812665911,0.383072,-0.615310,-9.873688
1812667102,0.407014,-0.553061,-9.885659
1812668283,0.414197,-0.545878,-9.737218
1812669461,0.373495,-0.560243,-9.677363
1812670638,0.366313,-0.577003,-9.753978
1812671833,0.418985,-0.541090,-9.868899
1812673021,0.399832,-0.531513,-9.883265
1812674209,0.404620,-0.517148,-9.938332
1812675379,0.359130,-0.545878,-9.830592
1812676565,0.320823,-0.529119,-9.713276
1812677753,0.344765,-0.553061,-9.761160
1812678942,0.375890,-0.560243,-9.873688
1812680127,0.349553,-0.591368,-10.012551
1812681309,0.361524,-0.581791,-9.883265
1812682491,0.375890,-0.529119,-9.856929
1812683674,0.404620,-0.538695,-9.794679
1812684868,0.351948,-0.579397,-9.818622
1812686062,0.402226,-0.565032,-9.777920
1812687240,0.323217,-0.562637,-9.909601
1812688421,0.349553,-0.524330,-9.933543
1812689608,0.325611,-0.536301,-9.904813
1812690805,0.280122,-0.569820,-9.907207
1812691988,0.349553,-0.569820,-9.926360
1812693178,0.301669,-0.502782,-9.823410
1812694353,0.339977,-0.500388,-9.749189
1812695533,0.368707,-0.529119,-9.749189
1812696723,0.404620,-0.533907,-9.763555
1812697911,0.371101,-0.562637,-9.765948
1812699095,0.359130,-0.500388,-9.811439
1812700284,0.344765,-0.550666,-9.916783
1812701453,0.328006,-0.536301,-9.911995
1812702634,0.380678,-0.531513,-9.868899
1812703823,0.337582,-0.567426,-9.888053
1812705016,0.363919,-0.555455,-9.852140
1812706198,0.363919,-0.548272,-9.813833
1812707379,0.320823,-0.548272,-9.825804
1812708557,0.359130,-0.521936,-9.825804
1812709748,0.349553,-0.555455,-9.821015
1812710933,0.373495,-0.529119,-9.897630
1812712120,0.318429,-0.517148,-9.864111
1812713297,0.375890,-0.469264,-9.813833
1812714483,0.330400,-0.550666,-9.799467
1812715658,0.316035,-0.543484,-9.818622
1812716862,0.272939,-0.517148,-9.811439
1812718056,0.296881,-0.529119,-9.758766
1812719252,0.311246,-0.500388,-9.713276
1812720428,0.296881,-0.524330,-9.763555
1812721619,0.363919,-0.538695,-9.828198
1812722808,0.351948,-0.509965,-9.792285
1812724000,0.332794,-0.495600,-9.811439
1812725184,0.292093,-0.476446,-9.921572
1812726366,0.270545,-0.524330,-9.871294
1812727543,0.311246,-0.562637,-9.890448
1812728737,0.318429,-0.533907,-9.825804
1812729918,0.292093,-0.500388,-9.866506
1812731104,0.292093,-0.514753,-9.900024
1812732292,0.301669,-0.526724,-9.931149
1812733478,0.328006,-0.493206,-9.816227
1812734658,0.344765,-0.488417,-9.816227
1812735863,0.287304,-0.459687,-9.890448
1812737047,0.217872,-0.478840,-9.842564
1812738236,0.323217,-0.442927,-9.859323
1812739414,0.347159,-0.478840,-9.849746
1812740602,0.323217,-0.490811,-9.909601
1812741793,0.316035,-0.421380,-9.837775
1812742982,0.287304,-0.445322,-9.871294
1812744164,0.359130,-0.469264,-9.919178
1812745345,0.294487,-0.500388,-9.883265
1812746521,0.294487,-0.471658,-9.892841
1812747708,0.323217,-0.454898,-9.950302
1812748907,0.332794,-0.462081,-9.909601
1812750098,0.296881,-0.471658,-9.967062
1812751283,0.292093,-0.447716,-9.926360
1812752464,0.260968,-0.462081,-9.981427
1812753642,0.246603,-0.438139,-10.010158
1812754835,0.296881,-0.466869,-9.971850
1812756023,0.311246,-0.526724,-9.895236
1812757210,0.253785,-0.462081,-9.911995
1812758381,0.270545,-0.433351,-9.902418
1812759567,0.284910,-0.435745,-9.933543
1812760755,0.299275,-0.471658,-10.005369
1812761946,0.275333,-0.438139,-9.995792
1812763132,0.275333,-0.457293,-9.931149
1812764313,0.294487,-0.517148,-9.921572
1812765496,0.316035,-0.521936,-9.890448
1812766675,0.308852,-0.500388,-9.957485
1812767868,0.323217,-0.430956,-9.986216
1812769061,0.284910,-0.471658,-10.007763
1812770241,0.318429,-0.483629,-9.888053
1812771423,0.301669,-0.505177,-9.964667
1812772609,0.268151,-0.466869,-9.933543
1812773804,0.246603,-0.438139,-9.945514
1812774990,0.313640,-0.464475,-9.902418
1812776179,0.311246,-0.442927,-9.900024
1812777355,0.189142,-0.490811,-9.950302
1812778534,0.217872,-0.474052,-9.914390
1812779724,0.332794,-0.474052,-9.947908
1812780910,0.296881,-0.450110,-9.981427
1812782097,0.268151,-0.493206,-9.983821
1812783287,0.294487,-0.502782,-9.923966
1812784456,0.282516,-0.459687,-9.964667
1812785640,0.292093,-0.478840,-9.979033
1812786827,0.280122,-0.490811,-10.014946
1812788019,0.323217,-0.452504,-9.897630
1812789201,0.392649,-0.471658,-9.888053
1812790381,0.359130,-0.548272,-9.904813
1812791567,0.383072,-0.531513,-9.880871
1812792760,0.301669,-0.457293,-9.971850
1812793946,0.328006,-0.442927,-9.943120
1812795135,0.371101,-0.529119,-9.900024
1812796320,0.368707,-0.521936,-9.897630
1812797501,0.318429,-0.507571,-9.821015
1812798679,0.306458,-0.521936,-9.935937
1812799878,0.335188,-0.490811,-10.084377
1812801063,0.313640,-0.505177,-9.916783
1812802248,0.392649,-0.483629,-9.964667
1812803425,0.433351,-0.414197,-9.890448
1812804616,0.474052,-0.399832,-9.737218
1812805810,0.483629,-0.407014,-9.792285
1812807001,0.407014,-0.450110,-9.818622
1812808184,0.347159,-0.462081,-9.847352
1812809365,0.371101,-0.521936,-9.727641
1812810544,0.332794,-0.545878,-9.746795
1812811739,0.275333,-0.548272,-9.780313
1812812921,0.275333,-0.555455,-9.835381
1812814108,0.301669,-0.519542,-9.931149
1812815298,0.363919,-0.521936,-9.991004
1812816484,0.299275,-0.483629,-10.101137
1812817661,0.325611,-0.502782,-10.160992
1812818862,0.337582,-0.521936,-10.065224
1812820056,0.414197,-0.495600,-9.988609
1812821250,0.356736,-0.500388,-9.782708
1812822426,0.318429,-0.476446,-9.837775
1812823619,0.351948,-0.476446,-9.876082
1812824807,0.442927,-0.512359,-9.794679
1812826000,0.399832,-0.526724,-9.787497
1812827186,0.418985,-0.493206,-9.837775
1812828367,0.454898,-0.481235,-9.703699
1812829545,0.426168,-0.538695,-9.782708
1812830739,0.435745,-0.553061,-9.708488
1812831921,0.450110,-0.565032,-9.670180
1812833105,0.469264,-0.497994,-9.753978
1812834293,0.435745,-0.517148,-9.775525
1812835480,0.356736,-0.533907,-9.818622
1812836662,0.368707,-0.521936,-9.801862
1812837862,0.359130,-0.526724,-9.940725
1812839055,0.371101,-0.497994,-9.902418
1812840249,0.311246,-0.533907,-9.878476
1812841426,0.354342,-0.502782,-9.787497
1812842617,0.313640,-0.488417,-9.844957
1812843806,0.330400,-0.481235,-9.919178
1812844995,0.347159,-0.521936,-9.890448
1812846180,0.371101,-0.555455,-9.832987
1812847361,0.378284,-0.553061,-9.816227
1812848544,0.378284,-0.514753,-9.835381
1812849739,0.402226,-0.495600,-9.799467
1812850920,0.390255,-0.490811,-9.816227
1812852106,0.373495,-0.538695,-9.935937
1812853297,0.407014,-0.600945,-9.854534
1812854472,0.383072,-0.553061,-9.847352
1812855653,0.323217,-0.581791,-9.871294
1812856858,0.339977,-0.553061,-9.876082
1812858051,0.325611,-0.495600,-9.821015
1812859240,0.385466,-0.531513,-9.847352
1812860418,0.383072,-0.584185,-9.773131
1812861609,0.359130,-0.600945,-9.715671
1812862801,0.356736,-0.565032,-9.631873
1812863991,0.347159,-0.584185,-9.593566
1812865177,0.299275,-0.620098,-9.586384
1812866357,0.268151,-0.560243,-9.595961
1812867536,0.299275,-0.517148,-9.718064
1812868730,0.241814,-0.493206,-9.854534
1812869911,0.289698,-0.553061,-9.907207
1812871101,0.299275,-0.512359,-9.868899
1812872293,0.366313,-0.502782,-9.856929
1812873479,0.368707,-0.502782,-9.651027
1812874659,0.344765,-0.462081,-9.710882
1812875860,0.294487,-0.466869,-9.959879
1812877054,0.306458,-0.514753,-10.046070
1812878242,0.347159,-0.541090,-9.991004
1812879413,0.320823,-0.629675,-10.062830
1812880601,0.368707,-0.581791,-10.062830
1812881792,0.402226,-0.514753,-9.940725
1812882981,0.366313,-0.497994,-9.785102
1812884164,0.268151,-0.497994,-9.730036
1812885344,0.263362,-0.512359,-9.825804
1812886531,0.366313,-0.502782,-9.813833
1812887725,0.361524,-0.502782,-9.849746
1812888911,0.395043,-0.543484,-9.864111
1812890103,0.292093,-0.622492,-9.976639
1812891288,0.311246,-0.533907,-10.007763
1812892479,0.294487,-0.550666,-10.010158
1812893657,0.244209,-0.524330,-9.931149
1812894860,0.292093,-0.557849,-9.914390
1812896053,0.301669,-0.512359,-9.950302
1812897242,0.280122,-0.512359,-9.945514
1812898418,0.378284,-0.481235,-9.849746
1812899610,0.363919,-0.526724,-9.823410
1812900804,0.320823,-0.548272,-9.921572
1812901994,0.359130,-0.509965,-9.931149
1812903179,0.351948,-0.526724,-9.832987
1812904360,0.323217,-0.495600,-9.837775
1812905538,0.306458,-0.514753,-9.981427
1812906732,0.280122,-0.495600,-9.993398
1812907913,0.287304,-0.490811,-9.962274
1812909097,0.318429,-0.478840,-9.801862
1812910282,0.330400,-0.529119,-9.722853
1812911458,0.316035,-0.493206,-9.847352
1812912635,0.284910,-0.486023,-9.873688
1812913827,0.304064,-0.512359,-9.885659
1812915015,0.308852,-0.459687,-9.849746
1812916202,0.316035,-0.500388,-9.727641
1812917377,0.316035,-0.533907,-9.674969
1812918559,0.277727,-0.490811,-9.751583
1812919748,0.311246,-0.517148,-9.787497
1812920937,0.289698,-0.497994,-9.792285
1812922119,0.313640,-0.490811,-9.770737
1812923299,0.289698,-0.474052,-9.785102
1812924480,0.270545,-0.478840,-9.739613
1812925666,0.366313,-0.478840,-9.727641
1812926865,0.375890,-0.500388,-9.773131
1812928052,0.325611,-0.509965,-9.787497
1812929237,0.316035,-0.493206,-9.756371
1812930416,0.311246,-0.454898,-9.816227
1812931600,0.332794,-0.507571,-9.856929
1812932796,0.275333,-0.514753,-9.823410
1812933981,0.304064,-0.519542,-9.852140
1812935167,0.342371,-0.512359,-9.914390
1812936343,0.282516,-0.488417,-9.926360
1812937535,0.354342,-0.471658,-9.900024
1812938714,0.308852,-0.466869,-9.885659
1812939910,0.306458,-0.490811,-9.950302
1812941096,0.296881,-0.497994,-9.871294
1812942286,0.294487,-0.497994,-9.940725
1812943456,0.282516,-0.486023,-9.876082
1812944638,0.313640,-0.488417,-9.873688
1812945826,0.347159,-0.495600,-9.943120
1812947018,0.344765,-0.459687,-9.979033
1812948200,0.368707,-0.481235,-9.885659
1812949381,0.328006,-0.478840,-9.883265
1812950566,0.347159,-0.471658,-9.883265
1812951760,0.356736,-0.507571,-9.904813
1812952946,0.380678,-0.509965,-9.931149
1812954136,0.361524,-0.509965,-9.844957
1812955312,0.375890,-0.531513,-9.768343
1812956498,0.368707,-0.533907,-9.859323
1812957676,0.339977,-0.538695,-9.868899
1812958876,0.344765,-0.567426,-9.909601
1812960063,0.289698,-0.514753,-9.926360
1812961245,0.342371,-0.454898,-9.947908
1812962423,0.351948,-0.486023,-9.919178
1812963614,0.354342,-0.517148,-9.801862
1812964807,0.258574,-0.500388,-9.832987
1812965994,0.313640,-0.481235,-9.890448
1812967172,0.308852,-0.541090,-9.861717
1812968352,0.339977,-0.493206,-9.821015
1812969528,0.335188,-0.474052,-9.804255
1812970722,0.296881,-0.450110,-9.797073
1812971909,0.371101,-0.495600,-9.761160
1812973099,0.390255,-0.514753,-9.878476
1812974284,0.289698,-0.517148,-9.892841
1812975461,0.294487,-0.490811,-9.787497
1812976639,0.308852,-0.505177,-9.742006
1812977834,0.335188,-0.488417,-9.782708
1812979022,0.339977,-0.488417,-9.809045
1812980208,0.335188,-0.557849,-9.895236
1812981380,0.284910,-0.524330,-9.830592
1812982570,0.335188,-0.493206,-9.856929
1812983758,0.292093,-0.505177,-9.844957
1812984948,0.282516,-0.538695,-9.830592
1812986133,0.294487,-0.507571,-9.914390
1812987314,0.342371,-0.488417,-9.926360
1812988495,0.366313,-0.514753,-10.026917
1812989679,0.368707,-0.557849,-9.974244
1812990873,0.332794,-0.533907,-10.007763
1812992065,0.373495,-0.517148,-9.926360
1812993251,0.380678,-0.553061,-9.923966
1812994432,0.356736,-0.569820,-9.813833
1812995618,0.373495,-0.529119,-9.844957
1812996812,0.397437,-0.519542,-9.883265
1812998000,0.397437,-0.538695,-9.837775
1812999190,0.392649,-0.565032,-9.765948
1813000366,0.344765,-0.486023,-9.653421
1813001549,0.404620,-0.517148,-9.737218
1813002738,0.378284,-0.548272,-9.751583
1813003922,0.399832,-0.533907,-9.751583
1813005104,0.390255,-0.464475,-9.801862
1813006299,0.335188,-0.483629,-9.777920
1813007480,0.328006,-0.505177,-9.727641
1813008665,0.311246,-0.569820,-9.868899
1813009865,0.375890,-0.500388,-9.897630
1813011054,0.363919,-0.502782,-9.971850
1813012236,0.363919,-0.541090,-9.976639
1813013417,0.335188,-0.538695,-9.928755
1813014600,0.363919,-0.493206,-9.935937
1813015797,0.318429,-0.550666,-10.046070
1813016981,0.359130,-0.548272,-10.007763
1813018167,0.359130,-0.557849,-9.923966
1813019344,0.359130,-0.572214,-9.888053
1813020534,0.347159,-0.562637,-9.753978
1813021724,0.349553,-0.567426,-9.825804
1813022911,0.373495,-0.543484,-9.823410
1813024098,0.292093,-0.581791,-9.758766
1813025288,0.349553,-0.574608,-9.715671
1813026457,0.349553,-0.586579,-9.765948
1813027641,0.404620,-0.488417,-9.631873
1813028832,0.397437,-0.531513,-9.708488
1813030025,0.373495,-0.574608,-9.734824
1813031207,0.371101,-0.519542,-9.708488
1813032393,0.390255,-0.509965,-9.725247
1813033574,0.361524,-0.557849,-9.890448
1813034767,0.213084,-0.610521,-9.938332
1813035946,0.239420,-0.603339,-9.840169
1813037135,0.469264,-0.608127,-9.595961
1813038322,0.682347,-0.462081,-9.366117
1813039503,0.646434,-0.416591,-9.291897
1813040682,0.519542,-0.545878,-10.149021
1813041882,0.588974,-0.718261,-10.570400
1813043070,0.593762,-0.730232,-10.158598
1813044261,0.644040,-0.665588,-9.734824
1813045427,0.519542,-0.545878,-9.543288
1813046613,0.222661,-0.356736,-9.794679
1813047807,0.038307,-0.411803,-10.206482
1813048995,0.136469,-0.541090,-10.283096
1813050180,0.414197,-0.483629,-9.983821
1813051362,0.543484,-0.560243,-9.564836
1813052545,0.466869,-0.445322,-9.849746
1813053740,0.366313,-0.656011,-10.845734
1813054923,0.131681,-0.512359,-10.426748
1813056111,0.067038,-0.452504,-10.290278
1813057287,0.126893,-0.411803,-10.000581
1813058477,0.294487,-0.450110,-9.868899
1813059658,0.603339,-0.641646,-9.423578
1813060863,0.615310,-0.656011,-9.785102
1813062055,0.533907,-0.517148,-9.849746
1813063249,0.404620,-0.490811,-10.050858
1813064425,0.474052,-0.512359,-9.866506
1813065615,0.457293,-0.550666,-9.751583
1813066808,0.464475,-0.560243,-9.852140
1813068000,0.294487,-0.529119,-9.852140
1813069185,0.208296,-0.519542,-9.885659
1813070366,0.205901,-0.593762,-10.000581
1813071542,0.131681,-0.634463,-9.919178
1813072737,0.280122,-0.497994,-9.842564
1813073919,0.347159,-0.471658,-9.758766
1813075107,0.368707,-0.426168,-9.727641
1813076297,0.292093,-0.351948,-9.890448
1813077483,0.258574,-0.407014,-10.074800
1813078658,0.205901,-0.426168,-10.031705
1813079861,0.162806,-0.500388,-9.964667
1813081053,0.136469,-0.526724,-9.955091
1813082244,0.112527,-0.464475,-10.070012
1813083421,0.217872,-0.483629,-10.089166
1813084613,0.210690,-0.486023,-10.072407
1813085804,0.196325,-0.502782,-9.665392
1813086994,0.239420,-0.517148,-9.394848
1813088179,0.330400,-0.514753,-9.433155
1813089359,0.421380,-0.500388,-9.428367
1813090536,0.366313,-0.509965,-9.493010
1813091729,0.239420,-0.541090,-9.856929
1813092911,0.246603,-0.483629,-10.060435
1813094102,0.229843,-0.435745,-10.144233
1813095294,0.186748,-0.464475,-10.084377
1813096481,0.222661,-0.509965,-9.926360
1813097662,0.229843,-0.426168,-9.804255
1813098865,0.174777,-0.474052,-9.742006
1813100051,0.234632,-0.466869,-9.756371
1813101242,0.246603,-0.445322,-9.792285
1813102419,0.217872,-0.457293,-9.830592
1813103610,0.251391,-0.440533,-9.916783
1813104803,0.244209,-0.418985,-9.995792
1813105993,0.282516,-0.497994,-10.017340
1813107179,0.311246,-0.476446,-9.998186
1813108361,0.280122,-0.450110,-9.993398
1813109538,0.275333,-0.486023,-9.983821
1813110732,0.311246,-0.543484,-9.787497
1813111915,0.316035,-0.478840,-9.868899
1813113099,0.354342,-0.390255,-9.868899
1813114285,0.311246,-0.438139,-9.832987
1813115462,0.251391,-0.450110,-9.895236
1813116637,0.275333,-0.509965,-9.818622
1813117830,0.313640,-0.486023,-9.866506
1813119017,0.325611,-0.500388,-9.890448
1813120200,0.311246,-0.493206,-9.935937
1813121376,0.260968,-0.440533,-9.837775
1813122567,0.265756,-0.466869,-9.837775
1813123756,0.260968,-0.481235,-9.938332
1813124946,0.260968,-0.445322,-9.837775
1813126132,0.275333,-0.519542,-9.868899
1813127322,0.296881,-0.466869,-9.849746
1813128499,0.339977,-0.483629,-9.804255
1813129682,0.328006,-0.524330,-9.730036
1813130874,0.311246,-0.481235,-9.787497
1813132068,0.292093,-0.476446,-9.730036
1813133252,0.287304,-0.493206,-9.761160
1813134432,0.284910,-0.462081,-9.744401
1813135617,0.296881,-0.464475,-9.797073
1813136815,0.304064,-0.512359,-9.816227
1813137992,0.258574,-0.519542,-9.753978
1813139180,0.299275,-0.471658,-9.749189
1813140357,0.330400,-0.450110,-9.837775
1813141532,0.323217,-0.500388,-9.794679
1813142721,0.402226,-0.466869,-9.801862
1813143910,0.361524,-0.495600,-9.856929
1813145097,0.342371,-0.526724,-9.933543
1813146288,0.332794,-0.486023,-9.921572
1813147471,0.335188,-0.500388,-9.914390
1813148658,0.385466,-0.478840,-9.844957
1813149857,0.306458,-0.529119,-9.835381
1813151050,0.383072,-0.490811,-9.830592
1813152235,0.435745,-0.478840,-9.794679
1813153416,0.385466,-0.497994,-9.761160
1813154600,0.459687,-0.557849,-9.749189
1813155797,0.452504,-0.531513,-9.895236
1813156982,0.447716,-0.524330,-9.892841
1813158169,0.411803,-0.560243,-9.876082
1813159344,0.380678,-0.519542,-9.916783
1813160535,0.426168,-0.531513,-9.911995
1813161726,0.373495,-0.555455,-9.895236
1813162913,0.323217,-0.505177,-9.988609
1813164099,0.354342,-0.557849,-10.053253
1813165290,0.342371,-0.543484,-9.969456
1813166469,0.349553,-0.519542,-10.000581
1813167655,0.411803,-0.533907,-9.962274
1813168852,0.347159,-0.538695,-9.866506
1813170048,0.313640,-0.550666,-9.785102
1813171232,0.349553,-0.562637,-9.892841
1813172414,0.385466,-0.526724,-9.852140
1813173598,0.366313,-0.598550,-9.883265
1813174794,0.373495,-0.514753,-9.950302
1813175974,0.375890,-0.565032,-9.823410
1813177160,0.430956,-0.524330,-9.821015
1813178336,0.402226,-0.541090,-9.797073
1813179517,0.430956,-0.543484,-9.801862
1813180698,0.428562,-0.538695,-9.818622
1813181901,0.411803,-0.574608,-9.775525
1813183086,0.416591,-0.617704,-9.708488
1813184275,0.354342,-0.557849,-9.758766
1813185446,0.363919,-0.560243,-9.868899
1813186629,0.385466,-0.565032,-9.923966
1813187817,0.328006,-0.579397,-9.847352
1813189002,0.316035,-0.560243,-9.794679
1813190186,0.399832,-0.557849,-9.864111
1813191368,0.368707,-0.543484,-9.835381
1813192551,0.392649,-0.553061,-9.933543
1813193748,0.356736,-0.569820,-9.945514
1813194933,0.397437,-0.577003,-9.904813
1813196118,0.349553,-0.545878,-9.911995
1813197296,0.368707,-0.581791,-9.809045
1813198481,0.380678,-0.569820,-9.861717
1813199661,0.292093,-0.574608,-9.976639
1813200865,0.378284,-0.493206,-9.993398
1813202051,0.373495,-0.545878,-10.053253
1813203242,0.440533,-0.596156,-10.012551
1813204419,0.399832,-0.541090,-10.010158
1813205609,0.371101,-0.526724,-9.892841
1813206803,0.323217,-0.545878,-9.789890
1813207993,0.356736,-0.553061,-9.804255
1813209178,0.344765,-0.550666,-9.832987
1813210355,0.311246,-0.555455,-9.849746
1813211532,0.392649,-0.565032,-9.801862
1813212723,0.378284,-0.545878,-9.911995
1813213911,0.347159,-0.550666,-9.871294
1813215103,0.385466,-0.524330,-9.897630
1813216285,0.390255,-0.553061,-9.981427
1813217461,0.387861,-0.500388,-9.991004
1813218637,0.481235,-0.550666,-9.988609
1813219830,0.397437,-0.533907,-9.919178
1813221018,0.337582,-0.555455,-9.821015
1813222205,0.337582,-0.517148,-9.722853
1813223381,0.366313,-0.541090,-9.739613
1813224572,0.371101,-0.541090,-9.852140
1813225758,0.318429,-0.574608,-9.832987
1813226948,0.404620,-0.481235,-9.813833
1813228133,0.409408,-0.507571,-9.928755
1813229313,0.366313,-0.502782,-9.856929
1813230494,0.339977,-0.486023,-9.883265
1813231677,0.383072,-0.493206,-9.777920
1813232871,0.378284,-0.481235,-9.727641
1813234064,0.335188,-0.466869,-9.780313
1813235244,0.339977,-0.483629,-9.825804
1813236426,0.332794,-0.545878,-9.746795
1813237613,0.342371,-0.536301,-9.813833
1813238811,0.296881,-0.490811,-9.864111
1813239998,0.308852,-0.493206,-9.852140
1813241187,0.294487,-0.524330,-9.885659
1813242364,0.304064,-0.524330,-9.844957
1813243545,0.339977,-0.462081,-9.727641
1813244735,0.354342,-0.442927,-9.775525
1813245922,0.318429,-0.474052,-9.809045
1813247103,0.349553,-0.399832,-9.849746
1813248294,0.320823,-0.440533,-9.935937
1813249480,0.284910,-0.474052,-9.962274
1813250666,0.282516,-0.471658,-9.864111
1813251866,0.225055,-0.488417,-9.916783
1813253057,0.205901,-0.507571,-9.933543
1813254243,0.265756,-0.521936,-9.902418
1813255424,0.265756,-0.450110,-9.923966
1813256610,0.294487,-0.488417,-9.974244
1813257809,0.237026,-0.450110,-9.897630
1813258992,0.201113,-0.512359,-9.947908
1813260182,0.270545,-0.483629,-9.902418
1813261355,0.270545,-0.474052,-9.935937
1813262535,0.258574,-0.459687,-9.935937
1813263725,0.304064,-0.442927,-9.945514
1813264912,0.256180,-0.445322,-9.904813
1813266098,0.275333,-0.490811,-9.904813
1813267287,0.220267,-0.462081,-9.967062
1813268458,0.263362,-0.438139,-9.914390
1813269641,0.263362,-0.466869,-9.907207
1813270829,0.263362,-0.447716,-9.866506
1813272022,0.239420,-0.486023,-9.878476
1813273203,0.308852,-0.483629,-9.919178
1813274384,0.253785,-0.493206,-9.900024
1813275569,0.213084,-0.464475,-9.847352
1813276761,0.189142,-0.502782,-9.842564
1813277949,0.208296,-0.440533,-9.787497
1813279138,0.265756,-0.462081,-9.842564
1813280314,0.229843,-0.550666,-9.902418
1813281500,0.246603,-0.555455,-9.900024
1813282676,0.284910,-0.486023,-9.782708
1813283873,0.287304,-0.478840,-9.832987
1813285061,0.258574,-0.438139,-9.744401
1813286256,0.265756,-0.435745,-9.823410
1813287433,0.234632,-0.407014,-9.837775
1813288618,0.282516,-0.457293,-9.828198
1813289812,0.335188,-0.464475,-9.775525
1813291011,0.316035,-0.447716,-9.789890
1813292197,0.292093,-0.478840,-9.756371
1813293378,0.323217,-0.466869,-9.710882
1813294556,0.272939,-0.469264,-9.835381
1813295748,0.260968,-0.452504,-9.840169
1813296932,0.335188,-0.471658,-9.895236
1813298116,0.287304,-0.457293,-9.933543
1813299293,0.313640,-0.421380,-9.876082
1813300483,0.263362,-0.478840,-9.919178
1813301664,0.275333,-0.481235,-9.821015
1813302868,0.306458,-0.514753,-9.902418
1813304056,0.339977,-0.466869,-9.935937
1813305251,0.366313,-0.450110,-9.979033
1813306427,0.354342,-0.474052,-9.902418
1813307617,0.330400,-0.476446,-9.979033
1813308809,0.361524,-0.512359,-10.007763
1813310001,0.397437,-0.483629,-10.041282
1813311187,0.411803,-0.512359,-9.967062
1813312367,0.368707,-0.545878,-10.017340
1813313547,0.351948,-0.538695,-9.926360
1813314741,0.402226,-0.524330,-9.904813
1813315922,0.392649,-0.545878,-9.895236
1813317109,0.380678,-0.519542,-9.914390
1813318298,0.418985,-0.483629,-9.914390
1813319489,0.363919,-0.497994,-9.897630
1813320666,0.323217,-0.538695,-9.938332
1813321871,0.354342,-0.502782,-9.914390
1813323058,0.359130,-0.486023,-9.837775
1813324253,0.347159,-0.493206,-9.856929
1813325430,0.380678,-0.497994,-9.928755
1813326621,0.390255,-0.514753,-9.880871
1813327809,0.418985,-0.481235,-9.828198
1813329001,0.423774,-0.553061,-9.897630
1813330186,0.380678,-0.548272,-9.832987
1813331367,0.316035,-0.526724,-9.876082
1813332545,0.378284,-0.514753,-9.868899
1813333737,0.354342,-0.502782,-9.801862
1813334918,0.416591,-0.507571,-9.806650
1813336104,0.277727,-0.407014,-9.749189
1813337294,0.474052,-0.567426,-10.050858
1813338479,0.318429,-0.553061,-10.216059
1813339660,0.390255,-0.565032,-9.624691
1813340864,0.411803,-0.505177,-9.859323
1813342057,0.351948,-0.579397,-9.490616
1813343252,0.294487,-0.483629,-9.718064
1813344429,0.301669,-0.457293,-9.979033
1813345620,0.411803,-0.486023,-10.170568
1813346807,0.438139,-0.502782,-9.957485
1813347997,0.402226,-0.517148,-9.665392
1813349183,0.390255,-0.502782,-9.787497
1813350363,0.378284,-0.591368,-9.923966
1813351547,0.399832,-0.615310,-9.976639
1813352741,0.363919,-0.569820,-9.955091
1813353923,0.366313,-0.533907,-9.856929
1813355109,0.392649,-0.500388,-9.835381
1813356299,0.387861,-0.533907,-9.919178
1813357485,0.380678,-0.562637,-9.919178
1813358662,0.428562,-0.586579,-9.923966
1813359866,0.387861,-0.581791,-9.902418
1813361053,0.414197,-0.586579,-9.921572
1813362244,0.383072,-0.553061,-10.007763
1813363420,0.373495,-0.541090,-10.012551
1813364610,0.354342,-0.569820,-9.945514
1813365804,0.385466,-0.600945,-9.854534
1813366993,0.383072,-0.574608,-9.890448
1813368174,0.320823,-0.605733,-9.897630
1813369354,0.366313,-0.567426,-9.871294
1813370533,0.371101,-0.557849,-9.785102
1813371726,0.366313,-0.517148,-9.787497
1813372911,0.409408,-0.541090,-9.809045
1813374100,0.342371,-0.545878,-9.873688
1813375286,0.354342,-0.550666,-9.871294
1813376462,0.311246,-0.555455,-9.801862
1813377641,0.335188,-0.545878,-9.739613
1813378838,0.328006,-0.569820,-9.780313
1813380024,0.354342,-0.565032,-9.813833
1813381211,0.280122,-0.565032,-9.761160
1813382381,0.325611,-0.581791,-9.849746
1813383567,0.308852,-0.581791,-9.866506
1813384753,0.241814,-0.574608,-9.835381
1813385943,0.258574,-0.505177,-9.916783
1813387125,0.301669,-0.584185,-9.926360
1813388312,0.332794,-0.531513,-9.880871
1813389488,0.244209,-0.536301,-9.919178
1813390668,0.263362,-0.517148,-9.928755
1813391869,0.306458,-0.545878,-9.909601
1813393059,0.296881,-0.612916,-9.871294
1813394250,0.277727,-0.538695,-9.868899
1813395432,0.232238,-0.569820,-9.888053
1813396618,0.280122,-0.560243,-9.715671
1813397815,0.320823,-0.598550,-9.787497
1813398999,0.328006,-0.545878,-9.880871
1813400189,0.275333,-0.586579,-9.955091
1813401363,0.256180,-0.569820,-10.007763
1813402540,0.268151,-0.526724,-9.974244
1813403730,0.368707,-0.505177,-9.967062
1813404913,0.311246,-0.533907,-10.019734
1813406100,0.251391,-0.507571,-9.974244
1813407287,0.299275,-0.500388,-9.986216
1813408459,0.201113,-0.531513,-9.974244
1813409642,0.229843,-0.531513,-10.007763
1813410830,0.222661,-0.538695,-9.923966
1813412024,0.282516,-0.567426,-9.605537
1813413206,0.280122,-0.481235,-10.026917
1813414387,0.265756,-0.502782,-10.151415
1813415569,0.304064,-0.512359,-9.986216
1813416762,0.316035,-0.553061,-9.988609
1813417946,0.308852,-0.507571,-9.799467
1813419135,0.292093,-0.466869,-9.806650
1813420316,0.330400,-0.486023,-9.804255
1813421499,0.392649,-0.462081,-9.804255
1813422676,0.411803,-0.471658,-9.655815
1813423875,0.426168,-0.452504,-9.572019
1813425063,0.335188,-0.459687,-9.710882
1813426245,0.313640,-0.488417,-9.844957
1813427422,0.256180,-0.524330,-9.830592
1813428612,0.275333,-0.466869,-9.715671
1813429806,0.237026,-0.474052,-9.770737
1813430994,0.258574,-0.404620,-9.794679
1813432173,0.251391,-0.517148,-9.876082
1813433354,0.275333,-0.450110,-9.897630
1813434529,0.248997,-0.462081,-9.921572
1813435724,0.241814,-0.478840,-9.979033
1813436911,0.239420,-0.471658,-10.079589
1813438103,0.306458,-0.495600,-10.163386
1813439285,0.213084,-0.500388,-10.115502
1813440461,0.301669,-0.490811,-9.991004
1813441637,0.301669,-0.478840,-9.904813
1813442829,0.246603,-0.418985,-9.890448
1813444016,0.280122,-0.493206,-9.765948
1813445198,0.282516,-0.404620,-9.660604
1813446372,0.380678,-0.457293,-9.933543
1813447555,0.387861,-0.471658,-10.036493
1813448748,0.356736,-0.488417,-9.952697
1813449938,0.328006,-0.517148,-10.026917
1813451120,0.292093,-0.486023,-9.825804
1813452300,0.277727,-0.493206,-10.031705
1813453481,0.306458,-0.514753,-10.002975
1813454667,0.318429,-0.457293,-9.962274
1813455867,0.304064,-0.481235,-9.902418
1813457057,0.318429,-0.486023,-9.825804
1813458243,0.316035,-0.474052,-9.940725
1813459424,0.258574,-0.502782,-10.000581
1813460606,0.213084,-0.495600,-9.971850
1813461800,0.208296,-0.545878,-9.842564
1813462985,0.299275,-0.476446,-9.830592
1813464172,0.311246,-0.521936,-9.835381
1813465349,0.316035,-0.452504,-9.859323
1813466530,0.320823,-0.519542,-9.799467
1813467713,0.311246,-0.531513,-9.770737
1813468910,0.375890,-0.538695,-9.897630
1813470097,0.375890,-0.541090,-9.902418
1813471284,0.363919,-0.452504,-9.765948
1813472456,0.373495,-0.500388,-9.801862
1813473637,0.390255,-0.486023,-9.787497
1813474822,0.380678,-0.531513,-9.804255
1813476015,0.402226,-0.481235,-9.775525
1813477195,0.349553,-0.497994,-9.713276
1813478376,0.337582,-0.440533,-9.742006
1813479553,0.359130,-0.500388,-9.691729
1813480748,0.351948,-0.526724,-9.727641
1813481934,0.342371,-0.519542,-9.873688
1813483121,0.328006,-0.486023,-9.923966
1813484294,0.356736,-0.519542,-9.844957
1813485485,0.368707,-0.476446,-9.878476
1813486662,0.351948,-0.505177,-9.971850
1813487866,0.375890,-0.452504,-9.904813
1813489057,0.390255,-0.442927,-9.892841
1813490252,0.418985,-0.507571,-9.976639
1813491430,0.383072,-0.459687,-9.995792
1813492621,0.397437,-0.526724,-9.919178
1813493810,0.426168,-0.545878,-9.890448
1813495001,0.416591,-0.524330,-9.914390
1813496186,0.371101,-0.497994,-9.945514
1813497367,0.373495,-0.550666,-9.933543
1813498545,0.383072,-0.553061,-9.902418
1813499738,0.378284,-0.512359,-9.950302
1813500920,0.433351,-0.565032,-9.919178
1813502107,0.411803,-0.509965,-9.840169
1813503288,0.399832,-0.517148,-9.849746
1813504471,0.359130,-0.469264,-9.835381
1813505650,0.339977,-0.517148,-9.868899
1813506853,0.354342,-0.531513,-9.911995
1813508045,0.342371,-0.538695,-9.825804
1813509235,0.395043,-0.450110,-9.840169
1813510410,0.385466,-0.524330,-9.842564
1813511598,0.335188,-0.550666,-9.780313
1813512789,0.387861,-0.545878,-9.763555
1813513976,0.404620,-0.512359,-9.789890
1813515157,0.387861,-0.478840,-9.861717
1813516338,0.387861,-0.497994,-9.837775
1813517525,0.380678,-0.509965,-9.876082
1813518710,0.385466,-0.497994,-9.904813
1813519910,0.430956,-0.454898,-9.911995
1813521101,0.373495,-0.466869,-9.825804
1813522287,0.354342,-0.478840,-9.844957
1813523475,0.318429,-0.493206,-9.902418
1813524656,0.392649,-0.483629,-9.854534
1813525861,0.351948,-0.502782,-9.710882
1813527053,0.356736,-0.500388,-9.823410
1813528239,0.339977,-0.553061,-9.761160
1813529416,0.402226,-0.574608,-9.876082
1813530602,0.407014,-0.574608,-9.840169
1813531792,0.373495,-0.545878,-9.854534
1813532979,0.397437,-0.541090,-9.835381
1813534161,0.399832,-0.560243,-9.849746
1813535341,0.378284,-0.598550,-9.907207
1813536527,0.378284,-0.524330,-9.897630
1813537712,0.404620,-0.509965,-9.876082
1813538903,0.390255,-0.500388,-9.871294
1813540092,0.387861,-0.507571,-9.914390
1813541274,0.349553,-0.481235,-9.940725
1813542449,0.397437,-0.464475,-9.856929
1813543628,0.383072,-0.483629,-9.911995
1813544821,0.320823,-0.493206,-9.878476
1813546001,0.318429,-0.493206,-9.859323
1813547191,0.316035,-0.505177,-9.911995
1813548366,0.392649,-0.512359,-9.885659
1813549555,0.366313,-0.531513,-9.911995
1813550742,0.320823,-0.512359,-9.852140
1813551926,0.328006,-0.577003,-9.825804
1813553105,0.318429,-0.500388,-9.955091
1813554294,0.397437,-0.497994,-9.933543
1813555472,0.344765,-0.536301,-9.979033
1813556658,0.323217,-0.497994,-9.957485
1813557858,0.359130,-0.486023,-9.830592
1813559053,0.313640,-0.543484,-9.847352
1813560238,0.335188,-0.512359,-9.880871
1813561420,0.318429,-0.519542,-9.842564
1813562604,0.335188,-0.517148,-9.840169
1813563800,0.311246,-0.555455,-9.900024
1813564984,0.306458,-0.505177,-9.856929
1813566171,0.325611,-0.452504,-9.825804
1813567347,0.342371,-0.529119,-9.861717
1813568539,0.383072,-0.514753,-9.830592
1813569727,0.265756,-0.517148,-9.868899
1813570912,0.294487,-0.533907,-9.823410
1813572099,0.313640,-0.557849,-9.770737
1813573288,0.272939,-0.471658,-9.816227
1813574461,0.304064,-0.519542,-9.852140
1813575642,0.251391,-0.584185,-9.876082
1813576831,0.251391,-0.620098,-9.864111
1813578023,0.265756,-0.572214,-9.897630
1813579205,0.299275,-0.505177,-9.947908
1813580385,0.253785,-0.497994,-9.852140
1813581571,0.270545,-0.500388,-9.828198
1813582763,0.287304,-0.526724,-9.844957
1813583950,0.284910,-0.514753,-9.856929
1813585140,0.268151,-0.521936,-9.749189
1813586317,0.270545,-0.509965,-9.825804
1813587502,0.294487,-0.526724,-9.943120
1813588680,0.275333,-0.514753,-9.962274
1813589880,0.287304,-0.531513,-9.947908
1813591068,0.332794,-0.538695,-9.940725
1813592258,0.296881,-0.514753,-9.916783
1813593435,0.289698,-0.512359,-9.873688
1813594629,0.277727,-0.517148,-9.914390
1813595817,0.260968,-0.531513,-9.964667
1813597000,0.284910,-0.545878,-10.024523
1813598185,0.272939,-0.440533,-9.890448
1813599366,0.301669,-0.574608,-9.897630
1813600543,0.280122,-0.541090,-9.926360
1813601735,0.277727,-0.543484,-10.022128
1813602918,0.258574,-0.500388,-10.060435
1813604102,0.277727,-0.488417,-10.050858
1813605287,0.275333,-0.454898,-9.890448
1813606464,0.385466,-0.526724,-9.916783
1813607642,0.354342,-0.521936,-9.916783
1813608839,0.299275,-0.476446,-9.916783
1813610028,0.380678,-0.481235,-9.964667
1813611215,0.359130,-0.490811,-9.916783
1813612385,0.368707,-0.512359,-9.955091
1813613565,0.359130,-0.524330,-9.928755
1813614751,0.402226,-0.538695,-9.991004
1813615937,0.323217,-0.524330,-10.000581
1813617118,0.277727,-0.481235,-9.952697
1813618305,0.263362,-0.497994,-9.950302
1813619481,0.306458,-0.450110,-9.957485
1813620666,0.284910,-0.440533,-9.888053
1813621864,0.296881,-0.450110,-9.888053
1813623061,0.306458,-0.512359,-9.976639
1813624251,0.277727,-0.500388,-9.935937
1813625432,0.330400,-0.500388,-9.837775
1813626616,0.311246,-0.541090,-9.789890
1813627813,0.294487,-0.555455,-9.837775
1813629001,0.311246,-0.483629,-9.832987
1813630192,0.318429,-0.493206,-9.844957
1813631368,0.272939,-0.493206,-9.859323
1813632551,0.325611,-0.457293,-9.866506
1813633741,0.392649,-0.464475,-9.897630
1813634927,0.361524,-0.464475,-9.852140
1813636109,0.351948,-0.433351,-9.828198
1813637305,0.332794,-0.478840,-9.854534
1813638487,0.313640,-0.495600,-9.744401
1813639666,0.323217,-0.497994,-9.763555
1813640863,0.311246,-0.490811,-9.849746
1813642061,0.347159,-0.500388,-9.876082
1813643250,0.363919,-0.421380,-9.818622
1813644432,0.354342,-0.517148,-9.926360
1813645619,0.414197,-0.500388,-9.911995
1813646816,0.378284,-0.490811,-9.840169
1813648002,0.328006,-0.488417,-9.852140
1813649191,0.351948,-0.500388,-9.864111
1813650367,0.356736,-0.469264,-9.847352
1813651555,0.347159,-0.445322,-9.890448
1813652742,0.426168,-0.450110,-9.880871
1813653927,0.416591,-0.481235,-9.840169
1813655110,0.435745,-0.476446,-9.832987
1813656305,0.385466,-0.488417,-9.844957
1813657482,0.409408,-0.519542,-9.832987
1813658667,0.423774,-0.471658,-9.830592
1813659867,0.445322,-0.466869,-9.830592
1813661065,0.466869,-0.481235,-9.840169
1813662245,0.428562,-0.474052,-9.864111
1813663427,0.390255,-0.509965,-9.797073
1813664612,0.325611,-0.497994,-9.818622
1813665811,0.375890,-0.495600,-9.789890
1813666993,0.328006,-0.541090,-9.816227
1813668181,0.351948,-0.521936,-9.868899
1813669358,0.359130,-0.531513,-9.792285
1813670540,0.287304,-0.519542,-9.849746
1813671729,0.359130,-0.490811,-9.823410
1813672915,0.363919,-0.538695,-9.888053
1813674099,0.318429,-0.517148,-9.821015
1813675289,0.433351,-0.500388,-9.859323
1813676460,0.428562,-0.497994,-9.871294
1813677643,0.390255,-0.512359,-9.847352
1813678831,0.423774,-0.495600,-9.849746
1813680024,0.409408,-0.454898,-9.737218
1813681205,0.356736,-0.454898,-9.864111
1813682386,0.411803,-0.486023,-9.844957
1813683572,0.299275,-0.430956,-9.914390
1813684764,0.316035,-0.514753,-9.823410
1813685951,0.366313,-0.457293,-9.830592
1813687141,0.363919,-0.483629,-9.761160
1813688314,0.359130,-0.519542,-9.801862
1813689500,0.361524,-0.519542,-9.823410
1813690678,0.363919,-0.483629,-9.880871
1813691877,0.342371,-0.488417,-9.950302
1813693062,0.323217,-0.497994,-9.947908
1813694257,0.313640,-0.526724,-9.919178
1813695434,0.294487,-0.507571,-9.890448
1813696622,0.328006,-0.490811,-9.909601
1813697808,0.323217,-0.524330,-9.900024
1813698993,0.328006,-0.500388,-9.962274
1813700173,0.332794,-0.469264,-9.842564
1813701355,0.337582,-0.481235,-9.950302
1813702531,0.328006,-0.476446,-9.933543
1813703725,0.390255,-0.550666,-9.878476
1813704911,0.342371,-0.481235,-9.873688
1813706103,0.306458,-0.469264,-9.806650
1813707287,0.294487,-0.452504,-9.847352
1813708464,0.294487,-0.497994,-9.888053
1813709642,0.265756,-0.529119,-9.854534
1813710839,0.306458,-0.450110,-9.916783
1813712026,0.258574,-0.445322,-9.900024
1813713212,0.356736,-0.466869,-9.866506
1813714383,0.337582,-0.545878,-9.847352
1813715569,0.337582,-0.512359,-9.890448
1813716756,0.328006,-0.538695,-9.945514
1813717947,0.260968,-0.481235,-9.904813
1813719132,0.263362,-0.521936,-9.880871
1813720319,0.299275,-0.517148,-9.864111
1813721501,0.318429,-0.512359,-9.964667
1813722684,0.318429,-0.476446,-9.986216
1813723880,0.299275,-0.495600,-9.878476
1813725072,0.337582,-0.519542,-9.914390
1813726258,0.380678,-0.521936,-9.892841
1813727442,0.347159,-0.521936,-9.921572
1813728631,0.335188,-0.490811,-9.844957
1813729824,0.318429,-0.502782,-9.823410
1813731011,0.296881,-0.514753,-9.844957
1813732204,0.342371,-0.512359,-9.837775
1813733380,0.289698,-0.517148,-9.804255
1813734563,0.292093,-0.533907,-9.713276
1813735749,0.311246,-0.517148,-9.734824
1813736940,0.294487,-0.512359,-9.773131
1813738123,0.289698,-0.517148,-9.792285
1813739315,0.253785,-0.529119,-9.773131
1813740492,0.260968,-0.524330,-9.782708
1813741671,0.294487,-0.565032,-9.840169
1813742865,0.225055,-0.519542,-9.799467
1813744062,0.215478,-0.543484,-9.801862
1813745247,0.193930,-0.521936,-9.832987
1813746429,0.287304,-0.545878,-9.844957
1813747617,0.275333,-0.529119,-9.890448
1813748815,0.296881,-0.543484,-9.818622
1813750003,0.328006,-0.608127,-9.849746
1813751189,0.320823,-0.505177,-9.921572
1813752365,0.253785,-0.526724,-9.943120
1813753552,0.270545,-0.550666,-9.842564
1813754741,0.292093,-0.555455,-9.885659
1813755928,0.263362,-0.505177,-9.914390
1813757107,0.301669,-0.524330,-9.993398
1813758296,0.270545,-0.553061,-9.888053
1813759473,0.311246,-0.531513,-9.940725
1813760659,0.292093,-0.538695,-9.986216
1813761858,0.339977,-0.569820,-10.055647
1813763055,0.311246,-0.596156,-10.036493
1813764241,0.294487,-0.565032,-9.943120
1813765422,0.268151,-0.550666,-9.995792
1813766605,0.342371,-0.550666,-9.998186
1813767801,0.282516,-0.557849,-10.081984
1813768988,0.280122,-0.514753,-10.007763
1813770171,0.308852,-0.543484,-10.019734
1813771348,0.337582,-0.562637,-9.955091
1813772529,0.320823,-0.507571,-9.883265
1813773707,0.323217,-0.555455,-9.933543
1813774910,0.301669,-0.533907,-9.871294
1813776097,0.356736,-0.588974,-9.782708
1813777287,0.294487,-0.584185,-9.742006
1813778458,0.395043,-0.519542,-9.744401
1813779641,0.311246,-0.507571,-9.792285
1813780829,0.359130,-0.538695,-9.809045
1813782021,0.335188,-0.584185,-9.761160
1813783203,0.347159,-0.596156,-9.902418
1813784384,0.361524,-0.557849,-9.878476
1813785563,0.337582,-0.519542,-9.888053
1813786754,0.299275,-0.512359,-9.892841
1813787940,0.296881,-0.531513,-9.940725
1813789127,0.296881,-0.548272,-9.933543
1813790309,0.323217,-0.514753,-9.892841
1813791491,0.299275,-0.565032,-9.876082
1813792667,0.330400,-0.627281,-10.000581
1813793869,0.316035,-0.622492,-10.072407
1813795055,0.320823,-0.545878,-10.058042
1813796244,0.373495,-0.469264,-9.979033
1813797421,0.318429,-0.457293,-9.962274
1813798613,0.292093,-0.533907,-9.995792
1813799806,0.323217,-0.526724,-9.967062
1813800996,0.347159,-0.490811,-9.926360
1813802181,0.339977,-0.457293,-9.828198
1813803363,0.349553,-0.502782,-9.749189
1813804541,0.335188,-0.569820,-9.775525
1813805735,0.318429,-0.612916,-9.926360
1813806917,0.361524,-0.579397,-9.844957
1813808103,0.361524,-0.605733,-9.737218
1813809288,0.356736,-0.548272,-9.703699
1813810471,0.375890,-0.483629,-9.686940
1813811648,0.368707,-0.440533,-9.753978
1813812850,0.390255,-0.450110,-9.787497
1813814042,0.385466,-0.466869,-9.897630
1813815232,0.411803,-0.505177,-9.883265
1813816409,0.385466,-0.519542,-9.947908
1813817597,0.351948,-0.550666,-9.957485
1813818788,0.332794,-0.452504,-9.907207
1813819974,0.337582,-0.418985,-9.880871
1813821156,0.323217,-0.438139,-9.765948
1813822337,0.248997,-0.481235,-9.713276
1813823525,0.328006,-0.430956,-9.713276
1813824709,0.306458,-0.452504,-9.744401
1813825908,0.292093,-0.514753,-9.789890
1813827097,0.323217,-0.469264,-9.859323
1813828283,0.356736,-0.462081,-9.950302
1813829454,0.339977,-0.447716,-9.866506
1813830632,0.332794,-0.476446,-9.871294
1813831826,0.375890,-0.517148,-9.703699
1813833013,0.366313,-0.519542,-9.725247
1813834206,0.347159,-0.452504,-9.746795
1813835382,0.342371,-0.466869,-9.763555
1813836568,0.378284,-0.476446,-9.794679
1813837756,0.354342,-0.481235,-9.947908
1813838946,0.442927,-0.500388,-9.900024
1813840125,0.442927,-0.474052,-9.844957
1813841306,0.435745,-0.490811,-9.701305
1813842487,0.349553,-0.464475,-9.761160
1813843669,0.380678,-0.507571,-9.794679
1813844868,0.339977,-0.495600,-9.830592
1813846055,0.349553,-0.524330,-9.897630
1813847237,0.335188,-0.502782,-9.947908
1813848418,0.316035,-0.454898,-9.837775
1813849602,0.282516,-0.450110,-9.876082
1813850797,0.268151,-0.497994,-9.859323
1813851980,0.258574,-0.486023,-9.828198
1813853166,0.318429,-0.514753,-9.780313
1813854343,0.407014,-0.445322,-9.809045
1813855532,0.299275,-0.478840,-9.773131
1813856722,0.323217,-0.438139,-9.950302
1813857910,0.301669,-0.497994,-9.804255
1813859095,0.344765,-0.505177,-9.701305
1813860284,0.308852,-0.490811,-9.777920
1813861455,0.316035,-0.497994,-9.780313
1813862637,0.304064,-0.500388,-9.873688
1813863823,0.299275,-0.524330,-9.907207
1813865015,0.328006,-0.514753,-9.897630
1813866191,0.308852,-0.541090,-9.952697
1813867371,0.306458,-0.538695,-9.928755
1813868549,0.308852,-0.531513,-9.859323
1813869743,0.337582,-0.452504,-9.710882
1813870922,0.337582,-0.466869,-9.727641
1813872109,0.328006,-0.462081,-9.732430
1813873298,0.351948,-0.493206,-9.780313
1813874483,0.325611,-0.517148,-9.837775
1813875666,0.311246,-0.533907,-9.823410
1813876866,0.316035,-0.553061,-9.653421
1813878059,0.323217,-0.586579,-9.832987
1813879254,0.323217,-0.593762,-9.962274
1813880432,0.368707,-0.557849,-9.888053
1813881623,0.407014,-0.553061,-9.902418
1813882809,0.392649,-0.524330,-9.852140
1813883996,0.349553,-0.512359,-9.770737
1813885181,0.301669,-0.533907,-9.773131
1813886361,0.337582,-0.605733,-9.856929
1813887540,0.371101,-0.622492,-9.878476
1813888734,0.325611,-0.588974,-9.969456
1813889917,0.320823,-0.509965,-9.794679
1813891108,0.320823,-0.502782,-9.835381
1813892293,0.342371,-0.474052,-9.859323
1813893484,0.351948,-0.565032,-9.873688
1813894663,0.397437,-0.531513,-9.883265
1813895867,0.359130,-0.514753,-9.825804
1813897053,0.313640,-0.550666,-9.842564
1813898243,0.328006,-0.514753,-9.902418
1813899419,0.409408,-0.536301,-9.926360
1813900605,0.385466,-0.526724,-9.969456
1813901797,0.272939,-0.574608,-10.053253
1813902987,0.277727,-0.567426,-9.947908
1813904169,0.287304,-0.574608,-9.919178
1813905350,0.280122,-0.538695,-9.928755
1813906527,0.265756,-0.543484,-9.919178
1813907713,0.294487,-0.538695,-9.888053
1813908911,0.258574,-0.581791,-9.955091
1813910103,0.299275,-0.533907,-9.979033
1813911288,0.368707,-0.521936,-9.955091
1813912464,0.411803,-0.548272,-9.940725
1813913641,0.371101,-0.517148,-9.969456
1813914834,0.339977,-0.538695,-9.883265
1813916023,0.359130,-0.483629,-9.900024
1813917208,0.323217,-0.538695,-9.955091
1813918384,0.337582,-0.533907,-9.957485
1813919570,0.304064,-0.536301,-9.866506
1813920755,0.316035,-0.531513,-9.832987
1813921945,0.387861,-0.478840,-9.952697
1813923127,0.339977,-0.486023,-9.921572
1813924314,0.361524,-0.507571,-9.825804
1813925494,0.294487,-0.560243,-9.859323
1813926677,0.304064,-0.586579,-9.935937
1813927870,0.320823,-0.567426,-9.873688
1813929059,0.282516,-0.579397,-9.947908
1813930246,0.296881,-0.481235,-9.998186
1813931429,0.320823,-0.500388,-9.976639
1813932614,0.339977,-0.466869,-9.928755
1813933813,0.313640,-0.459687,-9.969456
1813935000,0.299275,-0.462081,-9.835381
1813936190,0.318429,-0.557849,-9.878476
1813937367,0.366313,-0.531513,-9.943120
1813938549,0.368707,-0.488417,-9.871294
1813939739,0.359130,-0.490811,-9.823410
1813940925,0.351948,-0.524330,-9.902418
1813942106,0.318429,-0.533907,-9.940725
1813943294,0.337582,-0.483629,-9.914390
1813944473,0.359130,-0.490811,-9.859323
1813945658,0.373495,-0.502782,-9.849746
1813946856,0.373495,-0.495600,-9.777920
1813948051,0.392649,-0.440533,-9.832987
1813949236,0.380678,-0.517148,-9.854534
1813950415,0.349553,-0.538695,-9.868899
1813951599,0.380678,-0.509965,-9.856929
1813952795,0.339977,-0.486023,-9.768343
1813953977,0.304064,-0.454898,-9.832987
1813955160,0.330400,-0.521936,-9.804255
1813956345,0.344765,-0.529119,-9.871294
1813957537,0.304064,-0.509965,-9.878476
1813958725,0.409408,-0.555455,-9.861717
1813959911,0.356736,-0.430956,-9.854534
1813961098,0.339977,-0.447716,-9.849746
1813962289,0.361524,-0.517148,-9.900024
1813963459,0.402226,-0.543484,-9.950302
1813964641,0.304064,-0.502782,-9.952697
1813965828,0.337582,-0.500388,-9.974244
1813967020,0.354342,-0.462081,-9.979033
1813968202,0.351948,-0.488417,-9.921572
1813969381,0.351948,-0.557849,-9.995792
1813970560,0.282516,-0.553061,-10.000581
1813971750,0.325611,-0.514753,-9.957485
1813972936,0.282516,-0.488417,-9.971850
1813974122,0.316035,-0.538695,-9.940725
1813975298,0.299275,-0.476446,-10.053253
1813976491,0.347159,-0.507571,-10.007763
1813977666,0.313640,-0.500388,-9.976639
1813978869,0.337582,-0.560243,-10.014946
1813980055,0.342371,-0.502782,-9.969456
1813981245,0.342371,-0.399832,-10.031705
1813982423,0.330400,-0.409408,-9.859323
1813983608,0.308852,-0.435745,-9.844957
1813984798,0.306458,-0.514753,-9.730036
1813985987,0.363919,-0.509965,-9.928755
1813987169,0.416591,-0.584185,-9.854534
1813988351,0.426168,-0.565032,-9.806650
1813989527,0.356736,-0.488417,-9.761160
1813990713,0.344765,-0.481235,-9.761160
1813991911,0.359130,-0.486023,-9.787497
1813993100,0.363919,-0.536301,-9.765948
1813994286,0.390255,-0.483629,-9.773131
1813995462,0.402226,-0.430956,-9.720459
1813996639,0.423774,-0.481235,-9.777920
1813997832,0.368707,-0.531513,-9.859323
1813999021,0.399832,-0.555455,-9.876082
1814000207,0.373495,-0.550666,-9.873688
1814001384,0.445322,-0.509965,-9.868899
1814002569,0.392649,-0.440533,-9.830592
1814003756,0.373495,-0.457293,-9.734824
1814004946,0.330400,-0.466869,-9.646238
1814006127,0.344765,-0.421380,-9.720459
1814007308,0.392649,-0.450110,-9.878476
1814008489,0.351948,-0.474052,-9.868899
1814009670,0.395043,-0.459687,-9.926360
1814010869,0.337582,-0.445322,-9.943120
1814012060,0.351948,-0.469264,-10.048465
1814013251,0.397437,-0.462081,-10.034100
1814014432,0.368707,-0.514753,-9.950302
1814015617,0.375890,-0.497994,-9.933543
1814016815,0.363919,-0.474052,-9.979033
1814018001,0.366313,-0.469264,-9.868899
1814019192,0.320823,-0.526724,-9.832987
1814020368,0.363919,-0.481235,-9.854534
1814021552,0.335188,-0.488417,-9.890448
1814022741,0.342371,-0.471658,-9.842564
1814023928,0.351948,-0.459687,-9.892841
1814025111,0.323217,-0.495600,-9.873688
1814026306,0.387861,-0.497994,-9.876082
1814027492,0.359130,-0.512359,-9.830592
1814028680,0.332794,-0.476446,-9.830592
1814029874,0.426168,-0.488417,-9.753978
1814031068,0.347159,-0.509965,-9.794679
1814032248,0.337582,-0.457293,-9.775525
1814033430,0.328006,-0.505177,-9.840169
1814034615,0.359130,-0.459687,-9.787497
1814035813,0.366313,-0.478840,-9.789890
1814037000,0.325611,-0.478840,-9.691729
1814038190,0.368707,-0.466869,-9.739613
1814039366,0.366313,-0.507571,-9.749189
1814040549,0.349553,-0.507571,-9.713276
1814041739,0.280122,-0.505177,-9.777920
1814042924,0.205901,-0.486023,-9.785102
1814044104,0.304064,-0.538695,-9.859323
1814045294,0.359130,-0.541090,-9.866506
1814046470,0.349553,-0.533907,-9.842564
1814047653,0.296881,-0.497994,-9.947908
1814048851,0.284910,-0.488417,-9.883265
1814050047,0.366313,-0.502782,-9.935937
1814051226,0.339977,-0.517148,-10.010158
1814052408,0.332794,-0.505177,-10.017340
1814053588,0.361524,-0.514753,-9.878476
1814054781,0.351948,-0.476446,-9.844957
1814055964,0.351948,-0.490811,-9.799467
1814057156,0.337582,-0.495600,-9.837775
1814058343,0.272939,-0.524330,-9.859323
1814059531,0.323217,-0.562637,-9.923966
1814060713,0.294487,-0.557849,-9.957485
1814061912,0.289698,-0.572214,-9.926360
1814063099,0.287304,-0.507571,-9.991004
1814064287,0.299275,-0.560243,-9.979033
1814065458,0.335188,-0.569820,-9.986216
1814066641,0.323217,-0.550666,-9.991004
1814067828,0.304064,-0.531513,-9.950302
1814069019,0.320823,-0.507571,-9.964667
1814070199,0.330400,-0.459687,-9.900024
1814071377,0.332794,-0.509965,-9.945514
1814072555,0.287304,-0.531513,-9.916783
1814073748,0.282516,-0.483629,-9.880871
1814074930,0.287304,-0.478840,-9.979033
1814076115,0.287304,-0.572214,-9.835381
1814077292,0.306458,-0.641646,-9.837775
1814078483,0.284910,-0.600945,-9.892841
1814079664,0.318429,-0.531513,-9.902418
1814080868,0.318429,-0.509965,-9.878476
1814082061,0.335188,-0.497994,-9.837775
1814083257,0.318429,-0.536301,-9.844957
1814084434,0.347159,-0.545878,-9.785102
1814085625,0.304064,-0.521936,-9.825804
1814086812,0.330400,-0.505177,-9.883265
1814088000,0.330400,-0.531513,-9.921572
1814089184,0.339977,-0.543484,-9.816227
1814090366,0.363919,-0.524330,-9.782708
1814091544,0.299275,-0.521936,-9.730036
1814092737,0.284910,-0.562637,-9.876082
1814093919,0.316035,-0.550666,-9.861717
1814095105,0.323217,-0.553061,-9.825804
1814096290,0.368707,-0.548272,-9.844957
1814097478,0.387861,-0.533907,-9.888053
1814098658,0.354342,-0.512359,-9.883265
1814099863,0.371101,-0.486023,-9.885659
1814101056,0.289698,-0.500388,-9.801862
1814102245,0.268151,-0.507571,-9.806650
1814103421,0.301669,-0.531513,-9.854534
1814104609,0.280122,-0.545878,-9.825804
1814105797,0.337582,-0.553061,-9.856929
1814106987,0.378284,-0.538695,-9.876082
1814108166,0.407014,-0.533907,-9.813833
1814109347,0.359130,-0.486023,-9.806650
1814110526,0.335188,-0.548272,-9.797073
1814111709,0.311246,-0.524330,-9.842564
1814112909,0.275333,-0.543484,-9.837775
1814114100,0.320823,-0.509965,-9.888053
1814115284,0.323217,-0.543484,-9.825804
1814116460,0.328006,-0.529119,-9.856929
1814117638,0.282516,-0.505177,-9.888053
1814118830,0.359130,-0.569820,-9.837775
1814120018,0.378284,-0.519542,-9.792285
1814121204,0.335188,-0.471658,-9.794679
1814122380,0.318429,-0.471658,-9.842564
1814123564,0.361524,-0.442927,-9.859323
1814124753,0.375890,-0.500388,-9.813833
1814125942,0.308852,-0.459687,-9.830592
1814127123,0.359130,-0.524330,-9.840169
1814128303,0.330400,-0.524330,-9.801862
1814129482,0.359130,-0.462081,-9.792285
1814130667,0.330400,-0.488417,-9.737218
1814131866,0.330400,-0.514753,-9.749189
1814133063,0.332794,-0.505177,-9.804255
1814134253,0.332794,-0.512359,-9.883265
1814135435,0.361524,-0.531513,-9.919178
1814136622,0.361524,-0.553061,-9.914390
1814137819,0.378284,-0.519542,-9.861717
1814139001,0.354342,-0.486023,-9.852140
1814140190,0.366313,-0.507571,-9.828198
1814141366,0.344765,-0.457293,-9.816227
1814142550,0.275333,-0.471658,-9.900024
1814143738,0.308852,-0.488417,-9.873688
1814144925,0.375890,-0.488417,-9.895236
1814146107,0.361524,-0.502782,-9.801862
1814147296,0.387861,-0.493206,-9.864111
1814148475,0.414197,-0.545878,-9.816227
1814149660,0.359130,-0.526724,-9.844957
1814150860,0.366313,-0.474052,-9.895236
1814152056,0.323217,-0.440533,-9.744401
1814153241,0.416591,-0.486023,-9.856929
1814154422,0.349553,-0.478840,-9.823410
1814155605,0.332794,-0.509965,-9.890448
1814156800,0.270545,-0.517148,-9.904813
1814157982,0.325611,-0.454898,-9.868899
1814159169,0.328006,-0.464475,-9.904813
1814160344,0.366313,-0.488417,-10.014946
1814161536,0.330400,-0.500388,-9.904813
1814162722,0.299275,-0.512359,-9.856929
1814163910,0.332794,-0.507571,-9.897630
1814165092,0.287304,-0.512359,-9.888053
1814166282,0.316035,-0.505177,-9.952697
1814167451,0.325611,-0.497994,-9.940725
1814168635,0.335188,-0.490811,-9.890448
1814169822,0.311246,-0.454898,-9.919178
1814171016,0.368707,-0.454898,-9.928755
1814172196,0.354342,-0.495600,-9.904813
1814173376,0.359130,-0.502782,-9.828198
1814174553,0.351948,-0.536301,-9.902418
1814175747,0.308852,-0.500388,-9.871294
1814176928,0.349553,-0.541090,-9.837775
1814178114,0.390255,-0.531513,-9.902418
1814179304,0.294487,-0.569820,-9.911995
1814180490,0.316035,-0.517148,-9.907207
1814181667,0.361524,-0.500388,-9.897630
1814182870,0.335188,-0.507571,-9.837775
1814184057,0.316035,-0.462081,-9.888053
1814185246,0.378284,-0.541090,-9.885659
1814186422,0.363919,-0.521936,-9.847352
1814187614,0.366313,-0.538695,-9.756371
1814188808,0.383072,-0.517148,-9.818622
1814189995,0.351948,-0.533907,-9.878476
1814191176,0.363919,-0.514753,-9.854534
1814192358,0.349553,-0.553061,-9.837775
1814193542,0.316035,-0.512359,-9.825804
1814194735,0.301669,-0.533907,-9.916783
1814195917,0.280122,-0.533907,-9.919178
1814197108,0.330400,-0.490811,-9.852140
1814198291,0.378284,-0.531513,-9.844957
1814199474,0.378284,-0.490811,-9.880871
1814200652,0.265756,-0.531513,-9.923966
1814201855,0.342371,-0.526724,-9.926360
1814203047,0.342371,-0.488417,-9.885659
1814204235,0.320823,-0.524330,-9.813833
1814205411,0.301669,-0.521936,-9.806650
1814206597,0.294487,-0.505177,-9.856929
1814207789,0.296881,-0.543484,-9.885659
1814208977,0.304064,-0.495600,-9.811439
1814210157,0.272939,-0.486023,-9.789890
1814211337,0.347159,-0.495600,-9.840169
1814212519,0.284910,-0.560243,-9.797073
1814213703,0.299275,-0.505177,-9.780313
1814214900,0.282516,-0.483629,-9.823410
1814216088,0.294487,-0.519542,-9.892841
1814217274,0.280122,-0.509965,-9.816227
1814218442,0.292093,-0.569820,-9.835381
1814219630,0.301669,-0.531513,-9.873688
1814220823,0.270545,-0.507571,-9.849746
1814222003,0.263362,-0.514753,-9.842564
1814223193,0.351948,-0.533907,-9.813833
1814224369,0.294487,-0.531513,-9.854534
1814225558,0.344765,-0.557849,-9.799467
1814226748,0.342371,-0.519542,-9.751583
1814227938,0.335188,-0.531513,-9.830592
1814229120,0.361524,-0.505177,-9.895236
1814230301,0.337582,-0.502782,-9.753978
1814231483,0.306458,-0.526724,-9.765948
1814232669,0.308852,-0.495600,-9.775525
1814233867,0.356736,-0.514753,-9.804255
1814235065,0.359130,-0.512359,-9.763555
1814236256,0.330400,-0.454898,-9.852140
1814237435,0.368707,-0.476446,-9.840169
1814238621,0.320823,-0.529119,-9.756371
1814239818,0.323217,-0.490811,-9.813833
1814241011,0.306458,-0.483629,-9.837775
1814242203,0.342371,-0.507571,-9.842564
1814243379,0.342371,-0.531513,-9.866506
1814244562,0.337582,-0.543484,-9.770737
1814245748,0.363919,-0.524330,-9.816227
1814246938,0.359130,-0.519542,-9.856929
1814248120,0.342371,-0.509965,-9.816227
1814249307,0.404620,-0.526724,-9.816227
1814250493,0.354342,-0.507571,-9.883265
1814251674,0.296881,-0.493206,-9.885659
1814252869,0.366313,-0.505177,-9.871294
1814254067,0.323217,-0.521936,-9.919178
1814255248,0.275333,-0.572214,-9.890448
1814256429,0.330400,-0.493206,-9.962274
1814257614,0.392649,-0.526724,-9.890448
1814258812,0.361524,-0.577003,-9.914390
1814259996,0.272939,-0.584185,-9.900024
1814261185,0.270545,-0.533907,-9.751583
1814262360,0.323217,-0.538695,-10.007763
1814263542,0.356736,-0.541090,-9.785102
1814264730,0.304064,-0.586579,-9.890448
1814265915,0.320823,-0.519542,-9.739613
1814267102,0.328006,-0.524330,-9.801862
1814268289,0.318429,-0.512359,-9.844957
1814269462,0.347159,-0.509965,-9.840169
1814270644,0.361524,-0.502782,-9.914390
1814271832,0.323217,-0.502782,-9.907207
1814273024,0.289698,-0.483629,-9.859323
1814274207,0.280122,-0.577003,-9.837775
1814275386,0.328006,-0.545878,-9.986216
1814276563,0.306458,-0.497994,-10.007763
1814277754,0.332794,-0.500388,-10.038888
1814278939,0.275333,-0.512359,-9.928755
1814280126,0.296881,-0.490811,-9.895236
1814281308,0.316035,-0.524330,-9.955091
1814282493,0.375890,-0.555455,-9.947908
1814283676,0.361524,-0.560243,-9.902418
1814284874,0.316035,-0.543484,-9.876082
1814286062,0.354342,-0.533907,-9.880871
1814287256,0.311246,-0.486023,-9.866506
1814288433,0.351948,-0.462081,-9.945514
1814289624,0.347159,-0.486023,-9.837775
1814290813,0.335188,-0.502782,-9.878476
1814292003,0.301669,-0.533907,-9.931149
1814293188,0.366313,-0.512359,-9.844957
1814294366,0.296881,-0.524330,-9.995792
1814295550,0.304064,-0.553061,-9.928755
1814296742,0.301669,-0.550666,-9.844957
1814297924,0.241814,-0.567426,-9.840169
1814299111,0.263362,-0.524330,-9.895236
1814300301,0.347159,-0.476446,-9.950302
1814301487,0.320823,-0.488417,-9.962274
1814302668,0.270545,-0.469264,-9.947908
1814303871,0.328006,-0.466869,-10.022128
1814305058,0.342371,-0.502782,-9.926360
1814306247,0.316035,-0.486023,-9.907207
1814307422,0.294487,-0.433351,-9.789890
1814308610,0.287304,-0.471658,-9.732430
1814309803,0.351948,-0.450110,-9.828198
1814310989,0.299275,-0.435745,-9.828198
1814312172,0.270545,-0.452504,-9.854534
1814313353,0.277727,-0.433351,-9.868899
1814314530,0.311246,-0.454898,-9.847352
1814315723,0.272939,-0.459687,-9.837775
1814316910,0.251391,-0.476446,-9.761160
1814318100,0.287304,-0.445322,-9.773131
1814319286,0.258574,-0.440533,-9.780313
1814320473,0.251391,-0.500388,-9.825804
1814321650,0.301669,-0.493206,-9.801862
1814322849,0.347159,-0.452504,-9.835381
1814324037,0.308852,-0.459687,-9.911995
1814325224,0.237026,-0.423774,-9.849746
1814326401,0.265756,-0.442927,-9.837775
1814327594,0.306458,-0.438139,-9.797073
1814328782,0.294487,-0.488417,-9.770737
1814329969,0.280122,-0.478840,-9.823410
1814331148,0.272939,-0.435745,-9.933543
1814332329,0.304064,-0.466869,-9.868899
1814333512,0.328006,-0.541090,-9.837775
1814334693,0.294487,-0.469264,-9.866506
1814335887,0.280122,-0.450110,-9.842564
1814337078,0.222661,-0.490811,-9.777920
1814338263,0.215478,-0.493206,-9.768343
1814339434,0.268151,-0.502782,-9.832987
1814340616,0.284910,-0.442927,-9.821015
1814341813,0.325611,-0.430956,-9.763555
1814342995,0.328006,-0.526724,-9.765948
1814344185,0.323217,-0.517148,-9.816227
1814345359,0.316035,-0.524330,-9.868899
1814346540,0.246603,-0.519542,-9.866506
1814347728,0.359130,-0.481235,-9.806650
1814348914,0.337582,-0.481235,-9.840169
1814350101,0.318429,-0.481235,-9.792285
1814351292,0.318429,-0.493206,-9.861717
1814352475,0.361524,-0.507571,-9.943120
1814353661,0.248997,-0.524330,-9.911995
1814354860,0.251391,-0.476446,-9.911995
1814356057,0.272939,-0.519542,-9.892841
1814357242,0.337582,-0.533907,-9.931149
1814358424,0.294487,-0.486023,-9.883265
1814359607,0.339977,-0.483629,-9.916783
1814360804,0.335188,-0.505177,-9.926360
1814361989,0.332794,-0.493206,-9.923966
1814363176,0.325611,-0.512359,-9.959879
1814364353,0.217872,-0.509965,-9.797073
1814365533,0.268151,-0.464475,-9.911995
1814366723,0.265756,-0.445322,-9.895236
1814367910,0.277727,-0.450110,-9.981427
1814369095,0.299275,-0.521936,-9.940725
1814370283,0.299275,-0.505177,-9.885659
1814371455,0.287304,-0.541090,-9.852140
1814372636,0.225055,-0.517148,-9.830592
1814373823,0.280122,-0.545878,-9.844957
1814375012,0.332794,-0.512359,-9.856929
1814376199,0.270545,-0.464475,-9.792285
1814377380,0.308852,-0.538695,-9.871294
1814378559,0.256180,-0.500388,-9.873688
1814379749,0.308852,-0.529119,-9.837775
1814380931,0.332794,-0.483629,-9.847352
1814382118,0.359130,-0.486023,-9.852140
1814383300,0.323217,-0.505177,-9.832987
1814384488,0.313640,-0.519542,-9.871294
1814385669,0.287304,-0.521936,-9.883265
1814386874,0.337582,-0.497994,-9.871294
1814388063,0.313640,-0.497994,-9.871294
1814389258,0.275333,-0.493206,-9.871294
1814390435,0.351948,-0.531513,-9.907207
1814391623,0.342371,-0.478840,-9.998186
1814392813,0.313640,-0.531513,-9.878476
1814394003,0.337582,-0.474052,-9.890448
1814395188,0.308852,-0.507571,-9.947908
1814396368,0.282516,-0.529119,-9.878476
1814397552,0.289698,-0.531513,-9.909601
1814398745,0.308852,-0.521936,-9.871294
1814399927,0.292093,-0.445322,-9.873688
1814401114,0.301669,-0.452504,-10.022128
1814402304,0.349553,-0.512359,-9.962274
1814403491,0.359130,-0.500388,-9.926360
1814404665,0.342371,-0.529119,-9.940725
1814405869,0.339977,-0.538695,-9.878476
1814407057,0.373495,-0.478840,-9.995792
1814408244,0.380678,-0.466869,-9.921572
1814409421,0.325611,-0.450110,-9.878476
1814410606,0.383072,-0.495600,-9.988609
1814411795,0.339977,-0.476446,-9.962274
1814412983,0.318429,-0.454898,-9.928755
1814414165,0.371101,-0.497994,-9.914390
1814415346,0.368707,-0.577003,-9.955091
1814416526,0.411803,-0.507571,-9.909601
1814417710,0.306458,-0.507571,-9.955091
1814418907,0.354342,-0.505177,-9.928755
1814420097,0.421380,-0.517148,-9.900024
1814421280,0.418985,-0.524330,-9.859323
1814422462,0.380678,-0.543484,-9.861717
1814423640,0.390255,-0.414197,-9.856929
1814424831,0.359130,-0.493206,-9.907207
1814426017,0.399832,-0.509965,-9.847352
1814427209,0.442927,-0.562637,-9.742006
1814428384,0.375890,-0.562637,-9.797073
1814429566,0.392649,-0.474052,-9.813833
1814430753,0.457293,-0.464475,-9.888053
1814431943,0.430956,-0.514753,-9.914390
1814433124,0.418985,-0.538695,-9.837775
1814434306,0.402226,-0.500388,-9.909601
1814435485,0.397437,-0.433351,-9.890448
1814436668,0.387861,-0.459687,-9.837775
1814437868,0.387861,-0.509965,-9.864111
1814439067,0.426168,-0.521936,-9.883265
1814440248,0.383072,-0.553061,-9.897630
1814441428,0.347159,-0.486023,-9.797073
1814442614,0.373495,-0.555455,-9.856929
1814443813,0.368707,-0.524330,-9.888053
1814444997,0.363919,-0.507571,-9.921572
1814446187,0.380678,-0.478840,-9.821015
1814447361,0.407014,-0.486023,-9.847352
1814448541,0.318429,-0.562637,-9.878476
1814449731,0.368707,-0.533907,-9.832987
1814450917,0.330400,-0.488417,-9.890448
1814452102,0.351948,-0.524330,-9.900024
1814453291,0.387861,-0.538695,-9.813833
1814454475,0.375890,-0.531513,-9.871294
1814455661,0.371101,-0.474052,-9.868899
1814456858,0.392649,-0.459687,-9.916783
1814458055,0.368707,-0.507571,-9.859323
1814459240,0.335188,-0.586579,-9.876082
1814460421,0.335188,-0.512359,-9.835381
1814461605,0.366313,-0.493206,-9.909601
1814462800,0.430956,-0.574608,-9.897630
1814463981,0.363919,-0.521936,-9.880871
1814465168,0.375890,-0.524330,-9.926360
1814466344,0.375890,-0.502782,-9.940725
1814467529,0.330400,-0.469264,-9.952697
1814468709,0.344765,-0.538695,-9.878476
1814469910,0.323217,-0.507571,-9.900024
1814471094,0.404620,-0.471658,-9.895236
1814472284,0.363919,-0.514753,-9.842564
1814473456,0.363919,-0.497994,-9.835381
1814474640,0.325611,-0.486023,-9.856929
1814475828,0.311246,-0.538695,-9.768343
1814477022,0.339977,-0.529119,-9.835381
1814478200,0.349553,-0.521936,-9.852140
1814479381,0.399832,-0.488417,-9.734824
1814480559,0.344765,-0.469264,-9.718064
1814481748,0.332794,-0.474052,-9.816227
1814482930,0.332794,-0.495600,-9.777920
1814484115,0.344765,-0.488417,-9.797073
1814485306,0.330400,-0.533907,-9.900024
1814486488,0.296881,-0.562637,-9.787497
1814487670,0.344765,-0.517148,-9.787497
1814488875,0.323217,-0.478840,-9.777920
1814490063,0.313640,-0.471658,-9.813833
1814491258,0.308852,-0.486023,-9.854534
1814492434,0.284910,-0.483629,-9.763555
1814493625,0.320823,-0.500388,-9.816227
1814494813,0.337582,-0.462081,-9.751583
1814496003,0.375890,-0.452504,-9.806650
1814497186,0.318429,-0.474052,-9.794679
1814498367,0.320823,-0.433351,-9.849746
1814499545,0.304064,-0.529119,-9.890448
1814500738,0.263362,-0.553061,-9.823410
1814501920,0.301669,-0.536301,-9.868899
1814503103,0.287304,-0.500388,-9.854534
1814504287,0.306458,-0.486023,-9.878476
1814505463,0.287304,-0.450110,-9.878476
1814506640,0.316035,-0.514753,-9.876082
1814507832,0.301669,-0.509965,-9.866506
1814509019,0.339977,-0.476446,-9.797073
1814510206,0.351948,-0.519542,-9.883265
1814511383,0.351948,-0.512359,-9.947908
1814512566,0.260968,-0.512359,-9.957485
1814513751,0.294487,-0.474052,-9.962274
1814514941,0.316035,-0.452504,-9.926360
1814516122,0.277727,-0.517148,-10.000581
1814517308,0.287304,-0.533907,-9.993398
1814518484,0.328006,-0.524330,-10.007763
1814519669,0.308852,-0.512359,-10.000581
1814520867,0.330400,-0.538695,-9.926360
1814522063,0.344765,-0.521936,-9.955091
1814523253,0.378284,-0.459687,-9.959879
1814524435,0.383072,-0.483629,-9.945514
1814525622,0.342371,-0.517148,-10.041282
1814526817,0.328006,-0.497994,-9.931149
1814528004,0.320823,-0.512359,-9.911995
1814529194,0.316035,-0.490811,-9.900024
1814530368,0.311246,-0.493206,-9.952697
1814531551,0.351948,-0.512359,-9.904813
1814532740,0.320823,-0.538695,-9.866506
1814533926,0.335188,-0.538695,-9.825804
1814535108,0.328006,-0.505177,-9.876082
1814536296,0.260968,-0.495600,-9.904813
1814537473,0.289698,-0.514753,-9.871294
1814538659,0.368707,-0.533907,-9.844957
1814539857,0.395043,-0.531513,-9.921572
1814541053,0.383072,-0.495600,-9.849746
1814542237,0.339977,-0.507571,-9.852140
1814543418,0.332794,-0.514753,-9.878476
1814544602,0.308852,-0.502782,-9.847352
1814545798,0.347159,-0.471658,-9.880871
1814546980,0.308852,-0.497994,-9.818622
1814548167,0.301669,-0.500388,-9.801862
1814549342,0.368707,-0.497994,-9.804255
1814550532,0.371101,-0.478840,-9.797073
1814551713,0.366313,-0.497994,-9.823410
1814552911,0.351948,-0.517148,-9.780313
1814554096,0.318429,-0.486023,-9.809045
1814555285,0.328006,-0.486023,-9.840169
1814556453,0.328006,-0.517148,-9.837775
1814557635,0.328006,-0.541090,-9.832987
1814558822,0.318429,-0.505177,-9.907207
1814560003,0.363919,-0.550666,-9.801862
1814561188,0.325611,-0.500388,-9.840169
1814562368,0.332794,-0.466869,-9.938332
1814563547,0.337582,-0.457293,-9.911995
1814564741,0.304064,-0.524330,-9.933543
1814565922,0.289698,-0.572214,-9.852140
1814567109,0.330400,-0.605733,-9.864111
1814568290,0.385466,-0.514753,-9.914390
1814569472,0.361524,-0.560243,-9.945514
1814570651,0.363919,-0.567426,-9.926360
1814571852,0.354342,-0.464475,-9.921572
1814573044,0.344765,-0.476446,-9.919178
1814574235,0.423774,-0.553061,-9.900024
1814575410,0.378284,-0.560243,-9.902418
1814576597,0.347159,-0.581791,-9.902418
1814577786,0.339977,-0.517148,-9.830592
1814578972,0.289698,-0.509965,-9.878476
1814580155,0.263362,-0.524330,-9.873688
1814581335,0.318429,-0.533907,-9.880871
1814582515,0.320823,-0.478840,-9.921572
1814583698,0.318429,-0.478840,-9.880871
1814584895,0.287304,-0.550666,-9.871294
1814586078,0.294487,-0.543484,-9.837775
1814587265,0.339977,-0.543484,-9.832987
1814588437,0.397437,-0.488417,-9.847352
1814589624,0.311246,-0.538695,-9.837775
1814590823,0.268151,-0.567426,-9.789890
1814592000,0.304064,-0.548272,-9.753978
1814593190,0.320823,-0.541090,-9.782708
1814594364,0.349553,-0.521936,-9.852140
1814600520,0.272939,-0.507571,-9.730036
1814601697,0.284910,-0.526724,-9.818622
1814602900,0.356736,-0.567426,-9.737218
1814604085,0.344765,-0.550666,-9.777920
1814605275,0.328006,-0.584185,-9.852140
1814606441,0.313640,-0.562637,-9.828198
1814607634,0.328006,-0.507571,-9.885659
1814608818,0.258574,-0.497994,-9.722853
1814610016,0.296881,-0.500388,-9.794679
1814611203,0.318429,-0.533907,-9.856929
1814612384,0.313640,-0.579397,-9.830592
1814613562,0.280122,-0.553061,-9.852140
1814614752,0.323217,-0.567426,-9.909601
1814615933,0.301669,-0.610521,-9.864111
1814617119,0.344765,-0.584185,-9.797073
1814618296,0.323217,-0.505177,-9.861717
1814619487,0.280122,-0.553061,-9.931149
1814620668,0.292093,-0.557849,-9.849746
1814621872,0.296881,-0.483629,-9.856929
1814623059,0.313640,-0.517148,-9.844957
1814624249,0.306458,-0.514753,-9.856929
1814625427,0.268151,-0.500388,-9.844957
1814626617,0.275333,-0.502782,-9.804255
1814627810,0.299275,-0.517148,-9.897630
1814629000,0.263362,-0.488417,-9.911995
1814630180,0.296881,-0.459687,-9.890448
1814631361,0.339977,-0.476446,-9.852140
1814632537,0.349553,-0.462081,-9.878476
1814633731,0.311246,-0.497994,-9.871294
1814634914,0.301669,-0.490811,-9.787497
1814636105,0.308852,-0.486023,-9.753978
1814637290,0.289698,-0.483629,-9.749189
1814638473,0.332794,-0.481235,-9.811439
1814639652,0.339977,-0.526724,-9.780313
1814640854,0.280122,-0.553061,-9.732430
1814642045,0.282516,-0.557849,-9.859323
1814643235,0.277727,-0.555455,-9.885659
1814644410,0.277727,-0.521936,-9.856929
1814645599,0.313640,-0.478840,-9.818622
1814646790,0.332794,-0.481235,-9.801862
1814647974,0.277727,-0.543484,-9.864111
1814649149,0.294487,-0.466869,-9.828198
1814650331,0.301669,-0.519542,-9.756371
1814651514,0.287304,-0.545878,-9.768343
1814652697,0.277727,-0.502782,-9.811439
1814653891,0.385466,-0.514753,-9.931149
1814655079,0.299275,-0.507571,-9.873688
1814656264,0.301669,-0.459687,-9.828198
1814657436,0.244209,-0.512359,-9.919178
1814658623,0.232238,-0.550666,-9.947908
1814659820,0.256180,-0.517148,-9.895236
1814661013,0.253785,-0.521936,-9.888053
1814662205,0.241814,-0.464475,-9.935937
1814663382,0.272939,-0.474052,-9.923966
1814664565,0.263362,-0.495600,-9.940725
1814665750,0.318429,-0.493206,-9.947908
1814666939,0.409408,-0.454898,-9.995792
1814668121,0.330400,-0.490811,-9.916783
1814669309,0.294487,-0.407014,-9.923966
1814670490,0.347159,-0.488417,-9.969456
1814671669,0.304064,-0.478840,-9.940725
1814672867,0.318429,-0.481235,-9.938332
1814674065,0.318429,-0.502782,-10.024523
1814675256,0.332794,-0.550666,-9.940725
1814676437,0.390255,-0.493206,-9.832987
1814677623,0.380678,-0.488417,-9.873688
1814678821,0.270545,-0.474052,-9.931149
1814680014,0.277727,-0.507571,-9.962274
1814681205,0.301669,-0.531513,-9.844957
1814682381,0.318429,-0.548272,-9.868899
1814683565,0.292093,-0.486023,-9.897630
1814684752,0.272939,-0.519542,-9.854534
1814685943,0.409408,-0.500388,-9.928755
1814687123,0.344765,-0.440533,-9.919178
1814688310,0.344765,-0.471658,-9.866506
1814689487,0.296881,-0.478840,-9.979033
1814690672,0.282516,-0.474052,-9.988609
1814691871,0.371101,-0.529119,-9.962274
1814693062,0.330400,-0.495600,-9.926360
1814694244,0.316035,-0.505177,-9.868899
1814695426,0.344765,-0.474052,-9.928755
1814696609,0.287304,-0.486023,-9.871294
1814697804,0.325611,-0.519542,-9.871294
1814698990,0.342371,-0.555455,-9.888053
1814700177,0.308852,-0.531513,-9.931149
1814701354,0.304064,-0.555455,-9.880871
1814702534,0.306458,-0.553061,-9.890448
1814703714,0.318429,-0.514753,-9.821015
1814704912,0.311246,-0.512359,-9.816227
1814706100,0.272939,-0.490811,-9.955091
1814707289,0.332794,-0.430956,-9.907207
1814708460,0.380678,-0.497994,-9.974244
1814709642,0.363919,-0.529119,-9.900024
1814710829,0.356736,-0.517148,-9.923966
1814712020,0.366313,-0.493206,-9.897630
1814713200,0.363919,-0.533907,-9.900024
1814714379,0.339977,-0.533907,-9.864111
1814715562,0.304064,-0.557849,-9.780313
1814716752,0.335188,-0.586579,-9.864111
1814717935,0.325611,-0.476446,-9.864111
1814719122,0.339977,-0.512359,-9.907207
1814720299,0.316035,-0.481235,-9.809045
1814721489,0.347159,-0.450110,-9.890448
1814722669,0.316035,-0.462081,-9.847352
1814723873,0.323217,-0.548272,-9.801862
1814725059,0.301669,-0.471658,-9.919178
1814726249,0.287304,-0.452504,-9.864111
1814727426,0.375890,-0.423774,-9.787497
1814728617,0.407014,-0.440533,-9.730036
1814729807,0.411803,-0.490811,-9.914390
1814730996,0.373495,-0.517148,-9.746795
1814732179,0.299275,-0.452504,-9.775525
1814733360,0.332794,-0.500388,-9.797073
1814734535,0.385466,-0.505177,-9.813833
1814735729,0.347159,-0.459687,-9.794679
1814736912,0.351948,-0.481235,-9.804255
1814738099,0.375890,-0.509965,-9.756371
1814739284,0.351948,-0.526724,-9.763555
1814740461,0.332794,-0.497994,-9.770737
1814741640,0.347159,-0.550666,-9.837775
1814742833,0.361524,-0.533907,-9.825804
1814744017,0.359130,-0.476446,-9.828198
1814745208,0.373495,-0.533907,-9.835381
1814746385,0.335188,-0.507571,-9.746795
1814747567,0.347159,-0.490811,-9.734824
1814748754,0.378284,-0.517148,-9.799467
1814749945,0.359130,-0.478840,-9.799467
1814751126,0.390255,-0.500388,-9.751583
1814752307,0.332794,-0.452504,-9.758766
1814753488,0.316035,-0.474052,-9.756371
1814754673,0.359130,-0.514753,-9.746795
1814755873,0.344765,-0.533907,-9.801862
1814757064,0.282516,-0.478840,-9.777920
1814758250,0.342371,-0.512359,-9.756371
1814759432,0.323217,-0.474052,-9.794679
1814760619,0.351948,-0.469264,-9.811439
1814761817,0.325611,-0.526724,-9.751583
1814763011,0.318429,-0.512359,-9.830592
1814764203,0.335188,-0.493206,-9.785102
1814765378,0.337582,-0.519542,-9.864111
1814766562,0.351948,-0.529119,-9.864111
1814767749,0.318429,-0.507571,-9.763555
1814768939,0.347159,-0.531513,-9.720459
1814770121,0.277727,-0.476446,-9.809045
1814771302,0.287304,-0.514753,-9.873688
1814772488,0.351948,-0.469264,-9.883265
1814773673,0.373495,-0.447716,-9.947908
1814774873,0.375890,-0.483629,-9.902418
1814776063,0.354342,-0.500388,-9.835381
1814777250,0.323217,-0.464475,-9.931149
1814778432,0.339977,-0.497994,-9.892841
1814779619,0.385466,-0.545878,-9.801862
1814780817,0.270545,-0.502782,-9.844957
1814782004,0.375890,-0.529119,-9.888053
1814783193,0.311246,-0.509965,-9.864111
1814784370,0.339977,-0.531513,-9.890448
1814785553,0.320823,-0.500388,-9.895236
1814786741,0.270545,-0.486023,-9.873688
1814787927,0.308852,-0.478840,-9.904813
1814789108,0.301669,-0.459687,-9.871294
1814790298,0.337582,-0.488417,-9.816227
1814791485,0.339977,-0.526724,-9.895236
1814792672,0.292093,-0.531513,-9.864111
1814793872,0.299275,-0.514753,-9.911995
1814795061,0.277727,-0.512359,-9.952697
1814796248,0.268151,-0.502782,-9.986216
1814797430,0.282516,-0.502782,-9.991004
1814798615,0.339977,-0.490811,-9.947908
1814799813,0.342371,-0.495600,-9.897630
1814800997,0.342371,-0.500388,-9.974244
1814802187,0.380678,-0.493206,-10.007763
1814803361,0.366313,-0.478840,-9.967062
1814804542,0.361524,-0.495600,-10.002975
1814805730,0.313640,-0.481235,-9.993398
1814806917,0.304064,-0.517148,-9.921572
1814808103,0.306458,-0.572214,-10.053253
1814809293,0.260968,-0.541090,-10.060435
1814810470,0.241814,-0.488417,-9.974244
1814811653,0.263362,-0.517148,-9.919178
1814812852,0.306458,-0.531513,-9.947908
1814814048,0.284910,-0.557849,-10.046070
1814815228,0.351948,-0.512359,-9.995792
1814816411,0.323217,-0.565032,-9.926360
1814817594,0.349553,-0.533907,-9.825804
1814818786,0.363919,-0.545878,-9.856929
1814819968,0.313640,-0.526724,-9.919178
1814821160,0.347159,-0.474052,-9.983821
1814822336,0.306458,-0.442927,-9.952697
1814823524,0.371101,-0.454898,-9.837775
1814824706,0.339977,-0.502782,-9.852140
1814825908,0.351948,-0.543484,-9.914390
1814827093,0.356736,-0.497994,-9.923966
1814828280,0.349553,-0.514753,-9.873688
1814829458,0.349553,-0.526724,-9.926360
1814830641,0.304064,-0.538695,-9.926360
1814831827,0.349553,-0.529119,-9.952697
1814833021,0.371101,-0.529119,-9.976639
1814834201,0.347159,-0.512359,-9.943120
1814835382,0.308852,-0.519542,-9.940725
1814836560,0.313640,-0.490811,-9.993398
1814837748,0.318429,-0.509965,-9.991004
1814838928,0.292093,-0.478840,-9.955091
1814840114,0.368707,-0.519542,-9.943120
1814841304,0.339977,-0.481235,-9.878476
1814842490,0.344765,-0.517148,-9.897630
1814843667,0.330400,-0.531513,-9.928755
1814844870,0.375890,-0.514753,-9.945514
1814846063,0.356736,-0.562637,-9.907207
1814847257,0.323217,-0.541090,-9.895236
1814848434,0.306458,-0.493206,-9.962274
1814849625,0.325611,-0.521936,-9.971850
1814850818,0.378284,-0.543484,-9.923966
1814852016,0.383072,-0.505177,-9.969456
1814853202,0.347159,-0.517148,-9.847352
1814854383,0.373495,-0.538695,-9.852140
1814855558,0.351948,-0.553061,-9.830592
1814856749,0.371101,-0.588974,-9.890448
1814857930,0.342371,-0.514753,-9.940725
1814859117,0.385466,-0.493206,-9.916783
1814860308,0.351948,-0.502782,-9.888053
1814861498,0.375890,-0.536301,-9.768343
1814862674,0.354342,-0.517148,-9.794679
1814863879,0.332794,-0.452504,-9.804255
1814865066,0.311246,-0.500388,-9.828198
1814866261,0.320823,-0.538695,-9.878476
1814867438,0.280122,-0.524330,-9.794679
1814868629,0.328006,-0.497994,-9.868899
1814869817,0.383072,-0.514753,-9.914390
1814871013,0.347159,-0.529119,-9.811439
1814872201,0.347159,-0.478840,-9.866506
1814873381,0.404620,-0.509965,-9.904813
1814874558,0.428562,-0.526724,-9.825804
1814875749,0.392649,-0.519542,-9.806650
1814876930,0.361524,-0.562637,-9.830592
1814878117,0.359130,-0.550666,-9.761160
1814879293,0.385466,-0.512359,-9.844957
1814880485,0.407014,-0.545878,-9.878476
1814881666,0.387861,-0.505177,-9.832987
1814882870,0.342371,-0.481235,-9.830592
1814884063,0.330400,-0.440533,-9.835381
1814885251,0.371101,-0.476446,-9.773131
1814886428,0.416591,-0.543484,-9.835381
1814887620,0.356736,-0.533907,-9.797073
1814888813,0.373495,-0.512359,-9.734824
1814890003,0.363919,-0.478840,-9.725247
1814891189,0.407014,-0.548272,-9.923966
1814892369,0.438139,-0.514753,-9.859323
1814893553,0.399832,-0.483629,-9.849746
1814894748,0.366313,-0.512359,-9.785102
1814895924,0.349553,-0.555455,-9.854534
1814897112,0.359130,-0.545878,-9.806650
1814898301,0.328006,-0.553061,-9.809045
1814899480,0.351948,-0.505177,-9.823410
1814900659,0.349553,-0.524330,-9.809045
1814901861,0.359130,-0.490811,-9.770737
1814903051,0.335188,-0.507571,-9.828198
1814904238,0.380678,-0.531513,-9.842564
1814905415,0.385466,-0.505177,-9.911995
1814906603,0.316035,-0.500388,-9.883265
1814907791,0.304064,-0.490811,-9.859323
1814908976,0.299275,-0.502782,-9.878476
1814910158,0.292093,-0.502782,-9.861717
1814911348,0.330400,-0.524330,-9.825804
1814912532,0.311246,-0.519542,-9.828198
1814913724,0.311246,-0.548272,-9.854534
1814914912,0.306458,-0.497994,-9.909601
1814916101,0.335188,-0.524330,-9.842564
1814917286,0.332794,-0.488417,-9.832987
1814918472,0.299275,-0.486023,-9.787497
1814919650,0.306458,-0.488417,-9.825804
1814920852,0.318429,-0.481235,-9.847352
1814922044,0.342371,-0.471658,-9.842564
1814923231,0.385466,-0.500388,-9.821015
1814924407,0.320823,-0.490811,-9.856929
1814925592,0.328006,-0.517148,-9.832987
1814926779,0.349553,-0.478840,-9.804255
1814927965,0.383072,-0.474052,-9.823410
1814929151,0.371101,-0.450110,-9.856929
1814930342,0.268151,-0.469264,-9.873688
1814931521,0.366313,-0.495600,-9.835381
1814932706,0.351948,-0.454898,-9.897630
1814933904,0.349553,-0.519542,-9.854534
1814935095,0.320823,-0.488417,-9.868899
1814936280,0.342371,-0.497994,-9.892841
1814937456,0.354342,-0.497994,-9.909601
1814938634,0.294487,-0.541090,-9.837775
1814939823,0.292093,-0.500388,-9.907207
1814941001,0.308852,-0.462081,-9.900024
1814942188,0.282516,-0.486023,-9.873688
1814943365,0.359130,-0.447716,-9.911995
1814944548,0.366313,-0.447716,-9.830592
1814945737,0.325611,-0.433351,-9.844957
1814946925,0.284910,-0.483629,-9.825804
1814948107,0.282516,-0.500388,-9.794679
1814949296,0.277727,-0.469264,-10.029311
1814950480,0.325611,-0.486023,-9.967062
1814951666,0.347159,-0.488417,-9.888053
1814952865,0.325611,-0.450110,-9.883265
1814954061,0.270545,-0.497994,-9.835381
1814955243,0.275333,-0.469264,-9.878476
1814956425,0.299275,-0.497994,-9.959879
1814957609,0.292093,-0.488417,-9.931149
1814958805,0.280122,-0.507571,-9.892841
1814959990,0.320823,-0.519542,-9.993398
1814961177,0.270545,-0.533907,-9.880871
1814962352,0.299275,-0.545878,-9.849746
1814963543,0.335188,-0.512359,-9.880871
1814964733,0.270545,-0.505177,-9.919178
1814965919,0.234632,-0.505177,-9.890448
1814967105,0.299275,-0.512359,-9.945514
1814968296,0.263362,-0.464475,-9.935937
1814969475,0.253785,-0.450110,-9.919178
1814970655,0.328006,-0.553061,-9.959879
1814971851,0.258574,-0.569820,-9.971850
1814973047,0.248997,-0.536301,-10.139444
1814974229,0.311246,-0.517148,-10.216059
1814975412,0.342371,-0.359130,-10.120291
1814976595,0.320823,-0.430956,-10.074800
1814977784,0.325611,-0.469264,-9.947908
1814978966,0.328006,-0.543484,-9.868899
1814980157,0.296881,-0.572214,-9.871294
1814981345,0.356736,-0.672771,-9.897630
1814982536,0.323217,-0.596156,-9.849746
1814983721,0.344765,-0.550666,-9.809045
1814984912,0.344765,-0.517148,-9.706094
1814986097,0.347159,-0.521936,-9.634268
1814987287,0.356736,-0.529119,-9.567230
1814988470,0.462081,-0.548272,-9.548077
1814989653,0.378284,-0.555455,-9.660604
1814990850,0.402226,-0.500388,-9.761160
1814992041,0.375890,-0.548272,-9.864111
1814993223,0.359130,-0.521936,-9.959879
1814994405,0.311246,-0.435745,-10.053253
1814995589,0.323217,-0.418985,-9.955091
1814996781,0.296881,-0.407014,-9.895236
1814997963,0.265756,-0.452504,-9.919178
1814999155,0.292093,-0.517148,-9.916783
1815000342,0.323217,-0.581791,-10.005369
1815001533,0.316035,-0.572214,-9.955091
1815002714,0.328006,-0.569820,-9.974244
1815003911,0.390255,-0.529119,-9.914390
1815005095,0.368707,-0.524330,-9.847352
1815006285,0.368707,-0.502782,-9.768343
1815007453,0.387861,-0.514753,-9.634268
1815008637,0.375890,-0.512359,-9.572019
1815009825,0.421380,-0.526724,-9.651027
1815011015,0.486023,-0.541090,-9.792285
1815012201,0.490811,-0.550666,-9.842564
1815013381,0.426168,-0.500388,-9.770737
1815014558,0.407014,-0.519542,-9.799467
1815015749,0.430956,-0.488417,-9.847352
1815016931,0.380678,-0.524330,-9.768343
1815018117,0.387861,-0.517148,-9.727641
1815019308,0.416591,-0.579397,-9.730036
1815020498,0.354342,-0.512359,-9.753978
1815021677,0.332794,-0.507571,-9.809045
1815022875,0.253785,-0.519542,-9.947908
1815024062,0.258574,-0.509965,-9.921572
1815025253,0.313640,-0.486023,-9.868899
1815026430,0.337582,-0.560243,-9.823410
1815027620,0.299275,-0.572214,-9.830592
1815028814,0.349553,-0.502782,-9.902418
1815030000,0.308852,-0.497994,-9.911995
1815031186,0.347159,-0.466869,-9.892841
1815032368,0.356736,-0.526724,-9.854534
1815033546,0.306458,-0.545878,-9.880871
1815034740,0.282516,-0.502782,-9.823410
1815035921,0.335188,-0.497994,-9.883265
1815037102,0.323217,-0.600945,-9.964667
1815038286,0.318429,-0.579397,-9.868899
1815039464,0.361524,-0.536301,-9.844957
1815040642,0.387861,-0.562637,-9.859323
1815041835,0.428562,-0.555455,-9.792285
1815043024,0.399832,-0.586579,-9.837775
1815044212,0.342371,-0.569820,-9.904813
1815045387,0.387861,-0.553061,-9.852140
1815046570,0.337582,-0.591368,-9.864111
1815047757,0.301669,-0.538695,-9.892841
1815048947,0.268151,-0.488417,-9.914390
1815050129,0.282516,-0.457293,-9.933543
1815051317,0.263362,-0.486023,-9.813833
1815052498,0.251391,-0.495600,-9.890448
1815053680,0.272939,-0.541090,-9.765948
1815054874,0.282516,-0.486023,-9.742006
1815056064,0.318429,-0.500388,-9.809045
1815057247,0.287304,-0.507571,-9.821015
1815058427,0.237026,-0.517148,-9.787497
1815059611,0.246603,-0.536301,-9.789890
1815060806,0.282516,-0.533907,-9.816227
1815061991,0.304064,-0.507571,-9.859323
1815063176,0.311246,-0.502782,-9.852140
1815064353,0.225055,-0.500388,-9.950302
1815065541,0.282516,-0.478840,-9.974244
1815066731,0.337582,-0.474052,-9.967062
1815067917,0.265756,-0.505177,-9.979033
1815069104,0.344765,-0.529119,-9.947908
1815070294,0.361524,-0.502782,-9.902418
1815071471,0.347159,-0.529119,-9.844957
1815072655,0.296881,-0.526724,-9.832987
1815073853,0.313640,-0.462081,-9.821015
1815075045,0.313640,-0.495600,-9.885659
1815076226,0.318429,-0.572214,-9.945514
1815077408,0.275333,-0.545878,-9.935937
1815078592,0.339977,-0.464475,-10.036493
1815079786,0.284910,-0.495600,-9.943120
1815080966,0.280122,-0.555455,-9.988609
1815082158,0.232238,-0.541090,-9.895236
1815083333,0.222661,-0.519542,-9.988609
1815084521,0.294487,-0.478840,-10.036493
1815085699,0.299275,-0.509965,-9.897630
1815086895,0.265756,-0.536301,-9.957485
1815088077,0.268151,-0.591368,-10.038888
1815089268,0.263362,-0.605733,-10.127473
1815090441,0.385466,-0.359130,-9.923966
1815091632,0.435745,-0.277727,-9.813833
1815092821,0.418985,-0.385466,-9.785102
1815094019,0.392649,-0.507571,-9.830592
1815095206,0.342371,-0.593762,-9.785102
1815096387,0.368707,-0.651223,-9.780313
1815097564,0.359130,-0.610521,-10.081984
1815098755,0.366313,-0.486023,-10.017340
1815099940,0.368707,-0.397437,-9.818622
1815101127,0.366313,-0.325611,-9.732430
1815102303,0.320823,-0.363919,-9.713276
1815103494,0.330400,-0.536301,-9.643845
1815104669,0.390255,-0.574608,-9.756371
1815105873,0.361524,-0.593762,-9.895236
1815107060,0.335188,-0.605733,-10.156203
1815108250,0.335188,-0.588974,-10.247183
1815109428,0.306458,-0.565032,-10.187328
1815110613,0.316035,-0.435745,-9.926360
1815111804,0.292093,-0.421380,-9.627085
1815112993,0.289698,-0.512359,-9.488221
1815114176,0.287304,-0.533907,-9.466674
1815115357,0.330400,-0.524330,-9.528923
1815116531,0.282516,-0.529119,-9.823410
1815117724,0.356736,-0.497994,-9.890448
1815118911,0.407014,-0.454898,-9.911995
1815120100,0.359130,-0.560243,-9.938332
1815121285,0.328006,-0.598550,-9.864111
1815122463,0.320823,-0.565032,-9.842564
1815123640,0.385466,-0.584185,-9.847352
1815124834,0.428562,-0.555455,-9.888053
1815126022,0.387861,-0.457293,-9.904813
1815127207,0.469264,-0.466869,-9.926360
1815128383,0.397437,-0.493206,-9.931149
1815129566,0.311246,-0.507571,-10.002975
1815130752,0.335188,-0.545878,-9.993398
1815131942,0.373495,-0.524330,-9.859323
1815133124,0.323217,-0.517148,-9.852140
1815134306,0.332794,-0.517148,-9.840169
1815135487,0.356736,-0.512359,-9.823410
1815136673,0.347159,-0.478840,-9.720459
1815137872,0.361524,-0.541090,-9.825804
1815139069,0.399832,-0.529119,-9.945514
1815140259,0.378284,-0.526724,-9.868899
1815141442,0.332794,-0.509965,-9.888053
1815142625,0.337582,-0.526724,-9.883265
1815143823,0.282516,-0.509965,-9.897630
1815145016,0.244209,-0.541090,-9.825804
1815146206,0.282516,-0.579397,-9.789890
1815147382,0.277727,-0.536301,-9.713276
1815148562,0.299275,-0.533907,-9.797073
1815149748,0.294487,-0.529119,-9.770737
1815150932,0.306458,-0.531513,-9.758766
1815152114,0.347159,-0.541090,-9.813833
1815153308,0.380678,-0.555455,-9.840169
1815154489,0.349553,-0.497994,-9.823410
1815155675,0.318429,-0.538695,-9.756371
1815156875,0.306458,-0.529119,-9.780313
1815158066,0.316035,-0.538695,-9.765948
1815159256,0.335188,-0.478840,-9.821015
1815160437,0.277727,-0.495600,-9.904813
1815161623,0.270545,-0.507571,-9.722853
1815162820,0.347159,-0.488417,-9.727641
1815164014,0.342371,-0.476446,-9.749189
1815165206,0.351948,-0.486023,-9.718064
1815166381,0.318429,-0.507571,-9.792285
1815167564,0.363919,-0.500388,-9.777920
1815168749,0.397437,-0.493206,-9.797073
1815169936,0.366313,-0.517148,-9.787497
1815171118,0.282516,-0.495600,-9.742006
1815172311,0.287304,-0.476446,-9.840169
1815173492,0.294487,-0.471658,-9.878476
1815174674,0.351948,-0.548272,-9.849746
1815175874,0.359130,-0.497994,-9.847352
1815177065,0.347159,-0.459687,-9.854534
1815178256,0.349553,-0.426168,-9.856929
1815179436,0.320823,-0.428562,-9.823410
1815180622,0.328006,-0.450110,-9.787497
1815181816,0.356736,-0.486023,-9.825804
1815183000,0.289698,-0.507571,-9.780313
1815184190,0.292093,-0.481235,-9.756371
1815185366,0.294487,-0.447716,-9.756371
1815186550,0.313640,-0.481235,-9.734824
1815187739,0.277727,-0.457293,-9.715671
1815188927,0.272939,-0.414197,-9.866506
1815190109,0.289698,-0.430956,-9.773131
1815191299,0.306458,-0.426168,-9.684546
1815192482,0.265756,-0.474052,-9.844957
1815193668,0.280122,-0.426168,-9.765948
1815194868,0.239420,-0.435745,-9.801862
1815196065,0.248997,-0.495600,-9.746795
1815197251,0.234632,-0.469264,-9.856929
1815198434,0.272939,-0.500388,-9.844957
1815199620,0.270545,-0.495600,-9.876082
1815200816,0.301669,-0.512359,-9.837775
1815202001,0.337582,-0.447716,-9.885659
1815203191,0.325611,-0.423774,-9.828198
1815204367,0.294487,-0.476446,-9.782708
1815205544,0.289698,-0.502782,-9.830592
1815206733,0.306458,-0.452504,-9.777920
1815207918,0.325611,-0.409408,-9.785102
1815209103,0.339977,-0.433351,-9.849746
1815210294,0.380678,-0.471658,-9.868899
1815211472,0.323217,-0.442927,-9.842564
1815212656,0.323217,-0.488417,-9.854534
1815213854,0.311246,-0.442927,-9.823410
1815215048,0.272939,-0.438139,-9.900024
1815216228,0.318429,-0.495600,-9.830592
1815217409,0.351948,-0.466869,-9.844957
1815218593,0.347159,-0.452504,-9.876082
1815219785,0.292093,-0.502782,-9.897630
1815220966,0.339977,-0.538695,-9.938332
1815222158,0.306458,-0.486023,-9.921572
1815223334,0.323217,-0.471658,-9.909601
1815224521,0.294487,-0.517148,-9.923966
1815225700,0.280122,-0.519542,-9.818622
1815226902,0.280122,-0.466869,-9.931149
1815228084,0.275333,-0.488417,-9.897630
1815229274,0.275333,-0.533907,-9.955091
1815230441,0.289698,-0.538695,-9.971850
1815231632,0.284910,-0.521936,-9.988609
1815232820,0.344765,-0.548272,-9.983821
1815234018,0.263362,-0.541090,-9.993398
1815235205,0.287304,-0.488417,-10.086772
1815236386,0.304064,-0.512359,-10.065224
1815237563,0.323217,-0.514753,-10.038888
1815238755,0.227449,-0.495600,-10.026917
1815239940,0.282516,-0.476446,-10.041282
1815241128,0.344765,-0.541090,-10.108319
1815242313,0.301669,-0.512359,-10.103531
1815243499,0.287304,-0.543484,-10.012551
1815244678,0.349553,-0.486023,-10.038888
1815245877,0.308852,-0.541090,-10.096349
1815247062,0.277727,-0.557849,-10.046070
1815248249,0.270545,-0.577003,-10.058042
1815249424,0.320823,-0.526724,-10.014946
1815250610,0.277727,-0.560243,-10.010158
1815251801,0.304064,-0.586579,-10.055647
1815252987,0.304064,-0.569820,-9.995792
1815254165,0.325611,-0.584185,-10.050858
1815255346,0.308852,-0.593762,-10.050858
1815256532,0.296881,-0.584185,-10.103531
1815257725,0.299275,-0.529119,-10.060435
1815258912,0.392649,-0.517148,-10.070012
1815260101,0.423774,-0.555455,-10.022128
1815261292,0.375890,-0.572214,-9.971850
1815262480,0.368707,-0.584185,-10.002975
1815263657,0.292093,-0.562637,-10.002975
1815264859,0.339977,-0.591368,-9.976639
1815266051,0.320823,-0.591368,-9.993398
1815267242,0.330400,-0.562637,-9.991004
1815268416,0.375890,-0.538695,-10.050858
1815269603,0.387861,-0.593762,-10.077195
1815270796,0.387861,-0.560243,-9.945514
1815271982,0.375890,-0.536301,-9.979033
1815273163,0.373495,-0.541090,-10.029311
1815274354,0.395043,-0.610521,-9.998186
1815275540,0.433351,-0.600945,-10.046070
1815276732,0.421380,-0.567426,-9.943120
1815277913,0.383072,-0.560243,-9.991004
1815279101,0.359130,-0.591368,-9.933543
1815280284,0.385466,-0.574608,-9.950302
1815281458,0.457293,-0.533907,-10.077195
1815282636,0.462081,-0.531513,-10.043676
1815283830,0.416591,-0.560243,-9.964667
1815285018,0.375890,-0.517148,-9.921572
1815286210,0.395043,-0.565032,-9.969456
1815287385,0.428562,-0.562637,-10.026917
1815288569,0.421380,-0.560243,-9.950302
1815289753,0.445322,-0.629675,-9.935937
1815290944,0.428562,-0.579397,-9.923966
1815292127,0.469264,-0.543484,-9.916783
1815293309,0.452504,-0.514753,-9.919178
1815294490,0.363919,-0.531513,-9.971850
1815295677,0.383072,-0.541090,-9.873688
1815296870,0.418985,-0.550666,-9.904813
1815298067,0.371101,-0.481235,-9.923966
1815299258,0.397437,-0.493206,-9.861717
1815300440,0.414197,-0.462081,-9.799467
1815301626,0.392649,-0.469264,-9.742006
1815302824,0.335188,-0.524330,-9.868899
1815304014,0.409408,-0.538695,-9.797073
1815305202,0.383072,-0.521936,-9.809045
1815306378,0.335188,-0.514753,-9.789890
1815307565,0.354342,-0.555455,-9.682152
1815308753,0.404620,-0.505177,-9.761160
1815309937,0.378284,-0.469264,-9.727641
1815311120,0.385466,-0.459687,-9.765948
1815312303,0.404620,-0.466869,-9.773131
1815313488,0.344765,-0.500388,-9.844957
1815314674,0.368707,-0.457293,-9.698911
1815315874,0.378284,-0.407014,-9.524135
1815317063,0.409408,-0.402226,-9.603143
1815318244,0.342371,-0.478840,-9.749189
1815319426,0.289698,-0.488417,-9.785102
1815320609,0.328006,-0.495600,-9.828198
1815321803,0.320823,-0.486023,-9.782708
1815322984,0.351948,-0.435745,-9.691729
1815324171,0.363919,-0.464475,-9.591172
1815325346,0.347159,-0.411803,-9.471462
1815326533,0.359130,-0.428562,-9.485827
1815327722,0.375890,-0.404620,-9.610326
1815328912,0.332794,-0.481235,-9.686940
1815330097,0.354342,-0.452504,-9.670180
1815331286,0.366313,-0.435745,-9.646238
1815332457,0.308852,-0.474052,-9.742006
1815333638,0.253785,-0.488417,-9.775525
1815334827,0.248997,-0.464475,-9.904813
1815336020,0.263362,-0.426168,-9.816227
1815337207,0.265756,-0.454898,-9.792285
1815338389,0.323217,-0.466869,-9.959879
1815339568,0.323217,-0.466869,-9.883265
1815340760,0.359130,-0.418985,-9.742006
1815341944,0.227449,-0.430956,-9.540894
1815343130,0.172383,-0.512359,-9.583989
1815344307,0.158017,-0.560243,-9.686940
1815345492,0.184354,-0.531513,-9.658210
1815346669,0.198719,-0.519542,-9.694122
1815347874,0.217872,-0.435745,-9.718064
1815349060,0.213084,-0.375890,-9.720459
1815350249,0.275333,-0.395043,-9.698911
1815351426,0.282516,-0.452504,-9.555259
1815352614,0.299275,-0.500388,-9.550470
1815353803,0.251391,-0.579397,-9.524135
1815354994,0.272939,-0.459687,-9.607931
1815356173,0.248997,-0.438139,-9.727641
1815357355,0.294487,-0.464475,-9.785102
1815358532,0.241814,-0.438139,-9.885659
1815359725,0.208296,-0.411803,-9.756371
1815360911,0.234632,-0.457293,-9.725247
1815362102,0.210690,-0.478840,-9.629479
1815363286,0.148441,-0.493206,-9.679757
1815364463,0.186748,-0.481235,-9.739613
1815365642,0.146046,-0.450110,-9.804255
1815366833,0.172383,-0.509965,-9.806650
1815368020,0.158017,-0.514753,-9.923966
1815369209,0.181959,-0.486023,-9.964667
1815370385,0.131681,-0.529119,-9.971850
1815371568,0.205901,-0.531513,-9.931149
1815372754,0.263362,-0.529119,-9.914390
1815373938,0.277727,-0.524330,-9.983821
1815375119,0.289698,-0.548272,-9.971850
1815376315,0.287304,-0.521936,-10.014946
1815377496,0.311246,-0.538695,-10.000581
1815378674,0.265756,-0.555455,-10.125079
1815379874,0.320823,-0.519542,-10.170568
1815381063,0.347159,-0.531513,-10.182540
1815382249,0.342371,-0.531513,-10.084377
1815383428,0.347159,-0.517148,-10.041282
1815384612,0.325611,-0.531513,-10.122684
1815385810,0.282516,-0.584185,-10.206482
1815386996,0.292093,-0.596156,-10.110714
1815388183,0.337582,-0.557849,-10.204087
1815389359,0.258574,-0.541090,-10.177752
1815390546,0.263362,-0.507571,-10.117896
1815391736,0.320823,-0.526724,-10.019734
1815392923,0.349553,-0.543484,-9.926360
1815394103,0.342371,-0.557849,-9.821015
1815395293,0.318429,-0.500388,-9.923966
1815396471,0.385466,-0.526724,-9.935937
1815397655,0.368707,-0.524330,-9.902418
1815398851,0.351948,-0.507571,-9.856929
1815400047,0.320823,-0.553061,-9.792285
1815401229,0.397437,-0.495600,-9.804255
1815402409,0.407014,-0.531513,-9.765948
1815403592,0.399832,-0.481235,-9.797073
1815404785,0.462081,-0.497994,-9.821015
1815405966,0.380678,-0.481235,-9.876082
1815407158,0.395043,-0.514753,-9.888053
1815408341,0.378284,-0.517148,-9.828198
1815409533,0.356736,-0.478840,-9.758766
1815410714,0.359130,-0.524330,-9.811439
1815411911,0.347159,-0.533907,-9.876082
1815413096,0.387861,-0.481235,-9.933543
1815414287,0.332794,-0.531513,-9.993398
1815415459,0.332794,-0.538695,-9.916783
1815416643,0.337582,-0.543484,-9.785102
1815417831,0.342371,-0.598550,-9.876082
1815419024,0.421380,-0.526724,-9.861717
1815420204,0.423774,-0.493206,-9.911995
1815421385,0.445322,-0.519542,-9.907207
1815422567,0.414197,-0.557849,-9.938332
1815423759,0.404620,-0.562637,-9.904813
1815424937,0.447716,-0.509965,-9.986216
1815426124,0.447716,-0.548272,-10.000581
1815427304,0.438139,-0.495600,-10.022128
1815428489,0.399832,-0.500388,-10.046070
1815429669,0.433351,-0.488417,-10.046070
1815430872,0.402226,-0.526724,-10.046070
1815432065,0.421380,-0.565032,-10.000581
1815433251,0.462081,-0.569820,-10.014946
1815434428,0.474052,-0.519542,-10.055647
1815435619,0.457293,-0.548272,-10.043676
1815436813,0.454898,-0.481235,-10.007763
1815438003,0.509965,-0.529119,-9.844957
1815439188,0.507571,-0.538695,-9.856929
1815440370,0.457293,-0.562637,-9.768343
1815441548,0.490811,-0.476446,-9.964667
1815442743,0.490811,-0.579397,-9.957485
1815443925,0.411803,-0.538695,-9.900024
1815445108,0.440533,-0.521936,-9.818622
1815446293,0.452504,-0.521936,-9.792285
1815447476,0.392649,-0.567426,-9.873688
1815448655,0.361524,-0.560243,-9.818622
1815449856,0.359130,-0.524330,-9.787497
1815451047,0.414197,-0.600945,-9.756371
1815452233,0.392649,-0.591368,-9.648633
1815453411,0.366313,-0.577003,-9.684546
1815454598,0.347159,-0.545878,-9.792285
1815455787,0.351948,-0.538695,-9.770737
1815456974,0.301669,-0.565032,-9.703699
1815458153,0.330400,-0.524330,-9.718064
1815459337,0.328006,-0.524330,-9.749189
1815460519,0.318429,-0.531513,-9.658210
1815461702,0.387861,-0.557849,-9.591172
1815462901,0.361524,-0.538695,-9.603143
1815464091,0.378284,-0.550666,-9.634268
1815465276,0.349553,-0.600945,-9.639056
1815466450,0.380678,-0.605733,-9.588778
1815467634,0.366313,-0.557849,-9.619903
1815468827,0.328006,-0.517148,-9.691729
1815470013,0.332794,-0.574608,-9.713276
1815471202,0.316035,-0.543484,-9.722853
1815472378,0.308852,-0.560243,-9.734824
1815473560,0.313640,-0.605733,-9.758766
1815474748,0.335188,-0.538695,-9.682152
1815475935,0.265756,-0.533907,-9.710882
1815477117,0.294487,-0.531513,-9.909601
1815478311,0.318429,-0.512359,-9.885659
1815479498,0.296881,-0.557849,-9.902418
1815480681,0.306458,-0.543484,-9.950302
1815481874,0.304064,-0.505177,-9.876082
1815483070,0.234632,-0.586579,-9.890448
1815484261,0.311246,-0.565032,-9.947908
1815485442,0.308852,-0.543484,-9.916783
1815486628,0.289698,-0.519542,-9.892841
1815487822,0.359130,-0.519542,-9.856929
1815489015,0.397437,-0.572214,-9.734824
1815490206,0.371101,-0.569820,-9.902418
1815491381,0.344765,-0.538695,-10.137050
1815492566,0.316035,-0.541090,-9.988609
1815493748,0.306458,-0.591368,-9.770737
1815494934,0.268151,-0.541090,-9.598354
1815496115,0.328006,-0.543484,-9.763555
1815497309,0.337582,-0.521936,-9.959879
1815498492,0.373495,-0.505177,-10.026917
1815499678,0.263362,-0.517148,-9.993398
1815500873,0.232238,-0.545878,-10.002975
1815502071,0.258574,-0.572214,-9.770737
1815503261,0.234632,-0.569820,-9.885659
1815504443,0.284910,-0.529119,-9.844957
1815505629,0.311246,-0.557849,-9.885659
1815506823,0.306458,-0.521936,-9.907207
1815508015,0.304064,-0.447716,-9.986216
1815509201,0.296881,-0.462081,-9.804255
1815510377,0.265756,-0.526724,-9.868899
1815511561,0.292093,-0.543484,-9.835381
1815512748,0.316035,-0.533907,-9.816227
1815513934,0.320823,-0.533907,-9.746795
1815515115,0.351948,-0.533907,-9.782708
1815516309,0.260968,-0.486023,-9.703699
1815517494,0.270545,-0.387861,-9.667787
1815518682,0.275333,-0.395043,-9.653421
1815519877,0.277727,-0.395043,-9.691729
1815521065,0.284910,-0.493206,-9.835381
1815522252,0.251391,-0.505177,-9.890448
1815523433,0.306458,-0.471658,-9.900024
1815524614,0.268151,-0.490811,-9.849746
1815525809,0.232238,-0.459687,-9.828198
1815526993,0.241814,-0.497994,-9.892841
1815528180,0.282516,-0.488417,-9.871294
1815529357,0.304064,-0.512359,-9.938332
1815530538,0.296881,-0.536301,-9.974244
1815531727,0.337582,-0.464475,-9.979033
1815532912,0.313640,-0.476446,-10.019734
1815534098,0.359130,-0.488417,-9.947908
1815535287,0.330400,-0.464475,-9.979033
1815536456,0.292093,-0.464475,-10.012551
1815537639,0.318429,-0.469264,-10.000581
1815538827,0.339977,-0.502782,-9.995792
1815540017,0.387861,-0.464475,-9.950302
1815541203,0.335188,-0.433351,-9.911995
1815542385,0.318429,-0.423774,-9.959879
1815543564,0.299275,-0.387861,-10.010158
1815544752,0.375890,-0.466869,-10.060435
1815545934,0.363919,-0.521936,-10.038888
1815547121,0.339977,-0.440533,-10.019734
1815548299,0.301669,-0.421380,-10.060435
1815549489,0.284910,-0.430956,-10.103531
1815550670,0.339977,-0.502782,-10.019734
1815551874,0.347159,-0.462081,-10.053253
1815553067,0.354342,-0.478840,-9.993398
1815554263,0.392649,-0.469264,-10.012551
1815555441,0.390255,-0.517148,-9.957485
1815556632,0.368707,-0.481235,-9.962274
1815557820,0.430956,-0.471658,-10.048465
1815559018,0.368707,-0.452504,-9.947908
1815560204,0.411803,-0.529119,-9.955091
1815561384,0.423774,-0.519542,-9.900024
1815562561,0.378284,-0.471658,-9.780313
1815563752,0.332794,-0.524330,-9.809045
1815564933,0.323217,-0.512359,-9.842564
1815566120,0.246603,-0.514753,-9.873688
1815567297,0.306458,-0.519542,-9.837775
1815568488,0.287304,-0.519542,-9.830592
1815569669,0.323217,-0.459687,-9.885659
1815570874,0.308852,-0.512359,-9.907207
1815572066,0.323217,-0.543484,-9.900024
1815573260,0.351948,-0.517148,-9.821015
1815574437,0.354342,-0.536301,-9.742006
1815575627,0.347159,-0.500388,-9.832987
1815576820,0.337582,-0.517148,-9.818622
1815578018,0.354342,-0.447716,-9.830592
1815579202,0.375890,-0.474052,-9.768343
1815580382,0.402226,-0.517148,-9.804255
1815581560,0.368707,-0.545878,-9.818622
1815582748,0.342371,-0.557849,-9.821015
1815583930,0.392649,-0.488417,-9.880871
1815585117,0.375890,-0.533907,-9.928755
1815586307,0.387861,-0.505177,-9.792285
1815587498,0.404620,-0.519542,-9.844957
1815588671,0.289698,-0.486023,-9.823410
1815589875,0.299275,-0.452504,-9.816227
1815591061,0.339977,-0.486023,-9.859323
1815592251,0.342371,-0.545878,-9.830592
1815593428,0.404620,-0.548272,-9.825804
1815594615,0.378284,-0.512359,-9.885659
1815595807,0.421380,-0.557849,-9.945514
1815596997,0.373495,-0.620098,-9.914390
1815598175,0.395043,-0.502782,-9.971850
1815599355,0.373495,-0.514753,-9.926360
1815600534,0.430956,-0.495600,-9.902418
1815601724,0.414197,-0.531513,-9.904813
1815602910,0.356736,-0.543484,-9.868899
1815604101,0.342371,-0.533907,-9.749189
1815605287,0.363919,-0.529119,-9.911995
1815606464,0.351948,-0.519542,-9.897630
1815607642,0.342371,-0.509965,-9.806650
1815608833,0.368707,-0.519542,-9.801862
1815610020,0.368707,-0.543484,-9.852140
1815611212,0.378284,-0.524330,-9.792285
1815612387,0.373495,-0.533907,-9.856929
1815613570,0.387861,-0.567426,-9.821015
1815614757,0.356736,-0.519542,-9.794679
1815615948,0.349553,-0.524330,-9.768343
1815617130,0.375890,-0.581791,-9.756371
1815618317,0.390255,-0.555455,-9.811439
1815619498,0.294487,-0.531513,-9.809045
1815620685,0.328006,-0.579397,-9.837775
1815621879,0.306458,-0.555455,-9.842564
1815623070,0.387861,-0.536301,-9.725247
1815624258,0.366313,-0.497994,-9.799467
1815625440,0.280122,-0.502782,-9.842564
1815626626,0.347159,-0.533907,-9.844957
1815627821,0.380678,-0.553061,-9.780313
1815629013,0.299275,-0.529119,-9.730036
1815630204,0.325611,-0.541090,-9.816227
1815631380,0.311246,-0.531513,-9.782708
1815632563,0.304064,-0.495600,-9.823410
1815633748,0.337582,-0.500388,-9.830592
1815634933,0.335188,-0.464475,-9.861717
1815636116,0.339977,-0.505177,-9.787497
1815637311,0.311246,-0.497994,-9.885659
1815638493,0.323217,-0.466869,-9.816227
1815639675,0.414197,-0.512359,-9.823410
1815640874,0.392649,-0.500388,-9.866506
1815642071,0.332794,-0.505177,-9.904813
1815643261,0.337582,-0.514753,-9.859323
1815644444,0.323217,-0.529119,-9.878476
1815645630,0.337582,-0.502782,-9.868899
1815646823,0.301669,-0.476446,-9.878476
1815648017,0.344765,-0.486023,-9.945514
1815649208,0.371101,-0.478840,-9.852140
1815650380,0.318429,-0.517148,-9.852140
1815651563,0.299275,-0.507571,-9.955091
1815652748,0.282516,-0.502782,-9.955091
1815653934,0.313640,-0.529119,-9.919178
1815655116,0.349553,-0.560243,-9.955091
1815656310,0.378284,-0.548272,-9.916783
1815657492,0.407014,-0.529119,-9.952697
1815658678,0.347159,-0.526724,-9.981427
1815659878,0.308852,-0.526724,-9.957485
1815661069,0.354342,-0.519542,-9.919178
1815662260,0.299275,-0.538695,-9.933543
1815663443,0.368707,-0.543484,-9.964667
1815664629,0.366313,-0.488417,-9.945514
1815665828,0.344765,-0.454898,-9.993398
1815667015,0.351948,-0.526724,-9.876082
1815668207,0.354342,-0.464475,-9.888053
1815669383,0.371101,-0.509965,-9.897630
1815670565,0.287304,-0.469264,-9.876082
1815671751,0.316035,-0.507571,-9.911995
1815672934,0.330400,-0.577003,-9.916783
1815674113,0.349553,-0.459687,-9.909601
1815675303,0.306458,-0.541090,-9.957485
1815676488,0.325611,-0.524330,-9.940725
1815677674,0.311246,-0.483629,-9.904813
1815678873,0.292093,-0.509965,-9.895236
1815680070,0.323217,-0.497994,-9.943120
1815681261,0.318429,-0.519542,-9.933543
1815682443,0.275333,-0.481235,-9.909601
1815683626,0.313640,-0.471658,-9.873688
1815684824,0.359130,-0.488417,-9.914390
1815686017,0.399832,-0.466869,-9.976639
1815687209,0.337582,-0.469264,-10.036493
1815688386,0.325611,-0.483629,-9.931149
1815689578,0.318429,-0.505177,-9.933543
1815690766,0.308852,-0.478840,-9.983821
1815691955,0.337582,-0.502782,-9.926360
1815693140,0.301669,-0.531513,-9.938332
1815694329,0.335188,-0.507571,-9.976639
1815695506,0.313640,-0.478840,-9.962274
1815696688,0.260968,-0.538695,-9.909601
1815697881,0.330400,-0.505177,-9.933543
1815699072,0.339977,-0.497994,-9.864111
1815700250,0.339977,-0.478840,-9.895236
1815701429,0.318429,-0.507571,-9.938332
1815702613,0.337582,-0.505177,-9.935937
1815703809,0.332794,-0.486023,-9.931149
1815704994,0.339977,-0.507571,-9.885659
1815706181,0.359130,-0.495600,-9.900024
1815707355,0.301669,-0.514753,-10.019734
1815708546,0.296881,-0.545878,-9.907207
1815709735,0.366313,-0.486023,-9.919178
1815710921,0.371101,-0.490811,-10.048465
1815712108,0.289698,-0.555455,-9.940725
1815713298,0.299275,-0.553061,-9.847352
1815714477,0.323217,-0.526724,-9.911995
1815715660,0.361524,-0.497994,-9.947908
1815716858,0.344765,-0.512359,-9.885659
1815718055,0.344765,-0.519542,-9.890448
1815719240,0.299275,-0.495600,-9.832987
1815720421,0.351948,-0.562637,-9.859323
1815721605,0.380678,-0.567426,-9.969456
1815722801,0.359130,-0.505177,-9.976639
1815723983,0.308852,-0.529119,-9.947908
1815725169,0.328006,-0.529119,-9.751583
1815726345,0.332794,-0.505177,-9.696517
1815727536,0.342371,-0.519542,-10.000581
1815728723,0.287304,-0.545878,-10.062830
1815729914,0.265756,-0.497994,-9.813833
1815731101,0.294487,-0.478840,-9.648633
1815732288,0.339977,-0.476446,-9.686940
1815733458,0.301669,-0.471658,-9.787497
1815734641,0.323217,-0.524330,-9.780313
1815735828,0.330400,-0.555455,-9.744401
1815737018,0.339977,-0.495600,-9.703699
1815738204,0.320823,-0.548272,-9.737218
1815739384,0.328006,-0.502782,-9.809045
1815740560,0.330400,-0.488417,-9.821015
1815741748,0.335188,-0.524330,-9.739613
1815742930,0.368707,-0.481235,-9.780313
1815744116,0.349553,-0.517148,-9.768343
1815745307,0.349553,-0.486023,-9.789890
1815746492,0.407014,-0.548272,-9.919178
1815747673,0.375890,-0.505177,-9.852140
1815748876,0.392649,-0.512359,-9.770737
1815750062,0.354342,-0.524330,-9.732430
1815751252,0.287304,-0.493206,-9.797073
1815752428,0.363919,-0.507571,-9.849746
1815753616,0.359130,-0.505177,-9.904813
1815754803,0.397437,-0.519542,-9.825804
1815755995,0.380678,-0.514753,-9.732430
1815757177,0.356736,-0.502782,-9.751583
1815758358,0.363919,-0.493206,-9.852140
1815759544,0.363919,-0.524330,-9.902418
1815760737,0.375890,-0.529119,-9.830592
1815761919,0.313640,-0.560243,-9.923966
1815763110,0.368707,-0.536301,-9.933543
1815764295,0.416591,-0.500388,-9.868899
1815765477,0.308852,-0.493206,-9.818622
1815766655,0.325611,-0.481235,-9.806650
1815767857,0.337582,-0.526724,-9.828198
1815769049,0.335188,-0.560243,-9.852140
1815770238,0.272939,-0.486023,-9.753978
1815771415,0.332794,-0.469264,-9.852140
1815772603,0.366313,-0.505177,-9.880871
1815773790,0.363919,-0.490811,-9.811439
1815774978,0.371101,-0.462081,-9.777920
1815776158,0.347159,-0.514753,-9.787497
1815777351,0.380678,-0.514753,-9.832987
1815778537,0.332794,-0.512359,-9.842564
1815779730,0.287304,-0.483629,-9.823410
1815780911,0.349553,-0.502782,-9.792285
1815782101,0.368707,-0.531513,-9.864111
1815783280,0.344765,-0.562637,-9.816227
1815784461,0.361524,-0.505177,-9.787497
1815785639,0.313640,-0.517148,-9.761160
1815786831,0.380678,-0.521936,-9.792285
1815788020,0.380678,-0.486023,-9.847352
1815789211,0.356736,-0.505177,-9.859323
1815790387,0.284910,-0.524330,-9.813833
1815791578,0.373495,-0.524330,-9.864111
1815792764,0.395043,-0.550666,-9.871294
1815793954,0.378284,-0.538695,-9.911995
1815795140,0.351948,-0.545878,-10.014946
1815796322,0.337582,-0.536301,-9.921572
1815797503,0.397437,-0.509965,-9.935937
1815798686,0.347159,-0.462081,-9.847352
1815799881,0.373495,-0.462081,-9.835381
1815801074,0.339977,-0.507571,-9.792285
1815802254,0.328006,-0.502782,-9.900024
1815803430,0.301669,-0.550666,-9.897630
1815804612,0.356736,-0.555455,-9.919178
1815805809,0.363919,-0.541090,-9.897630
1815806993,0.359130,-0.529119,-9.900024
1815808178,0.354342,-0.517148,-9.854534
1815809354,0.258574,-0.519542,-9.890448
1815810545,0.294487,-0.497994,-9.981427
1815811735,0.328006,-0.517148,-9.902418
1815812921,0.339977,-0.514753,-9.959879
1815814109,0.325611,-0.483629,-9.921572
1815815304,0.332794,-0.560243,-9.957485
1815816491,0.339977,-0.543484,-9.986216
1815817678,0.316035,-0.512359,-9.967062
1815818876,0.349553,-0.488417,-9.914390
1815820068,0.351948,-0.521936,-9.926360
1815821258,0.335188,-0.565032,-9.914390
1815822439,0.328006,-0.579397,-9.876082
1815823625,0.363919,-0.524330,-9.876082
1815824819,0.344765,-0.500388,-9.897630
1815826003,0.349553,-0.550666,-9.861717
1815827192,0.359130,-0.538695,-9.806650
1815828367,0.361524,-0.517148,-9.830592
1815829556,0.351948,-0.536301,-9.897630
1815830742,0.311246,-0.519542,-9.873688
1815831929,0.304064,-0.519542,-9.895236
1815833111,0.287304,-0.500388,-9.947908
1815834299,0.308852,-0.521936,-9.876082
1815835474,0.282516,-0.452504,-9.837775
1815836657,0.294487,-0.483629,-9.935937
1815837855,0.323217,-0.495600,-9.904813
1815839050,0.284910,-0.493206,-9.811439
1815840231,0.275333,-0.519542,-9.794679
1815841414,0.332794,-0.500388,-9.792285
1815842596,0.241814,-0.486023,-9.876082
1815843789,0.339977,-0.514753,-9.950302
1815844970,0.320823,-0.493206,-9.861717
1815846161,0.311246,-0.497994,-9.765948
1815847349,0.347159,-0.519542,-9.871294
1815848541,0.284910,-0.541090,-9.902418
1815849727,0.272939,-0.493206,-9.864111
1815850919,0.313640,-0.548272,-9.830592
1815852103,0.289698,-0.483629,-9.876082
1815853294,0.332794,-0.514753,-9.880871
1815854472,0.330400,-0.481235,-9.873688
1815855654,0.306458,-0.500388,-9.859323
1815856841,0.318429,-0.507571,-9.753978
1815858034,0.323217,-0.497994,-9.907207
1815859212,0.385466,-0.474052,-9.768343
1815860393,0.349553,-0.471658,-9.852140
1815861579,0.330400,-0.502782,-9.959879
1815862769,0.296881,-0.512359,-9.837775
1815863955,0.306458,-0.560243,-9.897630
1815865141,0.289698,-0.514753,-9.938332
1815866329,0.311246,-0.495600,-9.861717
1815867509,0.287304,-0.476446,-9.789890
1815868684,0.258574,-0.488417,-9.847352
1815869884,0.270545,-0.507571,-9.732430
1815871070,0.304064,-0.553061,-9.720459
1815872264,0.354342,-0.526724,-9.756371
1815873441,0.363919,-0.490811,-9.787497
1815874633,0.323217,-0.474052,-9.789890
1815875820,0.335188,-0.529119,-9.789890
1815877018,0.359130,-0.507571,-9.830592
1815878204,0.332794,-0.497994,-9.787497
1815879385,0.337582,-0.495600,-9.840169
1815880562,0.332794,-0.519542,-9.765948
1815881754,0.306458,-0.569820,-9.765948
1815882936,0.311246,-0.524330,-9.746795
1815884122,0.320823,-0.533907,-9.782708
1815885311,0.354342,-0.514753,-9.816227
1815886503,0.359130,-0.502782,-9.763555
1815887681,0.311246,-0.469264,-9.773131
1815888881,0.328006,-0.488417,-9.756371
1815890068,0.320823,-0.505177,-9.763555
1815891263,0.289698,-0.488417,-9.811439
1815892441,0.296881,-0.497994,-9.780313
1815893632,0.294487,-0.512359,-9.734824
1815894821,0.294487,-0.471658,-9.761160
1815896018,0.301669,-0.517148,-9.730036
1815897203,0.330400,-0.538695,-9.849746
1815898382,0.335188,-0.543484,-9.842564
1815899561,0.306458,-0.512359,-9.868899
1815900752,0.277727,-0.524330,-9.892841
1815901935,0.344765,-0.533907,-9.852140
1815903121,0.251391,-0.538695,-9.890448
1815904311,0.308852,-0.538695,-9.794679
1815905497,0.301669,-0.519542,-9.885659
1815906673,0.337582,-0.529119,-9.880871
1815907874,0.380678,-0.524330,-9.931149
1815909067,0.361524,-0.545878,-9.909601
1815910261,0.313640,-0.538695,-9.931149
1815911438,0.325611,-0.524330,-9.868899
1815912630,0.332794,-0.488417,-9.979033
1815913823,0.335188,-0.497994,-9.914390
1815915021,0.380678,-0.495600,-9.844957
1815916207,0.299275,-0.476446,-9.911995
1815917389,0.339977,-0.553061,-9.974244
1815918572,0.311246,-0.502782,-9.955091
1815919762,0.342371,-0.536301,-9.921572
1815920948,0.316035,-0.505177,-9.933543
1815922134,0.325611,-0.557849,-9.866506
1815923310,0.351948,-0.519542,-9.921572
1815924497,0.363919,-0.514753,-9.969456
1815925674,0.311246,-0.545878,-9.904813
1815926879,0.385466,-0.557849,-9.876082
1815928065,0.375890,-0.548272,-9.840169
1815929255,0.347159,-0.591368,-9.842564
1815930432,0.380678,-0.526724,-9.837775
1815931624,0.361524,-0.474052,-9.902418
1815932816,0.385466,-0.565032,-9.868899
1815934012,0.342371,-0.533907,-9.885659
1815935198,0.277727,-0.490811,-9.909601
1815936378,0.296881,-0.474052,-9.921572
1815937556,0.318429,-0.526724,-9.971850
1815938748,0.366313,-0.490811,-9.844957
1815939930,0.328006,-0.541090,-9.859323
1815941113,0.289698,-0.533907,-9.967062
1815942298,0.342371,-0.486023,-9.931149
1815943481,0.339977,-0.469264,-9.885659
1815944660,0.337582,-0.529119,-9.861717
1815945863,0.337582,-0.536301,-9.967062
1815947053,0.306458,-0.548272,-9.974244
1815948244,0.318429,-0.557849,-9.931149
1815949421,0.373495,-0.541090,-9.859323
1815950606,0.368707,-0.550666,-9.821015
1815951793,0.313640,-0.524330,-9.926360
1815952978,0.258574,-0.486023,-9.995792
1815954159,0.299275,-0.505177,-9.885659
1815955345,0.328006,-0.538695,-9.911995
1815956528,0.301669,-0.526724,-9.904813
1815957714,0.282516,-0.488417,-9.969456
1815958911,0.323217,-0.486023,-9.890448
1815960101,0.325611,-0.548272,-9.900024
1815961281,0.316035,-0.536301,-9.967062
1815962460,0.299275,-0.497994,-9.904813
1815963638,0.366313,-0.488417,-9.890448
1815964831,0.308852,-0.507571,-9.947908
1815966016,0.337582,-0.524330,-9.830592
1815967206,0.301669,-0.500388,-9.813833
1815968378,0.294487,-0.497994,-9.914390
1815969561,0.328006,-0.509965,-9.854534
1815970746,0.397437,-0.548272,-9.931149
1815971934,0.292093,-0.519542,-9.940725
1815973115,0.351948,-0.507571,-9.890448
1815974309,0.347159,-0.474052,-9.897630
1815975490,0.316035,-0.517148,-9.890448
1815976676,0.280122,-0.553061,-9.854534
1815977872,0.407014,-0.500388,-9.876082
1815979067,0.390255,-0.569820,-9.916783
1815980254,0.313640,-0.521936,-9.873688
1815981436,0.301669,-0.541090,-9.842564
1815982621,0.318429,-0.529119,-9.885659
1815983820,0.356736,-0.505177,-9.957485
1815985010,0.337582,-0.555455,-9.904813
1815986200,0.277727,-0.519542,-9.801862
1815987376,0.304064,-0.505177,-9.847352
1815988563,0.337582,-0.471658,-9.892841
1815989748,0.363919,-0.505177,-9.794679
1815990934,0.347159,-0.545878,-9.854534
1815992117,0.354342,-0.524330,-9.861717
1815993312,0.354342,-0.490811,-9.789890
1815994492,0.239420,-0.502782,-9.878476
1815995675,0.282516,-0.514753,-9.828198
1815996875,0.332794,-0.450110,-9.909601
1815998071,0.351948,-0.478840,-9.861717
1815999261,0.311246,-0.505177,-9.871294
1816000443,0.277727,-0.519542,-9.868899
1816001630,0.332794,-0.507571,-9.832987
1816002828,0.335188,-0.543484,-9.868899
1816004015,0.320823,-0.502782,-9.902418
1816005204,0.318429,-0.493206,-9.828198
1816006380,0.335188,-0.509965,-9.864111
1816007563,0.387861,-0.486023,-9.868899
1816008748,0.366313,-0.514753,-9.847352
1816009935,0.325611,-0.519542,-9.830592
1816011117,0.296881,-0.481235,-9.832987
1816012313,0.332794,-0.507571,-9.866506
1816013494,0.356736,-0.450110,-9.830592
1816014678,0.299275,-0.471658,-9.770737
1816015878,0.351948,-0.560243,-9.835381
1816017069,0.375890,-0.538695,-9.837775
1816018260,0.356736,-0.471658,-9.840169
1816019441,0.342371,-0.486023,-9.859323
1816020628,0.375890,-0.497994,-9.780313
1816021825,0.347159,-0.459687,-9.871294
1816023019,0.296881,-0.486023,-9.775525
1816024211,0.380678,-0.481235,-9.787497
1816025387,0.351948,-0.486023,-9.823410
1816026570,0.328006,-0.454898,-9.835381
1816027755,0.304064,-0.509965,-9.809045
1816028940,0.330400,-0.521936,-9.971850
1816030120,0.328006,-0.488417,-9.852140
1816031314,0.320823,-0.452504,-9.797073
1816032494,0.349553,-0.488417,-9.837775
1816033681,0.335188,-0.502782,-9.880871
1816034874,0.292093,-0.440533,-9.940725
1816036071,0.351948,-0.486023,-9.897630
1816037261,0.330400,-0.538695,-9.852140
1816038438,0.306458,-0.493206,-9.842564
1816039624,0.311246,-0.524330,-9.856929
1816040822,0.366313,-0.464475,-9.986216
1816042016,0.375890,-0.497994,-9.931149
1816043206,0.344765,-0.507571,-9.907207
1816044381,0.351948,-0.512359,-9.931149
1816045564,0.349553,-0.517148,-9.986216
1816046748,0.289698,-0.509965,-9.957485
1816047935,0.390255,-0.541090,-9.957485
1816049116,0.375890,-0.481235,-9.902418
1816050305,0.380678,-0.500388,-9.856929
1816051482,0.402226,-0.517148,-9.892841
1816052668,0.375890,-0.531513,-9.892841
1816053868,0.299275,-0.459687,-9.928755
1816055065,0.371101,-0.495600,-9.911995
1816056248,0.342371,-0.533907,-9.911995
1816057429,0.335188,-0.519542,-9.861717
1816058613,0.335188,-0.512359,-9.892841
1816059812,0.361524,-0.481235,-9.847352
1816060998,0.373495,-0.502782,-9.895236
1816062182,0.375890,-0.481235,-9.847352
1816063359,0.366313,-0.454898,-9.911995
1816064541,0.359130,-0.483629,-9.935937
1816065730,0.328006,-0.526724,-9.907207
1816066913,0.344765,-0.474052,-9.885659
1816068099,0.375890,-0.502782,-9.926360
1816069288,0.404620,-0.497994,-9.952697
1816070457,0.347159,-0.524330,-9.933543
1816071640,0.363919,-0.476446,-9.823410
1816072829,0.342371,-0.536301,-9.902418
1816074019,0.337582,-0.497994,-9.871294
1816075207,0.316035,-0.509965,-9.902418
1816076386,0.325611,-0.464475,-9.902418
1816077565,0.323217,-0.454898,-9.883265
1816078754,0.385466,-0.457293,-9.971850
1816079936,0.311246,-0.497994,-9.935937
1816081123,0.323217,-0.553061,-9.909601
1816082299,0.330400,-0.533907,-9.871294
1816083486,0.349553,-0.481235,-9.902418
1816084667,0.392649,-0.502782,-9.859323
1816085867,0.375890,-0.474052,-9.923966
1816087057,0.332794,-0.474052,-9.916783
1816088247,0.361524,-0.512359,-9.947908
1816089423,0.339977,-0.497994,-9.957485
1816090607,0.363919,-0.512359,-9.919178
1816091793,0.328006,-0.509965,-9.876082
1816092977,0.282516,-0.529119,-9.816227
1816094156,0.347159,-0.555455,-9.895236
1816095338,0.323217,-0.502782,-9.883265
1816096521,0.354342,-0.512359,-9.842564
1816097704,0.349553,-0.514753,-9.878476
1816098903,0.354342,-0.531513,-9.911995
1816100092,0.349553,-0.531513,-9.907207
1816101274,0.359130,-0.531513,-9.878476
1816102446,0.351948,-0.517148,-9.909601
1816103632,0.318429,-0.519542,-9.940725
1816104825,0.323217,-0.497994,-9.823410
1816106018,0.371101,-0.543484,-9.895236
1816107210,0.409408,-0.557849,-9.880871
1816108382,0.337582,-0.531513,-9.849746
1816109565,0.323217,-0.521936,-9.904813
1816110749,0.368707,-0.529119,-9.923966
1816111936,0.294487,-0.502782,-9.852140
1816113117,0.363919,-0.517148,-9.811439
1816114312,0.387861,-0.529119,-9.866506
1816115494,0.409408,-0.500388,-9.888053
1816116677,0.342371,-0.538695,-9.883265
1816117877,0.363919,-0.550666,-9.809045
1816119069,0.387861,-0.533907,-9.785102
1816120256,0.325611,-0.509965,-9.804255
1816121437,0.323217,-0.517148,-9.710882
1816122623,0.371101,-0.545878,-9.682152
1816123821,0.268151,-0.519542,-9.787497
1816125015,0.359130,-0.512359,-9.842564
1816126205,0.383072,-0.502782,-9.799467
1816127381,0.328006,-0.471658,-9.828198
1816128568,0.375890,-0.481235,-9.854534
1816129755,0.294487,-0.505177,-9.818622
1816130945,0.356736,-0.505177,-9.866506
1816132126,0.361524,-0.531513,-9.811439
1816133308,0.342371,-0.545878,-9.842564
1816134490,0.354342,-0.507571,-9.880871
1816135676,0.337582,-0.526724,-9.900024
1816136874,0.325611,-0.538695,-9.866506
1816138072,0.284910,-0.531513,-9.933543
1816139263,0.313640,-0.509965,-9.852140
1816140443,0.330400,-0.550666,-9.823410
1816141627,0.342371,-0.574608,-9.871294
1816142825,0.328006,-0.493206,-9.818622
1816144017,0.385466,-0.531513,-9.904813
1816145209,0.380678,-0.500388,-9.885659
1816146384,0.320823,-0.505177,-9.878476
1816147566,0.356736,-0.490811,-9.852140
1816148749,0.368707,-0.533907,-9.919178
1816149935,0.361524,-0.478840,-9.835381
1816151117,0.359130,-0.483629,-9.792285
1816152312,0.316035,-0.490811,-9.888053
1816153492,0.339977,-0.500388,-9.844957
1816154678,0.325611,-0.531513,-9.892841
1816155878,0.342371,-0.560243,-9.758766
1816157066,0.349553,-0.593762,-9.801862
1816158252,0.351948,-0.474052,-9.832987
1816159434,0.344765,-0.490811,-9.828198
1816160614,0.318429,-0.481235,-9.737218
1816161811,0.363919,-0.447716,-9.734824
1816162997,0.301669,-0.545878,-9.856929
1816164184,0.332794,-0.509965,-9.923966
1816165360,0.342371,-0.500388,-9.876082
1816166540,0.351948,-0.541090,-9.888053
1816167726,0.294487,-0.555455,-9.888053
1816168918,0.323217,-0.497994,-9.852140
1816170101,0.292093,-0.471658,-9.792285
1816171291,0.366313,-0.488417,-9.770737
1816172474,0.311246,-0.509965,-9.866506
1816173657,0.347159,-0.524330,-9.890448
1816174854,0.330400,-0.502782,-9.883265
1816176045,0.378284,-0.500388,-9.902418
1816177226,0.347159,-0.555455,-9.890448
1816178407,0.342371,-0.519542,-9.897630
1816179589,0.359130,-0.533907,-9.866506
1816180780,0.296881,-0.531513,-9.876082
1816181961,0.265756,-0.514753,-9.950302
1816183150,0.363919,-0.577003,-9.813833
1816184326,0.356736,-0.584185,-9.880871
1816185512,0.359130,-0.519542,-10.012551
1816186690,0.320823,-0.486023,-9.931149
1816187888,0.347159,-0.483629,-9.854534
1816189077,0.371101,-0.519542,-9.876082
1816190259,0.371101,-0.466869,-9.825804
1816191436,0.411803,-0.497994,-9.888053
1816192626,0.366313,-0.545878,-9.816227
1816193820,0.359130,-0.462081,-9.792285
1816195013,0.335188,-0.519542,-9.756371
1816196199,0.359130,-0.524330,-9.792285
1816197379,0.368707,-0.557849,-9.809045
1816198556,0.332794,-0.531513,-9.890448
1816199748,0.339977,-0.486023,-9.940725
1816200929,0.368707,-0.488417,-9.864111
1816202111,0.313640,-0.486023,-9.885659
1816203296,0.366313,-0.486023,-9.804255
1816204478,0.335188,-0.529119,-9.859323
1816205657,0.361524,-0.519542,-9.883265
1816206860,0.335188,-0.505177,-9.907207
1816208051,0.368707,-0.476446,-9.895236
1816209241,0.335188,-0.519542,-9.792285
1816210418,0.323217,-0.529119,-9.868899
1816211607,0.342371,-0.533907,-9.904813
1816212798,0.359130,-0.500388,-9.876082
1816213980,0.318429,-0.497994,-9.890448
1816215163,0.337582,-0.507571,-9.866506
1816216354,0.368707,-0.512359,-9.868899
1816217540,0.361524,-0.524330,-9.904813
1816218732,0.339977,-0.533907,-9.883265
1816219913,0.330400,-0.557849,-9.923966
1816221101,0.356736,-0.543484,-9.892841
1816222287,0.368707,-0.550666,-9.931149
1816223462,0.387861,-0.574608,-9.888053
1816224639,0.359130,-0.569820,-9.921572
1816225832,0.308852,-0.524330,-10.024523
1816227018,0.351948,-0.543484,-9.926360
1816228210,0.330400,-0.529119,-9.880871
1816229384,0.347159,-0.545878,-9.856929
1816230572,0.339977,-0.555455,-9.931149
1816231759,0.328006,-0.519542,-9.868899
1816232949,0.318429,-0.462081,-9.847352
1816234131,0.335188,-0.505177,-9.892841
1816235312,0.363919,-0.488417,-9.832987
1816236494,0.342371,-0.486023,-9.799467
1816237680,0.306458,-0.500388,-9.828198
1816238879,0.323217,-0.562637,-9.864111
1816240070,0.332794,-0.488417,-9.842564
1816241262,0.363919,-0.466869,-9.856929
1816242444,0.318429,-0.500388,-9.854534
1816243630,0.287304,-0.531513,-9.840169
1816244827,0.246603,-0.514753,-9.720459
1816246020,0.306458,-0.545878,-9.765948
1816247212,0.337582,-0.536301,-9.859323
1816248388,0.277727,-0.569820,-9.844957
1816249571,0.277727,-0.538695,-9.840169
1816250757,0.313640,-0.526724,-9.780313
1816251947,0.294487,-0.526724,-9.821015
1816253128,0.328006,-0.579397,-9.768343
1816254315,0.351948,-0.521936,-9.835381
1816255502,0.304064,-0.478840,-9.828198
1816256689,0.318429,-0.512359,-9.832987
1816257884,0.306458,-0.569820,-9.770737
1816259075,0.299275,-0.579397,-9.792285
1816260256,0.328006,-0.526724,-9.761160
1816261437,0.328006,-0.550666,-9.804255
1816262618,0.351948,-0.502782,-9.789890
1816263814,0.349553,-0.495600,-9.806650
1816264997,0.335188,-0.488417,-9.794679
1816266185,0.306458,-0.586579,-9.861717
1816267361,0.299275,-0.562637,-9.888053
1816268542,0.342371,-0.495600,-9.849746
1816269731,0.306458,-0.514753,-9.904813
1816270913,0.308852,-0.550666,-9.806650
1816272096,0.248997,-0.545878,-9.868899
1816273287,0.301669,-0.529119,-9.859323
1816274459,0.258574,-0.505177,-9.830592
1816275641,0.304064,-0.531513,-9.821015
1816276828,0.253785,-0.533907,-9.847352
1816278024,0.306458,-0.526724,-9.847352
1816279211,0.308852,-0.509965,-9.892841
1816280391,0.318429,-0.490811,-9.890448
1816281568,0.289698,-0.507571,-9.883265
1816282760,0.241814,-0.519542,-9.842564
1816283946,0.301669,-0.517148,-9.849746
1816285133,0.287304,-0.560243,-9.897630
1816286308,0.359130,-0.524330,-9.907207
1816287497,0.373495,-0.529119,-9.914390
1816288679,0.323217,-0.529119,-9.835381
1816289884,0.335188,-0.541090,-9.854534
1816291071,0.351948,-0.574608,-9.859323
1816292264,0.330400,-0.550666,-9.854534
1816293439,0.289698,-0.555455,-9.816227
1816294631,0.304064,-0.557849,-9.880871
1816295820,0.330400,-0.557849,-10.031705
1816297014,0.332794,-0.507571,-9.895236
1816298200,0.366313,-0.526724,-9.971850
1816299380,0.418985,-0.509965,-9.914390
1816300558,0.387861,-0.524330,-9.933543
1816301748,0.395043,-0.579397,-9.979033
1816302929,0.287304,-0.536301,-9.926360
1816304114,0.311246,-0.486023,-9.945514
1816305300,0.313640,-0.474052,-9.938332
1816306482,0.304064,-0.464475,-9.868899
1816307660,0.320823,-0.478840,-9.938332
1816308862,0.337582,-0.505177,-9.916783
1816310051,0.323217,-0.464475,-9.928755
1816311241,0.332794,-0.517148,-9.859323
1816312419,0.308852,-0.507571,-9.923966
1816313605,0.368707,-0.493206,-9.900024
1816314791,0.335188,-0.529119,-9.940725
1816315977,0.304064,-0.493206,-9.897630
1816317156,0.260968,-0.478840,-9.892841
1816318336,0.335188,-0.543484,-10.041282
1816319520,0.299275,-0.545878,-9.998186
1816320703,0.306458,-0.521936,-9.926360
1816321897,0.375890,-0.517148,-9.866506
1816323083,0.356736,-0.524330,-9.849746
1816324269,0.366313,-0.524330,-9.947908
1816325453,0.304064,-0.541090,-9.897630
1816326631,0.387861,-0.507571,-9.885659
1816327829,0.387861,-0.495600,-9.947908
1816329015,0.328006,-0.488417,-9.926360
1816330203,0.366313,-0.512359,-9.890448
1816331380,0.368707,-0.505177,-9.885659
1816332562,0.363919,-0.490811,-9.868899
1816333748,0.359130,-0.459687,-9.892841
1816334935,0.359130,-0.490811,-9.825804
1816336115,0.371101,-0.509965,-9.866506
1816337304,0.383072,-0.474052,-9.813833
1816338482,0.368707,-0.452504,-9.852140
1816339667,0.371101,-0.440533,-9.849746
1816340863,0.351948,-0.500388,-9.883265
1816342058,0.282516,-0.476446,-9.969456
1816343245,0.363919,-0.488417,-9.859323
1816344427,0.349553,-0.445322,-9.852140
1816345610,0.347159,-0.471658,-9.811439
1816346804,0.316035,-0.541090,-9.756371
1816347985,0.339977,-0.521936,-9.792285
1816349172,0.330400,-0.538695,-9.844957
1816350347,0.268151,-0.526724,-9.823410
1816351538,0.359130,-0.541090,-9.818622
1816352725,0.397437,-0.538695,-9.813833
1816353917,0.344765,-0.521936,-9.854534
1816355103,0.342371,-0.538695,-9.859323
1816356294,0.356736,-0.452504,-9.852140
1816357477,0.304064,-0.514753,-9.821015
1816358658,0.342371,-0.488417,-9.787497
1816359857,0.356736,-0.488417,-9.809045
1816361052,0.335188,-0.509965,-9.828198
1816362234,0.316035,-0.529119,-9.710882
1816363413,0.387861,-0.533907,-9.837775
1816364596,0.390255,-0.536301,-9.799467
1816365788,0.351948,-0.524330,-9.842564
1816366970,0.325611,-0.524330,-9.868899
1816368162,0.349553,-0.533907,-9.763555
1816369338,0.351948,-0.550666,-9.797073
1816370525,0.342371,-0.536301,-9.797073
1816371703,0.371101,-0.519542,-9.804255
1816372905,0.395043,-0.543484,-9.782708
1816374086,0.378284,-0.610521,-9.837775
1816375276,0.330400,-0.476446,-9.823410
1816376441,0.399832,-0.471658,-9.809045
1816377632,0.375890,-0.488417,-9.844957
1816378825,0.325611,-0.493206,-9.854534
1816380023,0.330400,-0.488417,-9.847352
1816381209,0.332794,-0.586579,-9.888053
1816382390,0.287304,-0.524330,-9.811439
1816383572,0.275333,-0.514753,-9.885659
1816384764,0.311246,-0.471658,-9.888053
1816385950,0.328006,-0.447716,-9.880871
1816387135,0.359130,-0.493206,-9.849746
1816388311,0.344765,-0.541090,-9.955091
1816389496,0.313640,-0.533907,-9.940725
1816390676,0.294487,-0.507571,-9.911995
1816391879,0.289698,-0.481235,-9.907207
1816393065,0.337582,-0.490811,-9.926360
1816394255,0.351948,-0.524330,-9.935937
1816395432,0.330400,-0.517148,-9.964667
1816396618,0.270545,-0.541090,-9.971850
1816397808,0.332794,-0.536301,-9.986216
1816398998,0.258574,-0.505177,-10.019734
1816400180,0.284910,-0.497994,-9.962274
1816401362,0.313640,-0.538695,-10.038888
1816402538,0.361524,-0.505177,-10.024523
1816403731,0.313640,-0.457293,-10.012551
1816404911,0.330400,-0.533907,-9.959879
1816406099,0.328006,-0.517148,-9.959879
1816407284,0.323217,-0.505177,-9.957485
1816408459,0.330400,-0.469264,-9.979033
1816409633,0.349553,-0.493206,-9.962274
1816410826,0.337582,-0.526724,-9.983821
1816412020,0.296881,-0.557849,-9.979033
1816413212,0.335188,-0.507571,-10.019734
1816414388,0.371101,-0.521936,-9.914390
1816415570,0.414197,-0.502782,-9.830592
1816416756,0.347159,-0.493206,-9.897630
1816417942,0.323217,-0.538695,-9.878476
1816419125,0.339977,-0.579397,-9.876082
1816420307,0.316035,-0.569820,-9.892841
1816421493,0.292093,-0.464475,-9.777920
1816422678,0.282516,-0.514753,-9.868899
1816423879,0.308852,-0.543484,-9.847352
1816425070,0.399832,-0.509965,-9.902418
1816426256,0.363919,-0.517148,-9.811439
1816427439,0.395043,-0.497994,-9.859323
1816428625,0.339977,-0.497994,-9.789890
1816429823,0.301669,-0.512359,-9.751583
1816431012,0.318429,-0.505177,-9.847352
1816432202,0.342371,-0.474052,-9.868899
1816433379,0.368707,-0.526724,-9.873688
1816434561,0.316035,-0.543484,-9.892841
1816435748,0.359130,-0.497994,-9.943120
1816436934,0.351948,-0.507571,-9.864111
1816438116,0.320823,-0.490811,-9.902418
1816439305,0.328006,-0.497994,-9.911995
1816440482,0.378284,-0.500388,-9.947908
1816441666,0.392649,-0.478840,-9.911995
1816442864,0.337582,-0.514753,-9.876082
1816444059,0.390255,-0.526724,-9.813833
1816445245,0.323217,-0.505177,-9.804255
1816446426,0.354342,-0.440533,-9.907207
1816447608,0.366313,-0.481235,-9.991004
1816448803,0.363919,-0.490811,-10.014946
1816449985,0.328006,-0.514753,-9.988609
1816451171,0.335188,-0.469264,-9.945514
1816452353,0.383072,-0.447716,-9.943120
1816453543,0.356736,-0.445322,-9.866506
1816454733,0.339977,-0.454898,-9.818622
1816455919,0.361524,-0.483629,-9.849746
1816457105,0.351948,-0.507571,-9.871294
1816458295,0.351948,-0.486023,-9.861717
1816459473,0.323217,-0.507571,-9.835381
1816460656,0.351948,-0.495600,-9.799467
1816461850,0.311246,-0.497994,-9.756371
1816463043,0.318429,-0.538695,-9.861717
1816464226,0.363919,-0.497994,-9.890448
1816465408,0.335188,-0.553061,-9.847352
1816466589,0.328006,-0.462081,-9.801862
1816467780,0.395043,-0.507571,-9.792285
1816468960,0.363919,-0.469264,-9.840169
1816470150,0.311246,-0.440533,-9.832987
1816471326,0.323217,-0.476446,-9.842564
1816472513,0.342371,-0.548272,-9.794679
1816473692,0.354342,-0.514753,-9.842564
1816474892,0.301669,-0.488417,-9.816227
1816476077,0.275333,-0.500388,-9.888053
1816477261,0.313640,-0.500388,-9.854534
1816478436,0.337582,-0.517148,-9.945514
1816479628,0.342371,-0.538695,-9.842564
1816480822,0.284910,-0.502782,-9.868899
1816482019,0.323217,-0.495600,-9.854534
1816483203,0.354342,-0.517148,-9.897630
1816484384,0.354342,-0.514753,-9.926360
1816485567,0.356736,-0.490811,-9.926360
1816486758,0.316035,-0.488417,-9.952697
1816487940,0.287304,-0.529119,-9.904813
1816489126,0.301669,-0.536301,-9.911995
1816490302,0.337582,-0.519542,-9.911995
1816491494,0.313640,-0.514753,-9.883265
1816492676,0.337582,-0.524330,-9.916783
1816493879,0.289698,-0.524330,-9.868899
1816495066,0.318429,-0.524330,-9.955091
1816496255,0.375890,-0.517148,-9.880871
1816497432,0.328006,-0.495600,-9.847352
1816498618,0.349553,-0.521936,-9.892841
1816499810,0.349553,-0.450110,-9.909601
1816500998,0.332794,-0.502782,-9.919178
1816502181,0.342371,-0.553061,-9.921572
1816503359,0.311246,-0.507571,-9.897630
1816504535,0.308852,-0.502782,-9.926360
1816505726,0.356736,-0.526724,-9.892841
1816506913,0.311246,-0.550666,-9.859323
1816508103,0.316035,-0.471658,-9.907207
1816509284,0.371101,-0.450110,-9.866506
1816510462,0.383072,-0.545878,-9.854534
1816511640,0.304064,-0.533907,-9.849746
1816512832,0.356736,-0.497994,-9.844957
1816514021,0.342371,-0.502782,-9.792285
1816515212,0.339977,-0.509965,-9.830592
1816516388,0.275333,-0.502782,-9.909601
1816517569,0.342371,-0.440533,-9.782708
1816518748,0.311246,-0.469264,-9.744401
1816519934,0.282516,-0.500388,-9.837775
1816521116,0.323217,-0.519542,-9.859323
1816522307,0.328006,-0.474052,-9.892841
1816523484,0.323217,-0.490811,-9.859323
1816524670,0.330400,-0.514753,-9.852140
1816525866,0.356736,-0.505177,-9.897630
1816527062,0.399832,-0.524330,-9.888053
1816528247,0.330400,-0.529119,-9.923966
1816529424,0.325611,-0.509965,-9.923966
1816530608,0.328006,-0.531513,-9.947908
1816531800,0.339977,-0.541090,-9.923966
1816532981,0.359130,-0.519542,-9.935937
1816534168,0.335188,-0.512359,-9.871294
1816535355,0.323217,-0.493206,-9.859323
1816536546,0.335188,-0.560243,-9.844957
1816537736,0.373495,-0.521936,-9.868899
1816538923,0.356736,-0.495600,-9.837775
1816540110,0.258574,-0.495600,-9.911995
1816541299,0.282516,-0.478840,-9.856929
1816542478,0.375890,-0.471658,-9.861717
1816543658,0.330400,-0.497994,-9.888053
1816544854,0.337582,-0.495600,-9.828198
1816546046,0.366313,-0.517148,-9.878476
1816547228,0.359130,-0.486023,-9.880871
1816548409,0.378284,-0.521936,-9.878476
1816549593,0.375890,-0.474052,-9.821015
1816550785,0.378284,-0.454898,-9.859323
1816551966,0.373495,-0.411803,-9.916783
1816553156,0.368707,-0.462081,-9.928755
1816554332,0.351948,-0.490811,-9.861717
1816555520,0.373495,-0.553061,-9.871294
1816556698,0.359130,-0.567426,-9.859323
1816557897,0.351948,-0.536301,-9.849746
1816559079,0.316035,-0.514753,-9.876082
1816560269,0.342371,-0.507571,-9.806650
1816561444,0.347159,-0.505177,-9.823410
1816562635,0.260968,-0.466869,-9.914390
1816563823,0.347159,-0.519542,-9.818622
1816565021,0.380678,-0.541090,-9.854534
1816566207,0.375890,-0.466869,-9.842564
1816567388,0.380678,-0.459687,-9.840169
1816568563,0.366313,-0.488417,-9.921572
1816569751,0.318429,-0.526724,-9.919178
1816570934,0.347159,-0.505177,-9.828198
1816572121,0.323217,-0.486023,-9.909601
1816573310,0.356736,-0.471658,-9.837775
1816574496,0.359130,-0.519542,-9.849746
1816575677,0.363919,-0.493206,-9.888053
1816576881,0.306458,-0.553061,-9.876082
1816578066,0.335188,-0.565032,-9.900024
1816579251,0.287304,-0.536301,-9.926360
1816580427,0.325611,-0.550666,-9.902418
1816581614,0.371101,-0.550666,-9.897630
1816582805,0.366313,-0.572214,-9.897630
1816583992,0.356736,-0.579397,-9.856929
1816585174,0.323217,-0.531513,-9.952697
1816586357,0.332794,-0.565032,-9.890448
1816587543,0.328006,-0.531513,-9.878476
1816588737,0.318429,-0.574608,-9.828198
1816589918,0.316035,-0.541090,-9.909601
1816591106,0.349553,-0.512359,-9.971850
1816592291,0.356736,-0.531513,-9.907207
1816593472,0.337582,-0.541090,-9.799467
1816594649,0.328006,-0.553061,-9.959879
1816595847,0.299275,-0.514753,-9.957485
1816601517,0.359130,-0.529119,-9.921572
1816602705,0.318429,-0.531513,-9.847352
1816603903,0.311246,-0.555455,-9.811439
1816605094,0.332794,-0.543484,-9.888053
1816606280,0.301669,-0.541090,-9.885659
1816607450,0.335188,-0.514753,-9.837775
1816608639,0.258574,-0.509965,-9.830592
1816609831,0.268151,-0.521936,-9.782708
1816611015,0.301669,-0.493206,-9.794679
1816612204,0.323217,-0.507571,-9.787497
1816613380,0.311246,-0.526724,-9.871294
1816614561,0.294487,-0.490811,-9.849746
1816615748,0.323217,-0.548272,-9.694122
1816616935,0.371101,-0.538695,-9.811439
1816618117,0.349553,-0.557849,-9.823410
1816619307,0.258574,-0.548272,-9.844957
1816620486,0.335188,-0.505177,-9.797073
1816621672,0.339977,-0.548272,-9.756371
1816622872,0.342371,-0.565032,-9.794679
1816624068,0.363919,-0.545878,-9.832987
1816625251,0.351948,-0.533907,-9.821015
1816626432,0.311246,-0.541090,-9.789890
1816627614,0.277727,-0.543484,-9.761160
1816628810,0.308852,-0.524330,-9.844957
1816629995,0.306458,-0.509965,-9.873688
1816631181,0.320823,-0.502782,-9.878476
1816632357,0.318429,-0.524330,-9.859323
1816633547,0.323217,-0.531513,-9.794679
1816634738,0.368707,-0.474052,-9.821015
1816635923,0.277727,-0.517148,-9.799467
1816637111,0.323217,-0.548272,-9.816227
1816638302,0.282516,-0.572214,-9.880871
1816639480,0.265756,-0.507571,-9.832987
1816640663,0.342371,-0.474052,-9.911995
1816641860,0.287304,-0.524330,-9.859323
1816643056,0.270545,-0.550666,-9.816227
1816644241,0.294487,-0.519542,-9.904813
1816645423,0.356736,-0.469264,-9.955091
1816646606,0.366313,-0.495600,-9.904813
1816647801,0.390255,-0.512359,-9.890448
1816648982,0.311246,-0.502782,-9.880871
1816650169,0.325611,-0.493206,-9.904813
1816651344,0.306458,-0.533907,-9.911995
1816652531,0.323217,-0.517148,-9.890448
1816653713,0.339977,-0.517148,-9.806650
1816654911,0.366313,-0.466869,-9.861717
1816656090,0.397437,-0.490811,-9.914390
1816657280,0.392649,-0.507571,-9.830592
1816658455,0.387861,-0.529119,-9.849746
1816659648,0.375890,-0.533907,-9.849746
1816660836,0.325611,-0.524330,-9.787497
1816662029,0.371101,-0.514753,-9.749189
1816663208,0.351948,-0.497994,-9.804255
1816664389,0.318429,-0.521936,-9.832987
1816665568,0.371101,-0.545878,-9.859323
1816666759,0.397437,-0.509965,-9.825804
1816667940,0.349553,-0.502782,-9.849746
1816669127,0.344765,-0.493206,-9.847352
1816670304,0.380678,-0.543484,-9.854534
1816671495,0.354342,-0.557849,-9.811439
1816672678,0.299275,-0.548272,-9.890448
1816673882,0.316035,-0.488417,-9.854534
1816675068,0.313640,-0.495600,-9.904813
1816676257,0.301669,-0.541090,-9.900024
1816677431,0.383072,-0.524330,-9.955091
1816678617,0.347159,-0.577003,-9.933543
1816679808,0.351948,-0.488417,-9.940725
1816680998,0.380678,-0.507571,-9.971850
1816682176,0.375890,-0.524330,-9.916783
1816683357,0.399832,-0.569820,-9.935937
1816684544,0.402226,-0.519542,-9.907207
1816685737,0.380678,-0.543484,-9.962274
1816686919,0.349553,-0.555455,-9.900024
1816688108,0.304064,-0.531513,-9.928755
1816689292,0.323217,-0.550666,-9.935937
1816690475,0.287304,-0.505177,-9.950302
1816691652,0.335188,-0.519542,-9.979033
1816692851,0.318429,-0.488417,-9.950302
1816694038,0.347159,-0.486023,-9.919178
1816695225,0.342371,-0.538695,-9.935937
1816696397,0.294487,-0.521936,-9.943120
1816697583,0.304064,-0.536301,-9.902418
1816698768,0.313640,-0.514753,-9.988609
1816699957,0.368707,-0.533907,-9.969456
1816701142,0.361524,-0.521936,-9.979033
1816702334,0.383072,-0.526724,-9.931149
1816703511,0.349553,-0.505177,-9.878476
1816704694,0.284910,-0.524330,-9.847352
1816705887,0.385466,-0.524330,-9.876082
1816707078,0.373495,-0.538695,-9.823410
1816708258,0.313640,-0.548272,-9.830592
1816709439,0.292093,-0.533907,-9.895236
1816710625,0.339977,-0.529119,-9.809045
1816711822,0.296881,-0.486023,-9.801862
1816713013,0.318429,-0.526724,-9.864111
1816714204,0.351948,-0.555455,-9.847352
1816715381,0.373495,-0.519542,-9.890448
1816716564,0.335188,-0.505177,-9.830592
1816717748,0.323217,-0.478840,-9.828198
1816718935,0.277727,-0.481235,-9.897630
1816720117,0.256180,-0.541090,-9.852140
1816721305,0.320823,-0.517148,-9.883265
1816722483,0.256180,-0.512359,-9.868899
1816723669,0.284910,-0.557849,-9.868899
1816724867,0.380678,-0.531513,-9.840169
1816726062,0.323217,-0.497994,-9.832987
1816727248,0.397437,-0.476446,-9.828198
1816728431,0.351948,-0.509965,-9.837775
1816729614,0.306458,-0.524330,-9.852140
1816730809,0.294487,-0.521936,-9.883265
1816731992,0.296881,-0.481235,-9.928755
1816733176,0.251391,-0.509965,-9.919178
1816734353,0.253785,-0.543484,-9.885659
1816735540,0.263362,-0.565032,-9.916783
1816736728,0.287304,-0.502782,-9.911995
1816737919,0.318429,-0.483629,-9.849746
1816739104,0.258574,-0.541090,-9.801862
1816740293,0.277727,-0.526724,-9.895236
1816741472,0.328006,-0.466869,-9.933543
1816742654,0.363919,-0.462081,-9.878476
1816743849,0.323217,-0.497994,-9.868899
1816745042,0.359130,-0.500388,-9.909601
1816746222,0.316035,-0.476446,-9.892841
1816747409,0.311246,-0.486023,-9.871294
1816748590,0.304064,-0.502782,-9.943120
1816749781,0.359130,-0.464475,-9.837775
1816750962,0.335188,-0.519542,-9.799467
1816752150,0.349553,-0.529119,-9.811439
1816753335,0.359130,-0.514753,-9.751583
1816754516,0.366313,-0.536301,-9.742006
1816755693,0.375890,-0.502782,-9.849746
1816756891,0.356736,-0.538695,-9.868899
1816758077,0.316035,-0.514753,-9.744401
1816759262,0.311246,-0.493206,-9.797073
1816760438,0.347159,-0.521936,-9.792285
1816761630,0.375890,-0.469264,-9.813833
1816762823,0.337582,-0.502782,-9.892841
1816764019,0.248997,-0.512359,-9.880871
1816765205,0.299275,-0.500388,-9.830592
1816766384,0.368707,-0.531513,-9.852140
1816767562,0.371101,-0.562637,-9.818622
1816768750,0.335188,-0.560243,-9.773131
1816769929,0.296881,-0.476446,-9.823410
1816771114,0.311246,-0.490811,-9.873688
1816772300,0.318429,-0.526724,-9.840169
1816773483,0.320823,-0.502782,-9.852140
1816774660,0.284910,-0.486023,-9.844957
1816775862,0.318429,-0.483629,-9.835381
1816777054,0.328006,-0.512359,-9.902418
1816778243,0.325611,-0.548272,-9.880871
1816779420,0.301669,-0.526724,-9.923966
1816780608,0.272939,-0.538695,-9.911995
1816781800,0.272939,-0.497994,-9.823410
1816782987,0.320823,-0.529119,-9.878476
1816784169,0.289698,-0.529119,-9.890448
1816785355,0.325611,-0.495600,-9.847352
1816786541,0.387861,-0.447716,-9.876082
1816787734,0.335188,-0.471658,-9.962274
1816788912,0.265756,-0.529119,-9.950302
1816790101,0.342371,-0.495600,-9.895236
1816791283,0.356736,-0.464475,-9.871294
1816792459,0.332794,-0.486023,-9.876082
1816793634,0.375890,-0.543484,-9.890448
1816794827,0.368707,-0.541090,-9.900024
1816796015,0.316035,-0.538695,-9.844957
1816797205,0.349553,-0.495600,-9.876082
1816798380,0.342371,-0.471658,-9.902418
1816799563,0.368707,-0.490811,-9.849746
1816800748,0.313640,-0.435745,-9.897630
1816801934,0.404620,-0.505177,-9.835381
1816803113,0.371101,-0.507571,-9.904813
1816804302,0.349553,-0.488417,-9.933543
1816805479,0.371101,-0.474052,-9.878476
1816806660,0.316035,-0.452504,-9.844957
1816807851,0.320823,-0.495600,-9.878476
1816809043,0.395043,-0.529119,-9.809045
1816810223,0.344765,-0.497994,-9.832987
1816811411,0.395043,-0.500388,-9.897630
1816812590,0.397437,-0.512359,-9.897630
1816813783,0.411803,-0.536301,-9.842564
1816814960,0.402226,-0.490811,-9.907207
1816816148,0.359130,-0.548272,-9.885659
1816817335,0.328006,-0.519542,-9.919178
1816818522,0.349553,-0.490811,-9.883265
1816819700,0.299275,-0.483629,-9.888053
1816820899,0.332794,-0.517148,-9.974244
1816822082,0.380678,-0.517148,-9.981427
1816823272,0.342371,-0.505177,-9.943120
1816824446,0.311246,-0.478840,-9.988609
1816825636,0.308852,-0.519542,-9.933543
1816826824,0.316035,-0.521936,-9.971850
1816828019,0.253785,-0.548272,-9.919178
1816829205,0.306458,-0.519542,-9.928755
1816830386,0.330400,-0.505177,-9.919178
1816831568,0.292093,-0.543484,-10.055647
1816832759,0.378284,-0.526724,-9.993398
1816833942,0.328006,-0.538695,-10.034100
1816835126,0.304064,-0.512359,-10.007763
1816836302,0.308852,-0.514753,-9.938332
1816837493,0.248997,-0.526724,-9.991004
1816838674,0.301669,-0.509965,-9.959879
1816839878,0.354342,-0.521936,-9.938332
1816841072,0.361524,-0.536301,-9.880871
1816842266,0.378284,-0.519542,-9.868899
1816843444,0.387861,-0.526724,-9.888053
1816844635,0.304064,-0.497994,-9.871294
1816845823,0.292093,-0.536301,-9.871294
1816847018,0.383072,-0.538695,-9.933543
1816848204,0.318429,-0.476446,-9.821015
1816849385,0.356736,-0.488417,-9.787497
1816850564,0.378284,-0.538695,-9.777920
1816851751,0.414197,-0.505177,-9.844957
1816852934,0.347159,-0.483629,-9.895236
1816854121,0.289698,-0.426168,-9.773131
1816855312,0.320823,-0.409408,-9.792285
1816856502,0.371101,-0.454898,-9.842564
1816857685,0.306458,-0.497994,-9.823410
1816858883,0.351948,-0.509965,-9.782708
1816860069,0.325611,-0.481235,-9.816227
1816861259,0.339977,-0.445322,-9.837775
1816862437,0.371101,-0.488417,-9.849746
1816863622,0.375890,-0.471658,-9.852140
1816864813,0.328006,-0.521936,-9.835381
1816866002,0.380678,-0.466869,-9.832987
1816867182,0.371101,-0.497994,-9.797073
1816868363,0.337582,-0.548272,-9.828198
1816869540,0.363919,-0.567426,-9.852140
1816870732,0.351948,-0.557849,-9.811439
1816871920,0.325611,-0.526724,-9.785102
1816873110,0.323217,-0.548272,-9.799467
1816874296,0.304064,-0.505177,-9.842564
1816875478,0.292093,-0.457293,-9.852140
1816876655,0.368707,-0.505177,-9.830592
1816877851,0.325611,-0.512359,-9.876082
1816879039,0.368707,-0.481235,-9.818622
1816880225,0.354342,-0.447716,-9.828198
1816881397,0.296881,-0.526724,-9.823410
1816882584,0.311246,-0.548272,-9.878476
1816883768,0.299275,-0.543484,-9.816227
1816884959,0.284910,-0.560243,-9.847352
1816886140,0.318429,-0.497994,-9.892841
1816887322,0.368707,-0.497994,-9.847352
1816888504,0.371101,-0.471658,-9.823410
1816889691,0.351948,-0.483629,-9.789890
1816890885,0.359130,-0.514753,-9.828198
1816892078,0.368707,-0.493206,-9.809045
1816893259,0.351948,-0.521936,-9.777920
1816894440,0.402226,-0.555455,-9.789890
1816895626,0.308852,-0.500388,-9.770737
1816896822,0.339977,-0.488417,-9.686940
1816898011,0.320823,-0.529119,-9.670180
1816899200,0.275333,-0.529119,-9.718064
1816900376,0.304064,-0.519542,-9.758766
1816901558,0.330400,-0.497994,-9.876082
1816902746,0.318429,-0.493206,-9.890448
1816903932,0.275333,-0.553061,-9.888053
1816905111,0.351948,-0.517148,-9.744401
1816906301,0.320823,-0.531513,-9.799467
1816907479,0.335188,-0.462081,-9.888053
1816908661,0.368707,-0.486023,-9.971850
1816909857,0.339977,-0.502782,-9.967062
1816911053,0.284910,-0.512359,-9.804255
1816912235,0.347159,-0.505177,-9.794679
1816913416,0.320823,-0.493206,-9.777920
1816914598,0.306458,-0.545878,-9.708488
1816915791,0.328006,-0.529119,-9.890448
1816916972,0.316035,-0.521936,-9.952697
1816918163,0.354342,-0.529119,-9.962274
1816919340,0.356736,-0.474052,-9.868899
1816920528,0.313640,-0.493206,-9.763555
1816921706,0.344765,-0.545878,-9.799467
1816922910,0.351948,-0.543484,-9.895236
1816924097,0.306458,-0.555455,-9.902418
1816925286,0.349553,-0.543484,-9.900024
1816926460,0.316035,-0.541090,-9.919178
1816927639,0.313640,-0.517148,-9.967062
1816928827,0.251391,-0.536301,-9.864111
1816930025,0.287304,-0.514753,-9.986216
1816931212,0.323217,-0.543484,-9.981427
1816932394,0.323217,-0.572214,-9.926360
1816933572,0.282516,-0.517148,-9.904813
1816934763,0.320823,-0.562637,-9.818622
1816935949,0.313640,-0.526724,-9.785102
1816937135,0.433351,-0.497994,-9.991004
1816938316,0.339977,-0.505177,-10.012551
1816939503,0.330400,-0.519542,-10.000581
1816940676,0.328006,-0.531513,-9.921572
1816941880,0.390255,-0.490811,-9.919178
1816943066,0.392649,-0.493206,-9.861717
1816944253,0.347159,-0.497994,-9.921572
1816945431,0.392649,-0.524330,-9.876082
1816946615,0.323217,-0.533907,-9.921572
1816947807,0.323217,-0.517148,-9.921572
1816948998,0.351948,-0.519542,-9.835381
1816950180,0.368707,-0.454898,-9.773131
1816951362,0.385466,-0.445322,-9.804255
1816952538,0.359130,-0.502782,-9.859323
1816953730,0.337582,-0.507571,-9.852140
1816954917,0.342371,-0.517148,-9.873688
1816956107,0.320823,-0.526724,-9.854534
1816957293,0.339977,-0.550666,-9.830592
1816958480,0.387861,-0.512359,-9.856929
1816959659,0.359130,-0.519542,-9.866506
1816960861,0.308852,-0.526724,-9.888053
1816962052,0.371101,-0.483629,-10.002975
1816963237,0.404620,-0.476446,-9.864111
1816964412,0.368707,-0.493206,-9.854534
1816965599,0.387861,-0.459687,-9.897630
1816966787,0.359130,-0.507571,-9.861717
1816967973,0.328006,-0.505177,-9.878476
1816969159,0.296881,-0.543484,-9.962274
1816970352,0.383072,-0.481235,-9.957485
1816971530,0.366313,-0.505177,-9.969456
1816972722,0.351948,-0.478840,-9.816227
1816973911,0.287304,-0.466869,-9.797073
1816975100,0.356736,-0.507571,-9.876082
1816976285,0.325611,-0.543484,-9.940725
1816977460,0.342371,-0.524330,-9.933543
1816978637,0.380678,-0.497994,-9.825804
1816979829,0.383072,-0.512359,-9.780313
1816981022,0.390255,-0.543484,-9.782708
1816982212,0.347159,-0.462081,-9.799467
1816983389,0.292093,-0.497994,-9.866506
1816984576,0.318429,-0.471658,-9.799467
1816985763,0.294487,-0.469264,-9.787497
1816986951,0.325611,-0.524330,-9.768343
1816988133,0.282516,-0.476446,-9.804255
1816989315,0.328006,-0.462081,-9.864111
1816990495,0.359130,-0.454898,-9.720459
1816991680,0.385466,-0.466869,-9.797073
1816992880,0.397437,-0.524330,-9.823410
1816994077,0.356736,-0.526724,-9.751583
1816995264,0.371101,-0.521936,-9.945514
1816996446,0.330400,-0.469264,-9.916783
1816997632,0.323217,-0.514753,-9.981427
1816998825,0.385466,-0.450110,-9.955091
1817000015,0.318429,-0.500388,-9.909601
1817001203,0.306458,-0.519542,-9.818622
1817002379,0.347159,-0.500388,-9.799467
1817003562,0.344765,-0.524330,-9.799467
1817004748,0.316035,-0.526724,-9.753978
1817005934,0.356736,-0.512359,-9.734824
1817007117,0.342371,-0.517148,-9.799467
1817008313,0.320823,-0.538695,-9.768343
1817009494,0.304064,-0.553061,-9.828198
1817010678,0.378284,-0.553061,-9.880871
1817011877,0.339977,-0.507571,-9.916783
1817013075,0.318429,-0.519542,-9.801862
1817014265,0.368707,-0.538695,-9.746795
1817015447,0.342371,-0.560243,-9.811439
1817016634,0.316035,-0.507571,-9.852140
1817017831,0.318429,-0.526724,-9.866506
1817019024,0.335188,-0.565032,-9.866506
1817020215,0.284910,-0.521936,-9.852140
1817021391,0.284910,-0.545878,-9.868899
1817022574,0.347159,-0.548272,-9.813833
1817023761,0.332794,-0.541090,-9.888053
1817024949,0.323217,-0.488417,-9.878476
1817026132,0.320823,-0.471658,-9.861717
1817027319,0.304064,-0.493206,-9.797073
1817028503,0.251391,-0.497994,-9.861717
1817029692,0.263362,-0.550666,-9.909601
1817030883,0.299275,-0.538695,-9.904813
1817032074,0.337582,-0.524330,-9.926360
1817033263,0.287304,-0.550666,-9.832987
1817034445,0.294487,-0.560243,-9.880871
1817035631,0.308852,-0.514753,-9.852140
1817036828,0.342371,-0.462081,-9.816227
1817038022,0.306458,-0.526724,-9.950302
1817039210,0.328006,-0.529119,-9.825804
1817040385,0.385466,-0.507571,-9.775525
1817041568,0.397437,-0.488417,-9.773131
1817042752,0.440533,-0.486023,-9.777920
1817043937,0.392649,-0.493206,-9.725247
1817045120,0.397437,-0.505177,-9.696517
1817046314,0.361524,-0.569820,-9.718064
1817047492,0.387861,-0.555455,-9.734824
1817048679,0.395043,-0.478840,-9.756371
1817049878,0.325611,-0.519542,-9.749189
1817051077,0.284910,-0.502782,-9.777920
1817052266,0.320823,-0.454898,-9.998186
1817053448,0.294487,-0.543484,-10.101137
1817054635,0.296881,-0.550666,-10.117896
1817055833,0.308852,-0.533907,-10.048465
1817057020,0.282516,-0.553061,-10.096349
1817058208,0.282516,-0.531513,-10.022128
1817059383,0.323217,-0.502782,-10.000581
1817060564,0.282516,-0.548272,-9.981427
1817061748,0.335188,-0.495600,-10.012551
1817062934,0.339977,-0.486023,-10.034100
1817064114,0.306458,-0.459687,-10.060435
1817065303,0.356736,-0.486023,-9.794679
1817066481,0.368707,-0.572214,-9.746795
1817067662,0.363919,-0.591368,-9.777920
1817068860,0.311246,-0.553061,-9.888053
1817070055,0.318429,-0.569820,-9.787497
1817071237,0.445322,-0.493206,-9.727641
1817072419,0.347159,-0.502782,-9.732430
1817073602,0.368707,-0.466869,-9.868899
1817074795,0.392649,-0.526724,-9.823410
1817075977,0.289698,-0.500388,-9.852140
1817077167,0.287304,-0.486023,-9.923966
1817078354,0.359130,-0.495600,-9.935937
1817079544,0.320823,-0.476446,-9.988609
1817080731,0.328006,-0.435745,-9.938332
1817081922,0.301669,-0.462081,-9.935937
1817083107,0.390255,-0.474052,-9.955091
1817084296,0.380678,-0.464475,-9.844957
1817085479,0.373495,-0.545878,-9.935937
1817086663,0.366313,-0.543484,-9.926360
1817087861,0.356736,-0.538695,-9.801862
1817089057,0.356736,-0.543484,-9.792285
1817090240,0.373495,-0.493206,-9.789890
1817091418,0.356736,-0.481235,-9.861717
1817092602,0.366313,-0.476446,-9.763555
1817093793,0.342371,-0.538695,-9.787497
1817094975,0.416591,-0.555455,-9.880871
1817096167,0.375890,-0.538695,-9.794679
1817097349,0.399832,-0.526724,-9.849746
1817098538,0.380678,-0.497994,-9.837775
1817099726,0.344765,-0.512359,-9.835381
1817100918,0.339977,-0.505177,-9.825804
1817102103,0.351948,-0.488417,-9.806650
1817103293,0.397437,-0.521936,-9.801862
1817104463,0.349553,-0.490811,-9.842564
1817105646,0.342371,-0.486023,-9.919178
1817106834,0.387861,-0.543484,-9.919178
1817108026,0.342371,-0.548272,-9.847352
1817109214,0.363919,-0.493206,-9.907207
1817110393,0.313640,-0.500388,-9.928755
1817111570,0.328006,-0.529119,-9.971850
1817112760,0.359130,-0.541090,-10.014946
1817113941,0.392649,-0.529119,-9.995792
1817115129,0.339977,-0.474052,-9.995792
1817116311,0.359130,-0.524330,-9.940725
1817117496,0.299275,-0.500388,-9.935937
1817118677,0.356736,-0.459687,-9.900024
1817119880,0.383072,-0.500388,-9.928755
1817121072,0.390255,-0.500388,-9.883265
1817122261,0.359130,-0.505177,-9.890448
1817123437,0.335188,-0.514753,-9.928755
1817124628,0.356736,-0.517148,-9.835381
1817125822,0.260968,-0.545878,-9.859323
1817127017,0.306458,-0.572214,-9.868899
1817128203,0.330400,-0.541090,-9.787497
1817129381,0.371101,-0.514753,-9.849746
1817130559,0.423774,-0.452504,-9.842564
1817131748,0.330400,-0.488417,-9.844957
1817132929,0.306458,-0.488417,-9.878476
1817134120,0.332794,-0.507571,-9.832987
1817135311,0.349553,-0.529119,-9.844957
1817136498,0.375890,-0.507571,-9.825804
1817137678,0.387861,-0.488417,-9.840169
1817138882,0.342371,-0.514753,-9.868899
1817140069,0.325611,-0.517148,-9.892841
1817141259,0.282516,-0.538695,-9.859323
1817142437,0.306458,-0.505177,-9.763555
1817143628,0.301669,-0.507571,-9.830592
1817144820,0.311246,-0.474052,-9.856929
1817146016,0.349553,-0.519542,-9.840169
1817147201,0.337582,-0.483629,-9.830592
1817148381,0.349553,-0.526724,-9.859323
1817149560,0.363919,-0.512359,-9.923966
1817150749,0.378284,-0.555455,-9.837775
1817151929,0.371101,-0.569820,-9.856929
1817153120,0.330400,-0.505177,-9.885659
1817154302,0.280122,-0.531513,-9.900024
1817155488,0.359130,-0.536301,-9.904813
1817156666,0.373495,-0.474052,-10.000581
1817157867,0.385466,-0.502782,-9.861717
1817159059,0.356736,-0.483629,-9.758766
1817160249,0.342371,-0.478840,-9.770737
1817161426,0.316035,-0.536301,-9.852140
1817162612,0.359130,-0.514753,-9.909601
1817163803,0.390255,-0.538695,-10.022128
1817164990,0.354342,-0.562637,-9.854534
1817166172,0.308852,-0.605733,-9.818622
1817167358,0.318429,-0.507571,-9.914390
1817168544,0.399832,-0.469264,-9.880871
1817169734,0.337582,-0.502782,-9.832987
1817170921,0.282516,-0.531513,-9.897630
1817172110,0.316035,-0.514753,-9.916783
1817173295,0.347159,-0.524330,-9.909601
1817174477,0.371101,-0.493206,-9.947908
1817175653,0.311246,-0.476446,-9.967062
1817176853,0.351948,-0.464475,-9.804255
1817178041,0.354342,-0.521936,-9.842564
1817179229,0.299275,-0.550666,-9.895236
1817180399,0.337582,-0.517148,-9.873688
1817181580,0.344765,-0.497994,-9.821015
1817182764,0.361524,-0.505177,-9.804255
1817183953,0.347159,-0.490811,-9.739613
1817185135,0.411803,-0.512359,-9.794679
1817186317,0.351948,-0.500388,-9.777920
1817187497,0.347159,-0.502782,-9.823410
1817188681,0.404620,-0.490811,-9.809045
1817189878,0.368707,-0.526724,-9.787497
1817191076,0.359130,-0.517148,-9.775525
1817192267,0.330400,-0.507571,-9.837775
1817193446,0.299275,-0.495600,-9.821015
1817194632,0.366313,-0.464475,-9.900024
1817195828,0.363919,-0.514753,-9.938332
1817197022,0.349553,-0.517148,-9.885659
1817198214,0.342371,-0.541090,-9.897630
1817199389,0.335188,-0.502782,-9.926360
1817200571,0.339977,-0.548272,-9.986216
1817201759,0.311246,-0.562637,-9.897630
1817202945,0.316035,-0.514753,-9.916783
1817204125,0.351948,-0.442927,-9.955091
1817205320,0.337582,-0.440533,-9.907207
1817206500,0.368707,-0.517148,-9.926360
1817207681,0.363919,-0.509965,-9.897630
1817208879,0.363919,-0.493206,-9.844957
1817210077,0.392649,-0.493206,-9.804255
1817211267,0.342371,-0.486023,-9.866506
1817212449,0.318429,-0.497994,-10.026917
1817213636,0.325611,-0.531513,-9.969456
1817214829,0.363919,-0.598550,-9.876082
1817216022,0.339977,-0.536301,-9.868899
1817217214,0.323217,-0.471658,-9.868899
1817218390,0.399832,-0.514753,-10.014946
1817219574,0.308852,-0.493206,-9.945514
1817220760,0.363919,-0.469264,-9.876082
1817221950,0.373495,-0.517148,-9.880871
1817223132,0.306458,-0.598550,-9.840169
1817224313,0.308852,-0.495600,-9.888053
1817225497,0.339977,-0.493206,-9.995792
1817226684,0.272939,-0.521936,-9.859323
1817227884,0.318429,-0.555455,-9.909601
1817229073,0.313640,-0.495600,-9.943120
1817230257,0.339977,-0.524330,-9.861717
1817231436,0.356736,-0.509965,-9.866506
1817232618,0.342371,-0.481235,-9.873688
1817233815,0.323217,-0.474052,-9.849746
1817235001,0.351948,-0.507571,-9.885659
1817236187,0.395043,-0.476446,-9.825804
1817237364,0.349553,-0.524330,-9.911995
1817238542,0.311246,-0.519542,-9.892841
1817239730,0.344765,-0.531513,-9.900024
1817240921,0.289698,-0.517148,-9.962274
1817242107,0.359130,-0.509965,-9.890448
1817243296,0.392649,-0.526724,-9.921572
1817244474,0.349553,-0.500388,-9.888053
1817245656,0.371101,-0.450110,-9.911995
1817246849,0.328006,-0.488417,-9.888053
1817248041,0.330400,-0.533907,-9.919178
1817249221,0.387861,-0.497994,-9.868899
1817250402,0.311246,-0.557849,-9.878476
1817251584,0.277727,-0.464475,-9.928755
1817252778,0.308852,-0.500388,-9.909601
1817253961,0.294487,-0.500388,-9.923966
1817255144,0.222661,-0.502782,-9.840169
1817256320,0.275333,-0.502782,-9.892841
1817257506,0.342371,-0.519542,-9.888053
1817258683,0.325611,-0.502782,-9.811439
1817259884,0.339977,-0.507571,-9.856929
1817261071,0.256180,-0.476446,-9.873688
1817262261,0.253785,-0.567426,-9.926360
1817263438,0.265756,-0.524330,-9.923966
1817264629,0.342371,-0.462081,-9.758766
1817265820,0.301669,-0.454898,-9.821015
1817267016,0.318429,-0.476446,-9.856929
1817268201,0.325611,-0.486023,-9.821015
1817269382,0.313640,-0.486023,-9.794679
1817270560,0.294487,-0.476446,-9.861717
1817271748,0.308852,-0.447716,-9.837775
1817272930,0.347159,-0.507571,-9.844957
1817274121,0.320823,-0.471658,-9.883265
1817275312,0.342371,-0.474052,-9.888053
1817276495,0.311246,-0.478840,-9.885659
1817277676,0.344765,-0.495600,-9.890448
1817278876,0.363919,-0.533907,-9.840169
1817280069,0.342371,-0.555455,-9.825804
1817281258,0.354342,-0.531513,-9.785102
1817282435,0.366313,-0.514753,-9.763555
1817283627,0.366313,-0.526724,-9.868899
1817284821,0.411803,-0.495600,-9.859323
1817286013,0.349553,-0.531513,-9.856929
1817287199,0.351948,-0.531513,-9.787497
1817288380,0.380678,-0.519542,-9.789890
1817289558,0.378284,-0.533907,-9.926360
1817290748,0.349553,-0.502782,-9.835381
1817291927,0.306458,-0.481235,-9.809045
1817293116,0.328006,-0.555455,-9.866506
1817294300,0.328006,-0.543484,-9.816227
1817295487,0.330400,-0.483629,-9.830592
1817296663,0.392649,-0.524330,-9.780313
1817297865,0.356736,-0.497994,-9.852140
1817299057,0.332794,-0.430956,-9.825804
1817300248,0.361524,-0.445322,-9.852140
1817301425,0.347159,-0.457293,-9.854534
1817302614,0.335188,-0.462081,-9.864111
1817303803,0.320823,-0.476446,-9.852140
1817304989,0.301669,-0.495600,-9.861717
1817306169,0.347159,-0.488417,-9.866506
1817307350,0.368707,-0.512359,-9.816227
1817308534,0.375890,-0.493206,-9.789890
1817309725,0.342371,-0.545878,-9.916783
1817310911,0.342371,-0.517148,-9.883265
1817312102,0.356736,-0.507571,-9.873688
1817313288,0.320823,-0.560243,-9.876082
1817314461,0.332794,-0.541090,-9.871294
1817315649,0.371101,-0.541090,-9.842564
1817316840,0.339977,-0.512359,-9.792285
1817318029,0.356736,-0.529119,-9.777920
1817319221,0.359130,-0.550666,-9.821015
1817320396,0.335188,-0.507571,-9.895236
1817321579,0.392649,-0.553061,-9.801862
1817322765,0.323217,-0.517148,-9.897630
1817323952,0.301669,-0.557849,-9.876082
1817325133,0.234632,-0.541090,-9.777920
1817326313,0.328006,-0.545878,-9.801862
1817327499,0.354342,-0.505177,-9.856929
1817328683,0.292093,-0.474052,-9.916783
1817329881,0.313640,-0.502782,-9.967062
1817331078,0.284910,-0.524330,-9.957485
1817332268,0.306458,-0.512359,-9.900024
1817333447,0.359130,-0.536301,-9.883265
1817334633,0.351948,-0.529119,-9.976639
1817335832,0.284910,-0.517148,-9.909601
1817337024,0.292093,-0.514753,-9.940725
1817338215,0.296881,-0.514753,-9.955091
1817339391,0.323217,-0.514753,-9.938332
1817340575,0.287304,-0.505177,-9.861717
1817341761,0.316035,-0.519542,-9.840169
1817342950,0.301669,-0.507571,-9.971850
1817344131,0.313640,-0.536301,-9.947908
1817345311,0.359130,-0.529119,-9.835381
1817346498,0.320823,-0.464475,-9.880871
1817347684,0.265756,-0.524330,-9.852140
1817348882,0.299275,-0.531513,-9.931149
1817350074,0.320823,-0.545878,-9.804255
1817351261,0.316035,-0.541090,-9.794679
1817352441,0.335188,-0.531513,-9.852140
1817353627,0.268151,-0.545878,-9.943120
1817354826,0.325611,-0.512359,-9.868899
1817356018,0.332794,-0.488417,-9.909601
1817357207,0.311246,-0.529119,-9.947908
1817358384,0.301669,-0.574608,-9.842564
1817359566,0.368707,-0.519542,-9.911995
1817360749,0.351948,-0.536301,-9.890448
1817361936,0.323217,-0.548272,-9.885659
1817363118,0.268151,-0.529119,-9.871294
1817364306,0.301669,-0.524330,-9.816227
1817365489,0.296881,-0.512359,-9.840169
1817366675,0.349553,-0.509965,-9.885659
1817367875,0.287304,-0.500388,-9.811439
1817369070,0.325611,-0.521936,-9.856929
1817370256,0.311246,-0.536301,-9.868899
1817371438,0.289698,-0.529119,-9.806650
1817372620,0.299275,-0.514753,-9.806650
1817373816,0.383072,-0.497994,-9.909601
1817375000,0.323217,-0.560243,-9.871294
1817376187,0.337582,-0.565032,-9.921572
1817377363,0.383072,-0.536301,-9.923966
1817378544,0.337582,-0.507571,-9.847352
1817379732,0.287304,-0.550666,-9.914390
1817380922,0.306458,-0.541090,-9.911995
1817382106,0.397437,-0.505177,-9.770737
1817383296,0.351948,-0.524330,-9.828198
1817384474,0.349553,-0.543484,-9.852140
1817385657,0.323217,-0.533907,-9.770737
1817386851,0.325611,-0.497994,-9.871294
1817388042,0.299275,-0.509965,-9.849746
1817389224,0.318429,-0.454898,-9.828198
1817390411,0.395043,-0.471658,-9.864111
1817391593,0.354342,-0.507571,-9.823410
1817392785,0.366313,-0.514753,-9.938332
1817393965,0.347159,-0.536301,-9.837775
1817395155,0.328006,-0.505177,-9.792285
1817396330,0.318429,-0.471658,-9.794679
1817397517,0.339977,-0.495600,-9.871294
1817398692,0.287304,-0.490811,-9.873688
1817399887,0.323217,-0.536301,-9.866506
1817401075,0.299275,-0.567426,-9.828198
1817402271,0.335188,-0.533907,-9.861717
1817403445,0.296881,-0.541090,-9.880871
1817404635,0.323217,-0.512359,-9.900024
1817405824,0.351948,-0.553061,-9.821015
1817407017,0.363919,-0.548272,-9.856929
1817408203,0.347159,-0.497994,-9.801862
1817409384,0.328006,-0.543484,-9.809045
1817410558,0.339977,-0.550666,-9.849746
1817411748,0.366313,-0.500388,-9.804255
1817412928,0.330400,-0.447716,-9.809045
1817414118,0.313640,-0.502782,-9.799467
1817415302,0.325611,-0.500388,-9.809045
1817416483,0.339977,-0.543484,-9.809045
1817417661,0.387861,-0.502782,-9.871294
1817418863,0.342371,-0.505177,-9.880871
1817420051,0.335188,-0.560243,-9.888053
1817421237,0.368707,-0.548272,-9.909601
1817422413,0.323217,-0.507571,-9.849746
1817423606,0.330400,-0.538695,-9.837775
1817424790,0.347159,-0.555455,-9.871294
1817425977,0.287304,-0.548272,-9.864111
1817427165,0.316035,-0.507571,-9.854534
1817428345,0.318429,-0.512359,-9.892841
1817429529,0.335188,-0.529119,-9.962274
1817430722,0.363919,-0.462081,-9.902418
1817431911,0.337582,-0.531513,-9.909601
1817433101,0.292093,-0.553061,-9.871294
1817434285,0.306458,-0.509965,-9.871294
1817435459,0.359130,-0.517148,-9.837775
1817436642,0.385466,-0.478840,-9.849746
1817437832,0.344765,-0.488417,-9.844957
1817439026,0.344765,-0.488417,-9.859323
1817440219,0.284910,-0.536301,-9.789890
1817441394,0.294487,-0.497994,-9.806650
1817442576,0.318429,-0.529119,-9.823410
1817443763,0.320823,-0.526724,-9.856929
1817444953,0.328006,-0.471658,-9.861717
1817446134,0.328006,-0.469264,-9.806650
1817447314,0.361524,-0.483629,-9.897630
1817448500,0.373495,-0.450110,-9.900024
1817449684,0.339977,-0.500388,-9.890448
1817450882,0.349553,-0.529119,-9.878476
1817452078,0.361524,-0.538695,-9.835381
1817453269,0.316035,-0.569820,-9.837775
1817454451,0.320823,-0.500388,-9.904813
1817455634,0.328006,-0.514753,-9.888053
1817456831,0.335188,-0.509965,-9.885659
1817458024,0.366313,-0.486023,-9.916783
1817459216,0.328006,-0.524330,-9.897630
1817460390,0.337582,-0.533907,-9.919178
1817461573,0.311246,-0.507571,-9.844957
1817462759,0.301669,-0.495600,-9.849746
1817463945,0.330400,-0.519542,-9.823410
1817465122,0.318429,-0.476446,-9.888053
1817466317,0.349553,-0.502782,-9.928755
1817467499,0.337582,-0.495600,-9.866506
1817468684,0.325611,-0.514753,-9.897630
1817469883,0.316035,-0.509965,-9.907207
1817471073,0.339977,-0.490811,-9.835381
1817472260,0.330400,-0.521936,-9.828198
1817473437,0.339977,-0.509965,-9.900024
1817474619,0.366313,-0.538695,-9.878476
1817475816,0.313640,-0.474052,-9.852140
1817477000,0.344765,-0.519542,-9.907207
1817478186,0.363919,-0.545878,-9.842564
1817479363,0.335188,-0.526724,-9.940725
1817480554,0.330400,-0.505177,-9.825804
1817481741,0.330400,-0.557849,-9.842564
1817482927,0.344765,-0.509965,-9.852140
1817484113,0.375890,-0.495600,-9.842564
1817485302,0.390255,-0.529119,-9.902418
1817486480,0.330400,-0.567426,-9.892841
1817487661,0.383072,-0.517148,-9.895236
1817488859,0.399832,-0.495600,-9.849746
1817490052,0.335188,-0.490811,-9.840169
1817491233,0.335188,-0.545878,-9.818622
1817492415,0.378284,-0.565032,-9.811439
1817493599,0.380678,-0.507571,-9.892841
1817494791,0.390255,-0.533907,-9.890448
1817495972,0.349553,-0.536301,-9.859323
1817497162,0.354342,-0.536301,-9.916783
1817498349,0.373495,-0.531513,-10.098742
1817499530,0.347159,-0.521936,-9.947908
1817500708,0.407014,-0.543484,-9.878476
1817501910,0.313640,-0.545878,-9.856929
1817503092,0.359130,-0.505177,-9.818622
1817504281,0.397437,-0.531513,-9.823410
1817505449,0.387861,-0.550666,-9.821015
1817506639,0.349553,-0.512359,-9.926360
1817507828,0.354342,-0.502782,-9.835381
1817509025,0.361524,-0.526724,-9.876082
1817510212,0.332794,-0.574608,-9.868899
1817511393,0.342371,-0.550666,-9.765948
1817512571,0.318429,-0.502782,-9.732430
1817513762,0.373495,-0.562637,-9.797073
1817514944,0.335188,-0.533907,-9.809045
1817516130,0.323217,-0.495600,-9.821015
1817517305,0.375890,-0.493206,-9.852140
1817518492,0.323217,-0.509965,-9.931149
1817519674,0.347159,-0.545878,-9.904813
1817520878,0.287304,-0.497994,-9.852140
1817522071,0.337582,-0.533907,-9.871294
1817523260,0.351948,-0.509965,-9.919178
1817524438,0.363919,-0.488417,-9.816227
1817525630,0.325611,-0.533907,-9.842564
1817526823,0.359130,-0.505177,-9.904813
1817528018,0.375890,-0.529119,-9.916783
1817529203,0.373495,-0.524330,-9.883265
1817530384,0.342371,-0.529119,-9.852140
1817531563,0.332794,-0.541090,-9.809045
1817532748,0.337582,-0.478840,-9.873688
1817533931,0.392649,-0.483629,-9.919178
1817535123,0.375890,-0.486023,-9.883265
1817536313,0.344765,-0.524330,-9.828198
1817537495,0.368707,-0.512359,-9.871294
1817538677,0.404620,-0.529119,-9.852140
1817539880,0.339977,-0.555455,-9.938332
1817541074,0.335188,-0.526724,-9.895236
1817542269,0.301669,-0.488417,-9.926360
1817543445,0.316035,-0.514753,-9.911995
1817544638,0.277727,-0.588974,-9.842564
1817545827,0.359130,-0.548272,-9.897630
1817547024,0.349553,-0.512359,-9.706094
1817548211,0.361524,-0.507571,-9.811439
1817549392,0.363919,-0.519542,-9.816227
1817550571,0.363919,-0.536301,-9.840169
1817551761,0.359130,-0.548272,-9.880871
1817552943,0.292093,-0.526724,-9.871294
1817554129,0.246603,-0.505177,-9.952697
1817555306,0.294487,-0.466869,-9.914390
1817556497,0.332794,-0.493206,-9.919178
1817557679,0.351948,-0.495600,-9.878476
1817558882,0.289698,-0.471658,-9.878476
1817560076,0.292093,-0.526724,-9.880871
1817561271,0.308852,-0.524330,-9.883265
1817562447,0.308852,-0.536301,-9.971850
1817563637,0.339977,-0.541090,-9.866506
1817564824,0.368707,-0.550666,-9.935937
1817566020,0.277727,-0.505177,-9.938332
1817567205,0.287304,-0.514753,-9.888053
1817568386,0.339977,-0.517148,-9.926360
1817569564,0.363919,-0.536301,-9.933543
1817570752,0.373495,-0.541090,-9.868899
1817571933,0.366313,-0.497994,-9.835381
1817573119,0.361524,-0.464475,-9.806650
1817574309,0.342371,-0.483629,-9.804255
1817575491,0.316035,-0.524330,-9.816227
1817576672,0.237026,-0.541090,-9.871294
1817577873,0.323217,-0.505177,-9.892841
1817579064,0.363919,-0.476446,-9.809045
1817580253,0.306458,-0.497994,-9.926360
1817581430,0.277727,-0.497994,-9.959879
1817582619,0.304064,-0.488417,-9.933543
1817583810,0.347159,-0.445322,-9.916783
1817584997,0.306458,-0.483629,-9.854534
1817586179,0.325611,-0.529119,-9.902418
1817587361,0.368707,-0.507571,-9.969456
1817588539,0.313640,-0.529119,-9.890448
1817589731,0.308852,-0.531513,-9.797073
1817590916,0.342371,-0.524330,-9.806650
1817592105,0.344765,-0.512359,-9.864111
1817593288,0.361524,-0.505177,-9.830592
1817594473,0.308852,-0.533907,-9.883265
1817595651,0.361524,-0.529119,-9.928755
1817596851,0.332794,-0.507571,-9.871294
1817598039,0.363919,-0.553061,-9.873688
1817599226,0.337582,-0.517148,-9.852140
1817600402,0.328006,-0.476446,-9.809045
1817601586,0.402226,-0.478840,-9.909601
1817602771,0.351948,-0.514753,-9.890448
1817603962,0.375890,-0.517148,-9.926360
1817605147,0.282516,-0.577003,-9.897630
1817606327,0.335188,-0.548272,-9.775525
1817607509,0.354342,-0.483629,-9.828198
1817608693,0.316035,-0.493206,-9.852140
1817609886,0.368707,-0.517148,-9.945514
1817611078,0.289698,-0.526724,-9.883265
1817612270,0.323217,-0.471658,-9.866506
1817613451,0.332794,-0.457293,-9.919178
1817614638,0.330400,-0.462081,-9.821015
1817615829,0.342371,-0.483629,-9.801862
1817617022,0.397437,-0.495600,-9.868899
1817618212,0.339977,-0.517148,-9.801862
1817619388,0.328006,-0.483629,-9.749189
1817620572,0.361524,-0.450110,-9.892841
1817621755,0.342371,-0.459687,-9.914390
1817622942,0.366313,-0.514753,-9.821015
1817624124,0.426168,-0.478840,-9.780313
1817625318,0.301669,-0.550666,-9.801862
1817626495,0.335188,-0.531513,-9.914390
1817627681,0.342371,-0.533907,-9.782708
1817628880,0.366313,-0.545878,-9.911995
1817630078,0.342371,-0.502782,-9.888053
1817631268,0.328006,-0.478840,-9.794679
1817632449,0.363919,-0.495600,-9.737218
1817633636,0.375890,-0.488417,-9.806650
1817634833,0.296881,-0.497994,-9.897630
1817636026,0.347159,-0.514753,-9.794679
1817637219,0.359130,-0.524330,-9.823410
1817638394,0.304064,-0.474052,-9.837775
1817639575,0.342371,-0.545878,-9.888053
1817640762,0.301669,-0.562637,-9.873688
1817641952,0.335188,-0.500388,-9.938332
1817643133,0.296881,-0.471658,-9.923966
1817644315,0.268151,-0.440533,-9.866506
1817645496,0.361524,-0.462081,-9.859323
1817646682,0.301669,-0.495600,-9.811439
1817647878,0.354342,-0.507571,-9.744401
1817649075,0.253785,-0.519542,-9.868899
1817650266,0.292093,-0.512359,-9.945514
1817651448,0.316035,-0.514753,-9.947908
1817652634,0.256180,-0.512359,-9.878476
1817653832,0.275333,-0.517148,-9.873688
1817655026,0.373495,-0.519542,-9.876082
1817656217,0.330400,-0.507571,-9.823410
1817657391,0.280122,-0.493206,-9.823410
1817658572,0.313640,-0.550666,-9.873688
1817659755,0.339977,-0.519542,-9.876082
1817660942,0.299275,-0.466869,-9.950302
1817662123,0.335188,-0.579397,-9.921572
1817663319,0.351948,-0.543484,-9.844957
1817664506,0.318429,-0.517148,-9.876082
1817665694,0.351948,-0.541090,-9.876082
1817666887,0.354342,-0.505177,-9.847352
1817668078,0.323217,-0.529119,-9.864111
1817669263,0.335188,-0.502782,-9.792285
1817670445,0.294487,-0.521936,-9.818622
1817671632,0.325611,-0.557849,-9.837775
1817672831,0.306458,-0.514753,-9.782708
1817674024,0.311246,-0.466869,-9.753978
1817675216,0.308852,-0.517148,-9.780313
1817676391,0.339977,-0.517148,-9.883265
1817677575,0.421380,-0.550666,-9.847352
1817678761,0.330400,-0.517148,-9.868899
1817679946,0.325611,-0.545878,-9.828198
1817681129,0.337582,-0.519542,-9.873688
1817682312,0.284910,-0.524330,-9.842564
1817683498,0.268151,-0.519542,-9.868899
1817684684,0.313640,-0.471658,-9.876082
1817685883,0.294487,-0.507571,-9.876082
1817687077,0.320823,-0.526724,-9.955091
1817688267,0.294487,-0.521936,-9.890448
1817689449,0.232238,-0.514753,-9.809045
1817690635,0.311246,-0.555455,-9.852140
1817691833,0.347159,-0.483629,-9.868899
1817693027,0.347159,-0.478840,-9.878476
1817694219,0.356736,-0.509965,-9.878476
1817695395,0.339977,-0.517148,-9.873688
1817696578,0.296881,-0.560243,-9.840169
1817697764,0.316035,-0.584185,-9.840169
1817698954,0.294487,-0.538695,-9.880871
1817700136,0.320823,-0.512359,-9.974244
1817701317,0.368707,-0.524330,-9.842564
1817702498,0.304064,-0.490811,-9.883265
1817703683,0.351948,-0.507571,-9.935937
1817704883,0.313640,-0.560243,-9.935937
1817706078,0.344765,-0.543484,-9.959879
1817707270,0.332794,-0.495600,-9.883265
1817708451,0.325611,-0.507571,-9.813833
1817709637,0.407014,-0.497994,-9.797073
1817710833,0.440533,-0.512359,-9.816227
1817712025,0.378284,-0.538695,-9.797073
1817713216,0.402226,-0.502782,-9.806650
1817714391,0.421380,-0.517148,-9.837775
1817715573,0.361524,-0.529119,-9.830592
1817716754,0.335188,-0.507571,-9.797073
1817717940,0.313640,-0.500388,-9.909601
1817719119,0.371101,-0.543484,-9.878476
1817720309,0.311246,-0.476446,-9.835381
1817721497,0.304064,-0.478840,-9.830592
1817722681,0.323217,-0.555455,-9.868899
1817723881,0.344765,-0.550666,-9.921572
1817725078,0.316035,-0.512359,-9.926360
1817726268,0.351948,-0.531513,-9.871294
1817727451,0.344765,-0.517148,-9.832987
1817728638,0.373495,-0.481235,-9.823410
1817729831,0.349553,-0.514753,-9.813833
1817731025,0.349553,-0.517148,-9.835381
1817732217,0.351948,-0.505177,-9.969456
1817733394,0.330400,-0.514753,-9.979033
1817734580,0.313640,-0.524330,-9.885659
1817735766,0.371101,-0.521936,-9.856929
1817736956,0.368707,-0.497994,-9.828198
1817738135,0.335188,-0.488417,-9.856929
1817739317,0.311246,-0.529119,-9.864111
1817740499,0.380678,-0.478840,-9.859323
1817741685,0.332794,-0.502782,-9.900024
1817742880,0.328006,-0.533907,-9.837775
1817744076,0.383072,-0.531513,-9.830592
1817745266,0.344765,-0.476446,-9.900024
1817746446,0.308852,-0.500388,-9.895236
1817747632,0.289698,-0.495600,-9.876082
1817748826,0.311246,-0.497994,-9.885659
1817750015,0.311246,-0.512359,-9.916783
1817751206,0.320823,-0.500388,-9.897630
1817752380,0.260968,-0.519542,-9.844957
1817753563,0.272939,-0.533907,-9.811439
1817754748,0.287304,-0.502782,-9.813833
1817755934,0.347159,-0.495600,-9.835381
1817757113,0.339977,-0.497994,-9.780313
1817758301,0.323217,-0.512359,-9.816227
1817759485,0.363919,-0.550666,-9.797073
1817760667,0.380678,-0.545878,-9.854534
1817761865,0.316035,-0.507571,-9.854534
1817763060,0.294487,-0.490811,-9.900024
1817764241,0.306458,-0.502782,-9.876082
1817765420,0.320823,-0.476446,-9.876082
1817766603,0.323217,-0.459687,-9.801862
1817767796,0.301669,-0.497994,-9.787497
1817768978,0.332794,-0.541090,-9.823410
1817770169,0.368707,-0.536301,-9.849746
1817771344,0.316035,-0.541090,-9.847352
1817772531,0.337582,-0.517148,-9.804255
1817773709,0.306458,-0.517148,-9.849746
1817774910,0.265756,-0.517148,-9.890448
1817776093,0.263362,-0.548272,-9.911995
1817777283,0.339977,-0.505177,-9.885659
1817778450,0.301669,-0.536301,-9.816227
1817779641,0.311246,-0.533907,-9.849746
1817780826,0.349553,-0.507571,-9.849746
1817782024,0.328006,-0.565032,-9.811439
1817783208,0.363919,-0.521936,-9.890448
1817784389,0.359130,-0.521936,-9.825804
1817785564,0.373495,-0.541090,-9.933543
1817786751,0.351948,-0.526724,-9.895236
1817787932,0.318429,-0.476446,-9.897630
1817789123,0.268151,-0.509965,-9.890448
1817790308,0.296881,-0.550666,-9.773131
1817791499,0.306458,-0.521936,-9.825804
1817792680,0.304064,-0.519542,-9.775525
1817793884,0.325611,-0.462081,-9.801862
1817795070,0.328006,-0.514753,-9.897630
1817796258,0.301669,-0.526724,-9.904813
1817797435,0.363919,-0.526724,-9.883265
1817798623,0.363919,-0.533907,-9.847352
1817799815,0.325611,-0.524330,-9.804255
1817801002,0.339977,-0.512359,-9.782708
1817802184,0.335188,-0.517148,-9.825804
1817803365,0.366313,-0.469264,-9.816227
1817804552,0.332794,-0.423774,-9.856929
1817805747,0.359130,-0.502782,-9.852140
1817806928,0.361524,-0.538695,-9.847352
1817808120,0.277727,-0.538695,-9.868899
1817809306,0.241814,-0.497994,-9.911995
1817810490,0.337582,-0.531513,-9.943120
1817811671,0.318429,-0.505177,-9.883265
1817812874,0.330400,-0.517148,-9.897630
1817814063,0.371101,-0.486023,-9.816227
1817815253,0.347159,-0.454898,-9.933543
1817816431,0.313640,-0.517148,-9.895236
1817817619,0.342371,-0.541090,-9.825804
1817818809,0.335188,-0.493206,-9.809045
1817819995,0.325611,-0.507571,-9.856929
1817821177,0.325611,-0.548272,-9.842564
1817822358,0.318429,-0.497994,-9.854534
1817823545,0.294487,-0.505177,-9.828198
1817824737,0.335188,-0.531513,-9.816227
1817825918,0.323217,-0.500388,-9.806650
1817827106,0.339977,-0.502782,-9.794679
1817828291,0.320823,-0.533907,-9.868899
1817829479,0.380678,-0.476446,-9.876082
1817830656,0.395043,-0.567426,-9.830592
1817831855,0.368707,-0.474052,-9.823410
1817833042,0.311246,-0.505177,-9.856929
1817834229,0.392649,-0.502782,-9.816227
1817835400,0.296881,-0.497994,-9.967062
1817836586,0.311246,-0.545878,-9.909601
1817837772,0.313640,-0.533907,-9.928755
1817838961,0.323217,-0.560243,-9.931149
1817840143,0.325611,-0.555455,-9.859323
1817841336,0.363919,-0.512359,-9.878476
1817842510,0.387861,-0.500388,-9.904813
1817843692,0.330400,-0.579397,-9.859323
1817844885,0.316035,-0.524330,-9.787497
1817846075,0.308852,-0.483629,-9.868899
1817847263,0.335188,-0.505177,-9.923966
1817848444,0.299275,-0.519542,-9.883265
1817849623,0.366313,-0.488417,-9.818622
1817850817,0.399832,-0.435745,-9.854534
1817852001,0.380678,-0.483629,-9.840169
1817853184,0.351948,-0.478840,-9.888053
1817854360,0.294487,-0.495600,-9.873688
1817855550,0.284910,-0.536301,-9.813833
1817856739,0.342371,-0.502782,-9.799467
1817857924,0.313640,-0.538695,-9.823410
1817859109,0.246603,-0.553061,-9.825804
1817860298,0.280122,-0.495600,-9.832987
1817861473,0.335188,-0.517148,-9.821015
1817862656,0.294487,-0.490811,-9.907207
1817863840,0.311246,-0.519542,-9.859323
1817865034,0.373495,-0.500388,-9.844957
1817866213,0.378284,-0.514753,-9.806650
1817867394,0.385466,-0.471658,-9.921572
1817868573,0.375890,-0.514753,-9.832987
1817869764,0.328006,-0.502782,-9.876082
1817870944,0.344765,-0.519542,-9.842564
1817872129,0.325611,-0.476446,-9.832987
1817873320,0.299275,-0.531513,-9.945514
1817874504,0.342371,-0.519542,-9.844957
1817875681,0.380678,-0.509965,-9.816227
1817876884,0.438139,-0.529119,-9.816227
1817878073,0.378284,-0.478840,-9.859323
1817879260,0.363919,-0.478840,-9.883265
1817880437,0.289698,-0.502782,-9.852140
1817881625,0.294487,-0.505177,-9.825804
1817882816,0.287304,-0.541090,-9.938332
1817884011,0.284910,-0.536301,-9.911995
1817885191,0.289698,-0.526724,-9.854534
1817886373,0.375890,-0.497994,-9.861717
1817887557,0.306458,-0.497994,-9.885659
1817888748,0.368707,-0.574608,-9.902418
1817889929,0.373495,-0.545878,-9.876082
1817891120,0.328006,-0.517148,-9.847352
1817892305,0.296881,-0.545878,-9.861717
1817893489,0.366313,-0.464475,-9.921572
1817894668,0.316035,-0.509965,-9.878476
1817895869,0.344765,-0.536301,-9.787497
1817897061,0.316035,-0.488417,-9.787497
1817898251,0.308852,-0.500388,-9.840169
1817899426,0.311246,-0.474052,-9.840169
1817900614,0.294487,-0.526724,-9.871294
1817901806,0.325611,-0.538695,-9.840169
1817902990,0.363919,-0.495600,-9.856929
1817904171,0.337582,-0.550666,-9.868899
1817905363,0.296881,-0.445322,-9.904813
1817906547,0.313640,-0.536301,-9.940725
1817907739,0.339977,-0.553061,-9.888053
1817908918,0.351948,-0.519542,-9.940725
1817910108,0.332794,-0.476446,-9.938332
1817911294,0.351948,-0.457293,-9.900024
1817912474,0.237026,-0.569820,-9.900024
1817913649,0.299275,-0.497994,-9.885659
1817914849,0.289698,-0.502782,-9.919178
1817916038,0.359130,-0.447716,-9.902418
1817917224,0.339977,-0.447716,-9.880871
1817918400,0.280122,-0.490811,-9.890448
1817919584,0.311246,-0.478840,-9.888053
1817920770,0.347159,-0.476446,-9.876082
1817921960,0.289698,-0.517148,-9.900024
1817923140,0.380678,-0.521936,-9.928755
1817924322,0.359130,-0.550666,-9.888053
1817925502,0.277727,-0.514753,-9.914390
1817926688,0.287304,-0.493206,-9.888053
1817927881,0.316035,-0.521936,-9.923966
1817929078,0.318429,-0.533907,-9.923966
1817930269,0.316035,-0.502782,-9.892841
1817931450,0.378284,-0.495600,-9.864111
1817932636,0.378284,-0.507571,-9.890448
1817933833,0.373495,-0.553061,-9.950302
1817935025,0.320823,-0.553061,-9.890448
1817936214,0.356736,-0.531513,-9.813833
1817937390,0.339977,-0.488417,-9.801862
1817938578,0.339977,-0.486023,-9.892841
1817939765,0.323217,-0.488417,-9.943120
1817940955,0.299275,-0.505177,-9.914390
1817942136,0.323217,-0.519542,-9.952697
1817943319,0.339977,-0.502782,-9.947908
1817944500,0.308852,-0.529119,-9.890448
1817945685,0.316035,-0.531513,-9.935937
1817946885,0.335188,-0.524330,-9.900024
1817948074,0.332794,-0.512359,-9.904813
1817949260,0.308852,-0.488417,-9.876082
1817950438,0.366313,-0.490811,-9.856929
1817951621,0.371101,-0.497994,-9.883265
1817952817,0.390255,-0.497994,-9.873688
1817954003,0.354342,-0.507571,-9.959879
1817955189,0.308852,-0.548272,-9.911995
1817956366,0.373495,-0.541090,-9.983821
1817957547,0.363919,-0.497994,-9.854534
1817958735,0.299275,-0.474052,-9.830592
1817959926,0.332794,-0.512359,-9.811439
1817961114,0.349553,-0.478840,-9.907207
1817962303,0.390255,-0.507571,-9.921572
1817963485,0.339977,-0.538695,-9.866506
1817964668,0.339977,-0.500388,-9.876082
1817965865,0.339977,-0.459687,-9.926360
1817967061,0.311246,-0.476446,-9.923966
1817968247,0.318429,-0.466869,-9.911995
1817969428,0.330400,-0.474052,-9.921572
1817970610,0.361524,-0.471658,-9.921572
1817971807,0.323217,-0.486023,-9.979033
1817972988,0.318429,-0.560243,-9.902418
1817974173,0.294487,-0.507571,-9.928755
1817975360,0.323217,-0.524330,-9.904813
1817976550,0.308852,-0.519542,-9.923966
1817977740,0.299275,-0.543484,-9.885659
1817978927,0.416591,-0.526724,-9.892841
1817980115,0.368707,-0.569820,-9.849746
1817981304,0.299275,-0.536301,-9.765948
1817982483,0.287304,-0.488417,-9.818622
1817983666,0.347159,-0.474052,-9.897630
1817984863,0.299275,-0.507571,-9.844957
1817986059,0.282516,-0.497994,-9.813833
1817987242,0.296881,-0.493206,-9.868899
1817988424,0.320823,-0.541090,-9.866506
1817989605,0.354342,-0.497994,-9.950302
1817990797,0.344765,-0.529119,-9.835381
1817991977,0.316035,-0.502782,-9.842564
1817993163,0.308852,-0.512359,-9.837775
1817994350,0.335188,-0.545878,-9.885659
1817995534,0.359130,-0.466869,-9.825804
1817996712,0.344765,-0.500388,-9.861717
1817997910,0.392649,-0.497994,-9.823410
1817999093,0.404620,-0.519542,-9.909601
1818000281,0.380678,-0.486023,-9.928755
1818001447,0.332794,-0.464475,-9.813833
1818002639,0.368707,-0.483629,-9.828198
1818003828,0.368707,-0.466869,-9.926360
1818005021,0.351948,-0.450110,-9.928755
1818006206,0.337582,-0.507571,-9.909601
1818007385,0.294487,-0.495600,-9.926360
1818008559,0.328006,-0.538695,-9.801862
1818009748,0.344765,-0.517148,-9.806650
1818010929,0.433351,-0.512359,-9.775525
1818012121,0.359130,-0.560243,-9.794679
1818013306,0.356736,-0.555455,-9.840169
1818014489,0.339977,-0.509965,-9.730036
1818015663,0.292093,-0.526724,-9.866506
1818016862,0.311246,-0.536301,-9.804255
1818018050,0.359130,-0.550666,-9.852140
1818019235,0.404620,-0.512359,-9.809045
1818020404,0.325611,-0.490811,-9.849746
1818021595,0.359130,-0.553061,-9.756371
1818022783,0.356736,-0.497994,-9.842564
1818023975,0.397437,-0.469264,-9.859323
1818025162,0.323217,-0.481235,-9.883265
1818026342,0.359130,-0.481235,-9.837775
1818027526,0.375890,-0.462081,-9.806650
1818028707,0.332794,-0.505177,-9.897630
1818029901,0.335188,-0.531513,-9.947908
1818031087,0.335188,-0.483629,-9.888053
1818032273,0.375890,-0.438139,-9.775525
1818033454,0.363919,-0.442927,-9.780313
1818034641,0.335188,-0.471658,-9.866506
1818035834,0.318429,-0.459687,-9.885659
1818037028,0.337582,-0.493206,-9.900024
1818038218,0.385466,-0.526724,-9.852140
1818039394,0.397437,-0.519542,-9.890448
1818040577,0.371101,-0.567426,-9.868899
1818041760,0.351948,-0.474052,-9.816227
1818042946,0.294487,-0.478840,-9.904813
1818044125,0.280122,-0.526724,-9.943120
1818045319,0.344765,-0.497994,-9.921572
1818046501,0.399832,-0.541090,-9.835381
1818047687,0.356736,-0.474052,-9.854534
1818048887,0.361524,-0.524330,-9.852140
1818050077,0.328006,-0.466869,-9.782708
1818051263,0.387861,-0.488417,-9.753978
1818052445,0.378284,-0.493206,-9.828198
1818053632,0.378284,-0.459687,-9.842564
1818054830,0.325611,-0.469264,-9.816227
1818056024,0.296881,-0.529119,-9.830592
1818057215,0.332794,-0.524330,-9.849746
1818058391,0.407014,-0.507571,-9.844957
1818059577,0.375890,-0.483629,-9.830592
1818060763,0.342371,-0.509965,-9.842564
1818061953,0.251391,-0.497994,-9.873688
1818063136,0.328006,-0.529119,-9.811439
1818064317,0.325611,-0.509965,-9.911995
1818065503,0.318429,-0.483629,-9.988609
1818066691,0.318429,-0.507571,-9.885659
1818067886,0.359130,-0.497994,-9.979033
1818069076,0.287304,-0.524330,-9.880871
1818070262,0.361524,-0.512359,-9.859323
1818071445,0.287304,-0.533907,-9.967062
1818072630,0.335188,-0.565032,-9.885659
1818073828,0.409408,-0.529119,-9.880871
1818075018,0.378284,-0.541090,-9.789890
1818076207,0.344765,-0.474052,-9.749189
1818077384,0.356736,-0.533907,-9.854534
1818078564,0.342371,-0.524330,-9.864111
1818079748,0.287304,-0.495600,-9.818622
1818080933,0.323217,-0.507571,-9.900024
1818082119,0.359130,-0.533907,-9.880871
1818083307,0.383072,-0.548272,-9.842564
1818084484,0.392649,-0.553061,-9.852140
1818085667,0.380678,-0.548272,-9.911995
1818086865,0.366313,-0.531513,-9.830592
1818088061,0.351948,-0.545878,-9.847352
1818089241,0.277727,-0.502782,-9.871294
1818090422,0.328006,-0.481235,-9.806650
1818091603,0.378284,-0.536301,-9.904813
1818092795,0.323217,-0.483629,-9.957485
1818093978,0.306458,-0.565032,-9.897630
1818095166,0.361524,-0.514753,-9.902418
1818096343,0.363919,-0.505177,-9.926360
1818097530,0.339977,-0.497994,-9.916783
1818098709,0.342371,-0.569820,-9.923966
1818099910,0.390255,-0.533907,-9.840169
1818101091,0.416591,-0.466869,-9.832987
1818102282,0.390255,-0.507571,-9.873688
1818103448,0.356736,-0.493206,-9.811439
1818104640,0.344765,-0.514753,-9.835381
1818105829,0.306458,-0.524330,-9.792285
1818107024,0.363919,-0.536301,-9.789890
1818108209,0.380678,-0.584185,-9.816227
1818109390,0.313640,-0.517148,-9.816227
1818110568,0.332794,-0.533907,-9.854534
1818111756,0.280122,-0.517148,-9.794679
1818112935,0.316035,-0.521936,-9.844957
1818114121,0.383072,-0.591368,-9.801862
1818115305,0.378284,-0.560243,-9.794679
1818116488,0.323217,-0.454898,-9.758766
1818117667,0.299275,-0.514753,-9.835381
1818118871,0.351948,-0.476446,-9.883265
1818120063,0.339977,-0.514753,-9.883265
1818121253,0.308852,-0.519542,-9.895236
1818122428,0.328006,-0.500388,-9.832987
1818123614,0.280122,-0.505177,-9.794679
1818124805,0.351948,-0.500388,-9.916783
1818125991,0.339977,-0.447716,-9.914390
1818127173,0.294487,-0.526724,-9.964667
1818128365,0.282516,-0.526724,-9.892841
1818129552,0.299275,-0.529119,-9.883265
1818130746,0.337582,-0.478840,-9.883265
1818131926,0.335188,-0.488417,-9.919178
1818133116,0.361524,-0.509965,-9.909601
1818134301,0.277727,-0.497994,-9.852140
1818135483,0.313640,-0.560243,-9.971850
1818136660,0.270545,-0.545878,-9.911995
1818137863,0.306458,-0.586579,-9.835381
1818139051,0.330400,-0.507571,-9.928755
1818140236,0.277727,-0.488417,-9.945514
1818141414,0.320823,-0.500388,-9.835381
1818142599,0.316035,-0.512359,-9.866506
1818143786,0.347159,-0.514753,-9.849746
1818144979,0.318429,-0.562637,-9.909601
1818146165,0.296881,-0.512359,-9.876082
1818147357,0.354342,-0.462081,-9.883265
1818148541,0.363919,-0.514753,-9.919178
1818149734,0.339977,-0.538695,-9.871294
1818150921,0.351948,-0.524330,-9.813833
1818152114,0.308852,-0.509965,-9.818622
1818153298,0.323217,-0.519542,-9.890448
1818154481,0.332794,-0.514753,-9.821015
1818155659,0.287304,-0.495600,-9.830592
1818156857,0.354342,-0.483629,-9.852140
1818158045,0.294487,-0.495600,-9.844957
1818159231,0.275333,-0.507571,-9.832987
1818160402,0.308852,-0.519542,-9.830592
1818161593,0.308852,-0.517148,-9.907207
1818162780,0.325611,-0.497994,-9.873688
1818163970,0.284910,-0.507571,-9.928755
1818165155,0.363919,-0.512359,-9.861717
1818166337,0.371101,-0.507571,-9.871294
1818167518,0.351948,-0.493206,-9.986216
1818168698,0.294487,-0.502782,-9.959879
1818169889,0.313640,-0.478840,-9.907207
1818171078,0.301669,-0.512359,-9.885659
1818172269,0.368707,-0.483629,-9.904813
1818173447,0.404620,-0.521936,-9.871294
1818174633,0.361524,-0.486023,-9.837775
1818175831,0.253785,-0.545878,-9.900024
1818177023,0.294487,-0.490811,-9.883265
1818178213,0.294487,-0.490811,-9.797073
1818179388,0.294487,-0.505177,-9.806650
1818180570,0.251391,-0.519542,-9.897630
1818181753,0.265756,-0.507571,-9.916783
1818182939,0.318429,-0.569820,-9.835381
1818184122,0.311246,-0.500388,-9.782708
1818185311,0.282516,-0.481235,-9.765948
1818186487,0.306458,-0.490811,-9.861717
1818187669,0.339977,-0.519542,-9.770737
1818188867,0.342371,-0.478840,-9.770737
1818190062,0.323217,-0.497994,-9.825804
1818191242,0.328006,-0.569820,-9.725247
1818192422,0.335188,-0.495600,-9.775525
1818193605,0.268151,-0.447716,-9.794679
1818194798,0.335188,-0.452504,-9.780313
1818195977,0.332794,-0.476446,-9.768343
1818197165,0.347159,-0.457293,-9.837775
1818198342,0.335188,-0.512359,-9.926360
1818199530,0.342371,-0.490811,-9.883265
1818200708,0.339977,-0.481235,-9.895236
1818201910,0.387861,-0.500388,-9.878476
1818203092,0.373495,-0.466869,-9.940725
1818204282,0.316035,-0.517148,-9.933543
1818205449,0.284910,-0.509965,-9.897630
1818206639,0.263362,-0.476446,-9.883265
1818207833,0.378284,-0.497994,-9.991004
1818209030,0.308852,-0.524330,-9.864111
1818210217,0.311246,-0.560243,-9.935937
1818211398,0.325611,-0.526724,-9.943120
1818212581,0.313640,-0.553061,-9.979033
1818213771,0.325611,-0.509965,-9.885659
1818214957,0.289698,-0.555455,-9.873688
1818216144,0.251391,-0.538695,-9.926360
1818217318,0.332794,-0.533907,-9.919178
1818218504,0.313640,-0.531513,-9.902418
1818219685,0.335188,-0.502782,-9.844957
1818220889,0.349553,-0.457293,-9.955091
1818222075,0.359130,-0.507571,-9.921572
1818223265,0.328006,-0.466869,-9.911995
1818224441,0.325611,-0.459687,-9.852140
1818225632,0.337582,-0.519542,-9.797073
1818226826,0.418985,-0.517148,-9.816227
1818228023,0.380678,-0.541090,-9.866506
1818229206,0.335188,-0.529119,-9.823410
1818230387,0.294487,-0.533907,-9.775525
1818231568,0.320823,-0.507571,-9.864111
1818232755,0.354342,-0.524330,-9.892841
1818233937,0.390255,-0.507571,-9.892841
1818235121,0.385466,-0.488417,-9.816227
1818236308,0.339977,-0.526724,-9.902418
1818237491,0.311246,-0.588974,-9.885659
1818238670,0.337582,-0.553061,-9.799467
1818239872,0.378284,-0.497994,-9.811439
1818241066,0.378284,-0.531513,-9.849746
1818242256,0.318429,-0.514753,-9.753978
1818243434,0.339977,-0.512359,-9.830592
1818244622,0.366313,-0.497994,-9.804255
1818245814,0.387861,-0.466869,-9.876082
1818247010,0.292093,-0.572214,-9.832987
1818248192,0.320823,-0.557849,-9.904813
1818249373,0.332794,-0.574608,-9.897630
1818250549,0.356736,-0.514753,-9.856929
1818251743,0.344765,-0.452504,-9.878476
1818252926,0.332794,-0.488417,-9.871294
1818254116,0.287304,-0.524330,-9.837775
1818255298,0.335188,-0.517148,-9.892841
1818256484,0.313640,-0.505177,-9.900024
1818257660,0.325611,-0.555455,-9.938332
1818258862,0.241814,-0.591368,-9.923966
1818260051,0.342371,-0.507571,-9.830592
1818261238,0.308852,-0.497994,-9.830592
1818262414,0.282516,-0.541090,-9.818622
1818263598,0.359130,-0.565032,-9.909601
1818264785,0.385466,-0.555455,-9.866506
1818265977,0.289698,-0.471658,-9.830592
1818267162,0.306458,-0.478840,-9.840169
1818268342,0.311246,-0.553061,-9.864111
1818269525,0.344765,-0.521936,-9.880871
1818270707,0.335188,-0.531513,-9.775525
1818271902,0.337582,-0.486023,-9.835381
1818273089,0.375890,-0.505177,-9.844957
1818274273,0.337582,-0.464475,-9.785102
1818275455,0.320823,-0.464475,-9.804255
1818276640,0.328006,-0.447716,-9.789890
1818277832,0.366313,-0.524330,-9.828198
1818279025,0.356736,-0.550666,-9.758766
1818280215,0.361524,-0.507571,-9.856929
1818281392,0.366313,-0.517148,-9.816227
1818282575,0.323217,-0.509965,-9.859323
1818283762,0.344765,-0.533907,-9.854534
1818284948,0.337582,-0.495600,-9.849746
1818286130,0.361524,-0.476446,-9.753978
1818287325,0.351948,-0.459687,-9.770737
1818288509,0.330400,-0.505177,-9.734824
1818289695,0.277727,-0.512359,-9.830592
1818290890,0.349553,-0.514753,-9.828198
1818292078,0.265756,-0.505177,-9.837775
1818293261,0.323217,-0.507571,-9.842564
1818294443,0.335188,-0.514753,-9.828198
1818295630,0.318429,-0.574608,-9.902418
1818296827,0.316035,-0.505177,-9.854534
1818298018,0.277727,-0.486023,-9.765948
1818299208,0.294487,-0.500388,-9.842564
1818300384,0.289698,-0.500388,-9.904813
1818301570,0.304064,-0.526724,-9.830592
1818302752,0.337582,-0.517148,-9.876082
1818303939,0.294487,-0.514753,-9.993398
1818305122,0.308852,-0.481235,-9.892841
1818306312,0.342371,-0.490811,-9.923966
1818307490,0.351948,-0.500388,-9.952697
1818308676,0.335188,-0.517148,-9.904813
1818309871,0.378284,-0.533907,-9.928755
1818311067,0.335188,-0.481235,-9.947908
1818312253,0.294487,-0.500388,-9.933543
1818313434,0.339977,-0.545878,-9.900024
1818314616,0.356736,-0.550666,-9.859323
1818315812,0.323217,-0.533907,-9.904813
1818316993,0.277727,-0.495600,-9.902418
1818318179,0.344765,-0.517148,-9.959879
1818319366,0.313640,-0.526724,-9.914390
1818320556,0.347159,-0.502782,-9.931149
1818321746,0.380678,-0.517148,-9.921572
1818322933,0.416591,-0.488417,-9.890448
1818324120,0.335188,-0.495600,-9.873688
1818325309,0.299275,-0.512359,-9.919178
1818326493,0.330400,-0.507571,-9.866506
1818327677,0.347159,-0.481235,-9.904813
1818328876,0.347159,-0.462081,-9.916783
1818330072,0.387861,-0.507571,-9.868899
1818331258,0.332794,-0.553061,-9.818622
1818332440,0.301669,-0.478840,-9.868899
1818333623,0.328006,-0.466869,-9.895236
1818334818,0.330400,-0.478840,-9.991004
1818335997,0.361524,-0.529119,-9.943120
1818337184,0.308852,-0.490811,-9.871294
1818338357,0.287304,-0.495600,-9.811439
1818339547,0.361524,-0.519542,-9.873688
1818340735,0.339977,-0.502782,-9.890448
1818341926,0.316035,-0.478840,-9.844957
1818343111,0.380678,-0.517148,-9.916783
1818344301,0.280122,-0.514753,-9.931149
1818345479,0.282516,-0.502782,-9.847352
1818346659,0.311246,-0.531513,-9.864111
1818347855,0.328006,-0.502782,-9.931149
1818349046,0.316035,-0.560243,-10.017340
1818350227,0.330400,-0.536301,-9.868899
1818351406,0.277727,-0.555455,-9.938332
1818352581,0.349553,-0.495600,-9.911995
1818353772,0.426168,-0.481235,-9.809045
1818354957,0.414197,-0.474052,-9.844957
1818356144,0.356736,-0.488417,-9.947908
1818357326,0.328006,-0.478840,-9.947908
1818358510,0.325611,-0.478840,-9.919178
1818359693,0.375890,-0.533907,-10.005369
1818360891,0.323217,-0.517148,-9.900024
1818362076,0.337582,-0.497994,-9.871294
1818363272,0.308852,-0.505177,-9.900024
1818364446,0.344765,-0.567426,-9.919178
1818365638,0.356736,-0.548272,-9.986216
1818366829,0.359130,-0.502782,-9.969456
1818368025,0.363919,-0.452504,-9.837775
1818369211,0.347159,-0.493206,-9.878476
1818370391,0.363919,-0.500388,-9.825804
1818371568,0.330400,-0.497994,-9.780313
1818372755,0.366313,-0.526724,-9.837775
1818373937,0.421380,-0.514753,-9.871294
1818375122,0.306458,-0.452504,-9.900024
1818376305,0.337582,-0.464475,-9.842564
1818377489,0.363919,-0.495600,-9.809045
1818378665,0.409408,-0.483629,-9.832987
1818379867,0.387861,-0.493206,-9.878476
1818381058,0.392649,-0.462081,-9.849746
1818382245,0.339977,-0.507571,-9.775525
1818383422,0.349553,-0.502782,-9.751583
1818384610,0.397437,-0.514753,-9.646238
1818385799,0.366313,-0.447716,-9.770737
1818386986,0.368707,-0.471658,-9.801862
1818388166,0.325611,-0.519542,-9.837775
1818389358,0.366313,-0.505177,-9.804255
1818390536,0.421380,-0.500388,-9.746795
1818391727,0.363919,-0.502782,-9.801862
1818392911,0.361524,-0.502782,-9.797073
1818394097,0.359130,-0.459687,-9.789890
1818395282,0.378284,-0.481235,-9.782708
1818396464,0.339977,-0.548272,-9.765948
1818397641,0.342371,-0.512359,-9.837775
1818398835,0.380678,-0.490811,-9.864111
1818400028,0.380678,-0.493206,-9.821015
1818401218,0.335188,-0.500388,-9.835381
1818402394,0.280122,-0.509965,-9.914390
1818403575,0.320823,-0.514753,-9.902418
1818404758,0.323217,-0.512359,-9.806650
1818405944,0.308852,-0.483629,-9.840169
1818407125,0.383072,-0.493206,-9.809045
1818408313,0.390255,-0.464475,-9.900024
1818409490,0.292093,-0.543484,-9.916783
1818410676,0.313640,-0.529119,-9.916783
1818411871,0.339977,-0.481235,-9.878476
1818413068,0.256180,-0.531513,-9.895236
1818414253,0.323217,-0.572214,-9.885659
1818415435,0.349553,-0.591368,-9.878476
1818416619,0.371101,-0.533907,-9.866506
1818417814,0.363919,-0.555455,-9.911995
1818418997,0.349553,-0.550666,-9.914390
1818420183,0.368707,-0.536301,-9.837775
1818421357,0.330400,-0.557849,-9.801862
1818422538,0.361524,-0.567426,-9.761160
1818423725,0.328006,-0.509965,-9.785102
1818424914,0.272939,-0.550666,-9.911995
1818426095,0.366313,-0.495600,-9.902418
1818427284,0.347159,-0.541090,-9.935937
1818428455,0.335188,-0.507571,-9.916783
1818429647,0.375890,-0.502782,-9.888053
1818430834,0.342371,-0.524330,-9.888053
1818432031,0.335188,-0.512359,-9.895236
1818433219,0.373495,-0.519542,-9.986216
1818434400,0.347159,-0.543484,-9.888053
1818435579,0.392649,-0.507571,-9.782708
1818436769,0.383072,-0.500388,-9.861717
1818437953,0.349553,-0.502782,-9.911995
1818439137,0.323217,-0.483629,-9.880871
1818440314,0.256180,-0.553061,-9.995792
1818441504,0.292093,-0.543484,-9.940725
1818442685,0.280122,-0.512359,-9.883265
1818443889,0.311246,-0.488417,-9.909601
1818445072,0.330400,-0.533907,-9.852140
1818446260,0.375890,-0.493206,-9.926360
1818447435,0.265756,-0.533907,-9.923966
1818448623,0.277727,-0.526724,-9.945514
1818449816,0.306458,-0.593762,-9.883265
1818451012,0.296881,-0.548272,-9.907207
1818452192,0.265756,-0.524330,-9.904813
1818453373,0.294487,-0.533907,-9.914390
1818454554,0.306458,-0.488417,-9.935937
1818455748,0.323217,-0.447716,-9.919178
1818456928,0.349553,-0.469264,-9.888053
1818458118,0.328006,-0.543484,-9.880871
1818459302,0.380678,-0.478840,-9.880871
1818460483,0.368707,-0.509965,-9.926360
1818461660,0.335188,-0.531513,-9.873688
1818462863,0.337582,-0.486023,-9.888053
1818464051,0.304064,-0.507571,-9.878476
1818465237,0.359130,-0.481235,-9.813833
1818466408,0.289698,-0.486023,-9.844957
1818467591,0.318429,-0.536301,-9.895236
1818468780,0.363919,-0.495600,-9.885659
1818469969,0.304064,-0.490811,-9.897630
1818471152,0.301669,-0.497994,-9.921572
1818472344,0.351948,-0.550666,-9.847352
1818473521,0.301669,-0.447716,-9.880871
1818474703,0.344765,-0.497994,-9.837775
1818475898,0.296881,-0.459687,-9.830592
1818477082,0.349553,-0.452504,-9.780313
1818478272,0.356736,-0.464475,-9.916783
1818479454,0.318429,-0.500388,-9.883265
1818480640,0.275333,-0.488417,-9.770737
1818481838,0.294487,-0.493206,-9.835381
1818483025,0.323217,-0.509965,-9.880871
1818484214,0.368707,-0.507571,-9.844957
1818485390,0.373495,-0.505177,-9.900024
1818486576,0.383072,-0.533907,-9.916783
1818487759,0.411803,-0.529119,-9.945514
1818488945,0.296881,-0.507571,-9.967062
1818490127,0.294487,-0.454898,-9.818622
1818491322,0.323217,-0.483629,-9.902418
1818492503,0.313640,-0.533907,-9.897630
1818493688,0.292093,-0.533907,-9.840169
1818494886,0.292093,-0.517148,-9.844957
1818496078,0.308852,-0.476446,-9.871294
1818497269,0.371101,-0.471658,-9.823410
1818498450,0.385466,-0.531513,-9.861717
1818499637,0.375890,-0.533907,-9.830592
1818500834,0.392649,-0.493206,-9.856929
1818502027,0.347159,-0.497994,-9.816227
1818503219,0.359130,-0.509965,-9.844957
1818504395,0.313640,-0.543484,-9.835381
1818505578,0.280122,-0.536301,-9.892841
1818506758,0.397437,-0.471658,-9.931149
1818507945,0.402226,-0.505177,-9.897630
1818509123,0.387861,-0.521936,-9.825804
1818510313,0.371101,-0.476446,-9.763555
1818511492,0.373495,-0.481235,-9.773131
1818512678,0.347159,-0.524330,-9.835381
1818513878,0.316035,-0.474052,-9.921572
1818515073,0.375890,-0.505177,-9.950302
1818516257,0.313640,-0.440533,-9.876082
1818517437,0.289698,-0.541090,-9.804255
1818518619,0.282516,-0.478840,-9.823410
1818519812,0.313640,-0.462081,-9.825804
1818520993,0.359130,-0.507571,-9.830592
1818522178,0.390255,-0.574608,-9.832987
1818523360,0.378284,-0.495600,-9.876082
1818524550,0.385466,-0.464475,-9.878476
1818525738,0.296881,-0.450110,-9.835381
1818526929,0.318429,-0.486023,-9.832987
1818528115,0.299275,-0.466869,-9.809045
1818529304,0.296881,-0.466869,-9.830592
1818530483,0.316035,-0.507571,-9.792285
1818531665,0.351948,-0.533907,-9.864111
1818532863,0.351948,-0.557849,-9.921572
1818534056,0.361524,-0.533907,-9.835381
1818535239,0.335188,-0.481235,-9.849746
1818536421,0.344765,-0.569820,-9.773131
1818537604,0.318429,-0.514753,-9.837775
1818538795,0.244209,-0.507571,-9.806650
1818539975,0.284910,-0.514753,-9.868899
1818541165,0.304064,-0.514753,-9.852140
1818542351,0.335188,-0.483629,-9.928755
1818543535,0.299275,-0.507571,-9.902418
1818544712,0.323217,-0.519542,-9.938332
1818545910,0.304064,-0.557849,-9.902418
1818547089,0.296881,-0.543484,-9.811439
1818548279,0.282516,-0.490811,-9.844957
1818549446,0.342371,-0.524330,-9.847352
1818550638,0.323217,-0.531513,-9.809045
1818551830,0.277727,-0.562637,-9.835381
1818553029,0.277727,-0.507571,-9.828198
1818554216,0.354342,-0.493206,-9.787497
1818555397,0.296881,-0.550666,-9.844957
1818556580,0.332794,-0.454898,-9.835381
1818557772,0.354342,-0.512359,-9.864111
1818558958,0.332794,-0.538695,-9.835381
1818560146,0.292093,-0.517148,-9.842564
1818561322,0.328006,-0.507571,-9.897630
1818562504,0.318429,-0.524330,-9.871294
1818563685,0.337582,-0.529119,-9.880871
1818564886,0.296881,-0.526724,-9.825804
1818566077,0.296881,-0.553061,-9.940725
1818567267,0.299275,-0.512359,-9.983821
1818568445,0.316035,-0.481235,-9.859323
1818569636,0.339977,-0.500388,-9.844957
1818570828,0.399832,-0.560243,-9.821015
1818572024,0.383072,-0.577003,-9.830592
1818573208,0.356736,-0.517148,-9.962274
1818574389,0.361524,-0.543484,-9.880871
1818575567,0.318429,-0.512359,-9.876082
1818576755,0.318429,-0.529119,-9.866506
1818577937,0.323217,-0.553061,-9.856929
1818579122,0.328006,-0.495600,-9.847352
1818580306,0.373495,-0.502782,-9.880871
1818581488,0.335188,-0.541090,-9.868899
1818582666,0.347159,-0.514753,-9.897630
1818583865,0.306458,-0.464475,-9.923966
1818585054,0.313640,-0.507571,-9.911995
1818586240,0.335188,-0.519542,-9.897630
1818587417,0.301669,-0.505177,-9.868899
1818588603,0.354342,-0.486023,-9.928755
1818589791,0.347159,-0.526724,-9.950302
1818590975,0.316035,-0.466869,-9.859323
1818592158,0.328006,-0.538695,-9.897630
1818593340,0.385466,-0.519542,-9.945514
1818594518,0.306458,-0.509965,-9.832987
1818595700,0.344765,-0.507571,-9.873688
1818596895,0.378284,-0.507571,-9.871294
1818602520,0.318429,-0.507571,-9.914390
1818603703,0.325611,-0.517148,-9.866506
1818604902,0.387861,-0.514753,-9.859323
1818606085,0.308852,-0.526724,-9.907207
1818607269,0.277727,-0.579397,-9.967062
1818608444,0.349553,-0.464475,-9.876082
1818609627,0.339977,-0.476446,-9.835381
1818610819,0.323217,-0.531513,-9.840169
1818612015,0.337582,-0.526724,-9.900024
1818613196,0.375890,-0.502782,-9.880871
1818614376,0.383072,-0.524330,-9.892841
1818615552,0.282516,-0.505177,-9.909601
1818616745,0.277727,-0.488417,-9.809045
1818617926,0.371101,-0.486023,-9.852140
1818619115,0.359130,-0.490811,-9.828198
1818620300,0.354342,-0.526724,-9.835381
1818621482,0.361524,-0.524330,-9.799467
1818622660,0.397437,-0.481235,-9.780313
1818623860,0.399832,-0.476446,-9.818622
1818625049,0.313640,-0.483629,-9.933543
1818626233,0.316035,-0.514753,-9.890448
1818627408,0.366313,-0.524330,-9.832987
1818628599,0.366313,-0.474052,-9.883265
1818629788,0.368707,-0.533907,-9.854534
1818630979,0.373495,-0.512359,-9.888053
1818632166,0.313640,-0.517148,-9.871294
1818633354,0.318429,-0.493206,-9.816227
1818634538,0.339977,-0.490811,-9.880871
1818635729,0.320823,-0.478840,-9.856929
1818636914,0.289698,-0.529119,-9.849746
1818638105,0.316035,-0.519542,-9.979033
1818639289,0.375890,-0.509965,-9.933543
1818640463,0.344765,-0.531513,-9.852140
1818641651,0.318429,-0.536301,-9.811439
1818642850,0.306458,-0.536301,-9.835381
1818644038,0.287304,-0.533907,-9.801862
1818645221,0.332794,-0.524330,-9.885659
1818646397,0.296881,-0.490811,-9.888053
1818647576,0.363919,-0.543484,-9.911995
1818648764,0.349553,-0.545878,-9.911995
1818649951,0.323217,-0.495600,-9.866506
1818651129,0.287304,-0.509965,-9.861717
1818652324,0.304064,-0.512359,-9.835381
1818653505,0.292093,-0.545878,-9.916783
1818654691,0.328006,-0.495600,-9.888053
1818655882,0.351948,-0.454898,-9.823410
1818657078,0.380678,-0.478840,-9.830592
1818658260,0.332794,-0.483629,-9.787497
1818659442,0.339977,-0.553061,-9.789890
1818660624,0.306458,-0.500388,-9.868899
1818661819,0.320823,-0.471658,-9.876082
1818663011,0.387861,-0.486023,-9.890448
1818664197,0.363919,-0.531513,-9.919178
1818665374,0.363919,-0.529119,-9.837775
1818666556,0.380678,-0.471658,-9.811439
1818667745,0.342371,-0.533907,-9.835381
1818668932,0.316035,-0.507571,-9.844957
1818670118,0.313640,-0.502782,-9.840169
1818671307,0.284910,-0.493206,-9.818622
1818672485,0.301669,-0.490811,-9.878476
1818673667,0.323217,-0.505177,-9.897630
1818674858,0.347159,-0.555455,-9.842564
1818676052,0.383072,-0.512359,-9.940725
1818677234,0.339977,-0.464475,-9.876082
1818678406,0.383072,-0.490811,-9.861717
1818679584,0.323217,-0.500388,-9.861717
1818680775,0.361524,-0.529119,-9.940725
1818681960,0.366313,-0.557849,-9.962274
1818683147,0.308852,-0.509965,-9.804255
1818684323,0.311246,-0.521936,-9.837775
1818685510,0.323217,-0.529119,-9.933543
1818686687,0.325611,-0.586579,-9.902418
1818687888,0.330400,-0.596156,-9.852140
1818689070,0.316035,-0.505177,-9.866506
1818690258,0.328006,-0.533907,-9.919178
1818691434,0.347159,-0.529119,-9.842564
1818692623,0.351948,-0.557849,-9.964667
1818693815,0.397437,-0.469264,-9.993398
1818695012,0.351948,-0.500388,-9.892841
1818696194,0.428562,-0.550666,-9.878476
1818697375,0.397437,-0.521936,-9.892841
1818698552,0.268151,-0.505177,-9.904813
1818699745,0.328006,-0.521936,-9.876082
1818700926,0.363919,-0.483629,-9.926360
1818702116,0.335188,-0.505177,-9.897630
1818703298,0.339977,-0.536301,-9.849746
1818704481,0.313640,-0.560243,-9.876082
1818705658,0.395043,-0.514753,-9.876082
1818706857,0.366313,-0.553061,-9.806650
1818708044,0.328006,-0.512359,-9.809045
1818709229,0.380678,-0.476446,-9.907207
1818710404,0.363919,-0.471658,-9.892841
1818711591,0.344765,-0.486023,-9.923966
1818712779,0.349553,-0.526724,-9.832987
1818713970,0.371101,-0.521936,-9.782708
1818715155,0.387861,-0.524330,-9.837775
1818716346,0.323217,-0.514753,-9.923966
1818717524,0.332794,-0.500388,-9.971850
1818718705,0.339977,-0.505177,-9.876082
1818719899,0.320823,-0.512359,-9.837775
1818721086,0.361524,-0.541090,-9.864111
1818722266,0.320823,-0.531513,-9.864111
1818723447,0.371101,-0.476446,-9.909601
1818724633,0.354342,-0.471658,-9.861717
1818725831,0.351948,-0.519542,-9.866506
1818727023,0.351948,-0.450110,-9.919178
1818728212,0.263362,-0.497994,-9.864111
1818729387,0.277727,-0.462081,-9.883265
1818730569,0.292093,-0.509965,-9.921572
1818731752,0.323217,-0.524330,-9.852140
1818732938,0.342371,-0.524330,-9.852140
1818734120,0.390255,-0.531513,-9.852140
1818735309,0.337582,-0.517148,-9.878476
1818736488,0.328006,-0.536301,-9.847352
1818737670,0.366313,-0.521936,-9.847352
1818738868,0.342371,-0.536301,-9.856929
1818740062,0.339977,-0.459687,-9.878476
1818741244,0.330400,-0.462081,-9.830592
1818742421,0.313640,-0.519542,-9.878476
1818743604,0.337582,-0.488417,-9.907207
1818744796,0.335188,-0.521936,-9.868899
1818745979,0.316035,-0.512359,-9.923966
1818747171,0.328006,-0.502782,-9.844957
1818748354,0.339977,-0.505177,-9.840169
1818749536,0.366313,-0.466869,-9.828198
1818750721,0.356736,-0.493206,-9.852140
1818751910,0.337582,-0.495600,-9.792285
1818753092,0.344765,-0.466869,-9.799467
1818754282,0.359130,-0.521936,-9.811439
1818755455,0.378284,-0.524330,-9.926360
1818756645,0.301669,-0.519542,-9.871294
1818757833,0.390255,-0.526724,-9.888053
1818759030,0.349553,-0.495600,-9.840169
1818760216,0.335188,-0.514753,-9.806650
1818761396,0.313640,-0.505177,-9.849746
1818762574,0.294487,-0.562637,-9.919178
1818763766,0.335188,-0.557849,-9.809045
1818764948,0.354342,-0.538695,-9.859323
1818766136,0.304064,-0.517148,-9.849746
1818767312,0.349553,-0.543484,-9.844957
1818768504,0.296881,-0.562637,-9.818622
1818769686,0.337582,-0.497994,-9.904813
1818770890,0.323217,-0.526724,-9.952697
1818772077,0.356736,-0.502782,-9.902418
1818773262,0.323217,-0.555455,-9.780313
1818774439,0.342371,-0.541090,-9.828198
1818775627,0.299275,-0.505177,-9.895236
1818776818,0.306458,-0.505177,-9.861717
1818778014,0.339977,-0.514753,-9.916783
1818779197,0.328006,-0.476446,-9.926360
1818780374,0.330400,-0.469264,-9.974244
1818781549,0.368707,-0.493206,-9.876082
1818782740,0.335188,-0.507571,-9.919178
1818783924,0.335188,-0.486023,-9.911995
1818785114,0.301669,-0.500388,-9.902418
1818786298,0.313640,-0.469264,-9.900024
1818787484,0.359130,-0.476446,-9.911995
1818788662,0.387861,-0.502782,-9.907207
1818789860,0.392649,-0.481235,-9.852140
1818791048,0.251391,-0.512359,-9.907207
1818792234,0.313640,-0.507571,-9.885659
1818793401,0.342371,-0.471658,-9.880871
1818794593,0.318429,-0.493206,-9.909601
1818795780,0.359130,-0.497994,-9.813833
1818796970,0.339977,-0.526724,-9.921572
1818798156,0.318429,-0.509965,-9.900024
1818799341,0.294487,-0.577003,-9.888053
1818800521,0.313640,-0.529119,-9.888053
1818801703,0.265756,-0.555455,-9.866506
1818802897,0.260968,-0.505177,-9.859323
1818804083,0.316035,-0.569820,-9.768343
1818805273,0.395043,-0.555455,-9.768343
1818806455,0.351948,-0.557849,-9.854534
1818807642,0.366313,-0.505177,-9.837775
1818808835,0.318429,-0.553061,-9.873688
1818810029,0.363919,-0.531513,-9.804255
1818811216,0.359130,-0.531513,-9.842564
1818812392,0.363919,-0.509965,-9.868899
1818813575,0.335188,-0.545878,-9.907207
1818814758,0.344765,-0.541090,-9.892841
1818815944,0.344765,-0.514753,-9.902418
1818817126,0.339977,-0.476446,-9.938332
1818818321,0.387861,-0.490811,-9.902418
1818819502,0.359130,-0.533907,-9.873688
1818820688,0.351948,-0.543484,-9.931149
1818821888,0.351948,-0.512359,-9.904813
1818823078,0.272939,-0.521936,-9.995792
1818824265,0.318429,-0.500388,-9.957485
1818825446,0.378284,-0.486023,-9.926360
1818826628,0.392649,-0.502782,-9.950302
1818827823,0.392649,-0.500388,-9.859323
1818829014,0.356736,-0.505177,-9.928755
1818830204,0.335188,-0.490811,-9.926360
1818831380,0.351948,-0.514753,-9.840169
1818832568,0.375890,-0.493206,-9.842564
1818833751,0.328006,-0.519542,-9.710882
1818834936,0.339977,-0.517148,-9.792285
1818836121,0.337582,-0.433351,-9.837775
1818837312,0.349553,-0.409408,-9.806650
1818838488,0.361524,-0.426168,-9.904813
1818839671,0.354342,-0.476446,-9.861717
1818840870,0.342371,-0.517148,-9.763555
1818842066,0.435745,-0.536301,-9.916783
1818843252,0.371101,-0.543484,-9.897630
1818844433,0.373495,-0.507571,-9.830592
1818845616,0.328006,-0.507571,-9.787497
1818846811,0.363919,-0.493206,-9.868899
1818847993,0.356736,-0.474052,-9.825804
1818849179,0.299275,-0.476446,-9.797073
1818850365,0.299275,-0.486023,-9.868899
1818851557,0.320823,-0.471658,-9.859323
1818852746,0.313640,-0.524330,-9.871294
1818853932,0.351948,-0.550666,-9.828198
1818855119,0.361524,-0.500388,-9.876082
1818856308,0.328006,-0.565032,-9.897630
1818857490,0.328006,-0.569820,-9.861717
1818858671,0.356736,-0.512359,-9.988609
1818859869,0.277727,-0.517148,-9.916783
1818861066,0.282516,-0.560243,-9.902418
1818862251,0.323217,-0.526724,-9.921572
1818863433,0.320823,-0.514753,-9.890448
1818864616,0.328006,-0.567426,-9.967062
1818865811,0.320823,-0.545878,-9.878476
1818866993,0.339977,-0.538695,-9.868899
1818868180,0.282516,-0.514753,-9.811439
1818869357,0.308852,-0.490811,-9.866506
1818870547,0.354342,-0.457293,-9.900024
1818871733,0.349553,-0.526724,-9.900024
1818872922,0.335188,-0.536301,-9.969456
1818874107,0.328006,-0.581791,-9.933543
1818875297,0.366313,-0.579397,-9.852140
1818876472,0.318429,-0.500388,-9.873688
1818877654,0.308852,-0.474052,-9.964667
1818878848,0.258574,-0.586579,-9.931149
1818880042,0.328006,-0.514753,-9.940725
1818881223,0.359130,-0.512359,-9.967062
1818882402,0.335188,-0.526724,-9.885659
1818883581,0.368707,-0.493206,-9.823410
1818884771,0.373495,-0.553061,-9.883265
1818885957,0.330400,-0.502782,-9.864111
1818887141,0.368707,-0.486023,-9.914390
1818888317,0.368707,-0.497994,-9.902418
1818889507,0.272939,-0.495600,-9.895236
1818890688,0.277727,-0.514753,-9.842564
1818891893,0.325611,-0.526724,-9.871294
1818893077,0.301669,-0.497994,-9.895236
1818894264,0.292093,-0.493206,-9.840169
1818895439,0.325611,-0.500388,-9.782708
1818896626,0.335188,-0.486023,-9.818622
1818897818,0.380678,-0.471658,-9.835381
1818899014,0.344765,-0.505177,-9.854534
1818900196,0.328006,-0.459687,-9.880871
1818901376,0.304064,-0.476446,-9.883265
1818902552,0.359130,-0.509965,-9.861717
1818903745,0.332794,-0.538695,-9.847352
1818904928,0.263362,-0.483629,-9.847352
1818906116,0.311246,-0.445322,-9.914390
1818907301,0.371101,-0.397437,-9.888053
1818908484,0.378284,-0.524330,-9.904813
1818909661,0.383072,-0.531513,-9.816227
1818910860,0.342371,-0.541090,-9.789890
1818912047,0.363919,-0.521936,-9.885659
1818913235,0.328006,-0.543484,-9.916783
1818914405,0.294487,-0.514753,-9.890448
1818915592,0.294487,-0.500388,-9.844957
1818916779,0.361524,-0.538695,-9.885659
1818917970,0.404620,-0.471658,-9.923966
1818919155,0.308852,-0.519542,-9.864111
1818920347,0.347159,-0.548272,-9.813833
1818921524,0.351948,-0.550666,-9.883265
1818922707,0.325611,-0.526724,-9.835381
1818923902,0.371101,-0.505177,-9.916783
1818925088,0.299275,-0.493206,-9.854534
1818926268,0.311246,-0.545878,-9.928755
1818927450,0.347159,-0.526724,-9.888053
1818928637,0.344765,-0.481235,-9.933543
1818929833,0.342371,-0.471658,-9.883265
1818931027,0.361524,-0.488417,-9.835381
1818932215,0.363919,-0.488417,-9.835381
1818933392,0.328006,-0.464475,-9.852140
1818934572,0.330400,-0.529119,-9.837775
1818935754,0.328006,-0.519542,-9.876082
1818936940,0.371101,-0.505177,-9.789890
1818938119,0.402226,-0.495600,-9.801862
1818939307,0.342371,-0.507571,-9.749189
1818940485,0.225055,-0.512359,-9.782708
1818941668,0.287304,-0.557849,-9.801862
1818942865,0.318429,-0.557849,-9.864111
1818944061,0.368707,-0.505177,-9.840169
1818945242,0.294487,-0.486023,-9.854534
1818946424,0.296881,-0.474052,-9.816227
1818947608,0.304064,-0.505177,-9.811439
1818948799,0.313640,-0.507571,-9.830592
1818949980,0.387861,-0.507571,-9.809045
1818951169,0.371101,-0.490811,-9.789890
1818952344,0.356736,-0.493206,-9.830592
1818953531,0.337582,-0.529119,-9.849746
1818954710,0.306458,-0.524330,-9.861717
1818955909,0.342371,-0.536301,-9.852140
1818957087,0.356736,-0.507571,-9.868899
1818958272,0.337582,-0.505177,-9.943120
1818959449,0.292093,-0.531513,-9.859323
1818960640,0.356736,-0.509965,-9.809045
1818961832,0.373495,-0.497994,-9.835381
1818963031,0.325611,-0.531513,-9.847352
1818964218,0.335188,-0.512359,-9.842564
1818965400,0.375890,-0.505177,-9.888053
1818966577,0.344765,-0.502782,-9.902418
1818967767,0.275333,-0.550666,-9.837775
1818968950,0.265756,-0.557849,-9.895236
1818970137,0.301669,-0.553061,-9.823410
1818971313,0.270545,-0.512359,-9.837775
1818972504,0.320823,-0.488417,-9.816227
1818973686,0.332794,-0.514753,-9.797073
1818974887,0.349553,-0.529119,-9.878476
1818976077,0.361524,-0.579397,-9.919178
1818977273,0.402226,-0.517148,-9.916783
1818978447,0.356736,-0.497994,-9.842564
1818979636,0.325611,-0.514753,-9.888053
1818980830,0.320823,-0.483629,-9.825804
1818982025,0.301669,-0.521936,-9.957485
1818983211,0.316035,-0.541090,-9.852140
1818984390,0.349553,-0.560243,-9.861717
1818985568,0.330400,-0.557849,-9.890448
1818986753,0.308852,-0.519542,-9.880871
1818987935,0.375890,-0.538695,-9.861717
1818989127,0.344765,-0.545878,-9.837775
1818990313,0.313640,-0.577003,-9.931149
1818991494,0.318429,-0.533907,-9.902418
1818992672,0.320823,-0.505177,-9.983821
1818993874,0.301669,-0.541090,-9.952697
1818995064,0.299275,-0.512359,-9.734824
1818996255,0.299275,-0.481235,-9.868899
1818997433,0.299275,-0.500388,-9.890448
1818998616,0.258574,-0.459687,-9.957485
1818999809,0.299275,-0.500388,-9.897630
1819000994,0.308852,-0.543484,-9.892841
1819002176,0.342371,-0.524330,-9.878476
1819003368,0.328006,-0.526724,-9.926360
1819004553,0.265756,-0.529119,-9.873688
1819005748,0.337582,-0.471658,-9.907207
1819006929,0.337582,-0.450110,-9.957485
1819008118,0.342371,-0.536301,-9.943120
1819009303,0.387861,-0.562637,-9.919178
1819010486,0.399832,-0.541090,-9.842564
1819011664,0.339977,-0.526724,-9.821015
1819012866,0.294487,-0.531513,-9.840169
1819014054,0.316035,-0.536301,-9.832987
1819015240,0.323217,-0.497994,-9.859323
1819016418,0.282516,-0.538695,-9.890448
1819017605,0.378284,-0.507571,-9.871294
1819018793,0.371101,-0.464475,-9.878476
1819019978,0.342371,-0.500388,-9.835381
1819021163,0.402226,-0.481235,-9.907207
1819022348,0.366313,-0.483629,-9.830592
1819023525,0.328006,-0.565032,-9.837775
1819024706,0.368707,-0.567426,-9.780313
1819025897,0.351948,-0.557849,-9.835381
1819027085,0.294487,-0.464475,-9.883265
1819028276,0.289698,-0.469264,-9.928755
1819029458,0.296881,-0.478840,-9.928755
1819030642,0.385466,-0.495600,-9.945514
1819031839,0.351948,-0.493206,-9.938332
1819033032,0.375890,-0.521936,-9.749189
1819034224,0.325611,-0.557849,-9.823410
1819035400,0.325611,-0.562637,-9.816227
1819036584,0.363919,-0.531513,-9.844957
1819037773,0.342371,-0.512359,-9.871294
1819038963,0.361524,-0.469264,-9.871294
1819040146,0.378284,-0.519542,-9.873688
1819041328,0.335188,-0.490811,-9.837775
1819042510,0.328006,-0.478840,-9.907207
1819043692,0.335188,-0.445322,-9.933543
1819044892,0.323217,-0.497994,-9.969456
1819046080,0.337582,-0.476446,-9.825804
1819047267,0.311246,-0.462081,-9.801862
1819048448,0.304064,-0.447716,-9.900024
1819049629,0.304064,-0.512359,-9.895236
1819050824,0.351948,-0.526724,-9.775525
1819052016,0.359130,-0.478840,-9.821015
1819053205,0.316035,-0.526724,-9.895236
1819054378,0.313640,-0.505177,-9.856929
1819055566,0.318429,-0.464475,-9.852140
1819056749,0.318429,-0.526724,-9.849746
1819057937,0.342371,-0.541090,-9.828198
1819059123,0.328006,-0.509965,-9.940725
1819060311,0.318429,-0.526724,-9.825804
1819061490,0.347159,-0.543484,-9.828198
1819062673,0.395043,-0.531513,-9.873688
1819063871,0.342371,-0.514753,-9.844957
1819065068,0.356736,-0.529119,-9.931149
1819066248,0.368707,-0.550666,-9.928755
1819067428,0.373495,-0.536301,-9.794679
1819068609,0.423774,-0.512359,-9.868899
1819069802,0.349553,-0.478840,-9.907207
1819070981,0.308852,-0.490811,-9.847352
1819072172,0.337582,-0.567426,-9.895236
1819073359,0.253785,-0.517148,-9.911995
1819074551,0.316035,-0.519542,-9.888053
1819075732,0.397437,-0.502782,-9.902418
1819076921,0.313640,-0.486023,-9.897630
1819078105,0.354342,-0.502782,-9.876082
1819079292,0.323217,-0.483629,-9.868899
1819080460,0.313640,-0.538695,-9.897630
1819081650,0.306458,-0.533907,-9.931149
1819082835,0.359130,-0.531513,-9.873688
1819084033,0.363919,-0.541090,-9.938332
1819085220,0.337582,-0.505177,-9.895236
1819086400,0.339977,-0.526724,-9.866506
1819087584,0.320823,-0.493206,-9.837775
1819088774,0.363919,-0.483629,-9.909601
1819089958,0.342371,-0.519542,-9.856929
1819091145,0.354342,-0.586579,-9.938332
1819092328,0.328006,-0.586579,-9.952697
1819093509,0.325611,-0.529119,-9.864111
1819094686,0.323217,-0.517148,-9.885659
1819095890,0.294487,-0.507571,-9.864111
1819097077,0.284910,-0.497994,-9.962274
1819098268,0.308852,-0.524330,-9.809045
1819099443,0.339977,-0.493206,-9.799467
1819100631,0.323217,-0.536301,-9.804255
1819101822,0.253785,-0.531513,-9.955091
1819103017,0.284910,-0.524330,-9.962274
1819104202,0.272939,-0.541090,-9.832987
1819105382,0.272939,-0.531513,-9.813833
1819106561,0.301669,-0.497994,-9.842564
1819107749,0.342371,-0.541090,-9.866506
1819108930,0.301669,-0.543484,-9.892841
1819110120,0.316035,-0.560243,-9.921572
1819111305,0.313640,-0.531513,-9.911995
1819112488,0.323217,-0.464475,-9.959879
1819113667,0.332794,-0.514753,-9.911995
1819114870,0.284910,-0.531513,-9.895236
1819116055,0.335188,-0.560243,-9.876082
1819117241,0.311246,-0.541090,-9.842564
1819118418,0.275333,-0.557849,-9.840169
1819119604,0.299275,-0.521936,-9.866506
1819120792,0.330400,-0.529119,-9.864111
1819121976,0.284910,-0.512359,-9.923966
1819123161,0.392649,-0.538695,-9.909601
1819124341,0.318429,-0.481235,-9.878476
1819125524,0.301669,-0.454898,-9.964667
1819126707,0.347159,-0.497994,-9.935937
1819127899,0.366313,-0.541090,-9.840169
1819129084,0.373495,-0.478840,-9.878476
1819130275,0.339977,-0.517148,-9.931149
1819131457,0.289698,-0.507571,-9.911995
1819132644,0.287304,-0.507571,-9.909601
1819133835,0.356736,-0.447716,-9.955091
1819135028,0.339977,-0.464475,-9.943120
1819136218,0.275333,-0.514753,-9.828198
1819137395,0.292093,-0.469264,-9.825804
1819138577,0.351948,-0.476446,-9.888053
1819139761,0.320823,-0.509965,-9.943120
1819140945,0.318429,-0.507571,-9.847352
1819142127,0.359130,-0.502782,-9.859323
1819143317,0.304064,-0.500388,-9.830592
1819144491,0.330400,-0.497994,-9.897630
1819145672,0.390255,-0.490811,-9.880871
1819146869,0.368707,-0.497994,-9.849746
1819148065,0.330400,-0.541090,-9.876082
1819149244,0.347159,-0.486023,-9.895236
1819150426,0.294487,-0.514753,-9.801862
1819151609,0.301669,-0.524330,-9.931149
1819152801,0.313640,-0.529119,-9.883265
1819153983,0.292093,-0.536301,-9.852140
1819155174,0.368707,-0.481235,-9.935937
1819156361,0.328006,-0.483629,-9.902418
1819157551,0.368707,-0.505177,-9.888053
1819158737,0.385466,-0.514753,-9.883265
1819159930,0.380678,-0.541090,-9.864111
1819161114,0.351948,-0.490811,-9.885659
1819162304,0.359130,-0.514753,-9.950302
1819163481,0.308852,-0.495600,-9.866506
1819164662,0.335188,-0.495600,-9.921572
1819165854,0.349553,-0.529119,-9.897630
1819167047,0.344765,-0.550666,-9.919178
1819168230,0.351948,-0.536301,-9.801862
1819169410,0.335188,-0.553061,-9.916783
1819170591,0.363919,-0.538695,-9.983821
1819171785,0.339977,-0.488417,-9.885659
1819172968,0.313640,-0.483629,-9.859323
1819174158,0.335188,-0.486023,-9.900024
1819175343,0.323217,-0.493206,-9.828198
1819176525,0.330400,-0.476446,-9.926360
1819177701,0.306458,-0.543484,-9.873688
1819178900,0.342371,-0.541090,-9.878476
1819180082,0.375890,-0.529119,-9.859323
1819181277,0.375890,-0.553061,-9.914390
1819182453,0.342371,-0.514753,-9.859323
1819183645,0.306458,-0.483629,-9.902418
1819184833,0.344765,-0.488417,-9.885659
1819186031,0.320823,-0.488417,-9.866506
1819187218,0.402226,-0.507571,-9.880871
1819188397,0.344765,-0.533907,-9.840169
1819189575,0.373495,-0.548272,-9.861717
1819190766,0.292093,-0.543484,-9.844957
1819191949,0.268151,-0.555455,-9.861717
1819193136,0.330400,-0.521936,-9.832987
1819194325,0.349553,-0.507571,-9.832987
1819195517,0.356736,-0.495600,-9.852140
1819196694,0.375890,-0.433351,-9.813833
1819197893,0.337582,-0.519542,-9.885659
1819199077,0.301669,-0.505177,-9.888053
1819200263,0.325611,-0.524330,-9.885659
1819201440,0.284910,-0.505177,-9.861717
1819202627,0.363919,-0.557849,-9.813833
1819203820,0.328006,-0.490811,-9.768343
1819205015,0.325611,-0.519542,-9.832987
1819206197,0.316035,-0.543484,-9.859323
1819207379,0.313640,-0.462081,-9.866506
1819208552,0.318429,-0.495600,-9.852140
1819209742,0.316035,-0.481235,-9.911995
1819210923,0.349553,-0.507571,-9.897630
1819212112,0.380678,-0.538695,-9.880871
1819213297,0.337582,-0.533907,-9.864111
1819214478,0.344765,-0.529119,-9.823410
1819215653,0.328006,-0.541090,-9.885659
1819216851,0.328006,-0.497994,-9.900024
1819218036,0.337582,-0.490811,-9.892841
1819219228,0.371101,-0.493206,-9.878476
1819220403,0.299275,-0.507571,-9.828198
1819221586,0.282516,-0.533907,-9.900024
1819222768,0.306458,-0.541090,-9.825804
1819223953,0.356736,-0.514753,-9.756371
1819225136,0.371101,-0.512359,-9.816227
1819226318,0.339977,-0.502782,-9.947908
1819227504,0.359130,-0.481235,-9.840169
1819228689,0.335188,-0.529119,-9.816227
1819229887,0.387861,-0.519542,-9.828198
1819231079,0.349553,-0.497994,-9.859323
1819232265,0.311246,-0.548272,-9.931149
1819233445,0.272939,-0.560243,-9.873688
1819234628,0.325611,-0.529119,-9.856929
1819235825,0.332794,-0.538695,-9.821015
1819237017,0.318429,-0.533907,-9.804255
1819238206,0.328006,-0.507571,-9.765948
1819239378,0.351948,-0.512359,-9.928755
1819240559,0.380678,-0.521936,-9.940725
1819241748,0.344765,-0.466869,-9.952697
1819242935,0.323217,-0.445322,-9.830592
1819244122,0.371101,-0.502782,-9.897630
1819245311,0.347159,-0.524330,-9.854534
1819246489,0.316035,-0.572214,-9.849746
1819247672,0.299275,-0.536301,-9.818622
1819248870,0.363919,-0.517148,-9.919178
1819250065,0.392649,-0.531513,-9.876082
1819251247,0.349553,-0.514753,-9.854534
1819252426,0.325611,-0.533907,-9.809045
1819253608,0.366313,-0.497994,-9.871294
1819254802,0.323217,-0.519542,-9.888053
1819255981,0.332794,-0.474052,-9.861717
1819257171,0.287304,-0.507571,-9.955091
1819258357,0.356736,-0.509965,-9.969456
1819259540,0.339977,-0.524330,-9.914390
1819260723,0.318429,-0.548272,-9.813833
1819261911,0.361524,-0.536301,-9.971850
1819263093,0.339977,-0.545878,-9.933543
1819264283,0.294487,-0.521936,-9.976639
1819265471,0.311246,-0.543484,-9.907207
1819266651,0.330400,-0.543484,-9.885659
1819267838,0.318429,-0.514753,-9.859323
1819269037,0.277727,-0.478840,-9.816227
1819270224,0.299275,-0.505177,-9.876082
1819271404,0.342371,-0.555455,-9.809045
1819272582,0.351948,-0.517148,-9.832987
1819273774,0.306458,-0.524330,-9.799467
1819274959,0.292093,-0.519542,-9.828198
1819276145,0.306458,-0.476446,-9.751583
1819277322,0.330400,-0.495600,-9.842564
1819278506,0.337582,-0.502782,-9.967062
1819279687,0.354342,-0.478840,-9.993398
1819280890,0.335188,-0.476446,-9.945514
1819282077,0.351948,-0.519542,-9.938332
1819283268,0.335188,-0.519542,-9.868899
1819284446,0.330400,-0.536301,-9.950302
1819285630,0.361524,-0.514753,-9.832987
1819286824,0.318429,-0.526724,-9.859323
1819288021,0.330400,-0.502782,-9.904813
1819289204,0.344765,-0.517148,-9.938332
1819290386,0.332794,-0.548272,-9.842564
1819291565,0.306458,-0.502782,-9.801862
1819292751,0.282516,-0.474052,-9.821015
1819293933,0.361524,-0.493206,-9.873688
1819295124,0.361524,-0.548272,-9.873688
1819296310,0.316035,-0.557849,-9.914390
1819297497,0.359130,-0.553061,-9.854534
1819298679,0.339977,-0.541090,-9.811439
1819299877,0.304064,-0.486023,-9.871294
1819301068,0.349553,-0.512359,-9.914390
1819302258,0.399832,-0.533907,-9.979033
1819303434,0.375890,-0.493206,-9.873688
1819304621,0.354342,-0.469264,-9.897630
1819305813,0.330400,-0.474052,-9.878476
1819306998,0.378284,-0.478840,-9.830592
1819308180,0.332794,-0.509965,-9.854534
1819309360,0.306458,-0.526724,-9.888053
1819310546,0.304064,-0.569820,-9.832987
1819311739,0.299275,-0.560243,-9.933543
1819312926,0.335188,-0.500388,-9.888053
1819314115,0.311246,-0.519542,-9.959879
1819315298,0.325611,-0.541090,-9.916783
1819316478,0.294487,-0.517148,-9.868899
1819317657,0.313640,-0.557849,-9.931149
1819318856,0.284910,-0.512359,-9.890448
1819320043,0.320823,-0.555455,-9.873688
1819321229,0.330400,-0.553061,-9.794679
1819322400,0.409408,-0.557849,-9.830592
1819323586,0.337582,-0.512359,-9.811439
1819324773,0.344765,-0.474052,-9.780313
1819325956,0.318429,-0.450110,-9.847352
1819327138,0.287304,-0.519542,-9.840169
1819328319,0.342371,-0.577003,-9.880871
1819329504,0.366313,-0.478840,-9.868899
1819330691,0.390255,-0.533907,-9.890448
1819331889,0.356736,-0.497994,-9.849746
1819333081,0.385466,-0.521936,-9.856929
1819334267,0.306458,-0.545878,-9.830592
1819335449,0.332794,-0.526724,-9.933543
1819336630,0.325611,-0.490811,-9.787497
1819337826,0.296881,-0.495600,-9.876082
1819339016,0.316035,-0.526724,-9.907207
1819340205,0.366313,-0.490811,-9.911995
1819341382,0.378284,-0.502782,-9.868899
1819342569,0.306458,-0.505177,-9.837775
1819343752,0.304064,-0.521936,-9.842564
1819344938,0.296881,-0.514753,-9.809045
1819346125,0.323217,-0.497994,-9.811439
1819347315,0.282516,-0.512359,-9.770737
1819348494,0.287304,-0.514753,-9.950302
1819349675,0.316035,-0.541090,-9.847352
1819350872,0.306458,-0.526724,-9.907207
1819352067,0.316035,-0.497994,-9.849746
1819353252,0.306458,-0.493206,-9.866506
1819354433,0.342371,-0.486023,-9.861717
1819355616,0.304064,-0.471658,-9.813833
1819356812,0.282516,-0.488417,-9.928755
1819357994,0.316035,-0.512359,-9.842564
1819359181,0.363919,-0.490811,-9.844957
1819360355,0.328006,-0.521936,-9.866506
1819361540,0.323217,-0.524330,-9.830592
1819362724,0.332794,-0.531513,-9.804255
1819363913,0.328006,-0.541090,-9.837775
1819365093,0.311246,-0.529119,-9.823410
1819366283,0.311246,-0.476446,-9.818622
1819367470,0.316035,-0.533907,-9.892841
1819368662,0.328006,-0.545878,-9.871294
1819369855,0.359130,-0.538695,-9.919178
1819371048,0.354342,-0.502782,-9.935937
1819372230,0.316035,-0.500388,-9.852140
1819373409,0.323217,-0.512359,-9.847352
1819374591,0.320823,-0.493206,-9.909601
1819375778,0.354342,-0.517148,-9.890448
1819376963,0.320823,-0.560243,-9.888053
1819378146,0.349553,-0.581791,-9.758766
1819379324,0.351948,-0.543484,-9.830592
1819380510,0.339977,-0.536301,-9.935937
1819381686,0.361524,-0.490811,-9.909601
1819382889,0.330400,-0.519542,-9.892841
1819384077,0.313640,-0.550666,-9.888053
1819385266,0.339977,-0.529119,-9.844957
1819386444,0.347159,-0.519542,-9.897630
1819387632,0.430956,-0.514753,-9.914390
1819388820,0.416591,-0.490811,-9.878476
1819390016,0.354342,-0.536301,-9.892841
1819391198,0.294487,-0.526724,-9.904813
1819392379,0.227449,-0.524330,-9.957485
1819393561,0.351948,-0.610521,-9.919178
1819394749,0.347159,-0.545878,-9.969456
1819395932,0.301669,-0.517148,-9.962274
1819397124,0.311246,-0.541090,-9.940725
1819398308,0.318429,-0.514753,-9.947908
1819399491,0.335188,-0.514753,-10.081984
1819400670,0.301669,-0.565032,-9.940725
1819401871,0.287304,-0.517148,-9.909601
1819403058,0.339977,-0.562637,-9.926360
1819404245,0.316035,-0.521936,-9.880871
1819405422,0.304064,-0.545878,-9.928755
1819406609,0.344765,-0.509965,-9.943120
1819407797,0.323217,-0.507571,-9.892841
1819408984,0.323217,-0.512359,-9.821015
1819410171,0.392649,-0.519542,-9.926360
1819411362,0.342371,-0.541090,-9.854534
1819412548,0.328006,-0.497994,-9.914390
1819413739,0.342371,-0.526724,-9.935937
1819414927,0.361524,-0.514753,-9.830592
1819416117,0.373495,-0.531513,-9.871294
1819417303,0.335188,-0.560243,-9.890448
1819418484,0.301669,-0.569820,-9.844957
1819419661,0.342371,-0.488417,-9.842564
1819420861,0.318429,-0.490811,-9.871294
1819422049,0.337582,-0.526724,-9.742006
1819423235,0.392649,-0.533907,-9.811439
1819424411,0.339977,-0.505177,-9.828198
1819425602,0.316035,-0.500388,-9.777920
1819426785,0.387861,-0.524330,-9.765948
1819427975,0.339977,-0.478840,-9.806650
1819429159,0.390255,-0.526724,-9.883265
1819430348,0.392649,-0.500388,-9.873688
1819431521,0.349553,-0.553061,-9.900024
1819432702,0.335188,-0.538695,-9.809045
1819433896,0.299275,-0.478840,-9.801862
1819435082,0.325611,-0.512359,-9.900024
1819436268,0.366313,-0.521936,-9.859323
1819437451,0.301669,-0.497994,-9.859323
1819438637,0.383072,-0.517148,-9.914390
1819439835,0.361524,-0.486023,-9.837775
1819441023,0.325611,-0.471658,-9.801862
1819442213,0.328006,-0.502782,-9.847352
1819443389,0.339977,-0.478840,-9.911995
1819444572,0.320823,-0.507571,-9.856929
1819445754,0.339977,-0.533907,-9.868899
1819446941,0.342371,-0.517148,-9.859323
1819448119,0.270545,-0.469264,-9.809045
1819449308,0.328006,-0.514753,-9.809045
1819450484,0.301669,-0.538695,-9.794679
1819451667,0.299275,-0.536301,-9.909601
1819452860,0.339977,-0.490811,-9.923966
1819454053,0.272939,-0.490811,-9.921572
1819455235,0.320823,-0.521936,-9.876082
1819456411,0.311246,-0.476446,-9.830592
1819457592,0.294487,-0.497994,-9.816227
1819458786,0.318429,-0.541090,-9.773131
1819459970,0.332794,-0.500388,-9.854534
1819461157,0.380678,-0.505177,-9.859323
1819462338,0.344765,-0.512359,-9.883265
1819463525,0.342371,-0.481235,-9.943120
1819464703,0.363919,-0.514753,-9.856929
1819465903,0.354342,-0.517148,-9.864111
1819467086,0.359130,-0.543484,-9.837775
1819468281,0.361524,-0.550666,-9.794679
1819469458,0.347159,-0.533907,-9.768343
1819470650,0.301669,-0.502782,-9.780313
1819471837,0.354342,-0.493206,-9.739613
1819473034,0.368707,-0.550666,-9.823410
1819474220,0.342371,-0.533907,-9.773131
1819475401,0.332794,-0.526724,-9.780313
1819476579,0.289698,-0.533907,-9.847352
1819477771,0.263362,-0.471658,-9.811439
1819478953,0.265756,-0.471658,-9.859323
1819480138,0.308852,-0.495600,-9.830592
1819481316,0.294487,-0.517148,-9.878476
1819482499,0.308852,-0.548272,-9.871294
1819483681,0.294487,-0.502782,-9.943120
1819484883,0.318429,-0.560243,-9.849746
1819486074,0.335188,-0.581791,-9.904813
1819487264,0.296881,-0.481235,-9.885659
1819488442,0.316035,-0.495600,-9.919178
1819489629,0.332794,-0.488417,-9.919178
1819490818,0.359130,-0.450110,-9.856929
1819492010,0.385466,-0.497994,-9.804255
1819493192,0.363919,-0.521936,-9.837775
1819494374,0.328006,-0.550666,-9.959879
1819495554,0.268151,-0.555455,-9.876082
1819496748,0.421380,-0.533907,-9.792285
1819497927,0.347159,-0.526724,-9.823410
1819499117,0.275333,-0.541090,-9.868899
1819500302,0.325611,-0.531513,-9.880871
1819501483,0.359130,-0.486023,-9.940725
1819502660,0.320823,-0.519542,-9.928755
1819503859,0.351948,-0.529119,-9.914390
1819505048,0.349553,-0.512359,-9.885659
1819506235,0.363919,-0.502782,-9.943120
1819507410,0.280122,-0.519542,-9.902418
1819508601,0.282516,-0.507571,-9.842564
1819509787,0.344765,-0.521936,-9.856929
1819510979,0.349553,-0.519542,-9.876082
1819512164,0.363919,-0.524330,-9.801862
1819513352,0.292093,-0.481235,-9.904813
1819514530,0.308852,-0.517148,-9.947908
1819515712,0.375890,-0.533907,-9.900024
1819516904,0.344765,-0.533907,-9.785102
1819518090,0.328006,-0.493206,-9.888053
1819519269,0.347159,-0.464475,-9.861717
1819520451,0.328006,-0.512359,-9.801862
1819521636,0.383072,-0.486023,-9.864111
1819522834,0.308852,-0.493206,-9.840169
1819524024,0.294487,-0.466869,-9.837775
1819525215,0.342371,-0.476446,-9.897630
1819526391,0.306458,-0.469264,-9.844957
1819527574,0.296881,-0.533907,-9.878476
1819528758,0.378284,-0.550666,-9.849746
1819529944,0.373495,-0.553061,-9.787497
1819531125,0.359130,-0.517148,-9.837775
1819532315,0.359130,-0.512359,-9.923966
1819533498,0.308852,-0.555455,-9.964667
1819534678,0.292093,-0.572214,-9.962274
1819535876,0.287304,-0.567426,-9.931149
1819537072,0.342371,-0.560243,-9.890448
1819538257,0.380678,-0.519542,-9.921572
1819539439,0.390255,-0.507571,-9.892841
1819540621,0.368707,-0.488417,-9.868899
1819541815,0.399832,-0.533907,-9.890448
1819542996,0.375890,-0.507571,-9.911995
1819544182,0.354342,-0.483629,-9.854534
1819545370,0.335188,-0.493206,-9.928755
1819546561,0.375890,-0.529119,-9.866506
1819547748,0.308852,-0.531513,-9.832987
1819548934,0.339977,-0.519542,-9.892841
1819550122,0.330400,-0.555455,-9.895236
1819551311,0.385466,-0.529119,-9.876082
1819552489,0.325611,-0.557849,-9.837775
1819553673,0.399832,-0.486023,-9.852140
1819554870,0.335188,-0.478840,-9.859323
1819556065,0.359130,-0.519542,-9.900024
1819557246,0.328006,-0.481235,-9.830592
1819558426,0.325611,-0.533907,-9.818622
1819559609,0.363919,-0.500388,-9.859323
1819560802,0.373495,-0.519542,-9.868899
1819561982,0.395043,-0.490811,-9.873688
1819563170,0.423774,-0.509965,-9.914390
1819564354,0.335188,-0.521936,-9.854534
1819565543,0.282516,-0.497994,-9.864111
1819566731,0.306458,-0.497994,-9.897630
1819567921,0.270545,-0.572214,-9.813833
1819569106,0.328006,-0.567426,-9.777920
1819570295,0.368707,-0.509965,-9.823410
1819571461,0.351948,-0.478840,-9.926360
1819572651,0.354342,-0.512359,-9.897630
1819573840,0.299275,-0.529119,-9.775525
1819575039,0.363919,-0.526724,-9.761160
1819576226,0.359130,-0.519542,-9.832987
1819577407,0.251391,-0.486023,-9.880871
1819578584,0.328006,-0.507571,-9.866506
1819579773,0.301669,-0.464475,-9.859323
1819580959,0.347159,-0.478840,-9.852140
1819582145,0.318429,-0.466869,-9.823410
1819583322,0.308852,-0.502782,-9.844957
1819584512,0.349553,-0.471658,-9.830592
1819585691,0.399832,-0.466869,-9.856929
1819586896,0.280122,-0.526724,-9.737218
1819588077,0.323217,-0.476446,-9.763555
1819589265,0.280122,-0.502782,-9.823410
1819590441,0.318429,-0.483629,-9.835381
1819591630,0.234632,-0.476446,-9.830592
1819592821,0.248997,-0.519542,-9.902418
1819594018,0.265756,-0.596156,-9.935937
1819595198,0.294487,-0.502782,-9.876082
1819596378,0.339977,-0.476446,-9.837775
1819597555,0.356736,-0.514753,-9.768343
1819598748,0.366313,-0.500388,-9.787497
1819599927,0.366313,-0.476446,-9.782708
1819601117,0.313640,-0.507571,-9.828198
1819602302,0.306458,-0.490811,-9.818622
1819603483,0.292093,-0.521936,-9.864111
1819604661,0.378284,-0.533907,-9.801862
1819605859,0.332794,-0.507571,-9.871294
1819607048,0.368707,-0.490811,-9.801862
1819608233,0.366313,-0.476446,-9.878476
1819609410,0.351948,-0.514753,-9.938332
1819610597,0.335188,-0.541090,-9.830592
1819611784,0.387861,-0.526724,-9.888053
1819612973,0.308852,-0.502782,-9.900024
1819614156,0.306458,-0.555455,-9.804255
1819615335,0.313640,-0.548272,-9.794679
1819616516,0.325611,-0.548272,-9.799467
1819617700,0.313640,-0.493206,-9.818622
1819618894,0.347159,-0.488417,-9.897630
1819620081,0.361524,-0.486023,-9.861717
1819621266,0.354342,-0.493206,-9.837775
1819622448,0.375890,-0.495600,-9.801862
1819623630,0.347159,-0.442927,-9.837775
1819624826,0.277727,-0.490811,-9.890448
1819626017,0.306458,-0.493206,-9.847352
1819627207,0.308852,-0.481235,-9.909601
1819628379,0.325611,-0.505177,-9.962274
1819629560,0.301669,-0.502782,-9.907207
1819630748,0.351948,-0.531513,-9.935937
1819631935,0.270545,-0.533907,-9.868899
1819633120,0.354342,-0.500388,-9.931149
1819634309,0.361524,-0.478840,-9.998186
1819635490,0.337582,-0.524330,-9.916783
1819636673,0.299275,-0.481235,-9.900024
1819637870,0.311246,-0.471658,-9.911995
1819639067,0.337582,-0.548272,-9.909601
1819640248,0.378284,-0.538695,-9.840169
1819641430,0.380678,-0.497994,-9.876082
1819642613,0.308852,-0.483629,-9.950302
1819643804,0.342371,-0.478840,-9.909601
1819644985,0.318429,-0.526724,-9.885659
1819646177,0.366313,-0.442927,-9.938332
1819647354,0.359130,-0.481235,-9.895236
1819648542,0.397437,-0.462081,-9.873688
1819649730,0.380678,-0.486023,-9.919178
1819650920,0.306458,-0.553061,-9.871294
1819652101,0.337582,-0.531513,-9.900024
1819653290,0.323217,-0.529119,-9.880871
1819654457,0.349553,-0.565032,-9.830592
1819655648,0.354342,-0.493206,-9.854534
1819656836,0.368707,-0.464475,-9.981427
1819658034,0.387861,-0.502782,-9.844957
1819659221,0.368707,-0.512359,-9.895236
1819660402,0.349553,-0.526724,-9.904813
1819661585,0.368707,-0.533907,-9.856929
1819662776,0.339977,-0.531513,-9.888053
1819663955,0.342371,-0.509965,-9.852140
1819665141,0.354342,-0.476446,-9.904813
1819666318,0.354342,-0.502782,-9.926360
1819667508,0.301669,-0.531513,-9.916783
1819668690,0.366313,-0.531513,-9.947908
1819669894,0.337582,-0.555455,-9.861717
1819671077,0.354342,-0.543484,-9.825804
1819672267,0.399832,-0.529119,-9.816227
1819673445,0.342371,-0.507571,-9.926360
1819674632,0.361524,-0.569820,-9.940725
1819675823,0.332794,-0.521936,-9.959879
1819677020,0.373495,-0.543484,-9.868899
1819678203,0.359130,-0.505177,-9.844957
1819679384,0.287304,-0.509965,-9.789890
1819680559,0.344765,-0.519542,-9.911995
1819681748,0.311246,-0.493206,-9.911995
1819682930,0.356736,-0.502782,-9.876082
1819684120,0.330400,-0.529119,-9.890448
1819685303,0.299275,-0.565032,-9.902418
1819686484,0.335188,-0.521936,-9.859323
1819687662,0.404620,-0.505177,-9.883265
1819688860,0.323217,-0.505177,-9.923966
1819690049,0.306458,-0.519542,-9.904813
1819691232,0.308852,-0.509965,-9.837775
1819692407,0.325611,-0.493206,-9.823410
1819693598,0.387861,-0.562637,-9.746795
1819694787,0.373495,-0.567426,-9.926360
1819695974,0.308852,-0.529119,-9.840169
1819697158,0.299275,-0.560243,-9.825804
1819698339,0.347159,-0.555455,-9.866506
1819699521,0.330400,-0.490811,-9.871294
1819700702,0.299275,-0.493206,-9.880871
1819701895,0.330400,-0.505177,-9.797073
1819703078,0.339977,-0.481235,-9.782708
1819704264,0.308852,-0.457293,-9.861717
1819705446,0.361524,-0.471658,-9.868899
1819706629,0.359130,-0.497994,-9.837775
1819707826,0.301669,-0.459687,-9.821015
1819709017,0.378284,-0.538695,-9.900024
1819710204,0.335188,-0.548272,-9.844957
1819711381,0.294487,-0.536301,-9.801862
1819712559,0.318429,-0.548272,-9.885659
1819713748,0.296881,-0.536301,-9.888053
1819714934,0.385466,-0.507571,-9.864111
1819716119,0.320823,-0.497994,-9.890448
1819717309,0.354342,-0.500388,-9.847352
1819718486,0.299275,-0.524330,-9.852140
1819719668,0.289698,-0.538695,-9.818622
1819720867,0.301669,-0.514753,-9.876082
1819722059,0.375890,-0.488417,-9.883265
1819723241,0.387861,-0.529119,-9.804255
1819724423,0.325611,-0.543484,-9.792285
1819725607,0.318429,-0.500388,-9.856929
1819726799,0.292093,-0.543484,-9.844957
1819727982,0.359130,-0.488417,-9.854534
1819729172,0.351948,-0.502782,-9.909601
1819730357,0.351948,-0.497994,-9.892841
1819731541,0.354342,-0.519542,-9.809045
1819732725,0.342371,-0.507571,-9.844957
1819733915,0.373495,-0.497994,-9.921572
1819735095,0.328006,-0.536301,-9.907207
1819736282,0.339977,-0.517148,-9.868899
1819737460,0.335188,-0.466869,-9.818622
1819738652,0.335188,-0.500388,-9.830592
1819739839,0.371101,-0.531513,-9.880871
1819741036,0.342371,-0.500388,-9.852140
1819742222,0.363919,-0.478840,-9.854534
1819743403,0.335188,-0.512359,-9.765948
1819744582,0.265756,-0.490811,-9.751583
1819745770,0.246603,-0.517148,-9.811439
1819746953,0.335188,-0.509965,-9.835381
1819748139,0.263362,-0.557849,-9.897630
1819749316,0.311246,-0.500388,-9.837775
1819750507,0.328006,-0.553061,-9.801862
1819751687,0.328006,-0.529119,-9.780313
1819752890,0.318429,-0.469264,-9.854534
1819754077,0.335188,-0.507571,-9.852140
1819755267,0.258574,-0.507571,-9.830592
1819756443,0.251391,-0.560243,-9.856929
1819757631,0.328006,-0.562637,-9.902418
1819758819,0.294487,-0.512359,-9.919178
1819760015,0.275333,-0.464475,-9.904813
1819761198,0.323217,-0.533907,-9.892841
1819762379,0.347159,-0.555455,-9.926360
1819763562,0.359130,-0.531513,-9.923966
1819764750,0.308852,-0.524330,-9.945514
1819765932,0.339977,-0.507571,-9.938332
1819767119,0.296881,-0.529119,-9.921572
1819768305,0.304064,-0.524330,-9.959879
1819769485,0.311246,-0.591368,-9.907207
1819770663,0.361524,-0.545878,-9.868899
1819771863,0.359130,-0.529119,-9.885659
1819773051,0.304064,-0.490811,-9.938332
1819774237,0.308852,-0.476446,-9.892841
1819775408,0.304064,-0.500388,-9.864111
1819776589,0.311246,-0.521936,-9.971850
1819777775,0.351948,-0.526724,-9.952697
1819778966,0.390255,-0.524330,-9.962274
1819780148,0.296881,-0.529119,-9.938332
1819781336,0.280122,-0.550666,-9.890448
1819782516,0.330400,-0.545878,-9.897630
1819783695,0.349553,-0.555455,-9.883265
1819784891,0.354342,-0.521936,-9.844957
1819786083,0.399832,-0.500388,-9.878476
1819787270,0.387861,-0.560243,-9.842564
1819788452,0.404620,-0.526724,-9.849746
1819789638,0.335188,-0.533907,-9.873688
1819790836,0.351948,-0.550666,-9.823410
1819792026,0.373495,-0.474052,-9.878476
1819793216,0.270545,-0.519542,-9.871294
1819794393,0.330400,-0.512359,-9.921572
1819795579,0.337582,-0.519542,-9.909601
1819796762,0.316035,-0.474052,-9.885659
1819797948,0.320823,-0.538695,-9.868899
1819799130,0.351948,-0.512359,-9.828198
1819800321,0.328006,-0.466869,-9.871294
1819801499,0.342371,-0.524330,-9.852140
1819802684,0.380678,-0.519542,-9.859323
1819803883,0.368707,-0.497994,-9.928755
1819805078,0.354342,-0.529119,-9.873688
1819806264,0.361524,-0.500388,-9.797073
1819807445,0.344765,-0.505177,-9.823410
1819808627,0.318429,-0.483629,-9.919178
1819809824,0.335188,-0.543484,-9.876082
1819811016,0.337582,-0.486023,-9.835381
1819812206,0.308852,-0.545878,-9.947908
1819813382,0.356736,-0.533907,-9.938332
1819814563,0.368707,-0.541090,-9.943120
1819815748,0.375890,-0.538695,-9.926360
1819816932,0.347159,-0.538695,-9.919178
1819818118,0.351948,-0.533907,-9.876082
1819819308,0.289698,-0.550666,-9.813833
1819820486,0.280122,-0.536301,-9.892841
1819821668,0.292093,-0.488417,-9.866506
1819822862,0.361524,-0.543484,-9.849746
1819824056,0.299275,-0.526724,-9.876082
1819825238,0.328006,-0.545878,-9.962274
1819826413,0.323217,-0.519542,-9.859323
1819827595,0.323217,-0.483629,-9.801862
1819828788,0.438139,-0.517148,-9.785102
1819829975,0.375890,-0.548272,-9.864111
1819831165,0.373495,-0.553061,-9.837775
1819832342,0.356736,-0.529119,-9.871294
1819833529,0.363919,-0.478840,-9.868899
1819834707,0.375890,-0.486023,-9.840169
1819835905,0.347159,-0.512359,-9.842564
1819837088,0.325611,-0.526724,-9.840169
1819838283,0.359130,-0.474052,-9.871294
1819839459,0.296881,-0.509965,-9.816227
1819840650,0.299275,-0.507571,-9.832987
1819841839,0.320823,-0.521936,-9.859323
1819843037,0.304064,-0.533907,-9.902418
1819844222,0.320823,-0.517148,-9.837775
1819845403,0.359130,-0.533907,-9.902418
1819846580,0.311246,-0.493206,-10.014946
1819847771,0.342371,-0.533907,-9.847352
1819848953,0.330400,-0.517148,-9.770737
1819850138,0.359130,-0.519542,-9.871294
1819851315,0.397437,-0.517148,-9.880871
1819852503,0.375890,-0.533907,-9.873688
1819853681,0.361524,-0.538695,-9.880871
1819854883,0.351948,-0.543484,-9.914390
1819856075,0.349553,-0.536301,-9.868899
1819857265,0.311246,-0.533907,-9.835381
1819858442,0.371101,-0.543484,-9.821015
1819859629,0.332794,-0.507571,-9.866506
1819860820,0.359130,-0.464475,-9.911995
1819862016,0.289698,-0.536301,-9.902418
1819863198,0.304064,-0.521936,-9.842564
1819864377,0.316035,-0.538695,-9.876082
1819865559,0.320823,-0.541090,-9.926360
1819866748,0.296881,-0.572214,-9.897630
1819867927,0.325611,-0.579397,-9.828198
1819869118,0.347159,-0.521936,-9.842564
1819870304,0.320823,-0.512359,-9.825804
1819871484,0.316035,-0.507571,-9.859323
1819872662,0.335188,-0.474052,-9.911995
1819873861,0.445322,-0.505177,-9.844957
1819875050,0.375890,-0.586579,-9.768343
1819876236,0.354342,-0.562637,-9.842564
1819877413,0.354342,-0.517148,-9.940725
1819878598,0.361524,-0.514753,-9.940725
1819879787,0.335188,-0.531513,-9.837775
1819880974,0.256180,-0.536301,-9.844957
1819882159,0.289698,-0.524330,-9.864111
1819883351,0.299275,-0.526724,-9.962274
1819884528,0.289698,-0.524330,-9.921572
1819885711,0.351948,-0.517148,-9.892841
1819886906,0.385466,-0.553061,-9.871294
1819888093,0.337582,-0.512359,-9.856929
1819889279,0.366313,-0.517148,-9.868899
1819890461,0.347159,-0.531513,-9.861717
1819891649,0.316035,-0.531513,-9.782708
1819892847,0.368707,-0.512359,-9.847352
1819894031,0.395043,-0.531513,-9.828198
1819895221,0.354342,-0.519542,-9.940725
1819896397,0.306458,-0.553061,-9.823410
1819897579,0.272939,-0.529119,-9.835381
1819898763,0.277727,-0.507571,-9.931149
1819899949,0.311246,-0.474052,-9.837775
1819901132,0.308852,-0.483629,-9.866506
1819902321,0.323217,-0.555455,-9.914390
1819903508,0.328006,-0.490811,-9.868899
1819904693,0.347159,-0.474052,-9.832987
1819905892,0.304064,-0.495600,-9.861717
1819907078,0.351948,-0.512359,-9.909601
1819908263,0.351948,-0.548272,-9.866506
1819909445,0.328006,-0.555455,-9.902418
1819910627,0.328006,-0.533907,-9.883265
1819911822,0.342371,-0.509965,-9.897630
1819913003,0.311246,-0.531513,-9.943120
1819914190,0.325611,-0.543484,-9.904813
1819915367,0.330400,-0.536301,-9.904813
1819916551,0.292093,-0.488417,-9.876082
1819917738,0.275333,-0.478840,-9.914390
1819918929,0.395043,-0.536301,-9.864111
1819920114,0.359130,-0.531513,-9.837775
1819921304,0.328006,-0.450110,-9.955091
1819922478,0.332794,-0.505177,-9.885659
1819923661,0.344765,-0.550666,-9.813833
1819924856,0.323217,-0.543484,-9.777920
1819926049,0.337582,-0.476446,-9.859323
1819927231,0.316035,-0.454898,-9.947908
1819928410,0.349553,-0.574608,-9.832987
1819929588,0.330400,-0.517148,-9.890448
1819930777,0.399832,-0.497994,-9.866506
1819931963,0.359130,-0.481235,-9.787497
1819933150,0.292093,-0.521936,-9.844957
1819934326,0.373495,-0.519542,-9.859323
1819935513,0.347159,-0.502782,-9.871294
1819936697,0.387861,-0.505177,-9.797073
1819937895,0.373495,-0.514753,-9.799467
1819939078,0.385466,-0.526724,-9.866506
1819940265,0.325611,-0.507571,-9.883265
1819941442,0.385466,-0.519542,-9.871294
1819942630,0.399832,-0.524330,-9.832987
1819943822,0.330400,-0.486023,-9.909601
1819945012,0.287304,-0.493206,-9.928755
1819946194,0.347159,-0.541090,-9.921572
1819947374,0.292093,-0.524330,-9.880871
1819948549,0.342371,-0.536301,-9.840169
1819949741,0.359130,-0.529119,-9.816227
1819950928,0.299275,-0.507571,-9.823410
1819952118,0.390255,-0.495600,-9.842564
1819953302,0.335188,-0.512359,-9.971850
1819954483,0.325611,-0.519542,-9.914390
1819955661,0.320823,-0.533907,-9.866506
1819956859,0.344765,-0.536301,-9.868899
1819958048,0.359130,-0.483629,-9.964667
1819959234,0.304064,-0.505177,-9.916783
1819960409,0.361524,-0.493206,-9.897630
1819961600,0.323217,-0.493206,-9.911995
1819962788,0.344765,-0.488417,-9.861717
1819963980,0.411803,-0.493206,-9.835381
1819965165,0.272939,-0.507571,-9.787497
1819966346,0.318429,-0.543484,-9.868899
1819967530,0.342371,-0.509965,-9.876082
1819968712,0.349553,-0.526724,-9.801862
1819969904,0.308852,-0.557849,-9.890448
1819971090,0.306458,-0.500388,-9.888053
1819972268,0.330400,-0.507571,-9.837775
1819973448,0.277727,-0.488417,-9.931149
1819974632,0.299275,-0.469264,-9.907207
1819975828,0.280122,-0.500388,-9.852140
1819977018,0.270545,-0.507571,-9.888053
1819978203,0.277727,-0.500388,-9.876082
1819979378,0.304064,-0.490811,-9.991004
1819980557,0.354342,-0.505177,-9.830592
1819981746,0.337582,-0.500388,-9.854534
1819982930,0.308852,-0.529119,-9.902418
1819984115,0.337582,-0.562637,-9.926360
1819985305,0.363919,-0.502782,-9.950302
1819986480,0.330400,-0.548272,-9.940725
1819987661,0.387861,-0.526724,-9.993398
1819988856,0.375890,-0.517148,-9.955091
1819990048,0.330400,-0.493206,-9.933543
1819991228,0.320823,-0.512359,-9.959879
1819992409,0.299275,-0.452504,-9.883265
1819993596,0.335188,-0.469264,-9.940725
1819994789,0.268151,-0.505177,-9.923966
1819995976,0.287304,-0.553061,-9.840169
1819997165,0.383072,-0.593762,-9.876082
1819998340,0.411803,-0.565032,-9.919178
1819999523,0.330400,-0.536301,-9.885659
1820000699,0.349553,-0.500388,-9.854534
1820001898,0.359130,-0.495600,-9.837775
1820003079,0.373495,-0.514753,-9.825804
1820004266,0.361524,-0.500388,-9.883265
1820005442,0.363919,-0.521936,-9.883265
1820006631,0.349553,-0.514753,-9.945514
1820007822,0.342371,-0.538695,-9.890448
1820009019,0.385466,-0.584185,-9.928755
1820010199,0.414197,-0.517148,-9.971850
1820011380,0.301669,-0.519542,-9.842564
1820012557,0.275333,-0.529119,-9.926360
1820013748,0.339977,-0.502782,-9.868899
1820014928,0.385466,-0.514753,-9.897630
1820016118,0.313640,-0.521936,-9.911995
1820017304,0.272939,-0.550666,-10.014946
1820018485,0.313640,-0.474052,-9.859323
1820019663,0.347159,-0.493206,-9.830592
1820020861,0.323217,-0.481235,-9.888053
1820022049,0.275333,-0.521936,-9.933543
1820023237,0.311246,-0.469264,-9.866506
1820024413,0.356736,-0.481235,-9.919178
1820025600,0.325611,-0.507571,-9.878476
1820026788,0.339977,-0.531513,-9.907207
1820027976,0.397437,-0.553061,-9.883265
1820029162,0.339977,-0.497994,-9.832987
1820030354,0.378284,-0.502782,-9.856929
1820031537,0.294487,-0.529119,-9.904813
1820032726,0.328006,-0.545878,-9.955091
1820033911,0.323217,-0.486023,-9.991004
1820035097,0.313640,-0.481235,-9.854534
1820036282,0.318429,-0.469264,-9.852140
1820037475,0.330400,-0.466869,-9.983821
1820038652,0.399832,-0.536301,-9.911995
1820039851,0.390255,-0.469264,-9.945514
1820041039,0.375890,-0.517148,-9.856929
1820042231,0.356736,-0.543484,-9.943120
1820043407,0.368707,-0.524330,-9.931149
1820044590,0.335188,-0.517148,-9.964667
1820045777,0.248997,-0.574608,-9.967062
1820046963,0.270545,-0.543484,-9.919178
1820048145,0.325611,-0.529119,-9.904813
1820049327,0.337582,-0.610521,-9.830592
1820050505,0.328006,-0.502782,-9.823410
1820051689,0.361524,-0.505177,-9.861717
1820052888,0.332794,-0.514753,-9.852140
1820054080,0.332794,-0.507571,-9.842564
1820055266,0.347159,-0.524330,-9.844957
1820056447,0.368707,-0.519542,-9.890448
1820057630,0.344765,-0.562637,-9.904813
1820058826,0.361524,-0.521936,-9.888053
1820060018,0.359130,-0.521936,-9.847352
1820061208,0.361524,-0.529119,-9.895236
1820062385,0.361524,-0.557849,-9.885659
1820063573,0.265756,-0.550666,-9.878476
1820064754,0.323217,-0.550666,-9.876082
1820065940,0.272939,-0.565032,-9.993398
1820067127,0.306458,-0.533907,-10.029311
1820068317,0.361524,-0.505177,-9.911995
1820069495,0.363919,-0.572214,-9.809045
1820070677,0.299275,-0.553061,-9.842564
1820071875,0.318429,-0.608127,-9.883265
1820073068,0.287304,-0.555455,-9.864111
1820074250,0.335188,-0.543484,-9.866506
1820075432,0.318429,-0.514753,-9.801862
1820076613,0.332794,-0.502782,-9.873688
1820077806,0.354342,-0.529119,-9.907207
1820078985,0.337582,-0.493206,-9.938332
1820080176,0.375890,-0.505177,-9.940725
1820081362,0.337582,-0.512359,-9.892841
1820082553,0.323217,-0.538695,-9.871294
1820083739,0.332794,-0.478840,-9.876082
1820084930,0.344765,-0.519542,-9.888053
1820086115,0.332794,-0.529119,-9.878476
1820087306,0.277727,-0.538695,-9.916783
1820088490,0.354342,-0.529119,-9.852140
1820089673,0.330400,-0.495600,-9.868899
1820090865,0.318429,-0.493206,-9.832987
1820092058,0.299275,-0.476446,-9.897630
1820093240,0.301669,-0.486023,-9.900024
1820094413,0.323217,-0.490811,-9.823410
1820095594,0.270545,-0.586579,-9.804255
1820096784,0.323217,-0.529119,-9.859323
1820097970,0.368707,-0.531513,-9.842564
1820099161,0.359130,-0.536301,-9.885659
1820100337,0.361524,-0.553061,-9.868899
1820101523,0.282516,-0.514753,-9.900024
1820102700,0.292093,-0.514753,-9.866506
1820103898,0.342371,-0.553061,-9.897630
1820105080,0.292093,-0.541090,-9.837775
1820106269,0.366313,-0.493206,-9.842564
1820107443,0.366313,-0.486023,-9.813833
1820108631,0.311246,-0.517148,-9.895236
1820109823,0.371101,-0.502782,-9.902418
1820111018,0.347159,-0.500388,-9.871294
1820112200,0.371101,-0.526724,-9.895236
1820113378,0.339977,-0.567426,-9.840169
1820114555,0.351948,-0.517148,-9.799467
1820115748,0.339977,-0.521936,-9.792285
1820116929,0.371101,-0.500388,-9.837775
1820118118,0.392649,-0.531513,-9.840169
1820119303,0.351948,-0.531513,-9.828198
1820120485,0.344765,-0.500388,-9.878476
1820121662,0.344765,-0.514753,-9.832987
1820122862,0.347159,-0.519542,-9.818622
1820124051,0.359130,-0.517148,-9.835381
1820125238,0.287304,-0.462081,-9.842564
1820126408,0.342371,-0.476446,-9.890448
1820127595,0.296881,-0.521936,-9.720459
1820128781,0.263362,-0.526724,-9.765948
1820129972,0.277727,-0.505177,-9.753978
1820131157,0.301669,-0.536301,-9.768343
1820132338,0.371101,-0.512359,-9.911995
1820133521,0.344765,-0.524330,-9.842564
1820134704,0.256180,-0.495600,-9.885659
1820135897,0.284910,-0.538695,-9.904813
1820137079,0.251391,-0.517148,-9.809045
1820138261,0.304064,-0.502782,-9.821015
1820139440,0.320823,-0.512359,-9.797073
1820140623,0.294487,-0.531513,-9.689334
1820141819,0.282516,-0.519542,-9.684546
1820143002,0.318429,-0.490811,-9.897630
1820144188,0.368707,-0.505177,-9.830592
1820145363,0.313640,-0.529119,-9.926360
1820146553,0.318429,-0.545878,-9.888053
1820147741,0.344765,-0.464475,-9.871294
1820148933,0.351948,-0.416591,-9.844957
1820150119,0.361524,-0.507571,-9.749189
1820151309,0.332794,-0.474052,-9.739613
1820152488,0.323217,-0.486023,-9.787497
1820153671,0.332794,-0.486023,-9.888053
1820154864,0.270545,-0.543484,-9.828198
1820156057,0.277727,-0.579397,-9.856929
1820157237,0.344765,-0.533907,-9.727641
1820158424,0.311246,-0.517148,-9.739613
1820159613,0.320823,-0.512359,-9.806650
1820160805,0.363919,-0.526724,-9.830592
1820161987,0.323217,-0.519542,-9.777920
1820163178,0.366313,-0.519542,-9.792285
1820164355,0.380678,-0.531513,-9.883265
1820165543,0.349553,-0.500388,-9.856929
1820166727,0.325611,-0.505177,-9.876082
1820167916,0.316035,-0.572214,-9.895236
1820169098,0.385466,-0.529119,-9.816227
1820170289,0.328006,-0.550666,-9.751583
1820171455,0.349553,-0.526724,-9.785102
1820172646,0.368707,-0.565032,-9.835381
1820173838,0.373495,-0.507571,-9.854534
1820175035,0.318429,-0.524330,-9.852140
1820176222,0.383072,-0.567426,-9.804255
1820177402,0.313640,-0.483629,-9.837775
1820178580,0.308852,-0.490811,-9.895236
1820179771,0.289698,-0.490811,-9.825804
1820180952,0.304064,-0.474052,-9.933543
1820182138,0.356736,-0.505177,-9.873688
1820183328,0.318429,-0.500388,-9.828198
1820184514,0.316035,-0.521936,-9.773131
1820185687,0.354342,-0.517148,-9.818622
1820186892,0.342371,-0.560243,-9.864111
1820188079,0.378284,-0.526724,-9.883265
1820189270,0.332794,-0.543484,-9.835381
1820190445,0.311246,-0.550666,-9.919178
1820191633,0.359130,-0.490811,-9.967062
1820192825,0.316035,-0.490811,-9.964667
1820194020,0.306458,-0.507571,-9.931149
1820195202,0.354342,-0.493206,-9.868899
1820196383,0.366313,-0.533907,-9.900024
1820197557,0.325611,-0.507571,-9.892841
1820198748,0.380678,-0.495600,-9.909601
1820199925,0.361524,-0.521936,-9.895236
1820201116,0.351948,-0.517148,-9.957485
1820202302,0.328006,-0.529119,-9.991004
1820203482,0.342371,-0.519542,-9.947908
1820204660,0.349553,-0.629675,-9.890448
1820205856,0.409408,-0.526724,-9.856929
1820207044,0.404620,-0.471658,-9.947908
1820208228,0.385466,-0.541090,-9.979033
1820209403,0.404620,-0.548272,-9.856929
1820210585,0.349553,-0.541090,-9.883265
1820211771,0.328006,-0.495600,-9.904813
1820212955,0.332794,-0.543484,-9.823410
1820214137,0.311246,-0.514753,-9.849746
1820215333,0.325611,-0.538695,-9.811439
1820216515,0.363919,-0.517148,-9.947908
1820217696,0.323217,-0.454898,-9.873688
1820218897,0.301669,-0.445322,-9.818622
1820220083,0.275333,-0.529119,-9.823410
1820221269,0.304064,-0.545878,-9.809045
1820222447,0.339977,-0.512359,-9.868899
1820223626,0.363919,-0.526724,-9.890448
1820224822,0.301669,-0.490811,-9.880871
1820226003,0.330400,-0.524330,-9.902418
1820227188,0.318429,-0.553061,-9.852140
1820228369,0.371101,-0.588974,-9.825804
1820229559,0.356736,-0.569820,-9.823410
1820230748,0.349553,-0.529119,-9.806650
1820231932,0.318429,-0.507571,-9.816227
1820233118,0.318429,-0.505177,-9.866506
1820234307,0.347159,-0.533907,-9.825804
1820235480,0.407014,-0.521936,-9.830592
1820236662,0.342371,-0.517148,-9.777920
1820237856,0.320823,-0.531513,-9.900024
1820239044,0.320823,-0.524330,-9.842564
1820240224,0.347159,-0.526724,-9.852140
1820241405,0.366313,-0.569820,-9.792285
1820242583,0.332794,-0.531513,-9.813833
1820243775,0.351948,-0.550666,-9.844957
1820244961,0.306458,-0.529119,-9.811439
1820246147,0.306458,-0.490811,-9.801862
1820247323,0.335188,-0.529119,-9.718064
1820248514,0.318429,-0.526724,-9.775525
1820249691,0.301669,-0.514753,-9.828198
1820250895,0.390255,-0.521936,-9.804255
1820252077,0.339977,-0.497994,-9.825804
1820253267,0.316035,-0.517148,-9.780313
1820254444,0.383072,-0.517148,-9.844957
1820255632,0.404620,-0.521936,-9.777920
1820256822,0.318429,-0.486023,-9.792285
1820258018,0.325611,-0.490811,-9.765948
1820259200,0.337582,-0.483629,-9.746795
1820260382,0.363919,-0.502782,-9.809045
1820261563,0.366313,-0.505177,-9.828198
1820262750,0.320823,-0.519542,-9.837775
1820263933,0.375890,-0.517148,-9.900024
1820265121,0.375890,-0.519542,-10.000581
1820266305,0.337582,-0.538695,-9.957485
1820267487,0.301669,-0.545878,-10.000581
1820268661,0.356736,-0.586579,-9.935937
1820269861,0.359130,-0.490811,-9.830592
1820271048,0.339977,-0.488417,-9.792285
1820272235,0.344765,-0.433351,-9.856929
1820273412,0.347159,-0.533907,-9.809045
1820274595,0.328006,-0.507571,-9.777920
1820275780,0.354342,-0.536301,-9.715671
1820276970,0.363919,-0.478840,-9.720459
1820278151,0.294487,-0.581791,-9.732430
1820279331,0.320823,-0.555455,-9.713276
1820280513,0.299275,-0.538695,-9.765948
1820281695,0.296881,-0.541090,-9.787497
1820282894,0.375890,-0.509965,-9.830592
1820284084,0.383072,-0.517148,-9.876082
1820285269,0.332794,-0.507571,-9.871294
1820286451,0.339977,-0.490811,-9.928755
1820287634,0.330400,-0.500388,-9.959879
1820288828,0.416591,-0.557849,-9.935937
1820290020,0.330400,-0.555455,-9.969456
1820291203,0.318429,-0.541090,-9.876082
1820292375,0.330400,-0.533907,-9.876082
1820293564,0.347159,-0.545878,-9.797073
1820294748,0.407014,-0.497994,-9.794679
1820295932,0.359130,-0.533907,-9.816227
1820297117,0.378284,-0.533907,-9.710882
1820298306,0.361524,-0.543484,-9.789890
1820299490,0.342371,-0.519542,-9.821015
1820300673,0.349553,-0.514753,-9.825804
1820301870,0.296881,-0.555455,-9.734824
1820303067,0.294487,-0.591368,-9.756371
1820304250,0.289698,-0.598550,-9.892841
1820305429,0.335188,-0.545878,-9.806650
1820306607,0.366313,-0.502782,-9.744401
1820307799,0.375890,-0.507571,-9.878476
1820308979,0.356736,-0.500388,-9.890448
1820310168,0.354342,-0.512359,-9.866506
1820311355,0.294487,-0.500388,-9.835381
1820312537,0.318429,-0.529119,-9.835381
1820313722,0.373495,-0.454898,-9.864111
1820314913,0.375890,-0.519542,-9.890448
1820316095,0.371101,-0.490811,-9.907207
1820317278,0.402226,-0.495600,-9.907207
1820318451,0.375890,-0.538695,-9.861717
1820319642,0.323217,-0.526724,-9.919178
1820320836,0.330400,-0.471658,-9.866506
1820322030,0.299275,-0.469264,-9.828198
1820323216,0.313640,-0.545878,-9.859323
1820324398,0.342371,-0.543484,-9.880871
1820325576,0.359130,-0.459687,-9.897630
1820326763,0.356736,-0.486023,-9.971850
1820327944,0.339977,-0.517148,-9.830592
1820329129,0.323217,-0.519542,-9.866506
1820330312,0.318429,-0.481235,-9.895236
1820331498,0.316035,-0.500388,-9.923966
1820332675,0.351948,-0.519542,-9.902418
1820333877,0.392649,-0.476446,-9.861717
1820335069,0.378284,-0.459687,-9.900024
1820336258,0.349553,-0.452504,-9.801862
1820337435,0.368707,-0.471658,-9.768343
1820338622,0.337582,-0.464475,-9.789890
1820339814,0.373495,-0.459687,-9.873688
1820341001,0.359130,-0.483629,-9.832987
1820342184,0.335188,-0.464475,-9.849746
1820343365,0.337582,-0.490811,-9.931149
1820344551,0.383072,-0.500388,-9.928755
1820345742,0.426168,-0.478840,-9.854534
1820346929,0.392649,-0.462081,-9.962274
1820348121,0.375890,-0.500388,-9.931149
1820349306,0.301669,-0.517148,-9.847352
1820350487,0.313640,-0.469264,-9.885659
1820351665,0.387861,-0.481235,-9.916783
1820352865,0.359130,-0.483629,-9.940725
1820354052,0.325611,-0.514753,-9.897630
1820355239,0.316035,-0.502782,-9.911995
1820356414,0.325611,-0.452504,-9.888053
1820357604,0.368707,-0.471658,-9.904813
1820358792,0.378284,-0.550666,-9.964667
1820359984,0.368707,-0.488417,-9.919178
1820361166,0.363919,-0.478840,-9.876082
1820362358,0.421380,-0.476446,-9.907207
1820363535,0.361524,-0.488417,-9.904813
1820364724,0.349553,-0.507571,-9.775525
1820365911,0.366313,-0.517148,-9.809045
1820367097,0.390255,-0.514753,-9.856929
1820368283,0.366313,-0.509965,-9.911995
1820369464,0.335188,-0.529119,-9.933543
1820370651,0.373495,-0.524330,-9.900024
1820371849,0.347159,-0.507571,-9.794679
1820373037,0.399832,-0.526724,-9.773131
1820374229,0.387861,-0.505177,-9.804255
1820375405,0.390255,-0.469264,-9.732430
1820376587,0.385466,-0.514753,-9.866506
1820377776,0.313640,-0.517148,-9.840169
1820378965,0.366313,-0.529119,-9.787497
1820380148,0.328006,-0.526724,-9.775525
1820381328,0.351948,-0.526724,-9.773131
1820382508,0.359130,-0.541090,-9.758766
1820383692,0.375890,-0.553061,-9.811439
1820384891,0.296881,-0.517148,-9.852140
1820386080,0.308852,-0.555455,-9.773131
1820387266,0.299275,-0.538695,-9.706094
1820388447,0.265756,-0.517148,-9.739613
1820389631,0.313640,-0.531513,-9.734824
1820390827,0.368707,-0.505177,-9.864111
1820392018,0.306458,-0.572214,-9.876082
1820393204,0.316035,-0.598550,-9.856929
1820394380,0.289698,-0.519542,-9.787497
1820395562,0.407014,-0.526724,-9.792285
1820396748,0.342371,-0.531513,-9.785102
1820397930,0.263362,-0.505177,-9.651027
1820399114,0.304064,-0.481235,-9.703699
1820400303,0.301669,-0.483629,-9.658210
1820401486,0.284910,-0.555455,-9.852140
1820402668,0.277727,-0.533907,-9.866506
1820403862,0.354342,-0.519542,-9.830592
1820405055,0.277727,-0.514753,-9.861717
1820406238,0.256180,-0.533907,-9.823410
1820407417,0.265756,-0.514753,-9.873688
1820408604,0.239420,-0.502782,-9.830592
1820409796,0.304064,-0.555455,-9.873688
1820410982,0.280122,-0.471658,-9.933543
1820412172,0.272939,-0.517148,-9.940725
1820413359,0.234632,-0.569820,-9.967062
1820414539,0.184354,-0.562637,-9.842564
1820415724,0.270545,-0.524330,-9.720459
1820416910,0.270545,-0.536301,-9.730036
1820418091,0.263362,-0.483629,-9.698911
1820419284,0.253785,-0.502782,-9.734824
1820420461,0.306458,-0.519542,-9.749189
1820421652,0.282516,-0.514753,-9.574412
1820422841,0.282516,-0.526724,-9.531317
1820424039,0.342371,-0.536301,-9.938332
1820425226,0.308852,-0.502782,-9.883265
1820426406,0.287304,-0.464475,-9.782708
1820427589,0.270545,-0.464475,-9.672575
1820428780,0.237026,-0.502782,-9.622296
1820429965,0.241814,-0.476446,-9.742006
1820431151,0.263362,-0.490811,-9.797073
1820432327,0.251391,-0.502782,-9.777920
1820433513,0.280122,-0.538695,-9.770737
1820434694,0.237026,-0.567426,-9.727641
1820435897,0.253785,-0.550666,-9.586384
1820437079,0.272939,-0.545878,-9.569624
1820438270,0.272939,-0.464475,-9.710882
1820439444,0.299275,-0.438139,-9.612720
1820440632,0.306458,-0.471658,-9.555259
1820441823,0.270545,-0.567426,-9.536105
1820443019,0.280122,-0.517148,-9.684546
1820444201,0.241814,-0.569820,-9.892841
1820445382,0.184354,-0.502782,-10.014946
1820446559,0.153229,-0.514753,-10.043676
1820447748,0.189142,-0.505177,-10.110714
1820448925,0.196325,-0.500388,-10.036493
1820450115,0.260968,-0.438139,-9.698911
1820451300,0.227449,-0.466869,-9.813833
1820452482,0.191536,-0.454898,-9.955091
1820453661,0.205901,-0.435745,-9.859323
1820454859,0.239420,-0.512359,-9.806650
1820456046,0.270545,-0.560243,-10.285490
1820457233,0.244209,-0.483629,-10.393229
1820458409,0.258574,-0.536301,-10.278308
1820459600,0.275333,-0.560243,-10.110714
1820460788,0.270545,-0.557849,-9.923966
1820461978,0.308852,-0.533907,-9.876082
1820463163,0.299275,-0.512359,-9.955091
1820464352,0.277727,-0.541090,-10.141838
1820465529,0.323217,-0.514753,-10.352529
1820466713,0.328006,-0.488417,-9.998186
1820467907,0.284910,-0.529119,-9.799467
1820469094,0.306458,-0.474052,-10.486604
1820470271,0.263362,-0.529119,-10.438720
1820471453,0.359130,-0.493206,-10.153810
1820472633,0.373495,-0.471658,-10.007763
1820473830,0.318429,-0.505177,-9.919178
1820475021,0.292093,-0.543484,-10.014946
1820476211,0.359130,-0.512359,-10.098742
1820477388,0.363919,-0.469264,-10.115502
1820478571,0.385466,-0.507571,-10.216059
1820479755,0.375890,-0.526724,-10.254366
1820480942,0.378284,-0.524330,-10.208876
1820482129,0.383072,-0.531513,-9.878476
1820483319,0.407014,-0.517148,-10.002975
1820484496,0.404620,-0.517148,-10.019734
1820485678,0.411803,-0.524330,-9.986216
1820486876,0.392649,-0.497994,-9.957485
1820488070,0.416591,-0.512359,-9.964667
1820489253,0.387861,-0.533907,-9.964667
1820490432,0.407014,-0.550666,-10.017340
1820491614,0.428562,-0.495600,-9.991004
1820492805,0.402226,-0.478840,-10.012551
1820493986,0.402226,-0.505177,-9.991004
1820495174,0.399832,-0.514753,-9.974244
1820496351,0.399832,-0.462081,-9.873688
1820497539,0.435745,-0.486023,-9.871294
1820498723,0.402226,-0.512359,-9.998186
1820499910,0.416591,-0.548272,-10.043676
1820501094,0.459687,-0.502782,-9.991004
1820502278,0.486023,-0.488417,-10.103531
1820503455,0.387861,-0.500388,-9.959879
1820504645,0.373495,-0.541090,-10.026917
1820505835,0.361524,-0.531513,-9.969456
1820507029,0.335188,-0.541090,-9.880871
1820508213,0.445322,-0.517148,-10.163386
1820509396,0.402226,-0.507571,-10.170568
1820510573,0.445322,-0.454898,-9.974244
1820511762,0.490811,-0.524330,-9.866506
1820512943,0.423774,-0.524330,-9.849746
1820514135,0.435745,-0.466869,-10.084377
1820515326,0.430956,-0.433351,-10.139444
1820516513,0.378284,-0.497994,-10.101137
1820517695,0.349553,-0.536301,-10.019734
1820518899,0.435745,-0.517148,-9.928755
1820520082,0.407014,-0.490811,-9.921572
1820521270,0.435745,-0.471658,-10.036493
1820522445,0.464475,-0.442927,-9.773131
1820523631,0.509965,-0.526724,-9.940725
1820524822,0.548272,-0.524330,-9.631873
1820526015,0.430956,-0.478840,-9.629479
1820527197,0.486023,-0.423774,-9.971850
1820528377,0.493206,-0.462081,-9.739613
1820529563,0.433351,-0.519542,-9.830592
1820530751,0.409408,-0.505177,-9.976639
1820531927,0.363919,-0.529119,-9.914390
1820533117,0.483629,-0.488417,-9.777920
1820534303,0.457293,-0.517148,-9.837775
1820535485,0.426168,-0.495600,-9.751583
1820536662,0.378284,-0.459687,-9.636662
1820537862,0.356736,-0.474052,-9.452309
1820539050,0.387861,-0.454898,-9.421184
1820540237,0.454898,-0.526724,-9.660604
1820541412,0.433351,-0.505177,-9.734824
1820542598,0.440533,-0.483629,-9.686940
1820543785,0.433351,-0.474052,-9.567230
1820544975,0.445322,-0.495600,-9.574412
1820546153,0.395043,-0.447716,-9.418790
1820547334,0.378284,-0.457293,-9.591172
1820548516,0.392649,-0.500388,-9.622296
1820549696,0.435745,-0.488417,-9.634268
1820550897,0.414197,-0.531513,-9.658210
1820552081,0.380678,-0.521936,-9.603143
1820553266,0.421380,-0.488417,-9.634268
1820554448,0.375890,-0.497994,-9.756371
1820555631,0.368707,-0.526724,-9.725247
1820556827,0.368707,-0.497994,-9.639056
1820558018,0.354342,-0.529119,-9.629479
1820559206,0.282516,-0.550666,-9.646238
1820560382,0.335188,-0.543484,-9.722853
1820561564,0.328006,-0.514753,-9.698911
1820562748,0.258574,-0.603339,-9.679757
1820563939,0.306458,-0.555455,-9.622296
1820565127,0.375890,-0.466869,-9.698911
1820566316,0.344765,-0.548272,-9.734824
1820567500,0.289698,-0.562637,-9.708488
1820568687,0.316035,-0.588974,-9.763555
1820569886,0.311246,-0.584185,-9.763555
1820571078,0.342371,-0.536301,-9.804255
1820572263,0.280122,-0.495600,-9.928755
1820573444,0.296881,-0.533907,-9.821015
1820574627,0.311246,-0.555455,-9.840169
1820575823,0.342371,-0.545878,-9.876082
1820577011,0.294487,-0.557849,-9.804255
1820578198,0.301669,-0.543484,-9.880871
1820579374,0.323217,-0.572214,-9.787497
1820580566,0.306458,-0.548272,-9.768343
1820581749,0.342371,-0.531513,-9.773131
1820582935,0.308852,-0.536301,-9.876082
1820584120,0.306458,-0.493206,-9.856929
1820585310,0.318429,-0.529119,-9.785102
1820586487,0.280122,-0.536301,-9.904813
1820587669,0.277727,-0.524330,-9.933543
1820588863,0.265756,-0.526724,-9.852140
1820590056,0.251391,-0.536301,-9.828198
1820591235,0.308852,-0.588974,-9.883265
1820592416,0.296881,-0.567426,-9.885659
1820593598,0.239420,-0.538695,-9.938332
1820594791,0.237026,-0.519542,-9.957485
1820595974,0.284910,-0.526724,-9.986216
1820597158,0.277727,-0.517148,-9.923966
1820598335,0.289698,-0.603339,-9.911995
1820603520,0.248997,-0.500388,-9.993398
1820604703,0.277727,-0.495600,-10.012551
1820605902,0.299275,-0.517148,-9.909601
1820607083,0.256180,-0.572214,-9.801862
1820608271,0.275333,-0.548272,-9.955091
1820609449,0.287304,-0.483629,-10.043676
1820610637,0.383072,-0.495600,-10.050858
1820611826,0.349553,-0.438139,-9.835381
1820613023,0.337582,-0.478840,-9.849746
1820614209,0.318429,-0.507571,-9.818622
1820615386,0.284910,-0.557849,-9.878476
1820616563,0.265756,-0.543484,-9.902418
1820617751,0.332794,-0.514753,-9.959879
1820618934,0.311246,-0.509965,-9.909601
1820620122,0.301669,-0.557849,-9.926360
1820621307,0.313640,-0.497994,-9.969456
1820622495,0.335188,-0.529119,-9.904813
1820623673,0.351948,-0.486023,-9.864111
1820624876,0.354342,-0.478840,-9.849746
1820626068,0.363919,-0.490811,-9.876082
1820627254,0.323217,-0.402226,-9.967062
1820628430,0.318429,-0.440533,-9.962274
1820629618,0.296881,-0.457293,-9.911995
1820630807,0.356736,-0.450110,-9.974244
1820631993,0.335188,-0.471658,-9.981427
1820633181,0.287304,-0.442927,-9.959879
1820634362,0.335188,-0.541090,-9.935937
1820635544,0.313640,-0.481235,-9.993398
1820636737,0.323217,-0.447716,-9.955091
1820637922,0.308852,-0.471658,-9.979033
1820639112,0.313640,-0.464475,-9.871294
1820640297,0.311246,-0.438139,-9.823410
1820641478,0.277727,-0.464475,-9.797073
1820642657,0.313640,-0.495600,-9.823410
1820643854,0.301669,-0.471658,-9.945514
1820645042,0.289698,-0.418985,-9.964667
1820646235,0.335188,-0.459687,-9.919178
1820647411,0.344765,-0.435745,-9.852140
1820648597,0.339977,-0.469264,-9.933543
1820649784,0.328006,-0.488417,-9.854534
1820650974,0.335188,-0.452504,-9.907207
1820652154,0.335188,-0.399832,-9.947908
1820653346,0.397437,-0.457293,-9.909601
1820654522,0.361524,-0.474052,-9.873688
1820655705,0.399832,-0.471658,-9.852140
1820656899,0.428562,-0.488417,-9.880871
1820658084,0.414197,-0.495600,-9.837775
1820659269,0.380678,-0.507571,-9.916783
1820660450,0.332794,-0.526724,-9.921572
1820661634,0.373495,-0.529119,-9.828198
1820662828,0.380678,-0.557849,-9.804255
1820664019,0.416591,-0.572214,-9.768343
1820665210,0.371101,-0.543484,-9.686940
1820666383,0.368707,-0.478840,-9.792285
1820667569,0.399832,-0.490811,-9.804255
1820668751,0.409408,-0.505177,-9.782708
1820669934,0.371101,-0.488417,-9.859323
1820671120,0.392649,-0.519542,-9.753978
1820672310,0.395043,-0.524330,-9.725247
1820673488,0.361524,-0.517148,-9.883265
1820674672,0.380678,-0.519542,-9.751583
1820675866,0.356736,-0.505177,-9.777920
1820677059,0.359130,-0.462081,-9.787497
1820678237,0.323217,-0.538695,-9.691729
1820679425,0.325611,-0.579397,-9.780313
1820680613,0.294487,-0.483629,-9.758766
1820681804,0.347159,-0.490811,-9.761160
1820682985,0.356736,-0.545878,-9.732430
1820684175,0.318429,-0.507571,-9.746795
1820685362,0.385466,-0.543484,-9.749189
1820686546,0.375890,-0.562637,-9.758766
1820687734,0.397437,-0.569820,-9.765948
1820688924,0.320823,-0.560243,-9.837775
1820690105,0.339977,-0.574608,-9.943120
1820691292,0.318429,-0.603339,-9.897630
1820692472,0.371101,-0.581791,-9.890448
1820693664,0.361524,-0.555455,-9.888053
1820694857,0.361524,-0.553061,-9.852140
1820696048,0.337582,-0.543484,-9.909601
1820697230,0.320823,-0.565032,-9.847352
1820698410,0.347159,-0.615310,-9.995792
1820699588,0.349553,-0.584185,-9.940725
1820700779,0.328006,-0.526724,-9.943120
1820701963,0.296881,-0.512359,-9.976639
1820703148,0.328006,-0.557849,-9.928755
1820704324,0.361524,-0.586579,-9.864111
1820705516,0.256180,-0.541090,-9.876082
1820706688,0.320823,-0.524330,-9.950302
1820707890,0.380678,-0.545878,-9.854534
1820709077,0.316035,-0.586579,-9.809045
1820710266,0.306458,-0.543484,-9.895236
1820711443,0.375890,-0.548272,-9.914390
1820712631,0.332794,-0.512359,-9.840169
1820713822,0.368707,-0.569820,-9.852140
1820715014,0.387861,-0.541090,-9.888053
1820716195,0.363919,-0.548272,-9.909601
1820717375,0.308852,-0.548272,-9.933543
1820718562,0.287304,-0.577003,-9.844957
1820719749,0.316035,-0.579397,-9.852140
1820720928,0.294487,-0.560243,-9.895236
1820722118,0.335188,-0.526724,-9.859323
1820723301,0.292093,-0.560243,-9.909601
1820724485,0.325611,-0.581791,-9.806650
1820725663,0.296881,-0.579397,-9.921572
1820726860,0.320823,-0.560243,-9.876082
1820728047,0.311246,-0.579397,-9.856929
1820729234,0.296881,-0.538695,-9.828198
1820730410,0.387861,-0.588974,-9.959879
1820731594,0.378284,-0.529119,-9.866506
1820732780,0.335188,-0.565032,-9.761160
1820733970,0.361524,-0.548272,-9.811439
1820735152,0.387861,-0.474052,-9.849746
1820736344,0.313640,-0.509965,-9.809045
1820737519,0.392649,-0.507571,-9.842564
1820738707,0.375890,-0.481235,-9.782708
1820739899,0.320823,-0.507571,-9.780313
1820741083,0.299275,-0.488417,-9.888053
1820742269,0.275333,-0.507571,-9.969456
1820743450,0.328006,-0.502782,-9.921572
1820744632,0.361524,-0.476446,-9.909601
1820745828,0.311246,-0.533907,-9.940725
1820747013,0.306458,-0.476446,-9.940725
1820748199,0.280122,-0.519542,-9.952697
1820749376,0.253785,-0.476446,-9.971850
1820750567,0.335188,-0.521936,-9.974244
1820751750,0.349553,-0.524330,-9.940725
1820752935,0.308852,-0.533907,-9.957485
1820754120,0.272939,-0.531513,-9.926360
1820755310,0.270545,-0.488417,-9.878476
1820756483,0.375890,-0.550666,-9.959879
1820757663,0.375890,-0.526724,-9.952697
1820758857,0.349553,-0.548272,-9.931149
1820760051,0.349553,-0.490811,-9.859323
1820761233,0.351948,-0.490811,-9.864111
1820762414,0.351948,-0.457293,-9.895236
1820763601,0.282516,-0.529119,-9.919178
1820764795,0.330400,-0.507571,-9.926360
1820765979,0.368707,-0.471658,-9.931149
1820767169,0.359130,-0.457293,-9.909601
1820768344,0.349553,-0.447716,-9.876082
1820769531,0.294487,-0.466869,-9.959879
1820770710,0.325611,-0.493206,-9.902418
1820771908,0.289698,-0.512359,-9.859323
1820773091,0.289698,-0.529119,-9.933543
1820774287,0.301669,-0.524330,-9.938332
1820775473,0.368707,-0.521936,-9.823410
1820776665,0.330400,-0.507571,-9.809045
1820777856,0.361524,-0.493206,-9.809045
1820779048,0.318429,-0.459687,-9.916783
1820780231,0.301669,-0.438139,-9.959879
1820781412,0.306458,-0.519542,-9.926360
1820782589,0.361524,-0.478840,-9.919178
1820783781,0.316035,-0.505177,-9.880871
1820784965,0.294487,-0.478840,-9.926360
1820786151,0.325611,-0.471658,-9.892841
1820787329,0.320823,-0.529119,-9.878476
1820788515,0.304064,-0.478840,-9.828198
1820789692,0.304064,-0.531513,-9.859323
1820790895,0.296881,-0.502782,-9.883265
1820792083,0.337582,-0.517148,-9.856929
1820793273,0.332794,-0.497994,-9.844957
1820794451,0.354342,-0.486023,-9.864111
1820795642,0.306458,-0.529119,-9.856929
1820796835,0.339977,-0.497994,-9.794679
1820798032,0.328006,-0.430956,-9.825804
1820799216,0.323217,-0.481235,-9.907207
1820800396,0.354342,-0.471658,-9.900024
1820801573,0.356736,-0.509965,-9.890448
1820802760,0.371101,-0.481235,-9.909601
1820803941,0.330400,-0.500388,-9.849746
1820805130,0.375890,-0.538695,-9.876082
1820806315,0.363919,-0.541090,-9.955091
1820807496,0.335188,-0.433351,-9.940725
1820808675,0.332794,-0.488417,-9.892841
1820809878,0.296881,-0.497994,-9.904813
1820811070,0.332794,-0.483629,-9.945514
1820812260,0.335188,-0.476446,-9.892841
1820813438,0.306458,-0.497994,-9.844957
1820814626,0.380678,-0.469264,-9.842564
1820815817,0.392649,-0.459687,-9.844957
1820817011,0.371101,-0.440533,-9.773131
1820818192,0.359130,-0.414197,-9.782708
1820819374,0.292093,-0.483629,-9.801862
1820820555,0.318429,-0.483629,-9.830592
1820821747,0.356736,-0.457293,-9.859323
1820822935,0.368707,-0.457293,-9.806650
1820824123,0.335188,-0.438139,-9.761160
1820825306,0.330400,-0.464475,-9.837775
1820826486,0.320823,-0.553061,-9.749189
1820827663,0.328006,-0.536301,-9.775525
1820828861,0.397437,-0.512359,-9.830592
1820830050,0.416591,-0.507571,-9.823410
1820831236,0.301669,-0.519542,-9.840169
1820832411,0.306458,-0.514753,-9.828198
1820833603,0.368707,-0.454898,-9.837775
1820834791,0.361524,-0.500388,-9.849746
1820835980,0.354342,-0.521936,-9.880871
1820837166,0.349553,-0.469264,-9.789890
1820838357,0.359130,-0.435745,-9.818622
1820839536,0.380678,-0.481235,-9.770737
1820840724,0.387861,-0.464475,-9.797073
1820841911,0.380678,-0.481235,-9.837775
1820843098,0.351948,-0.488417,-9.816227
1820844284,0.325611,-0.469264,-9.888053
1820845475,0.378284,-0.426168,-9.847352
1820846664,0.272939,-0.481235,-9.782708
1820847863,0.407014,-0.502782,-9.797073
1820849049,0.318429,-0.466869,-9.825804
1820850236,0.316035,-0.517148,-9.823410
1820851411,0.330400,-0.478840,-9.777920
1820852592,0.416591,-0.486023,-9.804255
1820853778,0.385466,-0.500388,-9.823410
1820854967,0.351948,-0.529119,-9.837775
1820856149,0.402226,-0.536301,-9.895236
1820857335,0.351948,-0.529119,-9.852140
1820858512,0.289698,-0.478840,-9.890448
1820859695,0.378284,-0.471658,-9.809045
1820860894,0.397437,-0.531513,-9.888053
1820862082,0.392649,-0.562637,-9.854534
1820863269,0.387861,-0.486023,-9.873688
1820864450,0.339977,-0.541090,-9.904813
1820865632,0.347159,-0.495600,-9.821015
1820866827,0.342371,-0.502782,-9.763555
1820868016,0.347159,-0.459687,-9.837775
1820869203,0.356736,-0.469264,-9.897630
1820870379,0.361524,-0.526724,-9.844957
1820871561,0.320823,-0.541090,-9.844957
1820872748,0.363919,-0.545878,-9.931149
1820873940,0.344765,-0.543484,-9.897630
1820875127,0.402226,-0.526724,-9.830592
1820876317,0.399832,-0.519542,-9.883265
1820877496,0.296881,-0.502782,-9.866506
1820878678,0.342371,-0.536301,-9.933543
1820879876,0.320823,-0.524330,-9.919178
1820881071,0.287304,-0.533907,-9.938332
1820882253,0.337582,-0.553061,-9.849746
1820883435,0.299275,-0.567426,-9.770737
1820884617,0.380678,-0.541090,-9.876082
1820885808,0.371101,-0.560243,-9.852140
1820886989,0.328006,-0.541090,-9.859323
1820888175,0.328006,-0.524330,-9.871294
1820889358,0.356736,-0.526724,-9.885659
1820890539,0.351948,-0.572214,-9.931149
1820891724,0.318429,-0.591368,-9.926360
1820892911,0.316035,-0.581791,-9.938332
1820894093,0.287304,-0.548272,-9.909601
1820895287,0.275333,-0.533907,-9.904813
1820896473,0.229843,-0.565032,-9.974244
1820897666,0.282516,-0.567426,-9.926360
1820898860,0.294487,-0.565032,-9.971850
1820900053,0.256180,-0.565032,-9.928755
1820901234,0.272939,-0.588974,-9.897630
1820902415,0.272939,-0.605733,-9.935937
1820903593,0.263362,-0.603339,-9.950302
1820904783,0.210690,-0.584185,-9.909601
1820905966,0.229843,-0.593762,-9.897630
1820907153,0.256180,-0.600945,-9.911995
1820908328,0.339977,-0.591368,-9.976639
1820909515,0.347159,-0.579397,-9.895236
1820910692,0.299275,-0.577003,-9.926360
1820911895,0.282516,-0.600945,-9.885659
1820913081,0.227449,-0.565032,-9.931149
1820914271,0.248997,-0.610521,-9.904813
1820915445,0.227449,-0.608127,-9.926360
1820916632,0.229843,-0.572214,-9.921572
1820917824,0.265756,-0.586579,-9.923966
1820919021,0.246603,-0.529119,-9.935937
1820920203,0.270545,-0.603339,-9.928755
1820921384,0.248997,-0.548272,-9.914390
1820922560,0.265756,-0.538695,-9.921572
1820923749,0.260968,-0.550666,-9.876082
1820924935,0.272939,-0.536301,-9.911995
1820926125,0.220267,-0.560243,-9.955091
1820927309,0.181959,-0.560243,-9.995792
1820928497,0.241814,-0.517148,-9.892841
1820929672,0.316035,-0.541090,-9.897630
1820930873,0.258574,-0.543484,-9.866506
1820932061,0.241814,-0.555455,-9.907207
1820933247,0.251391,-0.565032,-9.919178
1820934425,0.191536,-0.553061,-9.909601
1820935616,0.282516,-0.553061,-9.842564
1820936804,0.239420,-0.521936,-9.868899
1820937991,0.232238,-0.538695,-9.768343
1820939176,0.213084,-0.565032,-9.830592
1820940367,0.227449,-0.562637,-9.813833
1820941545,0.184354,-0.569820,-9.773131
1820942738,0.248997,-0.519542,-9.852140
1820943923,0.260968,-0.529119,-9.842564
1820945113,0.241814,-0.524330,-9.911995
1820946299,0.268151,-0.555455,-9.974244
1820947480,0.270545,-0.565032,-9.890448
1820948657,0.268151,-0.548272,-9.844957
1820949857,0.311246,-0.545878,-9.825804
1820951045,0.289698,-0.565032,-9.854534
1820952230,0.311246,-0.548272,-9.765948
1820953407,0.339977,-0.495600,-9.770737
1820954589,0.361524,-0.502782,-9.816227
1820955775,0.260968,-0.519542,-9.792285
1820956965,0.323217,-0.466869,-9.722853
1820958148,0.328006,-0.509965,-9.770737
1820959330,0.421380,-0.541090,-9.816227
1820960515,0.311246,-0.519542,-9.818622
1820961702,0.316035,-0.488417,-9.897630
1820962896,0.335188,-0.483629,-9.911995
1820964088,0.306458,-0.462081,-9.916783
1820965275,0.284910,-0.519542,-9.880871
1820966456,0.349553,-0.490811,-9.900024
1820967637,0.277727,-0.450110,-9.876082
1820968832,0.277727,-0.471658,-9.777920
1820970024,0.363919,-0.500388,-9.818622
1820971213,0.332794,-0.493206,-9.900024
1820972388,0.277727,-0.402226,-9.940725
1820973568,0.306458,-0.356736,-9.900024
1820974749,0.380678,-0.476446,-9.859323
1820975932,0.347159,-0.478840,-9.897630
1820977116,0.330400,-0.462081,-9.787497
1820978305,0.313640,-0.457293,-9.749189
1820979478,0.332794,-0.471658,-9.780313
1820980661,0.339977,-0.462081,-9.761160
1820981855,0.349553,-0.466869,-9.818622
1820983049,0.318429,-0.435745,-9.825804
1820984231,0.380678,-0.445322,-9.789890
1820985411,0.368707,-0.433351,-9.859323
1820986589,0.328006,-0.462081,-9.866506
1820987779,0.404620,-0.442927,-9.928755
1820988960,0.387861,-0.438139,-9.835381
1820990147,0.373495,-0.447716,-9.854534
1820991325,0.363919,-0.426168,-9.840169
1820992515,0.375890,-0.440533,-9.854534
1820993696,0.383072,-0.426168,-9.856929
1820994900,0.339977,-0.414197,-9.883265
1820996080,0.320823,-0.430956,-9.902418
1820997269,0.335188,-0.490811,-9.813833
1820998446,0.339977,-0.519542,-9.816227
1820999634,0.361524,-0.512359,-9.816227
1821000827,0.380678,-0.474052,-10.149021
1821002022,0.402226,-0.481235,-10.036493
1821003205,0.404620,-0.512359,-9.888053
1821004385,0.418985,-0.421380,-9.619903
1821005560,0.371101,-0.466869,-9.703699
1821006748,0.363919,-0.495600,-9.710882
1821007933,0.375890,-0.490811,-10.010158
1821009122,0.378284,-0.430956,-9.983821
1821010308,0.347159,-0.493206,-10.120291
1821011488,0.363919,-0.469264,-10.228029
1821012667,0.354342,-0.409408,-9.744401
1821013865,0.323217,-0.418985,-9.459491
1821015054,0.339977,-0.586579,-9.943120
1821016240,0.373495,-0.529119,-10.144233
1821017418,0.392649,-0.497994,-10.359711
1821018610,0.414197,-0.505177,-10.383653
1821019800,0.351948,-0.469264,-9.593566
1821020985,0.304064,-0.459687,-9.440337
1821022169,0.363919,-0.517148,-9.643845
1821023362,0.383072,-0.497994,-9.821015
1821024539,0.387861,-0.450110,-9.919178
1821025728,0.366313,-0.512359,-10.036493
1821026911,0.399832,-0.514753,-9.926360
1821028098,0.361524,-0.490811,-9.926360
1821029278,0.294487,-0.500388,-9.952697
1821030459,0.335188,-0.440533,-10.010158
1821031645,0.351948,-0.481235,-9.993398
1821032849,0.342371,-0.474052,-9.789890
1821034035,0.328006,-0.428562,-9.864111
1821035225,0.339977,-0.471658,-9.885659
1821036401,0.356736,-0.469264,-9.926360
1821037584,0.313640,-0.519542,-9.890448
1821038767,0.337582,-0.517148,-9.832987
1821039954,0.351948,-0.490811,-9.883265
1821041136,0.332794,-0.497994,-9.880871
1821042332,0.342371,-0.543484,-9.897630
1821043510,0.320823,-0.538695,-9.943120
1821044696,0.339977,-0.514753,-9.926360
1821045895,0.308852,-0.531513,-9.873688
1821047087,0.325611,-0.493206,-9.871294
1821048274,0.323217,-0.512359,-9.876082
1821049456,0.320823,-0.550666,-9.878476
1821050642,0.342371,-0.529119,-9.883265
1821051841,0.380678,-0.541090,-9.926360
1821053030,0.294487,-0.541090,-9.911995
1821054220,0.339977,-0.598550,-9.914390
1821055395,0.335188,-0.560243,-9.866506
1821056578,0.311246,-0.529119,-9.852140
1821057761,0.323217,-0.593762,-9.828198
1821058948,0.304064,-0.577003,-9.962274
1821060126,0.325611,-0.517148,-10.000581
1821061316,0.347159,-0.538695,-9.868899
1821062495,0.354342,-0.569820,-9.861717
1821063678,0.359130,-0.562637,-9.775525
1821064876,0.328006,-0.488417,-9.900024
1821066066,0.287304,-0.565032,-9.888053
1821067247,0.330400,-0.524330,-9.926360
1821068426,0.311246,-0.517148,-9.998186
1821069608,0.287304,-0.521936,-9.979033
1821070800,0.289698,-0.553061,-9.919178
1821071980,0.378284,-0.605733,-9.806650
1821073169,0.378284,-0.584185,-9.830592
1821074346,0.409408,-0.612916,-9.744401
1821075530,0.349553,-0.577003,-9.804255
1821076707,0.311246,-0.517148,-9.844957
1821077907,0.287304,-0.572214,-9.900024
1821079087,0.371101,-0.588974,-9.844957
1821080282,0.335188,-0.584185,-9.868899
1821081460,0.380678,-0.497994,-9.962274
1821082651,0.337582,-0.531513,-9.883265
1821083851,0.349553,-0.512359,-9.823410
1821085044,0.375890,-0.565032,-9.904813
1821086230,0.407014,-0.586579,-9.830592
1821087409,0.351948,-0.550666,-9.794679
1821088588,0.318429,-0.560243,-9.794679
1821089779,0.320823,-0.529119,-9.823410
1821090960,0.371101,-0.567426,-9.825804
1821092147,0.375890,-0.603339,-9.844957
1821093323,0.433351,-0.531513,-9.873688
1821094515,0.361524,-0.481235,-9.842564
1821095696,0.335188,-0.521936,-9.876082
1821096900,0.354342,-0.462081,-9.787497
1821098081,0.375890,-0.457293,-9.837775
1821099271,0.272939,-0.486023,-9.801862
1821100447,0.342371,-0.519542,-9.777920
1821101635,0.395043,-0.519542,-9.816227
1821102827,0.380678,-0.541090,-9.840169
1821104021,0.320823,-0.509965,-9.797073
1821105202,0.320823,-0.514753,-9.876082
1821106383,0.332794,-0.536301,-9.825804
1821107559,0.368707,-0.488417,-9.804255
1821108748,0.354342,-0.476446,-9.868899
1821109936,0.361524,-0.567426,-9.911995
1821111126,0.368707,-0.497994,-9.904813
1821112308,0.347159,-0.507571,-9.866506
1821113490,0.299275,-0.541090,-9.888053
1821114667,0.373495,-0.526724,-9.825804
1821115865,0.337582,-0.481235,-9.818622
1821117055,0.359130,-0.531513,-9.832987
1821118241,0.311246,-0.529119,-9.868899
1821119418,0.306458,-0.526724,-9.885659
1821120604,0.335188,-0.526724,-9.856929
1821121793,0.337582,-0.521936,-9.832987
1821122985,0.337582,-0.531513,-9.844957
1821124171,0.325611,-0.483629,-9.835381
1821125353,0.349553,-0.466869,-9.761160
1821126536,0.359130,-0.493206,-9.859323
1821127725,0.395043,-0.569820,-9.830592
1821128911,0.359130,-0.490811,-9.840169
1821130097,0.280122,-0.565032,-9.832987
1821131276,0.294487,-0.538695,-9.849746
1821132458,0.308852,-0.495600,-9.818622
1821133643,0.296881,-0.529119,-9.758766
1821134848,0.251391,-0.462081,-9.847352
1821136038,0.332794,-0.533907,-9.888053
1821137229,0.395043,-0.500388,-9.861717
1821138404,0.335188,-0.483629,-9.837775
1821139588,0.316035,-0.524330,-9.900024
1821140769,0.347159,-0.529119,-9.847352
1821141956,0.342371,-0.483629,-9.945514
1821143139,0.294487,-0.548272,-10.000581
1821144333,0.359130,-0.569820,-9.976639
1821145514,0.304064,-0.550666,-9.931149
1821146699,0.339977,-0.557849,-9.940725
1821147894,0.337582,-0.519542,-9.876082
1821149086,0.347159,-0.464475,-9.890448
1821150271,0.335188,-0.536301,-9.830592
1821151453,0.270545,-0.533907,-9.880871
1821152635,0.277727,-0.553061,-9.868899
1821153831,0.280122,-0.553061,-9.897630
1821155021,0.368707,-0.474052,-9.844957
1821156208,0.330400,-0.557849,-9.811439
1821157383,0.284910,-0.507571,-9.801862
1821158568,0.339977,-0.478840,-9.785102
1821159751,0.323217,-0.524330,-9.837775
1821160933,0.299275,-0.567426,-9.773131
1821162119,0.258574,-0.505177,-9.780313
1821163308,0.294487,-0.486023,-9.794679
1821164485,0.306458,-0.514753,-9.794679
1821165668,0.277727,-0.529119,-9.844957
1821166860,0.284910,-0.512359,-9.868899
1821168053,0.325611,-0.514753,-9.830592
1821169235,0.320823,-0.560243,-9.801862
1821170415,0.316035,-0.574608,-9.696517
1821171592,0.280122,-0.474052,-9.804255
1821172782,0.265756,-0.486023,-9.842564
1821173965,0.260968,-0.545878,-9.816227
1821175151,0.294487,-0.550666,-9.866506
1821176328,0.308852,-0.543484,-9.837775
1821177519,0.313640,-0.536301,-9.852140
1821178694,0.282516,-0.524330,-9.837775
1821179898,0.287304,-0.507571,-9.868899
1821181077,0.289698,-0.538695,-9.895236
1821182268,0.320823,-0.529119,-9.892841
1821183445,0.306458,-0.495600,-9.883265
1821184632,0.287304,-0.481235,-9.821015
1821185823,0.313640,-0.478840,-9.859323
1821187012,0.318429,-0.548272,-9.847352
1821188195,0.289698,-0.502782,-9.933543
1821189377,0.248997,-0.533907,-9.931149
1821190564,0.277727,-0.481235,-9.883265
1821191752,0.306458,-0.476446,-9.859323
1821192933,0.325611,-0.533907,-9.876082
1821194122,0.292093,-0.550666,-9.859323
1821195304,0.248997,-0.565032,-9.897630
1821196489,0.287304,-0.543484,-9.947908
1821197667,0.337582,-0.531513,-9.976639
1821198867,0.296881,-0.502782,-9.943120
1821200054,0.301669,-0.529119,-9.864111
1821201241,0.318429,-0.529119,-9.909601
1821202416,0.299275,-0.577003,-9.813833
1821203607,0.301669,-0.567426,-9.840169
1821204795,0.299275,-0.553061,-9.823410
1821205986,0.268151,-0.531513,-9.852140
1821207171,0.371101,-0.543484,-9.962274
1821208363,0.361524,-0.538695,-9.926360
1821209542,0.268151,-0.531513,-9.900024
1821210729,0.311246,-0.553061,-9.849746
1821211911,0.311246,-0.533907,-9.844957
1821213098,0.337582,-0.529119,-9.895236
1821214284,0.344765,-0.548272,-9.897630
1821215475,0.292093,-0.490811,-9.842564
1821216663,0.325611,-0.490811,-9.854534
1821217862,0.330400,-0.481235,-9.890448
1821219049,0.351948,-0.550666,-9.809045
1821220232,0.339977,-0.481235,-9.832987
1821221409,0.311246,-0.509965,-9.852140
1821222592,0.299275,-0.493206,-9.868899
1821223778,0.306458,-0.486023,-9.866506
1821224967,0.380678,-0.500388,-9.809045
1821226146,0.332794,-0.507571,-9.907207
1821227330,0.330400,-0.541090,-9.876082
1821228513,0.356736,-0.555455,-9.883265
1821229700,0.383072,-0.562637,-9.895236
1821230900,0.359130,-0.531513,-9.840169
1821232084,0.349553,-0.483629,-9.938332
1821233270,0.289698,-0.474052,-9.919178
1821234452,0.299275,-0.497994,-9.902418
1821235635,0.328006,-0.555455,-9.952697
1821236831,0.332794,-0.545878,-9.921572
1821238023,0.385466,-0.521936,-9.847352
1821239214,0.387861,-0.509965,-9.914390
1821240390,0.349553,-0.519542,-9.914390
1821241571,0.347159,-0.466869,-9.926360
1821242755,0.409408,-0.512359,-9.888053
1821243940,0.347159,-0.538695,-9.868899
1821245128,0.375890,-0.486023,-9.837775
1821246317,0.344765,-0.517148,-9.868899
1821247496,0.330400,-0.519542,-9.880871
1821248677,0.344765,-0.533907,-9.923966
1821249875,0.354342,-0.505177,-9.923966
1821251071,0.335188,-0.457293,-9.964667
1821252254,0.399832,-0.565032,-9.835381
1821253436,0.409408,-0.514753,-9.911995
1821254618,0.332794,-0.466869,-9.923966
1821255811,0.275333,-0.486023,-9.928755
1821256994,0.351948,-0.497994,-9.991004
1821258185,0.351948,-0.486023,-9.943120
1821259368,0.308852,-0.483629,-9.856929
1821260560,0.335188,-0.505177,-9.926360
1821261747,0.344765,-0.500388,-9.959879
1821262938,0.301669,-0.495600,-9.911995
1821264122,0.316035,-0.478840,-9.876082
1821265311,0.356736,-0.524330,-9.856929
1821266487,0.383072,-0.493206,-9.840169
1821267669,0.311246,-0.493206,-9.883265
1821268864,0.342371,-0.486023,-9.931149
1821270057,0.418985,-0.493206,-9.842564
1821271239,0.366313,-0.512359,-9.856929
1821272420,0.361524,-0.481235,-9.904813
1821273599,0.385466,-0.493206,-9.926360
1821274789,0.339977,-0.531513,-9.916783
1821275975,0.337582,-0.509965,-9.832987
1821277166,0.359130,-0.464475,-9.823410
1821278352,0.371101,-0.481235,-9.861717
1821279533,0.368707,-0.476446,-9.904813
1821280711,0.347159,-0.490811,-9.828198
1821281910,0.272939,-0.459687,-9.801862
1821283092,0.287304,-0.474052,-9.900024
1821284285,0.351948,-0.519542,-9.844957
1821285462,0.320823,-0.486023,-9.933543
1821286653,0.306458,-0.507571,-9.888053
1821287840,0.256180,-0.536301,-9.840169
1821289035,0.320823,-0.481235,-9.880871
1821290220,0.325611,-0.462081,-9.830592
1821291400,0.328006,-0.495600,-9.864111
1821292576,0.328006,-0.502782,-9.844957
1821293763,0.320823,-0.462081,-9.859323
1821294945,0.325611,-0.438139,-9.890448
1821296137,0.371101,-0.486023,-9.840169
1821297321,0.383072,-0.493206,-9.785102
1821298502,0.311246,-0.509965,-9.962274
1821299681,0.292093,-0.481235,-10.000581
1821300882,0.308852,-0.486023,-9.943120
1821302072,0.330400,-0.483629,-9.866506
1821303261,0.328006,-0.505177,-9.926360
1821304436,0.306458,-0.497994,-9.921572
1821305624,0.318429,-0.548272,-9.981427
1821306813,0.313640,-0.533907,-9.979033
1821307998,0.366313,-0.524330,-9.945514
1821309176,0.387861,-0.514753,-9.840169
1821310356,0.380678,-0.486023,-9.959879
1821311539,0.356736,-0.466869,-9.931149
1821312729,0.366313,-0.486023,-9.868899
1821313911,0.328006,-0.524330,-9.914390
1821315096,0.308852,-0.533907,-9.895236
1821316276,0.320823,-0.481235,-9.840169
1821317457,0.325611,-0.514753,-9.883265
1821318644,0.306458,-0.486023,-9.844957
1821319847,0.342371,-0.450110,-9.840169
1821321039,0.351948,-0.476446,-9.852140
1821322231,0.287304,-0.548272,-9.878476
1821323407,0.306458,-0.526724,-9.823410
1821324589,0.318429,-0.550666,-9.852140
1821325769,0.313640,-0.497994,-9.842564
1821326956,0.320823,-0.524330,-9.935937
1821328138,0.332794,-0.469264,-9.873688
1821329333,0.268151,-0.497994,-9.957485
1821330520,0.318429,-0.478840,-9.880871
1821331708,0.320823,-0.545878,-9.890448
1821332902,0.335188,-0.550666,-9.813833
1821334087,0.383072,-0.543484,-9.785102
1821335272,0.390255,-0.533907,-9.842564
1821336453,0.294487,-0.464475,-9.804255
1821337636,0.258574,-0.497994,-9.864111
1821338833,0.275333,-0.529119,-9.897630
1821340024,0.311246,-0.512359,-9.890448
1821341215,0.299275,-0.466869,-9.897630
1821342388,0.330400,-0.509965,-9.981427
1821343568,0.287304,-0.562637,-9.952697
1821344751,0.265756,-0.507571,-9.911995
1821345943,0.351948,-0.543484,-9.878476
1821347131,0.373495,-0.524330,-9.878476
1821348321,0.260968,-0.529119,-9.890448
1821349498,0.287304,-0.517148,-9.988609
1821350680,0.292093,-0.505177,-9.964667
1821351878,0.328006,-0.505177,-9.876082
1821353072,0.328006,-0.541090,-9.852140
1821354251,0.318429,-0.567426,-9.888053
1821355433,0.320823,-0.557849,-9.904813
1821356616,0.299275,-0.478840,-9.907207
1821357805,0.306458,-0.538695,-9.935937
1821358987,0.328006,-0.550666,-9.900024
1821360174,0.328006,-0.562637,-9.952697
1821361349,0.265756,-0.521936,-9.780313
1821362537,0.328006,-0.545878,-9.794679
1821363721,0.380678,-0.557849,-9.818622
1821364910,0.325611,-0.591368,-9.840169
1821366093,0.308852,-0.610521,-9.902418
1821367286,0.361524,-0.543484,-9.828198
1821368474,0.272939,-0.560243,-9.866506
1821369664,0.246603,-0.538695,-9.768343
1821370859,0.248997,-0.495600,-9.849746
1821372051,0.294487,-0.507571,-9.859323
1821373233,0.308852,-0.531513,-9.935937
1821374411,0.258574,-0.567426,-9.830592
1821375590,0.318429,-0.550666,-9.864111
1821376781,0.354342,-0.548272,-9.871294
1821377961,0.323217,-0.509965,-9.880871
1821379147,0.351948,-0.502782,-9.871294
1821380330,0.301669,-0.509965,-9.890448
1821381514,0.339977,-0.502782,-9.797073
1821382695,0.323217,-0.555455,-9.832987
1821383900,0.306458,-0.548272,-9.892841
1821385081,0.359130,-0.531513,-9.847352
1821386271,0.318429,-0.548272,-9.864111
1821387448,0.320823,-0.505177,-9.844957
1821388630,0.253785,-0.517148,-9.830592
1821389822,0.239420,-0.519542,-9.844957
1821391014,0.337582,-0.502782,-9.931149
1821392197,0.277727,-0.562637,-9.842564
1821393379,0.361524,-0.565032,-9.885659
1821394561,0.351948,-0.555455,-9.794679
1821395748,0.325611,-0.550666,-9.859323
1821396935,0.332794,-0.531513,-9.859323
1821398126,0.347159,-0.555455,-9.849746
1821399312,0.339977,-0.488417,-9.821015
1821400500,0.318429,-0.514753,-9.890448
1821401678,0.313640,-0.524330,-9.900024
1821402878,0.311246,-0.536301,-9.856929
1821404063,0.347159,-0.555455,-9.792285
1821405250,0.284910,-0.505177,-9.811439
1821406427,0.237026,-0.524330,-9.821015
1821407612,0.294487,-0.574608,-9.787497
1821408797,0.335188,-0.557849,-9.854534
1821409990,0.318429,-0.517148,-9.825804
1821411177,0.323217,-0.524330,-9.842564
1821412358,0.268151,-0.543484,-9.876082
1821413541,0.270545,-0.517148,-9.868899
1821414727,0.299275,-0.474052,-9.890448
1821415911,0.342371,-0.517148,-9.878476
1821417098,0.304064,-0.560243,-9.868899
1821418278,0.260968,-0.526724,-9.780313
1821419459,0.304064,-0.497994,-9.852140
1821420644,0.294487,-0.493206,-9.852140
1821421848,0.294487,-0.526724,-9.787497
1821423042,0.339977,-0.553061,-9.809045
1821424230,0.339977,-0.538695,-9.801862
1821425406,0.342371,-0.538695,-9.852140
1821426595,0.299275,-0.524330,-9.885659
1821427781,0.275333,-0.524330,-9.840169
1821428970,0.265756,-0.529119,-9.868899
1821430153,0.306458,-0.500388,-9.797073
1821431333,0.363919,-0.526724,-9.816227
1821432515,0.289698,-0.517148,-9.749189
1821433702,0.277727,-0.478840,-9.801862
1821434900,0.313640,-0.507571,-9.823410
1821436084,0.328006,-0.529119,-9.914390
1821437268,0.237026,-0.543484,-9.897630
1821438449,0.241814,-0.572214,-9.818622
1821439630,0.323217,-0.553061,-9.890448
1821440826,0.351948,-0.507571,-9.919178
1821442014,0.325611,-0.517148,-9.933543
1821443202,0.320823,-0.536301,-9.883265
1821444378,0.339977,-0.514753,-9.873688
1821445570,0.287304,-0.488417,-9.873688
1821446753,0.272939,-0.447716,-9.854534
1821447939,0.342371,-0.517148,-9.835381
1821449125,0.349553,-0.557849,-9.885659
1821450315,0.318429,-0.478840,-9.931149
1821451494,0.280122,-0.517148,-9.981427
1821452676,0.294487,-0.521936,-9.873688
1821453875,0.246603,-0.560243,-9.830592
1821455067,0.237026,-0.514753,-9.847352
1821456249,0.284910,-0.526724,-9.847352
1821457431,0.301669,-0.533907,-9.880871
1821458610,0.332794,-0.502782,-9.873688
1821459802,0.323217,-0.517148,-9.897630
1821460983,0.323217,-0.476446,-9.823410
1821462173,0.325611,-0.493206,-9.971850
1821463349,0.323217,-0.526724,-9.943120
1821464537,0.263362,-0.493206,-9.931149
1821465721,0.344765,-0.512359,-9.854534
1821466910,0.311246,-0.543484,-9.897630
1821468092,0.306458,-0.519542,-9.955091
1821469286,0.378284,-0.519542,-9.943120
1821470473,0.366313,-0.529119,-9.856929
1821471666,0.395043,-0.476446,-9.916783
1821472860,0.375890,-0.519542,-9.837775
1821474053,0.347159,-0.507571,-9.873688
1821475236,0.289698,-0.509965,-9.935937
1821476416,0.289698,-0.545878,-9.871294
1821477595,0.342371,-0.531513,-9.849746
1821478787,0.361524,-0.526724,-9.785102
1821479972,0.375890,-0.474052,-9.885659
1821481158,0.397437,-0.505177,-9.876082
1821482334,0.359130,-0.474052,-9.832987
1821483516,0.330400,-0.493206,-9.895236
1821484696,0.328006,-0.507571,-9.868899
1821485898,0.296881,-0.483629,-9.801862
1821487086,0.308852,-0.521936,-9.837775
1821488276,0.339977,-0.526724,-9.914390
1821489453,0.330400,-0.488417,-9.911995
1821490639,0.328006,-0.507571,-9.907207
1821491826,0.349553,-0.531513,-9.816227
1821493022,0.339977,-0.531513,-9.840169
1821494205,0.339977,-0.471658,-9.904813
1821495386,0.380678,-0.507571,-9.945514
1821496568,0.308852,-0.490811,-9.859323
1821497755,0.316035,-0.464475,-9.890448
1821498935,0.392649,-0.524330,-9.866506
1821500123,0.368707,-0.500388,-9.859323
1821501304,0.335188,-0.509965,-9.900024
1821502489,0.359130,-0.569820,-9.809045
1821503665,0.342371,-0.553061,-9.801862
1821504863,0.395043,-0.548272,-9.835381
1821506050,0.378284,-0.497994,-9.821015
1821507237,0.325611,-0.529119,-9.840169
1821508413,0.354342,-0.545878,-9.909601
1821509595,0.378284,-0.457293,-9.852140
1821510782,0.335188,-0.457293,-9.789890
1821511969,0.328006,-0.466869,-9.811439
1821513151,0.323217,-0.500388,-9.837775
1821514340,0.332794,-0.507571,-9.780313
1821515521,0.354342,-0.524330,-9.830592
1821516708,0.344765,-0.493206,-9.761160
1821517902,0.344765,-0.514753,-9.828198
1821519087,0.282516,-0.553061,-9.799467
1821520273,0.308852,-0.541090,-9.801862
1821521452,0.311246,-0.557849,-9.830592
1821522636,0.347159,-0.490811,-9.864111
1821523832,0.361524,-0.521936,-9.847352
1821525024,0.356736,-0.509965,-9.804255
1821526213,0.323217,-0.533907,-9.868899
1821527390,0.308852,-0.471658,-9.816227
1821528576,0.301669,-0.577003,-9.866506
1821529757,0.332794,-0.553061,-9.873688
1821530944,0.316035,-0.560243,-9.844957
1821532131,0.296881,-0.512359,-9.876082
1821533321,0.363919,-0.514753,-9.902418
1821534499,0.347159,-0.519542,-9.876082
1821535682,0.320823,-0.519542,-9.950302
1821536878,0.337582,-0.493206,-9.955091
1821538074,0.347159,-0.519542,-9.991004
1821539255,0.301669,-0.545878,-9.933543
1821540437,0.265756,-0.488417,-9.919178
1821541621,0.402226,-0.483629,-9.964667
1821542810,0.323217,-0.517148,-9.914390
1821543992,0.349553,-0.541090,-9.892841
1821545183,0.416591,-0.584185,-9.931149
1821546371,0.399832,-0.512359,-9.892841
1821547560,0.351948,-0.509965,-9.916783
1821548747,0.335188,-0.524330,-9.859323
1821549939,0.301669,-0.543484,-9.895236
1821551125,0.409408,-0.545878,-9.938332
1821552314,0.375890,-0.555455,-9.952697
1821553492,0.368707,-0.521936,-9.914390
1821554675,0.397437,-0.486023,-9.892841
1821555869,0.323217,-0.562637,-9.911995
1821557063,0.304064,-0.488417,-9.794679
1821558244,0.339977,-0.502782,-9.818622
1821559420,0.335188,-0.493206,-9.785102
1821560601,0.342371,-0.488417,-9.876082
1821561792,0.330400,-0.529119,-9.919178
1821562976,0.335188,-0.521936,-9.911995
1821564167,0.316035,-0.493206,-9.844957
1821565348,0.354342,-0.524330,-9.837775
1821566536,0.373495,-0.517148,-9.859323
1821567721,0.316035,-0.526724,-9.940725
1821568910,0.318429,-0.569820,-10.002975
1821570092,0.339977,-0.574608,-9.962274
1821571287,0.347159,-0.509965,-9.873688
1821572476,0.330400,-0.512359,-9.878476
1821573656,0.354342,-0.495600,-9.787497
1821574849,0.325611,-0.531513,-9.904813
1821576047,0.325611,-0.509965,-9.923966
1821577235,0.299275,-0.483629,-9.926360
1821578415,0.325611,-0.476446,-9.859323
1821579594,0.294487,-0.512359,-9.871294
1821580786,0.301669,-0.502782,-9.868899
1821581971,0.354342,-0.529119,-9.837775
1821583158,0.342371,-0.483629,-9.928755
1821584346,0.342371,-0.478840,-9.907207
1821585526,0.258574,-0.493206,-9.876082
1821586704,0.311246,-0.514753,-9.892841
1821587904,0.335188,-0.529119,-9.888053
1821589086,0.347159,-0.514753,-9.852140
1821590276,0.308852,-0.531513,-9.825804
1821591452,0.323217,-0.569820,-9.782708
1821592640,0.380678,-0.514753,-9.823410
1821593830,0.385466,-0.514753,-9.828198
1821595027,0.359130,-0.502782,-9.852140
1821596208,0.325611,-0.514753,-9.926360
1821597390,0.299275,-0.529119,-9.921572
1821598574,0.318429,-0.512359,-9.885659
1821599762,0.354342,-0.505177,-9.873688
1821600945,0.337582,-0.500388,-9.821015
1821602135,0.361524,-0.500388,-9.871294
1821603319,0.361524,-0.519542,-9.914390
1821604502,0.378284,-0.557849,-9.979033
1821605680,0.354342,-0.483629,-9.911995
1821606884,0.368707,-0.505177,-9.876082
1821608074,0.359130,-0.509965,-9.866506
1821609262,0.330400,-0.541090,-9.876082
1821610436,0.397437,-0.497994,-9.866506
1821611625,0.356736,-0.505177,-9.847352
1821612813,0.287304,-0.521936,-9.911995
1821613997,0.344765,-0.543484,-9.897630
1821615180,0.344765,-0.529119,-9.773131
1821616372,0.339977,-0.553061,-9.868899
1821617559,0.337582,-0.524330,-9.849746
1821618748,0.342371,-0.500388,-9.852140
1821619934,0.363919,-0.488417,-9.919178
1821621124,0.337582,-0.531513,-9.888053
1821622310,0.368707,-0.514753,-9.900024
1821623496,0.359130,-0.514753,-9.866506
1821624670,0.272939,-0.543484,-9.799467
1821625867,0.311246,-0.517148,-9.897630
1821627056,0.339977,-0.519542,-9.842564
1821628243,0.347159,-0.524330,-9.943120
1821629418,0.282516,-0.560243,-9.921572
1821630605,0.299275,-0.488417,-9.852140
1821631793,0.282516,-0.505177,-9.873688
1821632983,0.294487,-0.536301,-9.878476
1821634168,0.292093,-0.507571,-9.794679
1821635355,0.289698,-0.497994,-9.761160
1821636538,0.323217,-0.579397,-9.789890
1821637727,0.363919,-0.543484,-9.852140
1821638911,0.323217,-0.521936,-9.897630
1821640098,0.323217,-0.490811,-9.914390
1821641274,0.359130,-0.507571,-9.959879
1821642455,0.289698,-0.533907,-9.911995
1821643639,0.311246,-0.572214,-9.842564
1821644836,0.323217,-0.505177,-9.878476
1821646027,0.332794,-0.500388,-9.835381
1821647216,0.260968,-0.577003,-9.861717
1821648392,0.282516,-0.531513,-9.854534
1821649575,0.306458,-0.557849,-9.883265
1821650758,0.268151,-0.536301,-9.904813
1821651945,0.287304,-0.526724,-9.897630
1821653127,0.270545,-0.495600,-9.876082
1821654315,0.258574,-0.514753,-9.830592
1821655493,0.313640,-0.519542,-9.816227
1821656676,0.349553,-0.502782,-9.835381
1821657870,0.313640,-0.567426,-9.785102
1821659063,0.316035,-0.567426,-9.835381
1821660245,0.325611,-0.509965,-9.871294
1821661420,0.344765,-0.531513,-9.866506
1821662607,0.287304,-0.502782,-9.868899
1821663799,0.265756,-0.514753,-9.823410
1821664986,0.306458,-0.509965,-9.799467
1821666176,0.330400,-0.490811,-9.797073
1821667350,0.308852,-0.519542,-9.885659
1821668538,0.308852,-0.514753,-9.885659
1821669722,0.284910,-0.495600,-9.880871
1821670910,0.292093,-0.497994,-9.821015
1821672092,0.289698,-0.550666,-9.804255
1821673287,0.311246,-0.505177,-9.799467
1821674461,0.328006,-0.507571,-9.813833
1821675651,0.304064,-0.476446,-9.809045
1821676848,0.349553,-0.579397,-9.830592
1821678046,0.306458,-0.569820,-9.859323
1821679233,0.270545,-0.543484,-9.782708
1821680413,0.263362,-0.569820,-9.811439
1821681591,0.258574,-0.543484,-9.816227
1821682783,0.299275,-0.486023,-9.919178
1821683969,0.280122,-0.514753,-9.811439
1821685156,0.265756,-0.509965,-9.832987
1821686332,0.284910,-0.533907,-9.871294
1821687518,0.253785,-0.524330,-9.832987
1821688699,0.287304,-0.500388,-9.797073
1821689902,0.277727,-0.541090,-9.844957
1821691081,0.275333,-0.531513,-9.825804
1821692271,0.335188,-0.577003,-9.876082
1821693447,0.299275,-0.517148,-9.900024
1821694634,0.308852,-0.536301,-9.911995
1821695825,0.344765,-0.605733,-9.868899
1821697015,0.354342,-0.514753,-9.921572
1821698198,0.351948,-0.500388,-9.892841
1821699379,0.284910,-0.488417,-9.883265
1821700560,0.325611,-0.490811,-9.907207
1821701748,0.294487,-0.514753,-9.926360
1821702935,0.306458,-0.509965,-9.840169
1821704124,0.299275,-0.502782,-9.919178
1821705306,0.270545,-0.507571,-9.866506
1821706491,0.275333,-0.536301,-9.849746
1821707669,0.356736,-0.500388,-9.871294
1821708867,0.316035,-0.545878,-9.926360
1821710055,0.332794,-0.560243,-10.029311
1821711242,0.292093,-0.526724,-10.010158
1821712417,0.299275,-0.512359,-9.955091
1821713603,0.339977,-0.519542,-9.900024
1821714788,0.308852,-0.538695,-9.914390
1821715978,0.363919,-0.541090,-9.952697
1821717159,0.404620,-0.536301,-9.935937
1821718339,0.359130,-0.531513,-9.888053
1821719520,0.301669,-0.493206,-9.993398
1821720700,0.306458,-0.529119,-9.888053
1821721899,0.354342,-0.574608,-9.911995
1821723091,0.344765,-0.526724,-9.909601
1821724278,0.339977,-0.478840,-9.911995
1821725459,0.313640,-0.483629,-9.871294
1821726640,0.289698,-0.478840,-9.940725
1821727836,0.289698,-0.466869,-9.938332
1821729028,0.380678,-0.481235,-9.957485
1821730218,0.392649,-0.481235,-9.880871
1821731394,0.375890,-0.526724,-9.890448
1821732582,0.351948,-0.555455,-9.854534
1821733766,0.378284,-0.545878,-9.950302
1821734949,0.308852,-0.548272,-9.935937
1821736129,0.354342,-0.462081,-9.945514
1821737319,0.375890,-0.505177,-9.916783
1821738497,0.366313,-0.531513,-9.969456
1821739680,0.368707,-0.486023,-9.935937
1821740878,0.366313,-0.500388,-9.962274
1821742073,0.344765,-0.545878,-9.825804
1821743255,0.375890,-0.548272,-9.904813
1821744436,0.339977,-0.533907,-9.914390
1821745619,0.354342,-0.565032,-10.031705
1821746811,0.308852,-0.514753,-9.859323
1821747993,0.308852,-0.505177,-9.873688
1821749184,0.399832,-0.464475,-9.873688
1821750369,0.330400,-0.450110,-9.840169
1821751557,0.280122,-0.445322,-9.883265
1821752745,0.330400,-0.521936,-9.892841
1821753934,0.313640,-0.474052,-9.821015
1821755118,0.335188,-0.526724,-9.837775
1821756306,0.335188,-0.543484,-9.816227
1821757483,0.344765,-0.555455,-9.847352
1821758667,0.392649,-0.533907,-9.854534
1821759861,0.339977,-0.517148,-9.885659
1821761055,0.366313,-0.526724,-9.876082
1821762237,0.378284,-0.557849,-9.847352
1821763418,0.407014,-0.536301,-9.835381
1821764604,0.332794,-0.536301,-9.842564
1821765796,0.359130,-0.531513,-9.794679
1821766984,0.368707,-0.476446,-9.842564
1821768174,0.363919,-0.462081,-9.837775
1821769350,0.337582,-0.450110,-9.880871
1821770537,0.375890,-0.476446,-9.876082
1821771721,0.311246,-0.488417,-9.847352
1821772910,0.426168,-0.505177,-9.883265
1821774093,0.351948,-0.488417,-9.902418
1821775288,0.342371,-0.524330,-9.950302
1821776473,0.351948,-0.497994,-9.873688
1821777667,0.383072,-0.476446,-9.868899
1821778858,0.392649,-0.445322,-9.871294
1821780052,0.347159,-0.462081,-9.811439
1821781234,0.380678,-0.495600,-9.763555
1821782414,0.366313,-0.531513,-9.876082
1821783592,0.296881,-0.519542,-9.909601
1821784783,0.308852,-0.488417,-9.775525
1821785968,0.368707,-0.579397,-9.852140
1821787154,0.301669,-0.531513,-9.909601
1821788330,0.316035,-0.490811,-9.859323
1821789517,0.359130,-0.509965,-9.837775
1821790698,0.371101,-0.495600,-9.809045
1821791900,0.344765,-0.512359,-9.871294
1821793088,0.409408,-0.545878,-9.876082
1821794276,0.409408,-0.507571,-9.921572
1821795452,0.368707,-0.469264,-9.873688
1821796640,0.308852,-0.488417,-9.931149
1821797831,0.304064,-0.548272,-9.904813
1821799026,0.330400,-0.538695,-9.904813
1821800206,0.387861,-0.531513,-9.859323
1821801388,0.404620,-0.478840,-9.809045
1821802562,0.385466,-0.538695,-9.837775
1821803749,0.361524,-0.505177,-9.756371
1821804935,0.296881,-0.462081,-9.852140
1821806124,0.342371,-0.502782,-9.864111
1821807307,0.359130,-0.526724,-9.799467
1821808488,0.311246,-0.490811,-9.852140
1821809665,0.328006,-0.500388,-9.756371
1821810863,0.337582,-0.488417,-9.818622
1821812052,0.339977,-0.481235,-9.830592
1821813238,0.380678,-0.483629,-9.825804
1821814414,0.371101,-0.481235,-9.830592
1821815596,0.280122,-0.495600,-9.823410
1821816783,0.294487,-0.517148,-9.813833
1821817973,0.354342,-0.481235,-9.888053
1821819154,0.323217,-0.469264,-9.856929
1821820336,0.325611,-0.476446,-9.864111
1821821519,0.375890,-0.469264,-9.792285
1821822705,0.373495,-0.569820,-9.811439
1821823899,0.356736,-0.500388,-9.883265
1821825091,0.311246,-0.488417,-9.904813
1821826278,0.311246,-0.509965,-9.926360
1821827459,0.299275,-0.545878,-9.861717
1821828646,0.272939,-0.514753,-9.873688
1821829851,0.256180,-0.531513,-9.854534
1821831044,0.332794,-0.529119,-9.878476
1821832236,0.332794,-0.488417,-9.888053
1821833412,0.375890,-0.486023,-9.818622
1821834595,0.289698,-0.507571,-9.847352
1821835781,0.292093,-0.526724,-9.861717
1821836971,0.272939,-0.538695,-9.864111
1821838154,0.301669,-0.538695,-9.919178
1821839336,0.294487,-0.533907,-9.844957
1821840517,0.332794,-0.538695,-9.809045
1821841703,0.320823,-0.502782,-9.868899
1821842902,0.335188,-0.502782,-9.876082
1821844086,0.313640,-0.541090,-9.856929
1821845270,0.311246,-0.531513,-9.852140
1821846451,0.320823,-0.476446,-9.928755
1821847629,0.328006,-0.521936,-9.988609
1821848824,0.318429,-0.502782,-9.864111
1821850013,0.268151,-0.493206,-9.909601
1821851198,0.325611,-0.533907,-9.871294
1821852375,0.335188,-0.557849,-9.868899
1821853562,0.318429,-0.464475,-9.883265
1821854748,0.330400,-0.507571,-9.883265
1821855935,0.311246,-0.529119,-9.904813
1821857121,0.335188,-0.533907,-9.938332
1821858311,0.402226,-0.531513,-9.940725
1821859487,0.383072,-0.497994,-9.902418
1821860669,0.354342,-0.445322,-9.861717
1821861864,0.287304,-0.490811,-9.868899
1821863057,0.344765,-0.524330,-9.892841
1821864239,0.354342,-0.464475,-9.842564
1821865420,0.320823,-0.483629,-9.840169
1821866597,0.332794,-0.521936,-9.880871
1821867788,0.380678,-0.553061,-9.933543
1821868973,0.337582,-0.524330,-9.876082
1821870159,0.411803,-0.567426,-9.871294
1821871336,0.335188,-0.512359,-9.883265
1821872523,0.335188,-0.560243,-9.892841
1821873699,0.378284,-0.569820,-9.856929
1821874903,0.296881,-0.581791,-9.866506
1821876083,0.282516,-0.519542,-9.794679
1821877273,0.301669,-0.507571,-9.878476
1821878450,0.366313,-0.476446,-9.885659
1821879638,0.332794,-0.533907,-9.904813
1821880829,0.316035,-0.560243,-9.856929
1821882025,0.304064,-0.533907,-9.770737
1821883205,0.347159,-0.466869,-9.758766
1821884387,0.325611,-0.533907,-9.852140
1821885563,0.270545,-0.533907,-9.873688
1821886749,0.289698,-0.519542,-9.928755
1821887937,0.308852,-0.545878,-9.945514
1821889127,0.313640,-0.519542,-9.854534
1821890312,0.260968,-0.505177,-9.801862
1821891499,0.292093,-0.493206,-9.837775
1821892677,0.351948,-0.493206,-9.818622
1821893879,0.335188,-0.471658,-9.756371
1821895068,0.304064,-0.526724,-9.763555
1821896254,0.332794,-0.502782,-9.880871
1821897431,0.332794,-0.509965,-9.830592
1821898616,0.344765,-0.502782,-9.828198
1821899804,0.325611,-0.526724,-9.868899
1821900990,0.337582,-0.521936,-9.828198
1821902173,0.337582,-0.577003,-9.849746
1821903354,0.339977,-0.529119,-9.919178
1821904538,0.280122,-0.509965,-9.907207
1821905725,0.301669,-0.531513,-9.835381
1821906911,0.323217,-0.526724,-9.792285
1821908098,0.339977,-0.505177,-9.782708
1821909278,0.325611,-0.526724,-9.777920
1821910460,0.392649,-0.567426,-9.866506
1821911646,0.390255,-0.524330,-9.852140
1821912849,0.378284,-0.579397,-9.828198
1821914043,0.339977,-0.517148,-9.809045
1821915234,0.318429,-0.500388,-9.861717
1821916410,0.265756,-0.502782,-9.897630
1821917592,0.277727,-0.550666,-9.926360
1821918778,0.366313,-0.550666,-9.888053
1821919964,0.344765,-0.512359,-9.926360
1821921146,0.308852,-0.517148,-9.830592
1821922338,0.282516,-0.495600,-9.861717
1821923519,0.354342,-0.526724,-9.847352
1821924705,0.347159,-0.608127,-9.770737
1821925899,0.371101,-0.531513,-9.856929
1821927091,0.328006,-0.550666,-9.878476
1821928275,0.289698,-0.507571,-9.804255
1821929456,0.373495,-0.562637,-9.866506
1821930640,0.299275,-0.586579,-9.794679
1821931836,0.280122,-0.588974,-9.837775
1821933028,0.311246,-0.543484,-9.861717
1821934219,0.344765,-0.543484,-9.828198
1821935395,0.349553,-0.577003,-9.847352
1821936577,0.301669,-0.548272,-9.880871
1821937760,0.313640,-0.529119,-9.866506
1821938946,0.330400,-0.529119,-9.902418
1821940132,0.347159,-0.548272,-9.938332
1821941322,0.299275,-0.565032,-9.852140
1821942500,0.306458,-0.524330,-9.840169
1821943682,0.330400,-0.548272,-9.916783
1821944878,0.359130,-0.531513,-9.847352
1821946074,0.272939,-0.574608,-9.758766
1821947256,0.289698,-0.572214,-9.871294
1821948439,0.306458,-0.555455,-9.868899
1821949622,0.299275,-0.543484,-9.897630
1821950815,0.280122,-0.488417,-9.866506
1821951997,0.335188,-0.517148,-9.897630
1821953189,0.325611,-0.579397,-9.859323
1821954376,0.325611,-0.538695,-9.832987
1821955567,0.371101,-0.545878,-9.876082
1821956750,0.356736,-0.596156,-9.904813
1821957942,0.308852,-0.565032,-9.900024
1821959125,0.313640,-0.481235,-9.816227
1821960315,0.330400,-0.541090,-9.919178
1821961495,0.325611,-0.567426,-9.892841
1821962679,0.332794,-0.543484,-9.804255
1821963877,0.306458,-0.531513,-9.835381
1821965070,0.332794,-0.545878,-9.813833
1821966252,0.311246,-0.545878,-9.823410
1821967434,0.323217,-0.519542,-9.902418
1821968618,0.375890,-0.505177,-9.880871
1821969809,0.375890,-0.567426,-9.847352
1821970991,0.363919,-0.514753,-9.854534
1821972179,0.349553,-0.507571,-9.818622
1821973355,0.373495,-0.519542,-9.876082
1821974543,0.304064,-0.500388,-9.852140
1821975725,0.277727,-0.507571,-9.854534
1821976912,0.332794,-0.567426,-9.907207
1821978093,0.347159,-0.565032,-9.880871
1821979288,0.311246,-0.512359,-9.957485
1821980475,0.356736,-0.497994,-9.892841
1821981669,0.378284,-0.519542,-9.864111
1821982864,0.339977,-0.507571,-9.880871
1821984056,0.258574,-0.569820,-9.868899
1821985238,0.344765,-0.550666,-9.866506
1821986418,0.380678,-0.519542,-9.849746
1821987596,0.339977,-0.466869,-9.876082
1821988787,0.301669,-0.469264,-9.818622
1821989973,0.318429,-0.481235,-9.856929
1821991158,0.332794,-0.519542,-9.931149
1821992335,0.339977,-0.507571,-9.955091
1821993520,0.378284,-0.502782,-9.885659
1821994704,0.337582,-0.495600,-9.885659
1821995907,0.361524,-0.509965,-9.890448
1821997089,0.368707,-0.488417,-9.900024
1821998277,0.339977,-0.462081,-9.947908
1821999453,0.349553,-0.452504,-9.904813
1822000640,0.375890,-0.500388,-9.873688
1822001831,0.354342,-0.486023,-9.876082
1822003026,0.318429,-0.481235,-9.897630
1822004209,0.335188,-0.497994,-9.873688
1822005391,0.337582,-0.481235,-9.907207
1822006566,0.361524,-0.493206,-9.878476
1822007754,0.316035,-0.490811,-9.876082
1822008933,0.296881,-0.493206,-9.849746
1822010123,0.320823,-0.507571,-9.888053
1822011308,0.371101,-0.526724,-9.880871
1822012488,0.371101,-0.502782,-9.797073
1822013665,0.361524,-0.512359,-9.818622
1822014865,0.359130,-0.543484,-9.861717
1822016052,0.366313,-0.481235,-9.876082
1822017239,0.366313,-0.557849,-9.926360
1822018412,0.385466,-0.512359,-9.868899
1822019596,0.385466,-0.490811,-9.821015
1822020782,0.351948,-0.548272,-9.916783
1822021972,0.361524,-0.536301,-9.900024
1822023153,0.361524,-0.560243,-9.926360
1822024342,0.392649,-0.486023,-9.935937
1822025524,0.301669,-0.531513,-9.835381
1822026704,0.265756,-0.541090,-9.849746
1822027898,0.299275,-0.541090,-9.902418
1822029089,0.320823,-0.493206,-9.871294
1822030274,0.330400,-0.426168,-9.892841
1822031454,0.335188,-0.450110,-9.816227
1822032637,0.385466,-0.543484,-9.777920
1822033833,0.387861,-0.538695,-9.864111
1822035026,0.323217,-0.519542,-9.943120
1822036215,0.368707,-0.524330,-9.859323
1822037391,0.289698,-0.497994,-9.873688
1822038572,0.337582,-0.497994,-9.868899
1822039756,0.299275,-0.533907,-9.854534
1822040941,0.335188,-0.509965,-9.830592
1822042111,0.287304,-0.500388,-9.909601
1822043296,0.363919,-0.519542,-9.849746
1822044470,0.397437,-0.524330,-9.849746
1822045658,0.354342,-0.524330,-9.935937
1822046853,0.318429,-0.538695,-9.897630
1822048044,0.351948,-0.555455,-9.844957
1822049232,0.361524,-0.507571,-9.844957
1822050400,0.344765,-0.517148,-9.813833
1822051584,0.359130,-0.497994,-9.880871
1822052772,0.347159,-0.502782,-9.880871
1822053953,0.344765,-0.512359,-9.847352
1822055140,0.351948,-0.524330,-9.878476
1822056326,0.387861,-0.533907,-9.780313
1822057508,0.313640,-0.512359,-9.883265
1822058690,0.328006,-0.497994,-9.830592
1822059891,0.318429,-0.478840,-9.864111
1822061077,0.332794,-0.462081,-9.825804
1822062267,0.325611,-0.560243,-9.832987
1822063444,0.306458,-0.565032,-9.837775
1822064631,0.328006,-0.517148,-9.811439
1822065822,0.330400,-0.500388,-9.907207
1822067011,0.356736,-0.526724,-9.921572
1822068194,0.320823,-0.481235,-9.876082
1822069384,0.335188,-0.519542,-9.888053
1822070561,0.277727,-0.509965,-9.962274
1822071748,0.316035,-0.529119,-9.876082
1822072933,0.328006,-0.493206,-9.828198
1822074118,0.371101,-0.517148,-9.816227
1822075304,0.296881,-0.533907,-9.880871
1822076484,0.306458,-0.572214,-9.900024
1822077661,0.299275,-0.493206,-9.823410
1822078859,0.320823,-0.490811,-9.859323
1822080047,0.282516,-0.509965,-9.895236
1822081236,0.294487,-0.567426,-9.806650
1822082412,0.351948,-0.471658,-9.895236
1822083595,0.349553,-0.471658,-9.880871
1822084782,0.318429,-0.478840,-9.864111
1822085972,0.287304,-0.452504,-9.880871
1822087153,0.359130,-0.476446,-9.876082
1822088333,0.287304,-0.457293,-9.883265
1822089520,0.359130,-0.454898,-9.914390
1822090708,0.318429,-0.512359,-9.959879
1822091903,0.265756,-0.519542,-9.964667
1822093088,0.318429,-0.512359,-9.871294
1822094272,0.306458,-0.545878,-9.856929
1822095454,0.304064,-0.517148,-9.928755
1822096636,0.347159,-0.476446,-9.945514
1822097833,0.339977,-0.521936,-9.940725
1822099025,0.347159,-0.545878,-9.876082
1822100212,0.337582,-0.519542,-9.892841
1822101389,0.332794,-0.514753,-9.787497
1822102578,0.320823,-0.526724,-9.780313
1822103760,0.294487,-0.531513,-9.856929
1822104948,0.277727,-0.541090,-9.938332
1822106134,0.349553,-0.550666,-9.895236
1822107324,0.313640,-0.502782,-9.938332
1822108502,0.301669,-0.500388,-9.919178
1822109683,0.275333,-0.557849,-9.888053
1822110881,0.284910,-0.500388,-9.859323
1822112076,0.342371,-0.495600,-9.847352
1822113258,0.368707,-0.526724,-9.873688
1822114439,0.373495,-0.553061,-9.916783
1822115623,0.287304,-0.586579,-9.888053
1822116815,0.280122,-0.541090,-9.888053
1822117995,0.373495,-0.512359,-9.945514
1822119188,0.313640,-0.521936,-9.871294
1822120375,0.332794,-0.545878,-9.947908
1822121566,0.356736,-0.524330,-9.933543
1822122749,0.306458,-0.493206,-9.976639
1822123940,0.337582,-0.507571,-9.926360
1822125125,0.373495,-0.517148,-9.911995
1822126316,0.347159,-0.541090,-9.885659
1822127493,0.342371,-0.560243,-9.909601
1822128676,0.330400,-0.524330,-9.876082
1822129868,0.335188,-0.519542,-9.883265
1822131061,0.313640,-0.550666,-9.868899
1822132243,0.289698,-0.550666,-9.919178
1822133423,0.349553,-0.521936,-9.933543
1822134611,0.335188,-0.526724,-9.878476
1822135804,0.330400,-0.509965,-9.787497
1822136983,0.294487,-0.495600,-9.823410
1822138171,0.328006,-0.574608,-9.876082
1822139346,0.299275,-0.519542,-9.902418
1822140532,0.304064,-0.577003,-9.926360
1822141708,0.335188,-0.553061,-9.842564
1822142907,0.354342,-0.519542,-9.919178
1822144090,0.311246,-0.490811,-9.933543
1822145280,0.332794,-0.478840,-9.902418
1822146456,0.347159,-0.509965,-9.837775
1822147647,0.392649,-0.531513,-9.830592
1822148847,0.347159,-0.478840,-9.876082
1822150044,0.316035,-0.486023,-9.856929
1822151230,0.306458,-0.531513,-9.890448
1822152411,0.349553,-0.550666,-9.916783
1822153589,0.339977,-0.548272,-9.782708
1822154780,0.354342,-0.529119,-9.914390
1822155962,0.311246,-0.565032,-9.907207
1822157148,0.280122,-0.588974,-9.890448
1822158324,0.320823,-0.502782,-9.866506
1822159511,0.332794,-0.608127,-9.830592
1822160692,0.296881,-0.500388,-9.823410
1822161893,0.299275,-0.541090,-9.813833
1822163078,0.306458,-0.505177,-9.983821
1822164261,0.337582,-0.548272,-9.945514
1822165439,0.385466,-0.524330,-9.868899
1822166627,0.351948,-0.524330,-9.813833
1822167815,0.330400,-0.533907,-9.816227
1822169000,0.328006,-0.521936,-9.792285
1822170186,0.318429,-0.502782,-9.770737
1822171372,0.347159,-0.557849,-9.830592
1822172559,0.342371,-0.565032,-9.856929
1822173748,0.387861,-0.600945,-9.900024
1822174931,0.289698,-0.541090,-9.933543
1822176120,0.313640,-0.569820,-9.892841
1822177305,0.342371,-0.531513,-9.868899
1822178487,0.328006,-0.517148,-9.835381
1822179664,0.296881,-0.572214,-9.811439
1822180864,0.325611,-0.574608,-9.856929
1822182052,0.378284,-0.553061,-9.880871
1822183237,0.349553,-0.574608,-9.830592
1822184412,0.289698,-0.557849,-9.933543
1822185596,0.368707,-0.507571,-9.897630
1822186781,0.294487,-0.536301,-9.859323
1822187971,0.251391,-0.517148,-9.828198
1822189154,0.280122,-0.471658,-9.823410
1822190344,0.258574,-0.488417,-9.818622
1822191526,0.335188,-0.497994,-9.842564
1822192712,0.296881,-0.529119,-9.880871
1822193907,0.270545,-0.521936,-9.816227
1822195093,0.272939,-0.524330,-9.818622
1822196280,0.256180,-0.596156,-9.897630
1822197461,0.248997,-0.464475,-9.871294
1822198649,0.356736,-0.505177,-9.844957
1822199853,0.339977,-0.481235,-9.801862
1822201039,0.308852,-0.495600,-9.816227
1822202228,0.330400,-0.514753,-9.797073
1822203403,0.339977,-0.507571,-9.854534
1822204586,0.347159,-0.514753,-9.780313
1822205766,0.294487,-0.521936,-9.835381
1822206953,0.330400,-0.519542,-9.797073
1822208131,0.361524,-0.497994,-9.844957
1822209322,0.284910,-0.533907,-9.885659
1822210500,0.380678,-0.531513,-9.844957
1822211683,0.356736,-0.519542,-9.809045
1822212880,0.323217,-0.536301,-9.883265
1822214077,0.296881,-0.497994,-9.856929
1822215260,0.258574,-0.459687,-9.809045
1822216440,0.299275,-0.541090,-9.832987
1822217623,0.313640,-0.579397,-9.844957
1822218816,0.335188,-0.567426,-9.753978
1822219999,0.351948,-0.505177,-9.804255
1822221190,0.332794,-0.514753,-9.854534
1822222367,0.318429,-0.507571,-9.849746
1822223555,0.299275,-0.462081,-9.895236
1822224742,0.296881,-0.464475,-9.895236
1822225933,0.308852,-0.507571,-9.813833
1822227118,0.268151,-0.531513,-9.868899
1822228308,0.284910,-0.514753,-9.871294
1822229492,0.292093,-0.500388,-9.868899
1822230673,0.304064,-0.502782,-9.861717
1822231867,0.306458,-0.512359,-9.811439
1822233059,0.301669,-0.490811,-9.890448
1822234240,0.289698,-0.524330,-9.897630
1822235420,0.351948,-0.517148,-9.868899
1822236599,0.304064,-0.493206,-9.813833
1822237789,0.289698,-0.526724,-9.852140
1822238974,0.260968,-0.514753,-9.861717
1822240161,0.260968,-0.524330,-9.773131
1822241337,0.263362,-0.550666,-9.859323
1822242523,0.256180,-0.512359,-9.974244
1822243700,0.234632,-0.507571,-9.919178
1822244901,0.268151,-0.531513,-9.890448
1822246088,0.301669,-0.517148,-9.856929
1822247278,0.292093,-0.507571,-9.794679
1822248455,0.292093,-0.560243,-9.864111
1822249642,0.323217,-0.505177,-9.868899
1822250834,0.318429,-0.524330,-9.854534
1822252027,0.258574,-0.500388,-9.859323
1822253209,0.268151,-0.471658,-9.856929
1822254390,0.318429,-0.457293,-9.909601
1822255566,0.232238,-0.596156,-9.945514
1822256755,0.296881,-0.545878,-9.909601
1822257941,0.361524,-0.531513,-9.983821
1822259132,0.342371,-0.509965,-9.907207
1822260316,0.323217,-0.493206,-9.859323
1822261499,0.325611,-0.529119,-9.897630
1822262677,0.304064,-0.500388,-9.921572
1822263874,0.368707,-0.509965,-9.871294
1822265062,0.308852,-0.497994,-9.806650
1822266247,0.277727,-0.464475,-9.832987
1822267417,0.260968,-0.517148,-9.840169
1822268599,0.311246,-0.524330,-9.916783
1822269785,0.366313,-0.543484,-9.926360
1822270972,0.270545,-0.560243,-9.883265
1822272154,0.299275,-0.536301,-9.866506
1822273335,0.356736,-0.500388,-9.911995
1822274520,0.378284,-0.509965,-9.940725
1822275705,0.359130,-0.519542,-9.854534
1822276899,0.299275,-0.524330,-9.844957
1822278091,0.287304,-0.541090,-9.897630
1822279274,0.306458,-0.536301,-9.840169
1822280455,0.337582,-0.557849,-9.806650
1822281638,0.323217,-0.488417,-9.890448
1822282834,0.313640,-0.507571,-9.902418
1822284018,0.323217,-0.488417,-9.842564
1822285205,0.325611,-0.486023,-9.902418
1822286381,0.359130,-0.521936,-9.813833
1822287572,0.342371,-0.469264,-9.868899
1822288756,0.363919,-0.454898,-9.921572
1822289944,0.318429,-0.512359,-9.892841
1822291130,0.366313,-0.493206,-9.852140
1822292319,0.335188,-0.553061,-9.801862
1822293497,0.308852,-0.541090,-9.842564
1822294679,0.356736,-0.529119,-9.852140
1822295873,0.387861,-0.500388,-9.844957
1822297066,0.308852,-0.524330,-9.864111
1822298247,0.275333,-0.500388,-9.825804
1822299432,0.280122,-0.519542,-9.888053
1822300620,0.320823,-0.507571,-9.947908
1822301812,0.361524,-0.565032,-9.926360
1822302993,0.332794,-0.493206,-9.840169
1822304183,0.368707,-0.488417,-9.907207
1822305369,0.313640,-0.462081,-9.909601
1822306547,0.320823,-0.478840,-9.837775
1822307727,0.335188,-0.541090,-9.892841
1822308913,0.347159,-0.526724,-9.902418
1822310095,0.332794,-0.478840,-9.813833
1822311290,0.351948,-0.512359,-9.789890
1822312477,0.344765,-0.509965,-9.830592
1822313670,0.349553,-0.524330,-9.794679
1822314864,0.347159,-0.533907,-9.852140
1822316056,0.282516,-0.543484,-9.816227
1822317239,0.308852,-0.553061,-9.818622
1822318419,0.368707,-0.526724,-9.835381
1822319597,0.349553,-0.562637,-9.890448
1822320788,0.356736,-0.486023,-9.859323
1822321974,0.421380,-0.474052,-9.835381
1822323160,0.320823,-0.474052,-9.844957
1822324342,0.248997,-0.452504,-9.809045
1822325521,0.344765,-0.529119,-9.813833
1822326699,0.323217,-0.524330,-9.768343
1822327903,0.318429,-0.555455,-9.818622
1822329084,0.282516,-0.514753,-9.914390
1822330274,0.330400,-0.531513,-9.888053
1822331449,0.335188,-0.557849,-9.919178
1822332638,0.378284,-0.565032,-9.868899
1822333828,0.366313,-0.550666,-9.753978
1822335018,0.335188,-0.519542,-9.794679
1822336201,0.330400,-0.478840,-9.890448
1822337380,0.328006,-0.567426,-9.914390
1822338561,0.313640,-0.598550,-9.921572
1822339748,0.337582,-0.550666,-9.890448
1822340932,0.354342,-0.526724,-9.911995
1822342123,0.347159,-0.560243,-9.871294
1822343309,0.371101,-0.555455,-9.888053
1822344489,0.304064,-0.495600,-9.919178
1822345665,0.344765,-0.536301,-9.902418
1822346864,0.332794,-0.569820,-9.938332
1822348052,0.318429,-0.548272,-9.904813
1822349234,0.366313,-0.476446,-9.914390
1822350410,0.363919,-0.526724,-9.878476
1822351591,0.330400,-0.533907,-9.871294
1822352773,0.311246,-0.555455,-9.835381
1822353960,0.306458,-0.545878,-9.756371
1822355142,0.344765,-0.519542,-9.785102
1822356337,0.339977,-0.512359,-9.854534
1822357524,0.280122,-0.553061,-9.928755
1822358711,0.332794,-0.545878,-9.868899
1822359906,0.287304,-0.548272,-9.890448
1822361093,0.280122,-0.567426,-9.849746
1822362278,0.344765,-0.529119,-9.890448
1822363460,0.337582,-0.505177,-9.902418
1822364642,0.308852,-0.550666,-9.900024
1822365836,0.320823,-0.557849,-9.847352
1822367028,0.280122,-0.519542,-9.916783
1822368214,0.277727,-0.541090,-9.971850
1822369387,0.330400,-0.555455,-9.885659
1822370572,0.294487,-0.548272,-9.940725
1822371753,0.222661,-0.545878,-9.835381
1822372945,0.272939,-0.560243,-9.890448
1822374130,0.330400,-0.538695,-9.888053
1822375318,0.320823,-0.545878,-9.880871
1822376496,0.332794,-0.478840,-9.864111
1822377676,0.304064,-0.565032,-9.945514
1822378866,0.354342,-0.519542,-9.844957
1822380057,0.342371,-0.560243,-9.861717
1822381239,0.378284,-0.497994,-9.861717
1822382420,0.323217,-0.507571,-9.832987
1822383599,0.328006,-0.560243,-9.907207
1822384788,0.316035,-0.579397,-9.878476
1822385973,0.344765,-0.557849,-9.835381
1822387160,0.335188,-0.524330,-9.787497
1822388343,0.301669,-0.531513,-9.787497
1822389529,0.316035,-0.560243,-9.849746
1822390707,0.318429,-0.533907,-9.813833
1822391906,0.339977,-0.519542,-9.943120
1822393086,0.311246,-0.521936,-9.880871
1822394278,0.316035,-0.435745,-9.844957
1822395455,0.301669,-0.517148,-9.876082
1822396643,0.339977,-0.526724,-9.844957
1822397835,0.318429,-0.483629,-9.844957
1822399032,0.306458,-0.512359,-9.890448
1822400216,0.359130,-0.505177,-9.859323
1822401397,0.289698,-0.478840,-9.885659
1822402581,0.304064,-0.502782,-9.816227
1822403767,0.311246,-0.502782,-9.890448
1822404949,0.347159,-0.488417,-9.904813
1822406140,0.318429,-0.517148,-9.907207
1822407325,0.375890,-0.536301,-9.935937
1822408508,0.301669,-0.517148,-9.916783
1822409683,0.318429,-0.517148,-9.969456
1822410883,0.361524,-0.514753,-9.828198
1822412074,0.354342,-0.545878,-9.794679
1822413261,0.306458,-0.557849,-9.813833
1822414439,0.349553,-0.553061,-9.885659
1822415626,0.311246,-0.529119,-9.854534
1822416815,0.335188,-0.550666,-9.907207
1822418001,0.320823,-0.553061,-9.957485
1822419181,0.289698,-0.560243,-9.907207
1822420371,0.359130,-0.577003,-9.892841
1822421548,0.383072,-0.562637,-9.873688
1822422737,0.356736,-0.555455,-9.911995
1822423922,0.363919,-0.543484,-9.856929
1822425110,0.328006,-0.526724,-9.840169
1822426294,0.411803,-0.512359,-9.844957
1822427485,0.368707,-0.471658,-9.861717
1822428663,0.320823,-0.533907,-9.876082
1822429861,0.308852,-0.550666,-9.907207
1822431048,0.332794,-0.526724,-9.868899
1822432237,0.339977,-0.545878,-9.821015
1822433413,0.380678,-0.548272,-9.785102
1822434596,0.339977,-0.481235,-9.837775
1822435783,0.277727,-0.538695,-9.868899
1822436974,0.351948,-0.538695,-9.873688
1822438156,0.332794,-0.514753,-9.878476
1822439338,0.306458,-0.502782,-9.964667
1822440519,0.294487,-0.500388,-9.856929
1822441705,0.306458,-0.519542,-9.787497
1822442899,0.335188,-0.557849,-9.878476
1822444092,0.354342,-0.507571,-9.890448
1822445276,0.361524,-0.502782,-9.883265
1822446458,0.342371,-0.495600,-9.832987
1822447641,0.318429,-0.531513,-9.844957
1822448838,0.316035,-0.512359,-9.813833
1822450029,0.306458,-0.550666,-9.888053
1822451218,0.289698,-0.541090,-9.866506
1822452393,0.339977,-0.533907,-9.897630
1822453575,0.328006,-0.488417,-9.770737
1822454757,0.332794,-0.493206,-9.830592
1822455942,0.318429,-0.591368,-9.878476
1822457128,0.270545,-0.550666,-9.832987
1822458317,0.268151,-0.517148,-9.835381
1822459496,0.347159,-0.529119,-9.888053
1822460679,0.280122,-0.514753,-9.876082
1822461873,0.304064,-0.512359,-9.806650
1822463064,0.311246,-0.524330,-9.888053
1822464246,0.270545,-0.502782,-9.921572
1822465432,0.318429,-0.493206,-9.892841
1822466613,0.306458,-0.493206,-9.892841
1822467806,0.325611,-0.497994,-9.950302
1822468985,0.361524,-0.512359,-9.967062
1822470176,0.335188,-0.553061,-9.864111
1822471352,0.316035,-0.490811,-9.753978
1822472535,0.342371,-0.488417,-9.811439
1822473714,0.349553,-0.507571,-9.890448
1822474910,0.395043,-0.557849,-9.909601
1822476091,0.282516,-0.497994,-9.895236
1822477282,0.289698,-0.517148,-9.840169
1822478459,0.359130,-0.450110,-9.804255
1822479648,0.325611,-0.521936,-9.832987
1822480849,0.332794,-0.500388,-9.909601
1822482044,0.323217,-0.493206,-9.854534
1822483231,0.351948,-0.500388,-9.856929
1822484412,0.378284,-0.531513,-9.852140
1822485595,0.335188,-0.490811,-9.861717
1822486786,0.292093,-0.500388,-9.861717
1822487970,0.332794,-0.490811,-9.840169
1822489156,0.328006,-0.466869,-9.864111
1822490340,0.320823,-0.464475,-9.792285
1822491531,0.330400,-0.500388,-9.837775
1822492707,0.339977,-0.464475,-9.861717
1822493907,0.282516,-0.454898,-9.859323
1822495088,0.335188,-0.471658,-9.883265
1822496279,0.316035,-0.517148,-9.928755
1822497456,0.316035,-0.500388,-9.859323
1822498642,0.339977,-0.493206,-9.856929
1822499834,0.265756,-0.486023,-9.890448
1822501029,0.258574,-0.519542,-9.947908
1822502212,0.356736,-0.538695,-9.880871
1822503393,0.349553,-0.526724,-9.842564
1822504570,0.339977,-0.536301,-9.806650
1822505757,0.268151,-0.524330,-9.871294
1822506937,0.323217,-0.543484,-9.828198
1822508128,0.320823,-0.500388,-9.864111
1822509309,0.277727,-0.476446,-9.895236
1822510495,0.301669,-0.474052,-9.868899
1822511673,0.344765,-0.495600,-9.888053
1822512871,0.373495,-0.541090,-9.888053
1822514058,0.337582,-0.497994,-9.830592
1822515245,0.299275,-0.507571,-9.849746
1822516421,0.351948,-0.447716,-9.916783
1822517608,0.323217,-0.476446,-9.895236
1822518797,0.332794,-0.536301,-9.938332
1822519987,0.351948,-0.536301,-9.797073
1822521172,0.335188,-0.509965,-9.806650
1822522360,0.313640,-0.512359,-9.873688
1822523538,0.277727,-0.512359,-9.923966
1822524728,0.304064,-0.474052,-9.890448
1822525911,0.373495,-0.502782,-9.840169
1822527097,0.368707,-0.548272,-9.933543
1822528288,0.316035,-0.557849,-9.933543
1822529479,0.294487,-0.533907,-9.971850
1822530666,0.308852,-0.495600,-9.947908
1822531861,0.361524,-0.557849,-10.034100
1822533049,0.280122,-0.509965,-9.945514
1822534240,0.347159,-0.560243,-9.864111
1822535416,0.373495,-0.562637,-9.914390
1822536599,0.344765,-0.512359,-9.909601
1822537785,0.294487,-0.536301,-9.943120
1822538974,0.332794,-0.471658,-10.010158
1822540157,0.332794,-0.526724,-9.986216
1822541338,0.339977,-0.538695,-9.947908
1822542520,0.342371,-0.565032,-9.933543
1822543703,0.330400,-0.560243,-9.873688
1822544901,0.339977,-0.550666,-9.859323
1822546093,0.275333,-0.538695,-9.935937
1822547281,0.337582,-0.548272,-9.926360
1822548463,0.306458,-0.574608,-9.907207
1822549647,0.363919,-0.545878,-9.900024
1822550850,0.361524,-0.512359,-9.871294
1822552044,0.342371,-0.481235,-9.818622
1822553237,0.351948,-0.514753,-9.852140
1822554413,0.277727,-0.529119,-9.914390
1822555596,0.272939,-0.550666,-9.861717
1822556783,0.296881,-0.572214,-9.880871
1822557973,0.323217,-0.581791,-9.902418
1822559155,0.306458,-0.519542,-9.818622
1822560336,0.289698,-0.550666,-9.844957
1822561518,0.342371,-0.526724,-9.907207
1822562703,0.354342,-0.521936,-9.911995
1822563903,0.351948,-0.505177,-9.871294
1822565095,0.320823,-0.514753,-9.804255
1822566280,0.359130,-0.555455,-9.689334
1822567462,0.316035,-0.538695,-9.806650
1822568644,0.318429,-0.486023,-9.914390
1822569839,0.368707,-0.524330,-9.847352
1822571030,0.320823,-0.562637,-9.852140
1822572220,0.311246,-0.538695,-9.832987
1822573397,0.366313,-0.471658,-9.832987
1822574580,0.325611,-0.497994,-9.844957
1822575764,0.349553,-0.524330,-9.892841
1822576951,0.351948,-0.505177,-9.938332
1822578138,0.268151,-0.481235,-9.844957
1822579329,0.308852,-0.495600,-9.914390
1822580505,0.328006,-0.488417,-9.928755
1822581687,0.354342,-0.505177,-9.804255
1822582885,0.325611,-0.577003,-9.854534
1822584078,0.258574,-0.490811,-9.921572
1822585261,0.337582,-0.502782,-9.844957
1822586440,0.323217,-0.517148,-9.883265
1822587624,0.296881,-0.512359,-9.919178
1822588817,0.332794,-0.454898,-9.871294
1822590000,0.392649,-0.502782,-9.880871
1822591191,0.337582,-0.543484,-9.895236
1822592371,0.339977,-0.565032,-9.909601
1822593553,0.339977,-0.562637,-9.902418
1822594737,0.378284,-0.507571,-9.828198
1822595924,0.287304,-0.483629,-9.861717
1822597107,0.359130,-0.538695,-9.868899
1822598297,0.368707,-0.500388,-9.907207
1822599480,0.349553,-0.512359,-9.878476
1822605520,0.335188,-0.486023,-9.823410
1822606701,0.330400,-0.507571,-9.823410
1822607903,0.347159,-0.483629,-9.801862
1822609090,0.308852,-0.514753,-9.818622
1822610280,0.296881,-0.521936,-9.837775
1822611458,0.311246,-0.486023,-9.844957
1822612649,0.332794,-0.509965,-9.828198
1822613849,0.308852,-0.483629,-9.715671
1822615046,0.328006,-0.490811,-9.765948
1822616232,0.294487,-0.512359,-9.797073
1822617413,0.299275,-0.478840,-9.840169
1822618590,0.344765,-0.469264,-9.854534
1822619782,0.337582,-0.488417,-9.864111
1822620965,0.299275,-0.524330,-9.861717
1822622152,0.335188,-0.541090,-9.780313
1822623327,0.339977,-0.488417,-9.806650
1822624512,0.306458,-0.452504,-9.789890
1822625692,0.301669,-0.517148,-9.753978
1822626894,0.287304,-0.565032,-9.856929
1822628079,0.253785,-0.526724,-9.847352
1822629270,0.368707,-0.497994,-9.950302
1822630445,0.371101,-0.497994,-9.909601
1822631632,0.316035,-0.541090,-9.844957
1822632819,0.294487,-0.529119,-9.919178
1822634013,0.275333,-0.514753,-9.866506
1822635195,0.337582,-0.476446,-9.847352
1822636376,0.316035,-0.488417,-9.787497
1822637562,0.332794,-0.531513,-9.837775
1822638749,0.301669,-0.509965,-9.955091
1822639933,0.328006,-0.495600,-9.938332
1822641121,0.330400,-0.476446,-9.864111
1822642306,0.311246,-0.474052,-9.868899
1822643489,0.320823,-0.497994,-9.938332
1822644666,0.354342,-0.521936,-9.868899
1822645866,0.387861,-0.488417,-9.888053
1822647054,0.306458,-0.579397,-9.885659
1822648239,0.385466,-0.543484,-9.849746
1822649416,0.282516,-0.553061,-9.955091
1822650598,0.287304,-0.569820,-9.871294
1822651784,0.347159,-0.497994,-9.852140
1822652974,0.344765,-0.507571,-9.856929
1822654156,0.292093,-0.548272,-9.883265
1822655346,0.299275,-0.553061,-9.835381
1822656528,0.325611,-0.488417,-9.856929
1822657711,0.296881,-0.493206,-9.844957
1822658906,0.325611,-0.483629,-9.883265
1822660092,0.313640,-0.521936,-9.844957
1822661277,0.304064,-0.512359,-9.892841
1822662458,0.280122,-0.490811,-9.878476
1822663641,0.349553,-0.500388,-9.885659
1822664836,0.323217,-0.524330,-9.840169
1822666027,0.270545,-0.500388,-9.911995
1822667213,0.335188,-0.555455,-9.892841
1822668390,0.320823,-0.541090,-9.864111
1822669575,0.301669,-0.502782,-9.844957
1822670758,0.339977,-0.524330,-9.892841
1822671943,0.316035,-0.507571,-9.907207
1822673128,0.363919,-0.457293,-9.804255
1822674318,0.356736,-0.526724,-9.818622
1822675497,0.320823,-0.531513,-9.904813
1822676680,0.351948,-0.500388,-9.904813
1822677873,0.335188,-0.505177,-9.926360
1822679065,0.328006,-0.476446,-9.840169
1822680246,0.320823,-0.505177,-9.943120
1822681425,0.296881,-0.545878,-9.856929
1822682608,0.344765,-0.584185,-9.854534
1822683801,0.335188,-0.584185,-9.854534
1822684989,0.306458,-0.560243,-9.868899
1822686179,0.292093,-0.560243,-9.859323
1822687366,0.351948,-0.553061,-9.856929
1822688549,0.347159,-0.572214,-9.864111
1822689734,0.368707,-0.586579,-9.811439
1822690924,0.366313,-0.538695,-9.876082
1822692106,0.368707,-0.553061,-9.900024
1822693288,0.241814,-0.562637,-9.880871
1822694472,0.320823,-0.521936,-9.787497
1822695663,0.270545,-0.526724,-9.854534
1822696857,0.289698,-0.488417,-9.883265
1822698051,0.354342,-0.490811,-9.837775
1822699238,0.318429,-0.529119,-9.818622
1822700420,0.296881,-0.536301,-9.888053
1822701597,0.335188,-0.531513,-9.888053
1822702790,0.363919,-0.533907,-9.849746
1822703975,0.287304,-0.553061,-9.830592
1822705161,0.356736,-0.569820,-9.837775
1822706338,0.335188,-0.581791,-9.859323
1822707524,0.361524,-0.562637,-9.897630
1822708701,0.363919,-0.526724,-9.818622
1822709906,0.356736,-0.507571,-9.818622
1822711086,0.328006,-0.519542,-9.935937
1822712276,0.354342,-0.536301,-9.792285
1822713453,0.304064,-0.519542,-9.849746
1822714640,0.313640,-0.531513,-9.825804
1822715831,0.378284,-0.612916,-9.780313
1822717024,0.339977,-0.543484,-9.809045
1822718205,0.325611,-0.557849,-9.830592
1822719386,0.301669,-0.545878,-9.866506
1822720562,0.342371,-0.543484,-9.852140
1822721748,0.342371,-0.507571,-9.859323
1822722934,0.308852,-0.495600,-9.868899
1822724123,0.337582,-0.507571,-9.921572
1822725308,0.306458,-0.531513,-9.947908
1822726489,0.380678,-0.581791,-9.909601
1822727666,0.323217,-0.569820,-9.907207
1822728863,0.308852,-0.586579,-9.876082
1822730051,0.356736,-0.536301,-9.935937
1822731243,0.244209,-0.500388,-9.837775
1822732417,0.301669,-0.500388,-9.861717
1822733607,0.342371,-0.481235,-9.921572
1822734796,0.316035,-0.507571,-9.868899
1822735986,0.296881,-0.529119,-9.888053
1822737171,0.306458,-0.500388,-9.854534
1822738351,0.323217,-0.541090,-9.888053
1822739531,0.328006,-0.586579,-9.816227
1822740713,0.328006,-0.550666,-9.883265
1822741906,0.282516,-0.517148,-9.806650
1822743091,0.284910,-0.517148,-9.837775
1822744276,0.306458,-0.560243,-9.835381
1822745457,0.323217,-0.567426,-9.756371
1822746641,0.299275,-0.569820,-9.801862
1822747837,0.328006,-0.529119,-9.821015
1822749027,0.311246,-0.569820,-9.885659
1822750217,0.361524,-0.481235,-9.856929
1822751394,0.335188,-0.488417,-9.866506
1822752575,0.339977,-0.493206,-9.864111
1822753759,0.371101,-0.545878,-9.868899
1822754944,0.268151,-0.562637,-9.835381
1822756130,0.308852,-0.531513,-9.854534
1822757320,0.299275,-0.555455,-9.880871
1822758498,0.311246,-0.464475,-9.914390
1822759681,0.399832,-0.490811,-9.892841
1822760879,0.344765,-0.524330,-9.878476
1822762071,0.320823,-0.536301,-9.770737
1822763252,0.308852,-0.512359,-9.892841
1822764433,0.277727,-0.490811,-9.854534
1822765622,0.253785,-0.486023,-9.854534
1822766815,0.320823,-0.471658,-9.861717
1822767997,0.260968,-0.500388,-9.935937
1822769186,0.301669,-0.519542,-9.890448
1822770358,0.342371,-0.486023,-9.835381
1822771546,0.308852,-0.500388,-9.773131
1822772730,0.330400,-0.538695,-9.763555
1822773915,0.385466,-0.521936,-9.840169
1822775097,0.359130,-0.519542,-9.849746
1822776292,0.354342,-0.478840,-9.971850
1822777478,0.323217,-0.502782,-9.861717
1822778671,0.294487,-0.478840,-9.801862
1822779865,0.323217,-0.493206,-9.892841
1822781058,0.366313,-0.497994,-9.945514
1822782241,0.280122,-0.517148,-9.852140
1822783420,0.371101,-0.517148,-9.931149
1822784598,0.339977,-0.514753,-9.923966
1822785790,0.296881,-0.507571,-9.986216
1822786976,0.328006,-0.500388,-9.897630
1822788160,0.323217,-0.524330,-9.842564
1822789337,0.328006,-0.481235,-9.895236
1822790527,0.339977,-0.490811,-9.885659
1822791704,0.368707,-0.457293,-9.938332
1822792907,0.287304,-0.464475,-9.873688
1822794088,0.318429,-0.481235,-9.940725
1822795278,0.289698,-0.512359,-9.832987
1822796456,0.311246,-0.543484,-9.830592
1822797644,0.270545,-0.565032,-9.856929
1822798835,0.287304,-0.521936,-9.935937
1822800031,0.311246,-0.553061,-9.873688
1822801213,0.392649,-0.538695,-9.895236
1822802395,0.301669,-0.502782,-9.844957
1822803570,0.339977,-0.521936,-9.864111
1822804759,0.339977,-0.447716,-9.909601
1822805938,0.344765,-0.466869,-9.890448
1822807128,0.265756,-0.531513,-9.809045
1822808313,0.363919,-0.488417,-9.907207
1822809494,0.380678,-0.500388,-9.900024
1822810669,0.351948,-0.524330,-9.856929
1822811868,0.328006,-0.478840,-9.871294
1822813055,0.275333,-0.495600,-9.782708
1822814239,0.363919,-0.500388,-9.832987
1822815415,0.323217,-0.517148,-9.897630
1822816597,0.337582,-0.490811,-9.900024
1822817782,0.265756,-0.445322,-9.904813
1822818972,0.294487,-0.500388,-9.842564
1822820154,0.344765,-0.577003,-9.847352
1822821334,0.325611,-0.536301,-9.947908
1822822520,0.316035,-0.555455,-9.904813
1822823703,0.349553,-0.497994,-9.900024
1822824901,0.361524,-0.536301,-9.952697
1822826093,0.277727,-0.557849,-9.952697
1822827279,0.339977,-0.550666,-9.945514
1822828461,0.280122,-0.521936,-9.878476
1822829644,0.260968,-0.529119,-9.935937
1822830837,0.277727,-0.533907,-9.904813
1822832028,0.378284,-0.581791,-9.837775
1822833216,0.337582,-0.567426,-9.876082
1822834392,0.328006,-0.488417,-9.902418
1822835578,0.299275,-0.524330,-9.919178
1822836758,0.313640,-0.550666,-9.959879
1822837940,0.306458,-0.517148,-9.955091
1822839125,0.323217,-0.507571,-9.854534
1822840314,0.356736,-0.524330,-9.849746
1822841491,0.325611,-0.529119,-9.876082
1822842674,0.349553,-0.524330,-9.933543
1822843868,0.351948,-0.533907,-9.902418
1822845060,0.363919,-0.519542,-9.876082
1822846243,0.339977,-0.505177,-9.902418
1822847422,0.313640,-0.478840,-9.866506
1822848599,0.325611,-0.502782,-9.911995
1822849790,0.308852,-0.531513,-9.926360
1822850975,0.306458,-0.538695,-9.876082
1822852161,0.387861,-0.529119,-9.809045
1822853338,0.351948,-0.555455,-9.969456
1822854524,0.385466,-0.529119,-9.911995
1822855701,0.356736,-0.519542,-9.916783
1822856905,0.361524,-0.462081,-9.947908
1822858085,0.342371,-0.500388,-9.856929
1822859275,0.359130,-0.538695,-9.797073
1822860448,0.318429,-0.567426,-9.991004
1822861636,0.306458,-0.519542,-9.856929
1822862827,0.361524,-0.529119,-9.813833
1822864021,0.332794,-0.524330,-9.837775
1822865203,0.332794,-0.488417,-9.847352
1822866385,0.356736,-0.529119,-9.897630
1822867571,0.390255,-0.509965,-9.840169
1822868758,0.399832,-0.538695,-9.890448
1822869938,0.330400,-0.531513,-9.909601
1822871123,0.304064,-0.526724,-9.883265
1822872308,0.356736,-0.502782,-9.876082
1822873488,0.323217,-0.471658,-9.794679
1822874664,0.337582,-0.447716,-9.885659
1822875864,0.306458,-0.502782,-9.837775
1822877052,0.306458,-0.509965,-9.864111
1822878243,0.387861,-0.538695,-9.892841
1822879420,0.325611,-0.533907,-9.768343
1822880611,0.335188,-0.471658,-9.797073
1822881799,0.351948,-0.531513,-9.852140
1822882991,0.366313,-0.514753,-9.856929
1822884177,0.397437,-0.519542,-9.871294
1822885370,0.342371,-0.545878,-9.933543
1822886549,0.313640,-0.514753,-9.876082
1822887737,0.289698,-0.512359,-9.914390
1822888923,0.368707,-0.507571,-9.964667
1822890109,0.392649,-0.536301,-9.900024
1822891293,0.399832,-0.533907,-9.926360
1822892480,0.299275,-0.502782,-9.911995
1822893669,0.306458,-0.560243,-9.842564
1822894867,0.342371,-0.565032,-9.852140
1822896055,0.330400,-0.529119,-9.852140
1822897238,0.320823,-0.536301,-9.830592
1822898413,0.328006,-0.541090,-9.830592
1822899593,0.328006,-0.519542,-9.883265
1822900776,0.280122,-0.488417,-9.938332
1822901960,0.292093,-0.505177,-9.938332
1822903141,0.347159,-0.524330,-9.873688
1822904331,0.366313,-0.500388,-9.801862
1822905508,0.342371,-0.521936,-9.952697
1822906695,0.335188,-0.517148,-9.892841
1822907895,0.349553,-0.557849,-9.907207
1822909082,0.318429,-0.543484,-9.904813
1822910267,0.339977,-0.512359,-9.911995
1822911450,0.289698,-0.545878,-9.885659
1822912634,0.227449,-0.538695,-9.919178
1822913828,0.313640,-0.541090,-9.873688
1822915015,0.354342,-0.545878,-9.821015
1822916201,0.363919,-0.490811,-9.883265
1822917378,0.325611,-0.519542,-9.842564
1822918565,0.323217,-0.588974,-9.892841
1822919748,0.320823,-0.521936,-9.923966
1822920938,0.368707,-0.493206,-9.842564
1822922123,0.320823,-0.548272,-9.787497
1822923313,0.316035,-0.521936,-9.866506
1822924489,0.330400,-0.512359,-9.864111
1822925670,0.337582,-0.514753,-9.926360
1822926865,0.378284,-0.519542,-9.895236
1822928058,0.368707,-0.507571,-9.892841
1822929240,0.385466,-0.493206,-9.911995
1822930419,0.368707,-0.502782,-9.828198
1822931605,0.316035,-0.500388,-9.866506
1822932795,0.265756,-0.466869,-9.828198
1822933981,0.332794,-0.533907,-9.890448
1822935170,0.359130,-0.505177,-9.864111
1822936346,0.337582,-0.471658,-9.825804
1822937532,0.304064,-0.474052,-9.835381
1822938709,0.323217,-0.497994,-9.809045
1822939908,0.347159,-0.490811,-9.856929
1822941088,0.320823,-0.545878,-9.945514
1822942278,0.313640,-0.531513,-9.842564
1822943455,0.320823,-0.507571,-9.787497
1822944642,0.318429,-0.514753,-9.938332
1822945835,0.337582,-0.541090,-9.988609
1822947032,0.323217,-0.514753,-9.911995
1822948218,0.272939,-0.555455,-9.933543
1822949399,0.330400,-0.543484,-9.878476
1822950576,0.328006,-0.533907,-9.787497
1822951760,0.306458,-0.533907,-9.818622
1822952940,0.311246,-0.497994,-9.921572
1822954131,0.373495,-0.548272,-9.885659
1822955314,0.409408,-0.517148,-9.902418
1822956494,0.351948,-0.507571,-9.919178
1822957673,0.292093,-0.474052,-9.809045
1822958870,0.308852,-0.483629,-9.823410
1822960057,0.260968,-0.557849,-9.866506
1822961244,0.316035,-0.560243,-9.940725
1822962418,0.332794,-0.526724,-9.892841
1822963610,0.256180,-0.495600,-9.849746
1822964797,0.328006,-0.500388,-9.842564
1822965985,0.306458,-0.505177,-9.866506
1822967163,0.347159,-0.450110,-9.876082
1822968343,0.337582,-0.474052,-9.837775
1822969524,0.368707,-0.466869,-9.873688
1822970708,0.347159,-0.486023,-9.952697
1822971902,0.342371,-0.509965,-9.885659
1822973094,0.344765,-0.502782,-9.916783
1822974277,0.292093,-0.521936,-9.823410
1822975458,0.375890,-0.497994,-9.849746
1822976641,0.337582,-0.519542,-9.873688
1822977837,0.304064,-0.569820,-9.823410
1822979024,0.323217,-0.526724,-9.888053
1822980211,0.287304,-0.507571,-9.940725
1822981386,0.294487,-0.450110,-9.940725
1822982566,0.292093,-0.481235,-9.871294
1822983748,0.378284,-0.464475,-9.876082
1822984938,0.366313,-0.529119,-9.947908
1822986123,0.316035,-0.517148,-9.900024
1822987308,0.289698,-0.466869,-9.849746
1822988486,0.320823,-0.464475,-9.888053
1822989666,0.339977,-0.509965,-9.911995
1822990858,0.299275,-0.466869,-9.823410
1822992049,0.270545,-0.471658,-9.866506
1822993236,0.270545,-0.454898,-9.916783
1822994417,0.316035,-0.469264,-9.849746
1822995595,0.328006,-0.517148,-9.883265
1822996785,0.318429,-0.486023,-9.880871
1822997967,0.323217,-0.478840,-9.859323
1822999154,0.308852,-0.548272,-9.847352
1823000334,0.289698,-0.541090,-9.789890
1823001524,0.328006,-0.572214,-9.840169
1823002701,0.347159,-0.462081,-9.818622
1823003906,0.368707,-0.531513,-9.859323
1823005086,0.347159,-0.514753,-9.859323
1823006279,0.339977,-0.466869,-9.792285
1823007456,0.316035,-0.500388,-9.892841
1823008643,0.325611,-0.598550,-9.844957
1823009835,0.306458,-0.512359,-9.847352
1823011031,0.311246,-0.490811,-9.832987
1823012213,0.344765,-0.505177,-9.830592
1823013394,0.359130,-0.533907,-9.797073
1823014569,0.304064,-0.565032,-9.809045
1823015752,0.330400,-0.543484,-9.840169
1823016936,0.378284,-0.543484,-9.799467
1823018127,0.337582,-0.533907,-9.909601
1823019311,0.323217,-0.466869,-9.931149
1823020492,0.294487,-0.471658,-9.876082
1823021670,0.301669,-0.490811,-9.847352
1823022869,0.299275,-0.505177,-9.868899
1823024057,0.354342,-0.519542,-9.916783
1823025245,0.260968,-0.497994,-9.911995
1823026421,0.296881,-0.505177,-9.816227
1823027607,0.335188,-0.565032,-9.947908
1823028793,0.354342,-0.572214,-9.926360
1823029983,0.308852,-0.486023,-9.998186
1823031164,0.359130,-0.505177,-10.026917
1823032351,0.339977,-0.533907,-9.904813
1823033526,0.344765,-0.495600,-9.847352
1823034707,0.318429,-0.533907,-9.842564
1823035901,0.328006,-0.490811,-9.868899
1823037092,0.335188,-0.488417,-9.792285
1823038278,0.368707,-0.517148,-9.806650
1823039458,0.380678,-0.514753,-9.840169
1823040641,0.337582,-0.502782,-9.904813
1823041836,0.351948,-0.536301,-9.945514
1823043028,0.335188,-0.509965,-9.837775
1823044215,0.337582,-0.495600,-9.763555
1823045391,0.284910,-0.500388,-9.818622
1823046571,0.337582,-0.581791,-9.801862
1823047754,0.332794,-0.538695,-9.847352
1823048947,0.373495,-0.531513,-9.935937
1823050133,0.368707,-0.524330,-9.880871
1823051321,0.328006,-0.526724,-9.919178
1823052499,0.287304,-0.486023,-9.904813
1823053678,0.335188,-0.519542,-9.914390
1823054872,0.344765,-0.545878,-9.859323
1823056066,0.320823,-0.478840,-9.794679
1823057247,0.316035,-0.526724,-9.883265
1823058428,0.287304,-0.509965,-9.883265
1823059614,0.332794,-0.486023,-9.878476
1823060807,0.366313,-0.454898,-9.828198
1823061992,0.320823,-0.529119,-9.888053
1823063181,0.282516,-0.524330,-9.952697
1823064358,0.316035,-0.541090,-9.885659
1823065544,0.325611,-0.550666,-9.828198
1823066729,0.289698,-0.536301,-9.797073
1823067915,0.248997,-0.541090,-9.844957
1823069096,0.282516,-0.519542,-9.888053
1823070286,0.248997,-0.483629,-9.871294
1823071470,0.272939,-0.502782,-9.840169
1823072661,0.244209,-0.543484,-9.859323
1823073855,0.356736,-0.541090,-9.840169
1823075052,0.330400,-0.502782,-9.873688
1823076237,0.349553,-0.526724,-9.900024
1823077417,0.325611,-0.514753,-9.866506
1823078595,0.349553,-0.538695,-9.919178
1823079784,0.349553,-0.517148,-9.852140
1823080966,0.356736,-0.519542,-9.878476
1823082153,0.354342,-0.507571,-9.859323
1823083330,0.306458,-0.529119,-9.809045
1823084514,0.272939,-0.550666,-9.859323
1823085696,0.277727,-0.505177,-9.897630
1823086899,0.296881,-0.490811,-9.864111
1823088087,0.292093,-0.543484,-9.806650
1823089275,0.292093,-0.514753,-9.876082
1823090452,0.299275,-0.500388,-9.844957
1823091639,0.320823,-0.557849,-9.902418
1823092830,0.306458,-0.543484,-9.971850
1823094022,0.265756,-0.505177,-9.955091
1823095204,0.277727,-0.478840,-9.861717
1823096385,0.351948,-0.519542,-9.864111
1823097568,0.308852,-0.500388,-9.935937
1823098753,0.280122,-0.538695,-9.859323
1823099940,0.363919,-0.553061,-9.909601
1823101128,0.330400,-0.567426,-9.947908
1823102311,0.323217,-0.567426,-9.852140
1823103492,0.361524,-0.538695,-9.880871
1823104670,0.320823,-0.509965,-9.787497
1823105869,0.304064,-0.548272,-9.892841
1823107057,0.304064,-0.548272,-9.895236
1823108241,0.337582,-0.550666,-9.749189
1823109414,0.313640,-0.543484,-9.785102
1823110596,0.330400,-0.536301,-9.835381
1823111781,0.306458,-0.533907,-9.856929
1823112964,0.361524,-0.517148,-9.883265
1823114147,0.299275,-0.505177,-9.873688
1823115342,0.347159,-0.517148,-9.835381
1823116524,0.363919,-0.493206,-9.844957
1823117710,0.268151,-0.519542,-9.842564
1823118906,0.323217,-0.524330,-9.923966
1823120091,0.387861,-0.529119,-9.926360
1823121276,0.311246,-0.495600,-9.947908
1823122457,0.306458,-0.495600,-9.859323
1823123638,0.284910,-0.519542,-9.888053
1823124834,0.387861,-0.533907,-9.852140
1823126022,0.342371,-0.543484,-9.840169
1823127209,0.325611,-0.531513,-9.880871
1823128385,0.428562,-0.524330,-9.849746
1823129576,0.359130,-0.488417,-9.892841
1823130760,0.299275,-0.462081,-9.876082
1823131944,0.328006,-0.524330,-9.890448
1823133128,0.313640,-0.543484,-9.952697
1823134318,0.351948,-0.538695,-9.902418
1823135494,0.320823,-0.555455,-9.854534
1823136677,0.361524,-0.569820,-9.888053
1823137868,0.313640,-0.529119,-9.959879
1823139061,0.299275,-0.529119,-9.880871
1823140243,0.311246,-0.505177,-9.923966
1823141424,0.349553,-0.543484,-9.988609
1823142599,0.313640,-0.567426,-9.902418
1823143790,0.251391,-0.550666,-9.825804
1823144969,0.306458,-0.541090,-9.830592
1823146153,0.308852,-0.531513,-9.864111
1823147330,0.347159,-0.533907,-9.880871
1823148521,0.335188,-0.533907,-9.878476
1823149701,0.344765,-0.507571,-9.885659
1823150905,0.258574,-0.541090,-9.955091
1823152091,0.287304,-0.533907,-9.878476
1823153281,0.316035,-0.538695,-9.897630
1823154457,0.349553,-0.538695,-9.888053
1823155645,0.316035,-0.514753,-9.890448
1823156836,0.296881,-0.538695,-9.955091
1823158032,0.294487,-0.507571,-9.897630
1823159214,0.308852,-0.507571,-9.911995
1823160394,0.287304,-0.471658,-9.907207
1823161575,0.284910,-0.452504,-9.859323
1823162762,0.299275,-0.524330,-9.876082
1823163942,0.359130,-0.548272,-9.895236
1823165132,0.296881,-0.517148,-9.888053
1823166317,0.354342,-0.557849,-9.775525
1823167499,0.359130,-0.538695,-9.842564
1823168674,0.349553,-0.514753,-9.823410
1823169873,0.380678,-0.531513,-9.792285
1823171061,0.378284,-0.538695,-9.878476
1823172249,0.316035,-0.493206,-9.902418
1823173424,0.311246,-0.505177,-9.837775
1823174607,0.311246,-0.505177,-9.844957
1823175794,0.349553,-0.519542,-9.878476
1823176984,0.373495,-0.526724,-9.931149
1823178170,0.363919,-0.502782,-9.897630
1823179361,0.335188,-0.577003,-9.933543
1823180537,0.361524,-0.512359,-9.868899
1823181727,0.301669,-0.507571,-9.878476
1823182910,0.282516,-0.502782,-9.868899
1823184097,0.313640,-0.478840,-9.868899
1823185283,0.294487,-0.555455,-9.873688
1823186472,0.330400,-0.555455,-9.885659
1823187657,0.325611,-0.486023,-9.868899
1823188861,0.246603,-0.519542,-9.971850
1823190049,0.263362,-0.536301,-9.988609
1823191240,0.316035,-0.541090,-9.928755
1823192415,0.335188,-0.490811,-9.876082
1823193597,0.265756,-0.490811,-9.878476
1823194784,0.289698,-0.514753,-9.952697
1823195971,0.335188,-0.488417,-9.890448
1823197153,0.361524,-0.514753,-9.928755
1823198339,0.332794,-0.502782,-9.931149
1823199525,0.325611,-0.505177,-9.911995
1823200706,0.299275,-0.524330,-9.897630
1823201897,0.287304,-0.459687,-9.854534
1823203084,0.304064,-0.488417,-9.806650
1823204264,0.330400,-0.531513,-9.816227
1823205445,0.316035,-0.507571,-9.816227
1823206627,0.351948,-0.531513,-9.765948
1823207818,0.311246,-0.560243,-9.775525
1823209000,0.390255,-0.481235,-9.852140
1823210191,0.351948,-0.548272,-9.873688
1823211368,0.337582,-0.591368,-9.825804
1823212556,0.371101,-0.555455,-9.809045
1823213739,0.335188,-0.502782,-9.844957
1823214929,0.368707,-0.526724,-9.809045
1823216109,0.356736,-0.557849,-9.756371
1823217300,0.328006,-0.555455,-9.809045
1823218471,0.313640,-0.531513,-9.765948
1823219660,0.306458,-0.519542,-9.787497
1823220859,0.356736,-0.497994,-9.799467
1823222051,0.359130,-0.476446,-9.878476
1823223238,0.335188,-0.505177,-9.797073
1823224418,0.375890,-0.545878,-9.813833
1823225596,0.395043,-0.495600,-9.885659
1823226786,0.368707,-0.418985,-9.897630
1823227968,0.313640,-0.462081,-9.890448
1823229153,0.284910,-0.541090,-9.847352
1823230329,0.375890,-0.553061,-9.849746
1823231520,0.378284,-0.524330,-9.852140
1823232700,0.375890,-0.495600,-9.868899
1823233903,0.316035,-0.486023,-9.890448
1823235089,0.347159,-0.519542,-9.847352
1823236280,0.316035,-0.512359,-9.883265
1823237457,0.328006,-0.560243,-9.935937
1823238644,0.354342,-0.593762,-9.871294
1823239836,0.351948,-0.541090,-9.962274
1823241032,0.356736,-0.531513,-9.923966
1823242214,0.335188,-0.524330,-9.888053
1823243395,0.316035,-0.548272,-9.854534
1823244571,0.313640,-0.531513,-9.888053
1823245759,0.308852,-0.553061,-9.890448
1823246944,0.282516,-0.526724,-9.844957
1823248135,0.308852,-0.521936,-9.957485
1823249321,0.335188,-0.514753,-9.964667
1823250504,0.339977,-0.521936,-9.888053
1823251682,0.371101,-0.545878,-9.885659
1823252885,0.385466,-0.524330,-9.818622
1823254073,0.284910,-0.538695,-9.794679
1823255260,0.339977,-0.536301,-9.837775
1823256437,0.337582,-0.526724,-9.823410
1823257630,0.294487,-0.497994,-9.780313
1823258819,0.342371,-0.526724,-9.811439
1823260012,0.246603,-0.533907,-9.821015
1823261193,0.354342,-0.500388,-9.787497
1823262373,0.351948,-0.505177,-9.859323
1823263556,0.332794,-0.497994,-9.883265
1823264748,0.344765,-0.541090,-9.830592
1823265932,0.323217,-0.543484,-9.880871
1823267118,0.304064,-0.507571,-9.904813
1823268302,0.318429,-0.548272,-9.852140
1823269483,0.371101,-0.524330,-9.842564
1823270671,0.375890,-0.517148,-9.777920
1823271869,0.375890,-0.517148,-9.801862
1823273057,0.301669,-0.519542,-9.892841
1823274242,0.347159,-0.548272,-9.911995
1823275419,0.339977,-0.555455,-9.844957
1823276602,0.299275,-0.505177,-9.785102
1823277788,0.330400,-0.524330,-9.878476
1823278976,0.375890,-0.459687,-9.919178
1823280158,0.337582,-0.517148,-9.816227
1823281340,0.316035,-0.512359,-9.816227
1823282522,0.332794,-0.541090,-9.842564
1823283707,0.342371,-0.574608,-9.861717
1823284902,0.332794,-0.550666,-9.876082
1823286093,0.354342,-0.464475,-9.883265
1823287279,0.304064,-0.490811,-9.868899
1823288459,0.284910,-0.509965,-9.797073
1823289641,0.359130,-0.490811,-9.892841
1823290837,0.347159,-0.519542,-9.919178
1823292029,0.330400,-0.466869,-9.868899
1823293215,0.354342,-0.495600,-9.935937
1823294391,0.299275,-0.502782,-9.904813
1823295572,0.313640,-0.481235,-9.919178
1823296755,0.330400,-0.517148,-10.022128
1823297946,0.330400,-0.531513,-10.005369
1823299129,0.272939,-0.548272,-9.967062
1823300319,0.316035,-0.512359,-9.957485
1823301499,0.301669,-0.459687,-9.897630
1823302682,0.313640,-0.483629,-9.919178
1823303876,0.260968,-0.536301,-9.844957
1823305069,0.349553,-0.464475,-9.895236
1823306251,0.299275,-0.579397,-9.938332
1823307428,0.289698,-0.524330,-9.900024
1823308608,0.313640,-0.521936,-9.907207
1823309798,0.325611,-0.531513,-9.943120
1823310983,0.313640,-0.486023,-9.981427
1823312172,0.296881,-0.557849,-9.876082
1823313349,0.287304,-0.533907,-9.928755
1823314534,0.296881,-0.502782,-9.914390
1823315712,0.265756,-0.500388,-9.952697
1823316910,0.323217,-0.514753,-9.911995
1823318093,0.292093,-0.459687,-9.876082
1823319283,0.277727,-0.509965,-9.861717
1823320460,0.306458,-0.497994,-9.842564
1823321648,0.320823,-0.538695,-9.876082
1823322839,0.304064,-0.545878,-9.871294
1823324034,0.337582,-0.488417,-9.840169
1823325216,0.301669,-0.536301,-9.926360
1823326396,0.311246,-0.543484,-9.911995
1823327581,0.308852,-0.524330,-9.873688
1823328768,0.361524,-0.541090,-9.835381
1823329949,0.282516,-0.543484,-9.828198
1823331142,0.332794,-0.519542,-9.859323
1823332325,0.316035,-0.507571,-9.947908
1823333507,0.308852,-0.490811,-9.921572
1823334684,0.342371,-0.471658,-9.940725
1823335887,0.339977,-0.497994,-9.825804
1823337075,0.320823,-0.562637,-9.885659
1823338262,0.323217,-0.560243,-9.943120
1823339438,0.342371,-0.555455,-9.919178
1823340632,0.316035,-0.560243,-9.904813
1823341819,0.306458,-0.553061,-9.888053
1823343010,0.289698,-0.526724,-9.909601
1823344192,0.272939,-0.536301,-9.904813
1823345372,0.282516,-0.545878,-9.904813
1823346555,0.347159,-0.565032,-9.873688
1823347747,0.296881,-0.538695,-9.844957
1823348933,0.363919,-0.529119,-9.921572
1823350124,0.282516,-0.517148,-9.856929
1823351310,0.270545,-0.553061,-9.856929
1823352491,0.347159,-0.533907,-9.904813
1823353668,0.373495,-0.517148,-9.878476
1823354868,0.316035,-0.531513,-9.799467
1823356054,0.258574,-0.529119,-9.773131
1823357246,0.335188,-0.541090,-9.897630
1823358421,0.354342,-0.469264,-9.873688
1823359613,0.294487,-0.497994,-9.864111
1823360801,0.320823,-0.533907,-9.866506
1823361990,0.380678,-0.519542,-9.758766
1823363175,0.339977,-0.557849,-9.854534
1823364362,0.378284,-0.507571,-9.794679
1823365541,0.328006,-0.536301,-9.775525
1823366728,0.351948,-0.577003,-9.794679
1823367911,0.311246,-0.524330,-9.825804
1823369097,0.395043,-0.507571,-9.876082
1823370281,0.359130,-0.526724,-9.830592
1823371462,0.289698,-0.500388,-9.799467
1823372645,0.320823,-0.541090,-9.811439
1823373840,0.366313,-0.541090,-9.859323
1823375031,0.337582,-0.538695,-9.947908
1823376220,0.335188,-0.524330,-9.813833
1823377396,0.347159,-0.541090,-9.943120
1823378576,0.325611,-0.505177,-9.933543
1823379759,0.375890,-0.509965,-9.856929
1823380944,0.363919,-0.545878,-9.844957
1823382130,0.335188,-0.555455,-9.926360
1823383320,0.383072,-0.509965,-9.856929
1823384496,0.347159,-0.521936,-9.842564
1823385679,0.366313,-0.476446,-9.871294
1823386874,0.347159,-0.526724,-9.868899
1823388068,0.363919,-0.533907,-9.847352
1823389250,0.361524,-0.474052,-9.895236
1823390437,0.409408,-0.469264,-9.900024
1823391615,0.354342,-0.512359,-9.900024
1823392807,0.344765,-0.524330,-9.813833
1823393994,0.342371,-0.519542,-9.888053
1823395184,0.296881,-0.524330,-9.880871
1823396366,0.383072,-0.531513,-9.797073
1823397553,0.359130,-0.507571,-9.892841
1823398737,0.363919,-0.507571,-9.844957
1823399927,0.380678,-0.533907,-9.852140
1823401108,0.311246,-0.548272,-9.861717
1823402298,0.308852,-0.557849,-9.809045
1823403484,0.342371,-0.536301,-9.818622
1823404677,0.339977,-0.478840,-9.868899
1823405871,0.349553,-0.526724,-9.883265
1823407062,0.289698,-0.497994,-9.868899
1823408245,0.306458,-0.533907,-9.837775
1823409425,0.301669,-0.524330,-9.770737
1823410602,0.292093,-0.536301,-9.794679
1823411792,0.359130,-0.584185,-9.792285
1823412978,0.316035,-0.529119,-9.861717
1823414165,0.301669,-0.488417,-9.777920
1823415340,0.308852,-0.493206,-9.744401
1823416525,0.277727,-0.478840,-9.830592
1823417706,0.332794,-0.524330,-9.837775
1823418904,0.375890,-0.529119,-9.880871
1823420090,0.363919,-0.555455,-9.945514
1823421281,0.378284,-0.474052,-9.880871
1823422457,0.323217,-0.471658,-9.878476
1823423646,0.289698,-0.531513,-9.895236
1823424835,0.299275,-0.507571,-9.871294
1823426031,0.335188,-0.526724,-9.904813
1823427213,0.339977,-0.545878,-9.868899
1823428395,0.308852,-0.533907,-9.818622
1823429571,0.335188,-0.526724,-9.830592
1823430759,0.318429,-0.524330,-9.823410
1823431946,0.387861,-0.478840,-9.864111
1823433133,0.347159,-0.519542,-9.842564
1823434319,0.280122,-0.545878,-9.844957
1823435497,0.342371,-0.529119,-9.876082
1823436676,0.363919,-0.533907,-9.868899
1823437875,0.292093,-0.514753,-9.801862
1823439061,0.270545,-0.553061,-9.866506
1823440247,0.323217,-0.457293,-9.914390
1823441420,0.363919,-0.507571,-9.940725
1823442602,0.313640,-0.502782,-9.852140
1823443787,0.301669,-0.514753,-9.864111
1823444977,0.332794,-0.538695,-9.885659
1823446160,0.332794,-0.553061,-9.888053
1823447349,0.359130,-0.541090,-9.866506
1823448523,0.349553,-0.598550,-9.866506
1823449709,0.414197,-0.531513,-9.911995
1823450899,0.337582,-0.543484,-10.007763
1823452089,0.330400,-0.507571,-9.979033
1823453272,0.320823,-0.543484,-9.871294
1823454454,0.272939,-0.476446,-9.828198
1823455638,0.316035,-0.548272,-9.854534
1823456834,0.390255,-0.505177,-9.823410
1823458021,0.378284,-0.505177,-9.837775
1823459207,0.280122,-0.490811,-9.813833
1823460383,0.313640,-0.507571,-9.840169
1823461573,0.349553,-0.497994,-9.801862
1823462756,0.390255,-0.526724,-9.773131
1823463948,0.366313,-0.517148,-9.900024
1823465134,0.313640,-0.481235,-9.880871
1823466323,0.284910,-0.541090,-9.928755
1823467505,0.299275,-0.553061,-9.931149
1823468688,0.337582,-0.505177,-9.847352
1823469886,0.342371,-0.464475,-9.792285
1823471078,0.316035,-0.505177,-9.868899
1823472257,0.347159,-0.452504,-9.892841
1823473439,0.399832,-0.476446,-9.876082
1823474622,0.342371,-0.531513,-9.885659
1823475816,0.337582,-0.517148,-9.909601
1823476996,0.356736,-0.512359,-9.888053
1823478186,0.361524,-0.524330,-9.835381
1823479363,0.354342,-0.533907,-9.911995
1823480550,0.337582,-0.471658,-9.797073
1823481735,0.299275,-0.459687,-9.888053
1823482922,0.328006,-0.509965,-9.914390
1823484102,0.349553,-0.493206,-9.832987
1823485297,0.409408,-0.512359,-9.976639
1823486483,0.371101,-0.555455,-9.988609
1823487675,0.366313,-0.497994,-9.933543
1823488870,0.318429,-0.524330,-9.933543
1823490063,0.270545,-0.543484,-9.892841
1823491246,0.330400,-0.500388,-9.876082
1823492423,0.378284,-0.526724,-9.856929
1823493610,0.330400,-0.524330,-9.825804
1823494800,0.316035,-0.490811,-9.876082
1823495985,0.356736,-0.490811,-9.885659
1823497175,0.411803,-0.493206,-9.897630
1823498361,0.368707,-0.509965,-9.878476
1823499542,0.428562,-0.524330,-9.947908
1823500725,0.380678,-0.524330,-9.911995
1823501912,0.339977,-0.478840,-9.921572
1823503092,0.390255,-0.507571,-9.998186
1823504281,0.409408,-0.464475,-9.979033
1823505457,0.411803,-0.517148,-9.986216
1823506642,0.320823,-0.557849,-9.842564
1823507834,0.301669,-0.538695,-9.847352
1823509027,0.308852,-0.500388,-9.911995
1823510207,0.351948,-0.557849,-9.883265
1823511390,0.392649,-0.524330,-9.955091
1823512565,0.392649,-0.526724,-9.945514
1823513752,0.344765,-0.466869,-9.962274
1823514938,0.380678,-0.478840,-9.974244
1823516128,0.395043,-0.531513,-9.861717
1823517310,0.378284,-0.454898,-9.964667
1823518492,0.366313,-0.505177,-9.900024
1823519668,0.395043,-0.500388,-9.842564
1823520866,0.373495,-0.478840,-9.825804
1823522054,0.378284,-0.507571,-9.900024
1823523244,0.407014,-0.541090,-9.945514
1823524418,0.361524,-0.493206,-9.935937
1823525609,0.301669,-0.481235,-9.873688
1823526795,0.323217,-0.476446,-9.844957
1823527986,0.416591,-0.533907,-9.859323
1823529168,0.378284,-0.519542,-9.844957
1823530360,0.363919,-0.495600,-9.840169
1823531536,0.328006,-0.481235,-9.876082
1823532723,0.299275,-0.538695,-9.876082
1823533911,0.354342,-0.536301,-9.852140
1823535097,0.320823,-0.569820,-9.823410
1823536278,0.368707,-0.488417,-9.935937
1823537459,0.328006,-0.577003,-9.837775
1823538641,0.371101,-0.533907,-9.911995
1823539836,0.373495,-0.502782,-9.988609
1823541024,0.399832,-0.531513,-9.933543
1823542211,0.328006,-0.521936,-9.969456
1823543387,0.323217,-0.514753,-9.940725
1823544578,0.361524,-0.531513,-9.945514
1823545762,0.363919,-0.533907,-9.876082
1823546947,0.323217,-0.512359,-9.844957
1823548133,0.359130,-0.565032,-9.809045
1823549321,0.409408,-0.550666,-9.945514
1823550496,0.380678,-0.476446,-10.060435
1823551678,0.390255,-0.579397,-9.830592
1823552872,0.418985,-0.524330,-9.639056
1823554065,0.390255,-0.450110,-9.636662
1823555245,0.426168,-0.507571,-9.600749
1823556424,0.378284,-0.500388,-9.876082
1823557601,0.354342,-0.464475,-10.105926
1823558793,0.337582,-0.560243,-10.184934
1823559979,0.392649,-0.519542,-10.163386
1823561168,0.339977,-0.543484,-10.029311
1823562351,0.308852,-0.529119,-9.756371
1823563537,0.373495,-0.488417,-9.648633
1823564722,0.397437,-0.409408,-9.809045
1823565911,0.385466,-0.474052,-9.883265
1823567091,0.383072,-0.521936,-9.979033
1823568280,0.349553,-0.507571,-9.957485
1823569457,0.272939,-0.569820,-9.789890
1823570645,0.318429,-0.457293,-9.825804
1823571836,0.380678,-0.462081,-9.849746
1823573031,0.363919,-0.509965,-9.842564
1823574213,0.363919,-0.459687,-9.813833
1823575395,0.339977,-0.502782,-9.797073
1823576571,0.390255,-0.505177,-9.859323
1823577756,0.347159,-0.541090,-9.933543
1823578942,0.380678,-0.490811,-9.964667
1823580132,0.368707,-0.536301,-9.902418
1823581316,0.320823,-0.505177,-9.821015
1823582496,0.284910,-0.478840,-9.866506
1823583673,0.363919,-0.493206,-9.861717
1823584872,0.349553,-0.466869,-9.828198
1823586061,0.342371,-0.533907,-9.821015
1823587247,0.368707,-0.500388,-9.856929
1823588422,0.380678,-0.471658,-9.840169
1823589604,0.337582,-0.512359,-9.847352
1823590793,0.397437,-0.509965,-9.799467
1823591984,0.356736,-0.474052,-9.854534
1823593166,0.335188,-0.548272,-9.866506
1823594347,0.342371,-0.550666,-9.787497
1823595529,0.339977,-0.524330,-9.847352
1823596723,0.318429,-0.486023,-9.816227
1823597911,0.296881,-0.481235,-9.837775
1823599098,0.270545,-0.526724,-9.794679
1823600286,0.265756,-0.505177,-9.801862
1823601473,0.237026,-0.555455,-9.689334
1823602659,0.234632,-0.512359,-9.727641
1823603864,0.215478,-0.512359,-9.725247
1823605053,0.304064,-0.497994,-9.971850
1823606244,0.270545,-0.505177,-9.763555
1823607419,0.311246,-0.572214,-9.636662
1823608603,0.354342,-0.526724,-9.770737
1823609789,0.294487,-0.507571,-9.847352
1823610979,0.282516,-0.548272,-9.763555
1823612162,0.330400,-0.438139,-9.976639
1823613342,0.311246,-0.445322,-10.101137
1823614524,0.301669,-0.517148,-9.844957
1823615707,0.301669,-0.533907,-9.725247
1823616900,0.323217,-0.572214,-9.782708
1823618090,0.289698,-0.531513,-9.832987
1823619276,0.311246,-0.509965,-9.773131
1823620457,0.213084,-0.507571,-9.528923
1823621634,0.280122,-0.509965,-9.660604
1823622829,0.301669,-0.526724,-9.823410
1823624016,0.270545,-0.517148,-9.773131
1823625203,0.301669,-0.533907,-9.916783
1823626389,0.306458,-0.572214,-9.952697
1823627580,0.268151,-0.572214,-9.787497
1823628764,0.304064,-0.603339,-9.844957
1823629947,0.229843,-0.574608,-9.789890
1823631132,0.239420,-0.555455,-9.974244
1823632322,0.263362,-0.509965,-9.897630
1823633505,0.328006,-0.507571,-9.847352
1823634687,0.272939,-0.524330,-9.686940
1823635878,0.306458,-0.474052,-9.718064
1823637069,0.304064,-0.550666,-9.852140
1823638250,0.268151,-0.541090,-10.115502
1823639429,0.296881,-0.517148,-10.125079
1823640612,0.292093,-0.538695,-9.828198
1823641805,0.335188,-0.526724,-9.785102
1823642992,0.373495,-0.521936,-9.789890
1823644182,0.306458,-0.543484,-9.828198
1823645358,0.270545,-0.550666,-9.835381
1823646543,0.304064,-0.565032,-9.933543
1823647726,0.316035,-0.557849,-9.904813
1823648912,0.258574,-0.548272,-9.832987
1823650095,0.308852,-0.562637,-9.775525
1823651285,0.320823,-0.514753,-9.880871
1823652461,0.299275,-0.524330,-9.904813
1823653648,0.335188,-0.553061,-9.823410
1823654839,0.323217,-0.533907,-9.825804
1823656035,0.356736,-0.529119,-9.725247
1823657221,0.339977,-0.471658,-9.763555
1823658403,0.332794,-0.488417,-9.967062
1823659581,0.328006,-0.519542,-9.900024
1823660767,0.356736,-0.497994,-9.919178
1823661949,0.294487,-0.490811,-9.840169
1823663136,0.335188,-0.519542,-9.799467
1823664322,0.313640,-0.538695,-9.770737
1823665509,0.366313,-0.471658,-9.868899
1823666688,0.296881,-0.488417,-9.811439
1823667891,0.308852,-0.483629,-9.911995
1823669077,0.356736,-0.577003,-9.911995
1823670263,0.371101,-0.574608,-9.878476
1823671440,0.347159,-0.543484,-9.909601
1823672625,0.392649,-0.531513,-9.971850
1823673814,0.347159,-0.529119,-9.876082
1823674996,0.349553,-0.541090,-9.876082
1823676177,0.375890,-0.481235,-9.880871
1823677357,0.359130,-0.488417,-9.928755
1823678541,0.416591,-0.548272,-9.890448
1823679730,0.421380,-0.536301,-9.849746
1823680911,0.411803,-0.553061,-9.844957
1823682090,0.371101,-0.553061,-9.878476
1823683275,0.392649,-0.531513,-9.868899
1823684457,0.351948,-0.509965,-9.935937
1823685641,0.325611,-0.481235,-9.880871
1823686838,0.399832,-0.514753,-9.880871
1823688025,0.368707,-0.507571,-9.907207
1823689207,0.351948,-0.500388,-9.952697
1823690383,0.335188,-0.500388,-9.914390
1823691574,0.385466,-0.483629,-9.928755
1823692758,0.373495,-0.538695,-9.964667
1823693947,0.339977,-0.505177,-9.852140
1823695132,0.296881,-0.469264,-9.876082
1823696322,0.311246,-0.514753,-9.895236
1823697501,0.299275,-0.493206,-9.878476
1823698684,0.380678,-0.476446,-9.844957
1823699879,0.409408,-0.476446,-9.864111
1823701071,0.404620,-0.497994,-9.842564
1823702253,0.332794,-0.550666,-9.797073
1823703438,0.339977,-0.514753,-9.892841
1823704621,0.359130,-0.531513,-9.840169
1823705813,0.363919,-0.493206,-9.959879
1823706993,0.335188,-0.581791,-9.861717
1823708183,0.301669,-0.565032,-9.737218
1823709370,0.339977,-0.531513,-9.801862
1823710553,0.325611,-0.612916,-9.842564
1823711738,0.383072,-0.497994,-9.787497
1823712928,0.380678,-0.500388,-9.794679
1823714109,0.380678,-0.517148,-9.852140
1823715298,0.392649,-0.526724,-9.842564
1823716486,0.328006,-0.514753,-9.785102
1823717677,0.318429,-0.497994,-9.890448
1823718869,0.301669,-0.488417,-9.847352
1823720062,0.325611,-0.524330,-9.856929
1823721244,0.328006,-0.596156,-9.770737
1823722423,0.354342,-0.569820,-9.883265
1823723602,0.323217,-0.519542,-9.868899
1823724793,0.339977,-0.512359,-9.876082
1823725979,0.342371,-0.529119,-9.861717
1823727166,0.347159,-0.512359,-9.737218
1823728343,0.337582,-0.466869,-9.794679
1823729530,0.328006,-0.481235,-9.830592
1823730705,0.323217,-0.505177,-9.840169
1823731908,0.299275,-0.430956,-9.787497
1823733095,0.318429,-0.459687,-9.835381
1823734286,0.404620,-0.509965,-9.828198
1823735462,0.371101,-0.526724,-9.866506
1823736649,0.339977,-0.550666,-9.897630
1823737840,0.335188,-0.524330,-9.852140
1823739036,0.301669,-0.526724,-9.876082
1823740217,0.361524,-0.545878,-9.825804
1823741398,0.390255,-0.478840,-9.780313
1823742573,0.306458,-0.533907,-9.816227
1823743761,0.339977,-0.517148,-9.876082
1823744941,0.304064,-0.533907,-9.842564
1823746130,0.253785,-0.502782,-9.794679
1823747315,0.292093,-0.488417,-9.713276
1823748496,0.339977,-0.548272,-9.830592
1823749675,0.323217,-0.521936,-9.799467
1823750874,0.272939,-0.509965,-9.804255
1823752062,0.325611,-0.502782,-9.837775
1823753249,0.347159,-0.505177,-9.801862
1823754425,0.313640,-0.497994,-9.799467
1823755610,0.280122,-0.572214,-9.835381
1823756799,0.272939,-0.533907,-9.809045
1823757988,0.304064,-0.531513,-9.730036
1823759168,0.280122,-0.462081,-9.794679
1823760351,0.342371,-0.512359,-9.818622
1823761533,0.313640,-0.466869,-9.852140
1823762727,0.311246,-0.490811,-9.780313
1823763911,0.253785,-0.440533,-9.835381
1823765096,0.280122,-0.474052,-9.878476
1823766281,0.308852,-0.548272,-9.935937
1823767463,0.366313,-0.531513,-9.888053
1823768646,0.258574,-0.541090,-9.890448
1823769841,0.282516,-0.505177,-9.844957
1823771031,0.311246,-0.521936,-9.909601
1823772217,0.306458,-0.500388,-9.799467
1823773393,0.241814,-0.548272,-9.818622
1823774574,0.265756,-0.514753,-9.835381
1823775758,0.308852,-0.471658,-9.911995
1823776950,0.306458,-0.533907,-9.916783
1823778135,0.292093,-0.500388,-9.959879
1823779324,0.328006,-0.486023,-9.806650
1823780498,0.275333,-0.502782,-9.823410
1823781680,0.308852,-0.579397,-9.931149
1823782874,0.308852,-0.533907,-9.933543
1823784067,0.347159,-0.483629,-9.933543
1823785249,0.368707,-0.517148,-9.904813
1823786429,0.313640,-0.521936,-9.888053
1823787610,0.287304,-0.526724,-9.914390
1823788801,0.313640,-0.497994,-9.883265
1823789986,0.301669,-0.512359,-9.957485
1823791176,0.323217,-0.531513,-9.897630
1823792363,0.306458,-0.462081,-9.897630
1823793550,0.320823,-0.469264,-9.962274
1823794734,0.280122,-0.495600,-9.868899
1823795920,0.306458,-0.524330,-9.823410
1823797101,0.311246,-0.519542,-9.854534
1823798296,0.335188,-0.481235,-9.880871
1823799483,0.280122,-0.452504,-9.847352
1823800675,0.301669,-0.464475,-9.959879
1823801870,0.351948,-0.533907,-9.861717
1823803063,0.373495,-0.519542,-9.854534
1823804245,0.356736,-0.521936,-9.847352
1823805427,0.385466,-0.457293,-9.911995
1823806614,0.404620,-0.476446,-9.852140
1823807806,0.354342,-0.538695,-9.868899
1823808994,0.351948,-0.543484,-9.840169
1823810184,0.316035,-0.524330,-9.907207
1823811370,0.387861,-0.469264,-9.909601
1823812552,0.371101,-0.555455,-9.866506
1823813735,0.351948,-0.514753,-9.933543
1823814923,0.332794,-0.531513,-9.940725
1823816102,0.383072,-0.452504,-9.864111
1823817296,0.378284,-0.433351,-9.933543
1823818484,0.404620,-0.500388,-9.859323
1823819674,0.380678,-0.521936,-9.813833
1823820869,0.356736,-0.476446,-9.916783
1823822062,0.316035,-0.502782,-9.823410
1823823243,0.383072,-0.519542,-9.897630
1823824424,0.375890,-0.476446,-9.892841
1823825602,0.368707,-0.497994,-9.883265
1823826793,0.354342,-0.469264,-9.919178
1823827979,0.349553,-0.454898,-9.832987
1823829167,0.361524,-0.459687,-9.904813
1823830349,0.351948,-0.507571,-9.938332
1823831535,0.356736,-0.488417,-9.890448
1823832714,0.339977,-0.500388,-9.900024
1823833910,0.342371,-0.545878,-9.837775
1823835090,0.411803,-0.529119,-9.763555
1823836280,0.351948,-0.486023,-9.883265
1823837457,0.330400,-0.478840,-9.880871
1823838643,0.395043,-0.476446,-9.895236
1823839835,0.342371,-0.521936,-9.816227
1823841028,0.339977,-0.507571,-9.801862
1823842210,0.311246,-0.538695,-9.945514
1823843392,0.351948,-0.529119,-9.864111
1823844574,0.368707,-0.507571,-9.868899
1823845762,0.407014,-0.512359,-9.883265
1823846940,0.414197,-0.502782,-9.811439
1823848130,0.433351,-0.500388,-9.775525
1823849315,0.397437,-0.505177,-9.907207
1823850495,0.387861,-0.488417,-9.888053
1823851673,0.354342,-0.483629,-9.768343
1823852873,0.371101,-0.524330,-9.866506
1823854060,0.323217,-0.514753,-9.900024
1823855244,0.380678,-0.497994,-9.823410
1823856419,0.418985,-0.517148,-9.868899
1823857600,0.349553,-0.495600,-9.868899
1823858786,0.342371,-0.519542,-9.813833
1823859973,0.316035,-0.536301,-9.806650
1823861154,0.328006,-0.493206,-9.806650
1823862346,0.359130,-0.509965,-9.847352
1823863532,0.359130,-0.497994,-9.892841
1823864726,0.299275,-0.493206,-9.770737
1823865911,0.318429,-0.531513,-9.945514
1823867097,0.383072,-0.531513,-9.883265
1823868279,0.438139,-0.519542,-9.794679
1823869462,0.371101,-0.533907,-9.844957
1823870644,0.335188,-0.493206,-9.801862
1823871840,0.347159,-0.502782,-9.792285
1823873032,0.339977,-0.526724,-9.873688
1823874222,0.289698,-0.569820,-9.758766
1823875399,0.325611,-0.543484,-9.818622
1823876581,0.301669,-0.486023,-9.856929
1823877763,0.318429,-0.502782,-9.768343
1823878948,0.316035,-0.521936,-9.813833
1823880134,0.339977,-0.526724,-9.902418
1823881324,0.330400,-0.541090,-9.876082
1823882497,0.325611,-0.584185,-9.823410
1823883680,0.380678,-0.555455,-9.811439
1823884874,0.339977,-0.493206,-9.864111
1823886067,0.363919,-0.502782,-9.895236
1823887249,0.366313,-0.524330,-9.763555
1823888430,0.359130,-0.483629,-9.835381
1823889609,0.308852,-0.517148,-9.813833
1823890797,0.337582,-0.497994,-9.868899
1823891983,0.263362,-0.488417,-9.885659
1823893174,0.323217,-0.509965,-9.868899
1823894350,0.320823,-0.471658,-9.828198
1823895536,0.299275,-0.493206,-9.880871
1823896714,0.282516,-0.488417,-9.864111
1823897910,0.356736,-0.560243,-9.804255
1823899090,0.335188,-0.526724,-9.821015
1823900280,0.272939,-0.553061,-9.890448
1823901457,0.359130,-0.529119,-9.854534
1823902645,0.385466,-0.529119,-9.823410
1823903836,0.404620,-0.533907,-9.923966
1823905028,0.335188,-0.519542,-9.864111
1823906211,0.294487,-0.478840,-9.813833
1823907392,0.337582,-0.488417,-9.892841
1823908569,0.378284,-0.490811,-9.900024
1823909754,0.371101,-0.512359,-9.935937
1823910939,0.332794,-0.529119,-9.883265
1823912130,0.275333,-0.533907,-9.952697
1823913315,0.328006,-0.531513,-9.890448
1823914493,0.339977,-0.519542,-9.837775
1823915672,0.311246,-0.495600,-9.916783
1823916870,0.363919,-0.512359,-9.967062
1823918058,0.409408,-0.555455,-9.933543
1823919243,0.359130,-0.519542,-9.880871
1823920418,0.378284,-0.507571,-9.904813
1823921598,0.349553,-0.517148,-9.904813
1823922781,0.330400,-0.517148,-9.914390
1823923966,0.330400,-0.536301,-9.890448
1823925145,0.325611,-0.514753,-9.911995
1823926338,0.359130,-0.459687,-9.923966
1823927525,0.373495,-0.497994,-9.854534
1823928712,0.335188,-0.500388,-9.909601
1823929902,0.359130,-0.488417,-9.955091
1823931092,0.366313,-0.533907,-9.852140
1823932277,0.320823,-0.538695,-9.876082
1823933458,0.294487,-0.509965,-9.935937
1823934641,0.270545,-0.519542,-9.883265
1823935834,0.330400,-0.538695,-9.895236
1823937021,0.332794,-0.531513,-9.876082
1823938208,0.361524,-0.488417,-9.878476
1823939386,0.351948,-0.462081,-9.926360
1823940576,0.332794,-0.507571,-9.892841
1823941760,0.373495,-0.466869,-9.856929
1823942952,0.328006,-0.435745,-9.823410
1823944136,0.366313,-0.526724,-9.830592
1823945323,0.328006,-0.462081,-9.888053
1823946500,0.328006,-0.517148,-9.928755
1823947682,0.328006,-0.507571,-9.914390
1823948875,0.325611,-0.565032,-9.835381
1823950067,0.311246,-0.447716,-9.983821
1823951250,0.339977,-0.478840,-9.967062
1823952430,0.344765,-0.502782,-9.859323
1823953612,0.294487,-0.497994,-9.806650
1823954804,0.385466,-0.493206,-9.909601
1823955987,0.349553,-0.521936,-9.883265
1823957178,0.316035,-0.533907,-9.907207
1823958353,0.349553,-0.512359,-9.907207
1823959538,0.320823,-0.462081,-9.854534
1823960722,0.351948,-0.483629,-9.849746
1823961910,0.371101,-0.502782,-9.907207
1823963089,0.313640,-0.488417,-9.852140
1823964276,0.313640,-0.512359,-9.852140
1823965452,0.318429,-0.550666,-9.868899
1823966640,0.318429,-0.548272,-9.885659
1823967832,0.339977,-0.517148,-9.852140
1823969025,0.380678,-0.502782,-9.844957
1823970207,0.363919,-0.502782,-9.866506
1823971388,0.351948,-0.521936,-9.842564
1823972575,0.359130,-0.481235,-9.866506
1823973763,0.363919,-0.490811,-9.861717
1823974943,0.380678,-0.488417,-9.909601
1823976132,0.402226,-0.433351,-9.864111
1823977317,0.363919,-0.474052,-9.821015
1823978498,0.430956,-0.517148,-9.844957
1823979676,0.397437,-0.488417,-9.952697
1823980876,0.311246,-0.466869,-9.935937
1823982065,0.330400,-0.486023,-9.878476
1823983249,0.328006,-0.517148,-9.895236
1823984424,0.337582,-0.517148,-9.928755
1823985616,0.349553,-0.512359,-9.909601
1823986804,0.368707,-0.538695,-9.878476
1823987996,0.407014,-0.526724,-9.852140
1823989180,0.361524,-0.557849,-9.873688
1823990372,0.332794,-0.526724,-9.895236
1823991551,0.354342,-0.557849,-9.895236
1823992741,0.383072,-0.531513,-9.895236
1823993923,0.368707,-0.502782,-9.816227
1823995106,0.368707,-0.524330,-9.785102
1823996296,0.395043,-0.507571,-9.801862
1823997485,0.366313,-0.471658,-9.890448
1823998674,0.354342,-0.512359,-9.854534
1823999874,0.438139,-0.495600,-9.804255
1824001061,0.380678,-0.507571,-9.825804
1824002245,0.373495,-0.517148,-9.780313
1824003421,0.363919,-0.519542,-9.868899
1824004613,0.339977,-0.488417,-9.892841
1824005802,0.306458,-0.488417,-9.955091
1824006989,0.371101,-0.423774,-9.866506
1824008173,0.392649,-0.490811,-9.852140
1824009365,0.351948,-0.533907,-9.804255
1824010540,0.373495,-0.505177,-9.835381
1824011729,0.409408,-0.476446,-9.943120
1824012911,0.368707,-0.478840,-9.938332
1824014096,0.335188,-0.481235,-9.832987
1824015282,0.380678,-0.462081,-9.883265
1824016462,0.411803,-0.486023,-9.852140
1824017644,0.332794,-0.445322,-9.797073
1824018847,0.342371,-0.493206,-9.859323
1824020039,0.284910,-0.495600,-9.780313
1824021227,0.311246,-0.524330,-9.751583
1824022401,0.383072,-0.526724,-9.761160
1824023580,0.368707,-0.502782,-9.859323
1824024763,0.373495,-0.500388,-9.840169
1824025946,0.387861,-0.509965,-9.830592
1824027131,0.308852,-0.481235,-9.797073
1824028321,0.392649,-0.505177,-9.775525
1824029504,0.402226,-0.553061,-9.773131
1824030686,0.378284,-0.493206,-9.837775
1824031881,0.423774,-0.512359,-9.847352
1824033074,0.335188,-0.495600,-9.928755
1824034256,0.351948,-0.490811,-9.832987
1824035431,0.347159,-0.509965,-9.847352
1824036613,0.325611,-0.517148,-9.773131
1824037807,0.301669,-0.481235,-9.854534
1824038994,0.347159,-0.474052,-9.806650
1824040182,0.332794,-0.543484,-9.837775
1824041359,0.371101,-0.507571,-9.852140
1824042546,0.325611,-0.469264,-9.871294
1824043731,0.368707,-0.430956,-9.902418
1824044917,0.356736,-0.493206,-9.885659
1824046099,0.368707,-0.497994,-9.876082
1824047293,0.320823,-0.529119,-9.897630
1824048476,0.351948,-0.562637,-9.813833
1824049667,0.375890,-0.562637,-9.859323
1824050862,0.335188,-0.505177,-9.873688
1824052053,0.354342,-0.486023,-9.876082
1824053240,0.361524,-0.557849,-9.871294
1824054421,0.373495,-0.541090,-9.823410
1824055598,0.335188,-0.531513,-9.923966
1824056790,0.330400,-0.574608,-9.976639
1824057970,0.320823,-0.586579,-9.844957
1824059154,0.351948,-0.545878,-9.830592
1824060345,0.344765,-0.500388,-9.813833
1824061527,0.366313,-0.524330,-9.904813
1824062708,0.335188,-0.524330,-9.921572
1824063906,0.363919,-0.536301,-9.878476
1824065093,0.311246,-0.533907,-9.945514
1824066283,0.304064,-0.543484,-9.911995
1824067459,0.311246,-0.519542,-9.938332
1824068648,0.311246,-0.464475,-9.988609
1824069840,0.332794,-0.545878,-9.885659
1824071037,0.344765,-0.497994,-9.864111
1824072223,0.325611,-0.471658,-9.957485
1824073404,0.347159,-0.507571,-9.861717
1824074583,0.332794,-0.514753,-9.785102
1824075771,0.335188,-0.514753,-9.780313
1824076953,0.301669,-0.505177,-9.832987
1824078143,0.294487,-0.526724,-9.871294
1824079329,0.383072,-0.543484,-9.866506
1824080512,0.380678,-0.519542,-9.890448
1824081689,0.301669,-0.502782,-9.885659
1824082888,0.323217,-0.533907,-9.890448
1824084076,0.371101,-0.490811,-9.823410
1824085261,0.359130,-0.505177,-9.943120
1824086437,0.335188,-0.495600,-9.852140
1824087622,0.344765,-0.531513,-9.890448
1824088811,0.328006,-0.474052,-9.864111
1824090001,0.332794,-0.445322,-9.818622
1824091189,0.395043,-0.509965,-9.876082
1824092379,0.433351,-0.505177,-9.938332
1824093558,0.368707,-0.502782,-9.868899
1824094748,0.318429,-0.521936,-9.787497
1824095934,0.335188,-0.529119,-9.799467
1824097121,0.332794,-0.512359,-9.859323
1824098307,0.318429,-0.531513,-9.852140
1824099493,0.306458,-0.474052,-9.923966
1824100670,0.359130,-0.509965,-9.919178
1824101868,0.356736,-0.519542,-9.916783
1824103057,0.392649,-0.502782,-9.938332
1824104249,0.320823,-0.550666,-9.902418
1824105424,0.359130,-0.572214,-9.892841
1824106607,0.380678,-0.577003,-9.821015
1824107791,0.351948,-0.538695,-9.897630
1824108983,0.306458,-0.526724,-9.868899
1824110166,0.337582,-0.557849,-9.900024
1824111345,0.359130,-0.581791,-9.813833
1824112527,0.316035,-0.574608,-9.777920
1824113709,0.308852,-0.502782,-9.813833
1824114901,0.347159,-0.553061,-9.816227
1824116090,0.328006,-0.538695,-9.751583
1824117275,0.330400,-0.581791,-9.792285
1824118456,0.301669,-0.502782,-9.809045
1824119637,0.280122,-0.550666,-9.753978
1824120832,0.330400,-0.541090,-9.765948
1824122018,0.342371,-0.524330,-9.816227
1824123205,0.318429,-0.550666,-9.847352
1824124381,0.337582,-0.529119,-9.844957
1824125573,0.354342,-0.543484,-9.849746
1824126755,0.306458,-0.519542,-9.856929
1824127945,0.270545,-0.521936,-9.816227
1824129130,0.287304,-0.529119,-9.883265
1824130320,0.268151,-0.505177,-9.876082
1824131498,0.272939,-0.495600,-9.789890
1824132679,0.282516,-0.548272,-9.801862
1824133871,0.304064,-0.512359,-9.804255
1824135063,0.318429,-0.505177,-9.794679
1824136245,0.323217,-0.541090,-9.916783
1824137425,0.316035,-0.550666,-9.859323
1824138601,0.308852,-0.533907,-9.828198
1824139792,0.296881,-0.490811,-9.823410
1824140973,0.308852,-0.531513,-9.821015
1824142160,0.280122,-0.531513,-9.789890
1824143344,0.289698,-0.550666,-9.943120
1824144527,0.268151,-0.572214,-9.895236
1824145709,0.313640,-0.531513,-9.751583
1824146907,0.351948,-0.507571,-9.758766
1824148094,0.349553,-0.517148,-9.804255
1824149284,0.318429,-0.553061,-9.744401
1824150457,0.371101,-0.514753,-9.878476
1824151645,0.380678,-0.495600,-9.943120
1824152835,0.304064,-0.548272,-9.943120
1824154027,0.359130,-0.519542,-9.856929
1824155206,0.323217,-0.550666,-9.880871
1824156387,0.301669,-0.538695,-9.861717
1824157569,0.330400,-0.517148,-9.909601
1824158752,0.294487,-0.497994,-9.840169
1824159935,0.282516,-0.471658,-9.876082
1824161122,0.263362,-0.488417,-9.880871
1824162307,0.313640,-0.509965,-9.861717
1824163487,0.318429,-0.557849,-9.878476
1824164676,0.282516,-0.555455,-9.895236
1824165876,0.323217,-0.526724,-9.830592
1824167062,0.347159,-0.526724,-9.811439
1824168249,0.308852,-0.512359,-9.852140
1824169425,0.263362,-0.536301,-9.938332
1824170608,0.311246,-0.531513,-9.880871
1824171794,0.277727,-0.579397,-9.852140
1824172981,0.306458,-0.533907,-9.866506
1824174162,0.328006,-0.471658,-9.876082
1824175342,0.323217,-0.497994,-9.880871
1824176524,0.337582,-0.531513,-9.876082
1824177707,0.366313,-0.490811,-9.852140
1824178906,0.339977,-0.502782,-9.830592
1824180097,0.339977,-0.497994,-9.828198
1824181283,0.323217,-0.512359,-9.830592
1824182471,0.325611,-0.569820,-9.854534
1824183657,0.332794,-0.593762,-9.876082
1824184862,0.332794,-0.509965,-9.880871
1824186048,0.328006,-0.512359,-9.859323
1824187237,0.351948,-0.505177,-9.890448
1824188412,0.371101,-0.545878,-9.892841
1824189595,0.342371,-0.562637,-9.885659
1824190779,0.323217,-0.550666,-9.914390
1824191965,0.332794,-0.565032,-9.859323
1824193147,0.311246,-0.550666,-9.859323
1824194335,0.299275,-0.497994,-9.828198
1824195519,0.311246,-0.514753,-9.854534
1824196705,0.265756,-0.538695,-9.909601
1824197904,0.318429,-0.538695,-9.847352
1824199096,0.349553,-0.490811,-9.861717
1824200282,0.313640,-0.483629,-9.825804
1824201463,0.323217,-0.474052,-9.842564
1824202646,0.323217,-0.486023,-9.900024
1824203840,0.368707,-0.526724,-9.892841
1824205028,0.354342,-0.502782,-9.902418
1824206211,0.342371,-0.490811,-9.856929
1824207388,0.313640,-0.505177,-9.830592
1824208578,0.347159,-0.519542,-9.876082
1824209761,0.316035,-0.488417,-9.876082
1824210952,0.265756,-0.471658,-9.787497
1824212140,0.251391,-0.526724,-9.804255
1824213330,0.363919,-0.454898,-9.909601
1824214508,0.311246,-0.488417,-9.828198
1824215691,0.330400,-0.457293,-9.849746
1824216888,0.330400,-0.502782,-9.943120
1824218078,0.299275,-0.545878,-9.947908
1824219261,0.318429,-0.486023,-9.871294
1824220442,0.318429,-0.531513,-9.859323
1824221626,0.292093,-0.512359,-9.794679
1824222819,0.318429,-0.577003,-9.852140
1824224000,0.323217,-0.591368,-9.892841
1824225192,0.339977,-0.555455,-9.897630
1824226379,0.330400,-0.553061,-9.919178
1824227564,0.354342,-0.517148,-9.885659
1824228748,0.328006,-0.483629,-9.900024
1824229935,0.359130,-0.488417,-9.909601
1824231113,0.416591,-0.490811,-9.816227
1824232303,0.306458,-0.497994,-9.837775
1824233490,0.330400,-0.493206,-9.861717
1824234681,0.342371,-0.490811,-9.900024
1824235874,0.325611,-0.517148,-9.871294
1824237064,0.323217,-0.521936,-9.804255
1824238247,0.311246,-0.481235,-9.832987
1824239425,0.308852,-0.531513,-9.849746
1824240603,0.275333,-0.529119,-9.842564
1824241795,0.299275,-0.495600,-9.847352
1824242980,0.284910,-0.514753,-9.816227
1824244167,0.339977,-0.490811,-9.854534
1824245343,0.330400,-0.466869,-9.813833
1824246528,0.328006,-0.505177,-9.818622
1824247709,0.368707,-0.445322,-9.859323
1824248906,0.335188,-0.514753,-9.861717
1824250094,0.342371,-0.517148,-9.787497
1824251285,0.308852,-0.529119,-9.868899
1824252462,0.332794,-0.529119,-9.837775
1824253650,0.325611,-0.502782,-9.871294
1824254848,0.351948,-0.450110,-9.883265
1824256044,0.337582,-0.509965,-9.880871
1824257228,0.337582,-0.531513,-9.911995
1824258410,0.311246,-0.533907,-9.871294
1824259588,0.287304,-0.512359,-9.823410
1824260776,0.294487,-0.481235,-9.823410
1824261958,0.320823,-0.486023,-9.940725
1824263148,0.344765,-0.500388,-9.890448
1824264332,0.339977,-0.478840,-9.866506
1824265520,0.308852,-0.517148,-9.861717
1824266695,0.373495,-0.512359,-9.844957
1824267898,0.392649,-0.488417,-9.844957
1824269085,0.356736,-0.536301,-9.840169
1824270274,0.392649,-0.495600,-9.864111
1824271450,0.337582,-0.488417,-9.933543
1824272638,0.359130,-0.541090,-9.866506
1824273825,0.354342,-0.502782,-9.861717
1824275018,0.366313,-0.497994,-9.847352
1824276198,0.351948,-0.497994,-9.830592
1824277378,0.265756,-0.497994,-9.854534
1824278562,0.337582,-0.486023,-9.840169
1824279748,0.375890,-0.469264,-9.861717
1824280933,0.359130,-0.505177,-9.871294
1824282117,0.328006,-0.471658,-9.768343
1824283301,0.368707,-0.469264,-9.761160
1824284492,0.354342,-0.514753,-9.818622
1824285671,0.335188,-0.502782,-9.844957
1824286870,0.392649,-0.502782,-9.911995
1824288058,0.359130,-0.490811,-9.876082
1824289249,0.316035,-0.519542,-9.816227
1824290425,0.304064,-0.490811,-9.852140
1824291606,0.323217,-0.466869,-9.830592
1824292792,0.318429,-0.493206,-9.909601
1824293981,0.339977,-0.514753,-9.904813
1824295163,0.335188,-0.493206,-9.926360
1824296344,0.337582,-0.500388,-9.911995
1824297525,0.371101,-0.493206,-9.866506
1824298710,0.294487,-0.452504,-9.871294
1824299902,0.318429,-0.507571,-9.904813
1824301092,0.366313,-0.507571,-9.923966
1824302277,0.368707,-0.488417,-9.914390
1824303458,0.368707,-0.545878,-9.902418
1824304641,0.359130,-0.567426,-9.902418
1824305834,0.347159,-0.543484,-9.770737
1824307022,0.330400,-0.533907,-9.780313
1824308206,0.318429,-0.507571,-9.911995
1824309383,0.378284,-0.517148,-9.878476
1824310570,0.320823,-0.509965,-9.878476
1824311751,0.308852,-0.543484,-9.914390
1824312940,0.385466,-0.543484,-9.909601
1824314125,0.411803,-0.533907,-9.933543
1824315314,0.426168,-0.478840,-9.876082
1824316492,0.296881,-0.519542,-9.837775
1824317675,0.328006,-0.495600,-9.816227
1824318868,0.277727,-0.502782,-9.880871
1824320060,0.268151,-0.490811,-9.897630
1824321240,0.258574,-0.493206,-9.888053
1824322420,0.313640,-0.502782,-9.928755
1824323598,0.397437,-0.531513,-9.938332
1824324789,0.356736,-0.514753,-9.878476
1824325972,0.356736,-0.502782,-9.866506
1824327158,0.361524,-0.478840,-9.876082
1824328335,0.392649,-0.505177,-9.847352
1824329526,0.366313,-0.505177,-9.861717
1824330708,0.347159,-0.524330,-9.873688
1824331909,0.414197,-0.524330,-9.878476
1824333096,0.404620,-0.519542,-9.919178
1824334286,0.378284,-0.531513,-9.914390
1824335463,0.296881,-0.478840,-9.974244
1824336651,0.344765,-0.486023,-9.868899
1824337848,0.342371,-0.483629,-9.852140
1824339044,0.318429,-0.541090,-9.806650
1824340227,0.418985,-0.521936,-9.885659
1824341409,0.387861,-0.502782,-9.952697
1824342587,0.356736,-0.521936,-9.859323
1824343775,0.414197,-0.502782,-9.866506
1824344957,0.395043,-0.469264,-9.888053
1824346148,0.387861,-0.490811,-9.856929
1824347331,0.397437,-0.490811,-9.885659
1824348513,0.351948,-0.531513,-9.835381
1824349692,0.323217,-0.495600,-9.823410
1824350893,0.323217,-0.524330,-9.837775
1824352077,0.349553,-0.512359,-9.835381
1824353265,0.354342,-0.507571,-9.825804
1824354441,0.347159,-0.536301,-9.830592
1824355627,0.325611,-0.495600,-9.847352
1824356815,0.339977,-0.476446,-9.847352
1824358000,0.373495,-0.529119,-9.878476
1824359186,0.383072,-0.543484,-9.885659
1824360366,0.339977,-0.517148,-9.871294
1824361550,0.359130,-0.569820,-9.888053
1824362738,0.414197,-0.555455,-9.852140
1824363917,0.466869,-0.497994,-9.854534
1824365104,0.371101,-0.471658,-9.888053
1824366294,0.373495,-0.543484,-9.840169
1824367485,0.363919,-0.553061,-9.890448
1824368673,0.380678,-0.548272,-9.876082
1824369871,0.323217,-0.548272,-9.780313
1824371060,0.347159,-0.497994,-9.890448
1824372245,0.347159,-0.517148,-9.825804
1824373421,0.339977,-0.531513,-9.765948
1824374604,0.342371,-0.524330,-9.866506
1824375790,0.318429,-0.507571,-9.909601
1824376979,0.383072,-0.519542,-9.935937
1824378161,0.335188,-0.550666,-9.943120
1824379342,0.328006,-0.526724,-9.926360
1824380527,0.361524,-0.526724,-9.792285
1824381711,0.296881,-0.557849,-9.816227
1824382906,0.284910,-0.541090,-9.871294
1824384097,0.275333,-0.567426,-9.907207
1824385281,0.308852,-0.526724,-9.806650
1824386462,0.308852,-0.521936,-9.773131
1824387645,0.371101,-0.486023,-9.854534
1824388847,0.332794,-0.541090,-9.904813
1824390038,0.342371,-0.550666,-9.854534
1824391228,0.304064,-0.560243,-9.926360
1824392399,0.344765,-0.517148,-9.892841
1824393588,0.375890,-0.505177,-9.907207
1824394769,0.301669,-0.507571,-9.859323
1824395955,0.349553,-0.517148,-9.842564
1824397143,0.301669,-0.478840,-9.926360
1824398332,0.337582,-0.457293,-9.883265
1824399511,0.351948,-0.490811,-9.876082
1824400693,0.368707,-0.521936,-9.866506
1824401890,0.318429,-0.509965,-9.835381
1824403080,0.337582,-0.507571,-9.787497
1824404262,0.361524,-0.505177,-9.801862
1824405443,0.356736,-0.438139,-9.840169
1824406627,0.347159,-0.543484,-9.880871
1824407820,0.284910,-0.543484,-9.856929
1824409002,0.311246,-0.533907,-9.837775
1824410193,0.328006,-0.526724,-9.804255
1824411379,0.320823,-0.521936,-9.816227
1824412572,0.356736,-0.481235,-9.840169
1824413754,0.337582,-0.524330,-9.883265
1824414944,0.392649,-0.538695,-9.840169
1824416129,0.330400,-0.526724,-9.797073
1824417317,0.351948,-0.548272,-9.852140
1824418494,0.330400,-0.541090,-9.880871
1824419672,0.323217,-0.507571,-9.876082
1824420866,0.335188,-0.541090,-9.880871
1824422056,0.339977,-0.541090,-9.866506
1824423242,0.316035,-0.497994,-9.919178
1824424422,0.330400,-0.476446,-9.813833
1824425599,0.287304,-0.524330,-9.813833
1824426790,0.289698,-0.514753,-9.837775
1824427973,0.318429,-0.476446,-9.797073
1824429159,0.361524,-0.529119,-9.821015
1824430337,0.344765,-0.531513,-9.813833
1824431529,0.351948,-0.493206,-9.892841
1824432710,0.299275,-0.497994,-9.811439
1824433908,0.390255,-0.509965,-9.876082
1824435094,0.395043,-0.526724,-9.940725
1824436284,0.339977,-0.490811,-9.890448
1824437460,0.349553,-0.509965,-9.876082
1824438645,0.349553,-0.572214,-9.876082
1824439836,0.378284,-0.512359,-9.864111
1824441030,0.368707,-0.471658,-9.909601
1824442210,0.316035,-0.526724,-9.940725
1824443388,0.356736,-0.543484,-9.916783
1824444570,0.308852,-0.507571,-9.933543
1824445756,0.332794,-0.538695,-9.866506
1824446941,0.344765,-0.500388,-9.847352
1824448130,0.328006,-0.507571,-9.902418
1824449314,0.284910,-0.574608,-9.844957
1824450494,0.342371,-0.562637,-9.933543
1824451673,0.332794,-0.488417,-9.947908
1824452869,0.342371,-0.466869,-9.847352
1824454058,0.371101,-0.548272,-9.801862
1824455250,0.320823,-0.543484,-9.859323
1824456426,0.318429,-0.536301,-9.849746
1824457608,0.330400,-0.538695,-9.876082
1824458793,0.347159,-0.543484,-9.823410
1824459983,0.356736,-0.572214,-9.813833
1824461163,0.371101,-0.567426,-9.895236
1824462350,0.342371,-0.545878,-9.844957
1824463532,0.335188,-0.495600,-9.892841
1824464726,0.390255,-0.517148,-9.859323
1824465911,0.342371,-0.507571,-9.885659
1824467103,0.368707,-0.526724,-9.895236
1824468290,0.330400,-0.495600,-9.789890
1824469472,0.342371,-0.450110,-9.780313
1824470657,0.354342,-0.526724,-9.861717
1824471862,0.407014,-0.478840,-9.821015
1824473054,0.409408,-0.483629,-9.794679
1824474244,0.378284,-0.471658,-9.816227
1824475421,0.368707,-0.493206,-9.823410
1824476603,0.349553,-0.541090,-9.871294
1824477789,0.339977,-0.526724,-9.821015
1824478976,0.366313,-0.512359,-9.876082
1824480158,0.320823,-0.474052,-9.890448
1824481341,0.342371,-0.483629,-9.909601
1824482516,0.366313,-0.541090,-9.864111
1824483702,0.380678,-0.502782,-9.866506
1824484899,0.339977,-0.490811,-9.859323
1824486088,0.301669,-0.497994,-9.756371
1824487268,0.311246,-0.490811,-9.799467
1824488450,0.306458,-0.466869,-9.878476
1824489633,0.311246,-0.526724,-9.888053
1824490823,0.299275,-0.493206,-9.928755
1824492002,0.318429,-0.490811,-9.883265
1824493194,0.323217,-0.524330,-9.938332
1824494376,0.292093,-0.531513,-9.888053
1824495558,0.308852,-0.541090,-9.900024
1824496740,0.395043,-0.517148,-9.859323
1824497927,0.351948,-0.507571,-9.923966
1824499109,0.308852,-0.541090,-9.830592
1824500302,0.304064,-0.548272,-9.770737
1824501489,0.316035,-0.555455,-9.835381
1824502670,0.320823,-0.531513,-9.878476
1824503863,0.356736,-0.505177,-9.945514
1824505054,0.304064,-0.493206,-9.890448
1824506240,0.265756,-0.512359,-9.914390
1824507421,0.272939,-0.533907,-9.854534
1824508599,0.258574,-0.490811,-9.844957
1824509790,0.330400,-0.531513,-9.792285
1824510971,0.347159,-0.495600,-9.761160
1824512156,0.347159,-0.505177,-9.804255
1824513346,0.342371,-0.478840,-9.885659
1824514529,0.339977,-0.500388,-9.885659
1824515710,0.318429,-0.507571,-9.842564
1824516908,0.347159,-0.474052,-9.871294
1824518095,0.349553,-0.483629,-9.859323
1824519285,0.296881,-0.478840,-9.916783
1824520462,0.363919,-0.512359,-9.880871
1824521650,0.378284,-0.500388,-9.904813
1824522847,0.275333,-0.478840,-9.892841
1824524043,0.323217,-0.497994,-9.847352
1824525229,0.354342,-0.476446,-9.782708
1824526410,0.337582,-0.541090,-9.761160
1824527587,0.308852,-0.521936,-9.832987
1824528775,0.294487,-0.497994,-9.890448
1824529957,0.268151,-0.507571,-9.981427
1824531149,0.301669,-0.490811,-9.916783
1824532334,0.339977,-0.505177,-9.873688
1824533519,0.342371,-0.469264,-9.868899
1824534701,0.337582,-0.505177,-9.840169
1824535900,0.328006,-0.557849,-9.823410
1824537084,0.349553,-0.526724,-9.823410
1824538271,0.375890,-0.462081,-9.830592
1824539444,0.385466,-0.529119,-9.892841
1824540633,0.335188,-0.531513,-9.861717
1824541822,0.339977,-0.536301,-9.856929
1824543015,0.404620,-0.488417,-9.770737
1824544194,0.299275,-0.514753,-9.816227
1824545375,0.323217,-0.529119,-9.770737
1824546556,0.328006,-0.529119,-9.813833
1824547744,0.318429,-0.548272,-9.868899
1824548930,0.328006,-0.531513,-9.811439
1824550116,0.366313,-0.574608,-9.885659
1824551299,0.306458,-0.500388,-9.897630
1824552488,0.337582,-0.505177,-9.866506
1824553676,0.356736,-0.433351,-9.792285
1824554876,0.339977,-0.543484,-9.847352
1824556065,0.320823,-0.526724,-9.809045
1824557250,0.287304,-0.483629,-9.818622
1824558426,0.292093,-0.483629,-9.904813
1824559608,0.339977,-0.488417,-9.878476
1824560796,0.306458,-0.569820,-9.835381
1824561985,0.335188,-0.553061,-9.816227
1824563167,0.328006,-0.505177,-9.983821
1824564347,0.354342,-0.524330,-9.943120
1824565528,0.337582,-0.519542,-9.885659
1824566721,0.395043,-0.495600,-9.849746
1824567908,0.318429,-0.497994,-9.919178
1824569101,0.332794,-0.476446,-9.943120
1824570284,0.320823,-0.476446,-9.909601
1824571463,0.339977,-0.474052,-9.938332
1824572646,0.306458,-0.490811,-9.830592
1824573847,0.287304,-0.512359,-9.847352
1824575039,0.304064,-0.550666,-9.878476
1824576228,0.339977,-0.562637,-9.916783
1824577405,0.395043,-0.500388,-9.864111
1824578582,0.332794,-0.464475,-9.883265
1824579766,0.306458,-0.560243,-9.799467
1824580950,0.299275,-0.495600,-9.842564
1824582132,0.323217,-0.555455,-9.813833
1824583323,0.323217,-0.462081,-9.878476
1824584499,0.272939,-0.521936,-9.909601
1824585682,0.313640,-0.519542,-9.876082
1824586875,0.347159,-0.553061,-9.837775
1824588069,0.354342,-0.497994,-9.945514
1824589252,0.313640,-0.529119,-10.024523
1824590432,0.325611,-0.512359,-9.947908
1824591613,0.287304,-0.450110,-9.832987
1824592803,0.385466,-0.521936,-9.825804
1824593989,0.313640,-0.486023,-9.773131
1824595178,0.335188,-0.502782,-9.859323
1824596355,0.318429,-0.521936,-9.926360
1824597541,0.325611,-0.517148,-9.880871
1824598725,0.301669,-0.521936,-9.876082
1824599911,0.337582,-0.517148,-9.840169
1824601098,0.380678,-0.536301,-9.832987
1824606520,0.344765,-0.509965,-9.816227
1824607702,0.339977,-0.497994,-9.765948
1824608906,0.323217,-0.562637,-9.837775
1824610094,0.318429,-0.541090,-9.885659
1824611284,0.378284,-0.490811,-9.876082
1824612460,0.339977,-0.481235,-9.856929
1824613649,0.359130,-0.497994,-9.871294
1824614840,0.335188,-0.521936,-9.907207
1824616036,0.363919,-0.565032,-9.890448
1824617217,0.339977,-0.548272,-9.928755
1824618399,0.342371,-0.543484,-9.864111
1824619577,0.351948,-0.543484,-9.844957
1824620765,0.323217,-0.517148,-9.849746
1824621946,0.330400,-0.584185,-9.799467
1824623135,0.328006,-0.596156,-9.773131
1824624320,0.287304,-0.524330,-9.799467
1824625500,0.325611,-0.488417,-9.837775
1824626679,0.375890,-0.505177,-9.828198
1824627878,0.335188,-0.512359,-9.940725
1824629063,0.270545,-0.526724,-9.900024
1824630246,0.260968,-0.526724,-9.969456
1824631422,0.339977,-0.529119,-9.967062
1824632603,0.308852,-0.531513,-9.945514
1824633783,0.342371,-0.548272,-9.921572
1824634971,0.277727,-0.531513,-9.868899
1824636153,0.287304,-0.519542,-9.856929
1824637348,0.347159,-0.557849,-9.950302
1824638534,0.385466,-0.507571,-9.844957
1824639728,0.402226,-0.497994,-9.825804
1824640911,0.339977,-0.500388,-9.835381
1824642102,0.318429,-0.476446,-9.885659
1824643290,0.332794,-0.517148,-9.952697
1824644479,0.354342,-0.507571,-9.952697
1824645665,0.325611,-0.500388,-9.864111
1824646869,0.325611,-0.512359,-9.907207
1824648056,0.351948,-0.493206,-9.943120
1824649245,0.292093,-0.529119,-9.940725
1824650420,0.320823,-0.497994,-9.871294
1824651603,0.351948,-0.526724,-9.828198
1824652791,0.368707,-0.497994,-9.911995
1824653981,0.323217,-0.555455,-9.847352
1824655163,0.337582,-0.543484,-9.840169
1824656345,0.397437,-0.486023,-9.816227
1824657526,0.378284,-0.514753,-9.885659
1824658713,0.397437,-0.478840,-9.816227
1824659906,0.354342,-0.512359,-9.782708
1824661096,0.320823,-0.545878,-9.885659
1824662281,0.318429,-0.519542,-9.943120
1824663463,0.363919,-0.517148,-9.797073
1824664646,0.323217,-0.574608,-9.801862
1824665848,0.332794,-0.550666,-9.876082
1824667039,0.325611,-0.536301,-9.806650
1824668228,0.292093,-0.507571,-9.792285
1824669403,0.289698,-0.495600,-9.809045
1824670582,0.325611,-0.471658,-9.794679
1824671766,0.363919,-0.517148,-9.813833
1824672952,0.347159,-0.517148,-9.883265
1824674138,0.328006,-0.529119,-9.854534
1824675327,0.356736,-0.493206,-9.751583
1824676506,0.277727,-0.486023,-9.677363
1824677689,0.375890,-0.493206,-9.792285
1824678879,0.339977,-0.507571,-9.873688
1824680072,0.325611,-0.524330,-9.926360
1824681254,0.292093,-0.497994,-9.852140
1824682434,0.335188,-0.476446,-9.823410
1824683616,0.359130,-0.531513,-9.916783
1824684809,0.344765,-0.519542,-9.928755
1824685996,0.356736,-0.565032,-9.823410
1824687186,0.277727,-0.490811,-9.866506
1824688361,0.323217,-0.486023,-9.895236
1824689549,0.380678,-0.505177,-9.883265
1824690733,0.320823,-0.541090,-9.849746
1824691919,0.325611,-0.536301,-9.873688
1824693101,0.366313,-0.519542,-9.880871
1824694291,0.318429,-0.454898,-9.792285
1824695475,0.301669,-0.497994,-9.876082
1824696666,0.325611,-0.495600,-9.837775
1824697864,0.344765,-0.490811,-9.868899
1824699055,0.325611,-0.550666,-9.911995
1824700238,0.328006,-0.574608,-9.885659
1824701418,0.342371,-0.512359,-9.880871
1824702596,0.351948,-0.505177,-9.890448
1824703783,0.318429,-0.500388,-9.811439
1824704965,0.260968,-0.500388,-9.890448
1824706148,0.311246,-0.474052,-9.878476
1824707333,0.356736,-0.529119,-9.931149
1824708525,0.359130,-0.541090,-9.919178
1824709705,0.335188,-0.497994,-9.883265
1824710910,0.356736,-0.531513,-9.955091
1824712097,0.337582,-0.524330,-9.847352
1824713287,0.361524,-0.514753,-9.835381
1824714471,0.282516,-0.557849,-9.844957
1824715663,0.318429,-0.512359,-9.902418
1824716863,0.313640,-0.500388,-9.909601
1824718058,0.313640,-0.474052,-9.840169
1824719244,0.328006,-0.481235,-9.933543
1824720424,0.306458,-0.490811,-9.885659
1824721607,0.342371,-0.466869,-9.856929
1824722799,0.337582,-0.536301,-9.921572
1824723984,0.342371,-0.536301,-9.892841
1824725171,0.363919,-0.521936,-9.916783
1824726348,0.332794,-0.488417,-9.935937
1824727535,0.270545,-0.476446,-9.852140
1824728708,0.275333,-0.538695,-9.945514
1824729910,0.294487,-0.545878,-9.971850
1824731098,0.320823,-0.531513,-9.919178
1824732288,0.318429,-0.512359,-9.955091
1824733471,0.323217,-0.521936,-9.923966
1824734663,0.347159,-0.505177,-9.890448
1824735862,0.363919,-0.481235,-9.962274
1824737061,0.323217,-0.500388,-9.943120
1824738240,0.359130,-0.486023,-9.995792
1824739420,0.387861,-0.493206,-9.952697
1824740597,0.342371,-0.514753,-9.892841
1824741789,0.347159,-0.478840,-9.919178
1824742971,0.282516,-0.462081,-9.888053
1824744157,0.366313,-0.529119,-9.928755
1824745348,0.323217,-0.493206,-9.902418
1824746534,0.359130,-0.574608,-9.878476
1824747710,0.339977,-0.519542,-9.842564
1824748908,0.351948,-0.462081,-9.957485
1824750095,0.342371,-0.550666,-9.842564
1824751285,0.320823,-0.519542,-9.923966
1824752462,0.330400,-0.497994,-9.907207
1824753645,0.318429,-0.500388,-9.871294
1824754836,0.337582,-0.478840,-9.938332
1824756029,0.287304,-0.495600,-9.940725
1824757209,0.354342,-0.476446,-9.816227
1824758392,0.339977,-0.488417,-9.861717
1824759574,0.323217,-0.457293,-9.878476
1824760761,0.330400,-0.497994,-9.873688
1824761947,0.335188,-0.493206,-9.871294
1824763137,0.416591,-0.519542,-9.792285
1824764323,0.402226,-0.452504,-9.844957
1824765503,0.277727,-0.471658,-9.792285
1824766682,0.323217,-0.481235,-9.828198
1824767882,0.363919,-0.481235,-9.837775
1824769071,0.351948,-0.488417,-9.900024
1824770256,0.378284,-0.521936,-9.818622
1824771433,0.366313,-0.447716,-9.835381
1824772620,0.371101,-0.493206,-9.859323
1824773807,0.368707,-0.545878,-9.847352
1824774999,0.387861,-0.529119,-9.916783
1824776185,0.373495,-0.476446,-9.844957
1824777378,0.378284,-0.469264,-9.821015
1824778557,0.323217,-0.495600,-9.859323
1824779744,0.351948,-0.502782,-9.969456
1824780926,0.337582,-0.490811,-9.902418
1824782112,0.359130,-0.521936,-9.904813
1824783292,0.368707,-0.533907,-9.811439
1824784479,0.299275,-0.517148,-9.868899
1824785666,0.368707,-0.507571,-9.883265
1824786870,0.356736,-0.512359,-9.904813
1824788058,0.347159,-0.497994,-9.923966
1824789251,0.347159,-0.555455,-9.861717
1824790427,0.351948,-0.476446,-9.809045
1824791618,0.335188,-0.488417,-9.816227
1824792807,0.349553,-0.524330,-9.828198
1824793997,0.287304,-0.490811,-9.878476
1824795182,0.316035,-0.529119,-9.852140
1824796373,0.354342,-0.557849,-9.835381
1824797552,0.404620,-0.500388,-9.873688
1824798739,0.339977,-0.476446,-9.830592
1824799921,0.361524,-0.514753,-9.777920
1824801108,0.395043,-0.548272,-9.837775
1824802298,0.330400,-0.519542,-9.888053
1824803487,0.330400,-0.505177,-9.890448
1824804673,0.323217,-0.541090,-9.919178
1824805869,0.380678,-0.579397,-9.883265
1824807057,0.332794,-0.514753,-9.842564
1824808250,0.359130,-0.469264,-9.911995
1824809424,0.351948,-0.488417,-9.919178
1824810616,0.292093,-0.517148,-9.895236
1824811805,0.311246,-0.502782,-9.873688
1824812995,0.335188,-0.560243,-9.923966
1824814180,0.316035,-0.512359,-9.945514
1824815361,0.330400,-0.526724,-9.897630
1824816541,0.325611,-0.509965,-9.868899
1824817730,0.292093,-0.557849,-9.868899
1824818912,0.296881,-0.526724,-9.823410
1824820104,0.294487,-0.490811,-9.849746
1824821291,0.366313,-0.531513,-9.914390
1824822479,0.323217,-0.533907,-9.876082
1824823665,0.330400,-0.512359,-9.835381
1824824868,0.335188,-0.517148,-9.809045
1824826053,0.342371,-0.521936,-9.878476
1824827246,0.339977,-0.500388,-9.816227
1824828421,0.342371,-0.507571,-9.873688
1824829609,0.380678,-0.545878,-9.775525
1824830796,0.335188,-0.557849,-9.837775
1824831987,0.332794,-0.569820,-9.868899
1824833169,0.306458,-0.464475,-9.799467
1824834350,0.287304,-0.502782,-9.818622
1824835531,0.256180,-0.519542,-9.868899
1824836723,0.258574,-0.517148,-9.852140
1824837911,0.363919,-0.567426,-9.859323
1824839103,0.397437,-0.541090,-9.773131
1824840288,0.304064,-0.524330,-9.794679
1824841475,0.301669,-0.543484,-9.813833
1824842661,0.296881,-0.497994,-9.888053
1824843865,0.304064,-0.488417,-9.888053
1824845051,0.313640,-0.509965,-9.825804
1824846239,0.330400,-0.493206,-9.909601
1824847413,0.308852,-0.497994,-9.847352
1824848596,0.296881,-0.500388,-9.852140
1824849777,0.359130,-0.541090,-9.864111
1824850963,0.299275,-0.507571,-9.849746
1824852143,0.296881,-0.538695,-9.806650
1824853333,0.342371,-0.514753,-9.787497
1824854512,0.347159,-0.526724,-9.828198
1824855695,0.373495,-0.519542,-9.840169
1824856893,0.361524,-0.497994,-9.816227
1824858081,0.361524,-0.505177,-9.835381
1824859263,0.385466,-0.565032,-9.871294
1824860445,0.418985,-0.529119,-9.844957
1824861629,0.418985,-0.462081,-9.828198
1824862822,0.378284,-0.507571,-9.797073
1824864003,0.356736,-0.507571,-9.830592
1824865193,0.349553,-0.428562,-9.909601
1824866368,0.361524,-0.474052,-9.885659
1824867553,0.335188,-0.500388,-9.849746
1824868737,0.349553,-0.543484,-9.928755
1824869924,0.359130,-0.493206,-9.945514
1824871106,0.371101,-0.514753,-9.806650
1824872300,0.359130,-0.502782,-9.883265
1824873486,0.368707,-0.500388,-9.923966
1824874677,0.335188,-0.512359,-9.940725
1824875872,0.318429,-0.502782,-9.897630
1824877064,0.385466,-0.488417,-9.866506
1824878246,0.337582,-0.519542,-9.871294
1824879425,0.359130,-0.533907,-9.926360
1824880602,0.361524,-0.526724,-9.837775
1824881794,0.299275,-0.502782,-9.842564
1824882976,0.342371,-0.524330,-9.888053
1824884162,0.306458,-0.572214,-9.866506
1824885342,0.339977,-0.577003,-9.864111
1824886527,0.337582,-0.521936,-9.897630
1824887709,0.306458,-0.514753,-9.943120
1824888910,0.337582,-0.569820,-9.935937
1824890098,0.330400,-0.526724,-9.919178
1824891286,0.418985,-0.543484,-9.876082
1824892470,0.373495,-0.543484,-9.952697
1824893655,0.332794,-0.567426,-9.907207
1824894854,0.325611,-0.512359,-9.892841
1824896051,0.354342,-0.519542,-9.935937
1824897237,0.450110,-0.493206,-9.794679
1824898417,0.395043,-0.512359,-9.794679
1824899600,0.330400,-0.478840,-9.811439
1824900786,0.366313,-0.474052,-9.888053
1824901968,0.371101,-0.469264,-9.885659
1824903154,0.390255,-0.493206,-9.933543
1824904336,0.366313,-0.536301,-9.825804
1824905519,0.375890,-0.512359,-9.823410
1824906696,0.323217,-0.497994,-9.940725
1824907899,0.318429,-0.543484,-9.926360
1824909084,0.414197,-0.548272,-9.880871
1824910271,0.399832,-0.557849,-9.902418
1824911448,0.308852,-0.553061,-9.909601
1824912633,0.263362,-0.521936,-9.828198
1824913819,0.349553,-0.545878,-9.816227
1824915013,0.328006,-0.574608,-9.835381
1824916192,0.359130,-0.543484,-9.787497
1824917384,0.337582,-0.550666,-9.794679
1824918562,0.375890,-0.574608,-9.842564
1824919748,0.332794,-0.574608,-9.830592
1824920932,0.359130,-0.579397,-9.931149
1824922119,0.328006,-0.541090,-9.854534
1824923302,0.301669,-0.545878,-9.842564
1824924494,0.318429,-0.509965,-9.902418
1824925670,0.351948,-0.538695,-9.945514
1824926869,0.361524,-0.543484,-9.921572
1824928058,0.339977,-0.509965,-9.897630
1824929250,0.339977,-0.478840,-9.832987
1824930425,0.356736,-0.560243,-9.842564
1824931608,0.356736,-0.560243,-9.904813
1824932794,0.294487,-0.567426,-9.864111
1824933985,0.335188,-0.550666,-9.861717
1824935167,0.344765,-0.526724,-9.890448
1824936354,0.344765,-0.538695,-9.916783
1824937531,0.349553,-0.459687,-9.859323
1824938724,0.313640,-0.466869,-9.797073
1824939911,0.296881,-0.569820,-9.816227
1824941103,0.368707,-0.541090,-9.785102
1824942286,0.375890,-0.545878,-9.816227
1824943474,0.325611,-0.452504,-9.904813
1824944660,0.306458,-0.471658,-9.856929
1824945865,0.361524,-0.495600,-9.873688
1824947057,0.359130,-0.466869,-9.794679
1824948249,0.339977,-0.497994,-9.844957
1824949426,0.351948,-0.526724,-9.849746
1824950609,0.323217,-0.490811,-9.823410
1824951795,0.349553,-0.526724,-9.864111
1824952986,0.308852,-0.500388,-9.873688
1824954167,0.299275,-0.507571,-9.852140
1824955347,0.366313,-0.507571,-9.785102
1824956528,0.356736,-0.517148,-9.840169
1824957721,0.342371,-0.536301,-9.777920
1824958909,0.411803,-0.517148,-9.804255
1824960100,0.368707,-0.512359,-9.854534
1824961283,0.325611,-0.507571,-9.861717
1824962471,0.385466,-0.512359,-9.825804
1824963654,0.407014,-0.426168,-9.758766
1824964853,0.325611,-0.476446,-9.876082
1824966043,0.316035,-0.512359,-9.840169
1824967233,0.337582,-0.536301,-9.883265
1824968409,0.328006,-0.486023,-9.849746
1824969593,0.349553,-0.497994,-9.866506
1824970776,0.380678,-0.526724,-9.871294
1824971963,0.339977,-0.505177,-9.907207
1824973142,0.368707,-0.517148,-9.840169
1824974331,0.328006,-0.502782,-9.844957
1824975508,0.330400,-0.457293,-9.830592
1824976689,0.368707,-0.490811,-9.923966
1824977883,0.375890,-0.483629,-9.859323
1824979076,0.385466,-0.505177,-9.806650
1824980251,0.335188,-0.531513,-9.811439
1824981432,0.351948,-0.524330,-9.797073
1824982610,0.385466,-0.512359,-9.892841
1824983802,0.428562,-0.457293,-9.873688
1824984988,0.383072,-0.505177,-9.880871
1824986173,0.328006,-0.452504,-9.823410
1824987348,0.292093,-0.459687,-9.871294
1824988525,0.337582,-0.490811,-9.876082
1824989706,0.320823,-0.497994,-9.923966
1824990910,0.359130,-0.521936,-9.890448
1824992097,0.363919,-0.524330,-9.842564
1824993287,0.359130,-0.509965,-9.876082
1824994469,0.380678,-0.591368,-9.888053
1824995649,0.354342,-0.538695,-9.897630
1824996840,0.328006,-0.574608,-9.868899
1824998032,0.368707,-0.507571,-9.782708
1824999213,0.361524,-0.497994,-9.828198
1825000395,0.313640,-0.495600,-9.809045
1825001578,0.363919,-0.529119,-9.914390
1825002766,0.342371,-0.481235,-9.919178
1825003947,0.304064,-0.521936,-9.895236
1825005137,0.354342,-0.524330,-9.911995
1825006319,0.337582,-0.572214,-9.928755
1825007506,0.363919,-0.514753,-9.890448
1825008684,0.344765,-0.442927,-9.775525
1825009884,0.368707,-0.478840,-9.852140
1825011071,0.397437,-0.493206,-9.940725
1825012256,0.359130,-0.524330,-9.888053
1825013431,0.387861,-0.469264,-9.938332
1825014618,0.366313,-0.519542,-9.909601
1825015805,0.354342,-0.493206,-9.952697
1825016992,0.359130,-0.519542,-9.847352
1825018178,0.395043,-0.497994,-9.868899
1825019367,0.308852,-0.521936,-9.967062
1825020543,0.371101,-0.541090,-9.801862
1825021730,0.409408,-0.505177,-9.799467
1825022911,0.363919,-0.543484,-9.787497
1825024104,0.416591,-0.529119,-9.840169
1825025291,0.483629,-0.476446,-9.876082
1825026479,0.445322,-0.519542,-9.828198
1825027666,0.486023,-0.526724,-10.000581
1825028869,0.433351,-0.502782,-10.029311
1825030055,0.428562,-0.509965,-9.892841
1825031247,0.418985,-0.509965,-9.732430
1825032421,0.430956,-0.481235,-9.964667
1825033604,0.241814,-0.500388,-9.979033
1825034790,0.248997,-0.521936,-9.459491
1825035977,0.435745,-0.474052,-9.947908
1825037159,0.428562,-0.440533,-10.113108
1825038354,0.323217,-0.469264,-9.852140
1825039538,0.368707,-0.474052,-10.141838
1825040732,0.399832,-0.430956,-10.117896
1825041915,0.438139,-0.423774,-9.856929
1825043100,0.433351,-0.452504,-9.581595
1825044285,0.375890,-0.543484,-9.569624
1825045473,0.445322,-0.490811,-9.797073
1825046659,0.373495,-0.543484,-9.914390
1825047863,0.371101,-0.519542,-10.081984
1825049057,0.378284,-0.548272,-10.153810
1825050249,0.313640,-0.553061,-9.821015
1825051424,0.339977,-0.529119,-9.476251
1825052616,0.306458,-0.507571,-9.734824
1825053800,0.378284,-0.478840,-9.660604
1825054988,0.423774,-0.433351,-9.983821
1825056171,0.407014,-0.421380,-10.048465
1825057357,0.387861,-0.418985,-9.859323
1825058533,0.320823,-0.481235,-9.914390
1825059713,0.328006,-0.584185,-10.043676
1825060904,0.277727,-0.512359,-10.103531
1825062095,0.320823,-0.531513,-10.134656
1825063281,0.270545,-0.548272,-10.242394
1825064464,0.205901,-0.462081,-10.113108
1825065643,0.227449,-0.459687,-9.682152
1825066840,0.181959,-0.495600,-9.710882
1825068027,0.198719,-0.517148,-9.804255
1825069214,0.337582,-0.524330,-9.780313
1825070390,0.325611,-0.469264,-9.727641
1825071581,0.308852,-0.423774,-9.823410
1825072764,0.306458,-0.584185,-9.825804
1825073952,0.304064,-0.512359,-9.773131
1825075137,0.270545,-0.497994,-9.780313
1825076326,0.229843,-0.548272,-9.706094
1825077502,0.222661,-0.565032,-9.933543
1825078685,0.268151,-0.572214,-9.950302
1825079879,0.260968,-0.526724,-9.890448
1825081071,0.270545,-0.505177,-9.794679
1825082253,0.299275,-0.466869,-9.849746
1825083432,0.294487,-0.464475,-9.825804
1825084618,0.366313,-0.433351,-9.861717
1825085812,0.335188,-0.502782,-9.854534
1825086999,0.354342,-0.567426,-9.871294
1825088190,0.366313,-0.555455,-9.935937
1825089367,0.351948,-0.497994,-10.007763
1825090555,0.292093,-0.517148,-9.988609
1825091739,0.306458,-0.514753,-9.823410
1825092925,0.301669,-0.569820,-9.698911
1825094106,0.306458,-0.584185,-9.670180
1825095300,0.251391,-0.519542,-9.797073
1825096486,0.316035,-0.493206,-9.907207
1825097676,0.368707,-0.521936,-10.022128
1825098867,0.442927,-0.500388,-9.866506
1825100057,0.407014,-0.469264,-9.892841
1825101244,0.380678,-0.500388,-9.842564
1825102423,0.330400,-0.543484,-9.722853
1825103597,0.294487,-0.553061,-9.816227
1825104785,0.311246,-0.574608,-9.864111
1825105967,0.318429,-0.562637,-9.904813
1825107149,0.299275,-0.574608,-9.782708
1825108334,0.248997,-0.526724,-9.785102
1825109517,0.217872,-0.481235,-9.878476
1825110696,0.296881,-0.483629,-9.902418
1825111898,0.330400,-0.459687,-9.749189
1825113082,0.347159,-0.462081,-9.742006
1825114268,0.316035,-0.476446,-9.964667
1825115445,0.311246,-0.550666,-9.947908
1825116630,0.263362,-0.541090,-9.904813
1825117817,0.239420,-0.529119,-9.950302
1825119001,0.287304,-0.543484,-9.749189
1825120187,0.275333,-0.543484,-9.725247
1825121379,0.289698,-0.555455,-9.821015
1825122558,0.299275,-0.495600,-9.840169
1825123745,0.263362,-0.454898,-9.866506
1825124928,0.301669,-0.450110,-9.940725
1825126112,0.328006,-0.447716,-9.919178
1825127292,0.387861,-0.488417,-9.890448
1825128480,0.344765,-0.495600,-9.866506
1825129666,0.344765,-0.514753,-9.842564
1825130870,0.354342,-0.543484,-9.773131
1825132059,0.323217,-0.514753,-9.773131
1825133252,0.299275,-0.531513,-9.682152
1825134429,0.313640,-0.519542,-9.782708
1825135619,0.351948,-0.514753,-9.782708
1825136807,0.296881,-0.493206,-9.825804
1825137997,0.316035,-0.411803,-9.907207
1825139180,0.351948,-0.474052,-9.746795
1825140361,0.335188,-0.517148,-9.725247
1825141545,0.328006,-0.531513,-9.756371
1825142734,0.351948,-0.531513,-9.823410
1825143916,0.392649,-0.533907,-9.890448
1825145099,0.418985,-0.567426,-9.806650
1825146284,0.426168,-0.536301,-9.706094
1825147471,0.366313,-0.557849,-9.739613
1825148654,0.399832,-0.509965,-9.861717
1825149854,0.399832,-0.514753,-9.957485
1825151046,0.368707,-0.507571,-9.940725
1825152235,0.328006,-0.502782,-9.988609
1825153410,0.349553,-0.500388,-10.000581
1825154590,0.395043,-0.509965,-10.050858
1825155773,0.440533,-0.497994,-9.974244
1825156958,0.423774,-0.502782,-9.921572
1825158145,0.375890,-0.538695,-9.911995
1825159335,0.349553,-0.524330,-9.933543
1825160514,0.414197,-0.567426,-9.971850
1825161696,0.430956,-0.500388,-9.923966
1825162893,0.383072,-0.526724,-9.962274
1825164083,0.383072,-0.459687,-9.921572
1825165264,0.380678,-0.447716,-9.859323
1825166446,0.399832,-0.509965,-9.914390
1825167627,0.330400,-0.521936,-9.900024
1825168814,0.325611,-0.486023,-9.950302
1825170000,0.248997,-0.488417,-10.065224
1825171191,0.287304,-0.529119,-9.967062
1825172366,0.272939,-0.581791,-9.528923
1825173555,0.253785,-0.445322,-9.662998
1825174740,0.378284,-0.452504,-9.792285
1825175926,0.418985,-0.529119,-9.797073
1825177108,0.272939,-0.548272,-9.540894
1825178304,0.227449,-0.486023,-9.595961
1825179490,0.215478,-0.481235,-9.758766
1825180684,0.227449,-0.462081,-9.916783
1825181875,0.284910,-0.354342,-10.000581
1825183067,0.332794,-0.423774,-10.120291
1825184250,0.311246,-0.517148,-9.782708
1825185431,0.296881,-0.526724,-9.689334
1825186610,0.395043,-0.409408,-9.713276
1825187800,0.237026,-0.497994,-9.782708
1825188985,0.265756,-0.624887,-9.823410
1825190171,0.313640,-0.667982,-9.919178
1825191348,0.275333,-0.596156,-9.811439
1825192535,0.280122,-0.562637,-9.837775
1825193711,0.270545,-0.430956,-9.737218
1825194910,0.356736,-0.450110,-9.873688
1825196097,0.337582,-0.452504,-9.864111
1825197287,0.354342,-0.445322,-9.873688
1825198471,0.299275,-0.497994,-9.998186
1825199663,0.347159,-0.581791,-10.077195
1825200863,0.366313,-0.636858,-9.976639
1825202062,0.366313,-0.617704,-10.091560
1825203246,0.366313,-0.490811,-10.010158
1825204426,0.289698,-0.423774,-9.957485
1825205610,0.277727,-0.442927,-9.763555
1825206802,0.397437,-0.617704,-10.060435
1825207986,0.507571,-0.555455,-9.945514
1825209173,0.457293,-0.521936,-9.821015
1825210358,0.454898,-0.466869,-9.639056
1825211539,0.397437,-0.500388,-9.861717
1825212721,0.356736,-0.524330,-10.048465
1825213910,0.399832,-0.553061,-10.156203
1825215098,0.339977,-0.548272,-10.055647
1825216289,0.344765,-0.495600,-9.928755
1825217471,0.368707,-0.488417,-9.593566
1825218663,0.390255,-0.502782,-9.651027
1825219861,0.474052,-0.521936,-9.744401
1825221058,0.409408,-0.541090,-9.684546
1825222243,0.397437,-0.517148,-9.849746
1825223425,0.361524,-0.486023,-9.976639
1825224603,0.339977,-0.553061,-9.957485
1825225794,0.368707,-0.509965,-9.801862
1825226975,0.306458,-0.497994,-9.832987
1825228162,0.299275,-0.476446,-9.761160
1825229342,0.304064,-0.524330,-9.658210
1825230523,0.289698,-0.603339,-9.730036
1825231703,0.354342,-0.543484,-9.595961
1825232907,0.282516,-0.514753,-9.646238
1825234093,0.311246,-0.593762,-9.727641
1825235283,0.361524,-0.548272,-9.773131
1825236461,0.306458,-0.557849,-9.856929
1825237648,0.251391,-0.488417,-9.758766
1825238840,0.215478,-0.505177,-9.785102
1825240029,0.201113,-0.507571,-10.034100
1825241210,0.330400,-0.476446,-10.000581
1825242389,0.246603,-0.502782,-9.809045
1825243574,0.304064,-0.545878,-9.928755
1825244760,0.280122,-0.622492,-9.674969
1825245945,0.306458,-0.572214,-9.627085
1825247135,0.404620,-0.572214,-9.804255
1825248319,0.301669,-0.553061,-9.892841
1825249500,0.328006,-0.569820,-9.897630
1825250676,0.306458,-0.565032,-9.959879
1825251875,0.275333,-0.545878,-10.043676
1825253061,0.282516,-0.584185,-9.943120
1825254253,0.299275,-0.524330,-9.986216
1825255428,0.260968,-0.572214,-9.986216
1825256611,0.253785,-0.612916,-9.902418
1825257798,0.337582,-0.627281,-9.744401
1825258988,0.332794,-0.610521,-9.775525
1825260170,0.313640,-0.586579,-9.914390
1825261351,0.351948,-0.560243,-9.792285
1825262532,0.347159,-0.541090,-9.720459
1825263723,0.339977,-0.550666,-9.825804
1825264909,0.349553,-0.478840,-9.971850
1825266100,0.301669,-0.493206,-9.943120
1825267283,0.359130,-0.502782,-9.959879
1825268471,0.387861,-0.541090,-10.036493
1825269653,0.349553,-0.596156,-9.971850
1825270853,0.397437,-0.509965,-9.813833
1825272044,0.428562,-0.524330,-9.799467
1825273234,0.414197,-0.550666,-9.828198
1825274411,0.407014,-0.538695,-9.749189
1825275598,0.407014,-0.548272,-9.785102
1825276780,0.409408,-0.569820,-9.816227
1825277966,0.430956,-0.581791,-9.825804
1825279145,0.339977,-0.536301,-9.890448
1825280335,0.311246,-0.452504,-9.871294
1825281513,0.387861,-0.490811,-9.928755
1825282696,0.392649,-0.550666,-9.888053
1825283893,0.311246,-0.512359,-9.751583
1825285084,0.294487,-0.538695,-9.785102
1825286266,0.325611,-0.555455,-9.792285
1825287443,0.359130,-0.531513,-9.818622
1825288632,0.313640,-0.505177,-9.916783
1825289821,0.316035,-0.521936,-9.911995
1825291004,0.390255,-0.495600,-9.885659
1825292192,0.351948,-0.476446,-9.852140
1825293379,0.287304,-0.543484,-9.962274
1825294562,0.299275,-0.550666,-9.983821
1825295747,0.227449,-0.486023,-9.991004
1825296935,0.244209,-0.509965,-9.861717
1825298117,0.234632,-0.471658,-9.914390
1825299307,0.282516,-0.524330,-9.916783
1825300494,0.294487,-0.533907,-9.931149
1825301686,0.292093,-0.500388,-9.914390
1825302876,0.339977,-0.502782,-9.923966
1825304069,0.371101,-0.505177,-9.849746
1825305251,0.328006,-0.488417,-9.821015
1825306427,0.328006,-0.502782,-9.844957
1825307604,0.311246,-0.550666,-9.809045
1825308794,0.311246,-0.543484,-9.868899
1825309977,0.304064,-0.514753,-9.856929
1825311163,0.296881,-0.450110,-9.868899
1825312340,0.325611,-0.433351,-9.842564
1825313531,0.366313,-0.392649,-9.868899
1825314714,0.371101,-0.392649,-9.842564
1825315911,0.349553,-0.454898,-9.835381
1825317096,0.349553,-0.474052,-9.832987
1825318286,0.380678,-0.490811,-9.825804
1825319461,0.296881,-0.447716,-9.816227
1825320650,0.335188,-0.464475,-9.763555
1825321848,0.332794,-0.399832,-9.816227
1825323045,0.354342,-0.440533,-9.816227
1825324231,0.359130,-0.490811,-9.725247
1825325411,0.416591,-0.464475,-9.677363
1825326590,0.380678,-0.435745,-9.818622
1825327778,0.395043,-0.404620,-9.861717
1825328959,0.373495,-0.435745,-9.902418
1825330150,0.407014,-0.423774,-9.825804
1825331334,0.399832,-0.438139,-9.765948
1825332523,0.371101,-0.438139,-9.775525
1825333698,0.339977,-0.450110,-9.806650
1825334899,0.349553,-0.476446,-9.732430
1825336084,0.380678,-0.452504,-9.868899
1825337270,0.380678,-0.459687,-9.852140
1825338447,0.347159,-0.517148,-9.859323
1825339635,0.320823,-0.466869,-9.890448
1825340823,0.301669,-0.464475,-9.837775
1825342016,0.375890,-0.454898,-9.830592
1825343196,0.414197,-0.395043,-9.859323
1825344387,0.392649,-0.474052,-9.897630
1825345573,0.351948,-0.433351,-9.768343
1825346760,0.404620,-0.442927,-9.780313
1825347944,0.395043,-0.483629,-9.926360
1825349135,0.375890,-0.462081,-9.859323
1825350317,0.380678,-0.474052,-9.873688
1825351497,0.332794,-0.457293,-9.797073
1825352675,0.260968,-0.483629,-9.765948
1825353874,0.330400,-0.426168,-10.182540
1825355061,0.318429,-0.502782,-10.228029
1825356253,0.349553,-0.445322,-9.469068
1825357429,0.320823,-0.423774,-9.603143
1825358611,0.318429,-0.569820,-9.768343
1825359798,0.304064,-0.509965,-10.115502
1825360987,0.294487,-0.490811,-10.072407
1825362168,0.287304,-0.505177,-9.926360
1825363348,0.332794,-0.490811,-9.804255
1825364529,0.347159,-0.452504,-9.701305
1825365714,0.339977,-0.486023,-9.921572
1825366907,0.378284,-0.507571,-9.792285
1825368097,0.335188,-0.462081,-9.698911
1825369282,0.287304,-0.469264,-9.919178
1825370470,0.328006,-0.500388,-9.931149
1825371652,0.407014,-0.486023,-9.832987
1825372852,0.385466,-0.526724,-9.742006
1825374043,0.368707,-0.514753,-9.847352
1825375234,0.323217,-0.514753,-9.835381
1825376411,0.323217,-0.459687,-9.828198
1825377594,0.359130,-0.486023,-9.914390
1825378773,0.368707,-0.517148,-9.914390
1825379959,0.301669,-0.538695,-9.916783
1825381146,0.363919,-0.524330,-9.964667
1825382335,0.330400,-0.567426,-9.979033
1825383512,0.292093,-0.569820,-9.928755
1825384694,0.253785,-0.596156,-9.979033
1825385892,0.339977,-0.533907,-9.988609
1825387078,0.287304,-0.593762,-9.876082
1825388260,0.289698,-0.591368,-9.840169
1825389436,0.325611,-0.557849,-9.787497
1825390618,0.347159,-0.553061,-9.859323
1825391811,0.311246,-0.557849,-9.957485
1825392999,0.306458,-0.639252,-9.909601
1825394187,0.351948,-0.579397,-9.883265
1825395364,0.347159,-0.557849,-9.828198
1825396553,0.313640,-0.584185,-9.763555
1825397737,0.332794,-0.569820,-9.933543
1825398924,0.325611,-0.502782,-9.938332
1825400106,0.385466,-0.550666,-10.012551
1825401296,0.318429,-0.524330,-10.014946
1825402479,0.339977,-0.572214,-9.919178
1825403671,0.363919,-0.567426,-9.809045
1825404865,0.397437,-0.588974,-9.907207
1825406062,0.304064,-0.600945,-9.804255
1825407247,0.339977,-0.557849,-9.950302
1825408427,0.335188,-0.562637,-9.928755
1825409606,0.351948,-0.560243,-9.773131
1825410797,0.378284,-0.562637,-9.991004
1825411976,0.342371,-0.526724,-10.000581
1825413162,0.349553,-0.529119,-9.876082
1825414339,0.404620,-0.588974,-9.864111
1825415531,0.387861,-0.581791,-9.730036
1825416712,0.356736,-0.541090,-9.811439
1825417910,0.335188,-0.490811,-9.780313
1825419097,0.363919,-0.517148,-9.825804
1825420287,0.304064,-0.560243,-9.967062
1825421462,0.328006,-0.598550,-9.801862
1825422648,0.349553,-0.541090,-9.859323
1825423839,0.351948,-0.519542,-9.746795
1825425033,0.375890,-0.612916,-9.775525
1825426215,0.373495,-0.548272,-9.835381
1825427397,0.375890,-0.495600,-9.792285
1825428582,0.380678,-0.545878,-9.890448
1825429769,0.339977,-0.584185,-9.876082
1825430947,0.361524,-0.612916,-9.751583
1825432137,0.349553,-0.526724,-9.722853
1825433323,0.409408,-0.545878,-9.844957
1825434501,0.366313,-0.526724,-9.955091
1825435679,0.349553,-0.450110,-9.708488
1825436877,0.380678,-0.505177,-9.823410
1825438064,0.378284,-0.581791,-9.236830
1825439247,0.402226,-0.627281,-11.204864
1825440423,0.397437,-0.440533,-9.947908
1825441610,0.323217,-0.641646,-10.055647
1825442798,0.320823,-0.632069,-9.344569
1825443987,0.265756,-0.538695,-9.287108
1825445169,0.462081,-0.481235,-10.204087
1825446356,0.378284,-0.687136,-10.211270
1825447533,0.356736,-0.596156,-10.072407
1825448725,0.311246,-0.474052,-10.065224
1825449911,0.344765,-0.560243,-10.218452
1825451104,0.354342,-0.517148,-9.739613
1825452289,0.404620,-0.351948,-9.674969
1825453476,0.469264,-0.407014,-9.734824
1825454662,0.397437,-0.577003,-10.036493
1825455863,0.399832,-0.665588,-9.710882
1825457056,0.416591,-0.478840,-9.454702
1825458247,0.399832,-0.577003,-9.787497
1825459422,0.392649,-0.550666,-9.890448
1825460610,0.438139,-0.486023,-9.895236
1825461796,0.447716,-0.469264,-9.900024
1825462985,0.466869,-0.407014,-9.560047
1825464165,0.325611,-0.505177,-9.634268
1825465350,0.344765,-0.447716,-9.840169
1825466532,0.416591,-0.421380,-9.943120
1825467723,0.423774,-0.442927,-9.897630
1825468907,0.304064,-0.497994,-9.878476
1825470097,0.392649,-0.440533,-9.873688
1825471282,0.385466,-0.493206,-9.780313
1825472463,0.366313,-0.466869,-9.706094
1825473646,0.378284,-0.500388,-9.624691
1825474847,0.387861,-0.454898,-9.708488
1825476039,0.385466,-0.442927,-9.746795
1825477230,0.426168,-0.476446,-9.698911
1825478407,0.404620,-0.476446,-9.749189
1825479587,0.351948,-0.502782,-9.799467
1825480770,0.418985,-0.450110,-9.770737
1825481952,0.404620,-0.440533,-9.871294
1825483136,0.299275,-0.486023,-9.926360
1825484326,0.354342,-0.423774,-9.933543
1825485510,0.337582,-0.464475,-9.962274
1825486693,0.395043,-0.502782,-9.950302
1825487885,0.418985,-0.445322,-9.761160
1825489078,0.347159,-0.509965,-9.907207
1825490259,0.330400,-0.433351,-9.775525
1825491444,0.344765,-0.445322,-9.947908
1825492633,0.351948,-0.512359,-9.928755
1825493826,0.349553,-0.519542,-9.780313
1825495015,0.328006,-0.553061,-9.763555
1825496205,0.445322,-0.476446,-9.971850
1825497384,0.375890,-0.486023,-9.835381
1825498567,0.361524,-0.459687,-9.868899
1825499749,0.347159,-0.414197,-9.876082
1825500939,0.313640,-0.471658,-9.830592
1825502121,0.325611,-0.538695,-9.777920
1825503308,0.328006,-0.418985,-9.892841
1825504494,0.433351,-0.423774,-9.844957
1825505687,0.387861,-0.519542,-9.734824
1825506879,0.323217,-0.462081,-9.983821
1825508069,0.272939,-0.430956,-9.926360
1825509251,0.342371,-0.493206,-9.785102
1825510428,0.311246,-0.454898,-9.787497
1825511617,0.323217,-0.476446,-9.902418
1825512805,0.301669,-0.495600,-10.002975
1825513989,0.347159,-0.531513,-9.993398
1825515176,0.402226,-0.466869,-9.974244
1825516363,0.366313,-0.497994,-9.749189
1825517545,0.375890,-0.502782,-9.737218
1825518729,0.363919,-0.495600,-9.878476
1825519915,0.354342,-0.483629,-9.873688
1825521103,0.311246,-0.462081,-9.617508
1825522292,0.392649,-0.536301,-10.158598
1825523476,0.407014,-0.519542,-9.866506
1825524666,0.395043,-0.512359,-9.722853
1825525866,0.320823,-0.526724,-9.713276
1825527064,0.337582,-0.490811,-9.823410
1825528243,0.313640,-0.493206,-9.730036
1825529420,0.299275,-0.560243,-9.890448
1825530597,0.366313,-0.572214,-10.000581
1825531785,0.311246,-0.502782,-10.046070
1825532966,0.395043,-0.514753,-9.859323
1825534151,0.287304,-0.560243,-9.993398
1825535335,0.328006,-0.600945,-9.739613
1825536516,0.296881,-0.407014,-9.607931
1825537694,0.371101,-0.502782,-9.720459
1825538894,0.378284,-0.459687,-9.952697
1825540077,0.363919,-0.526724,-10.014946
1825541265,0.301669,-0.517148,-9.892841
1825542436,0.308852,-0.545878,-9.864111
1825543627,0.344765,-0.543484,-9.928755
1825544816,0.316035,-0.584185,-9.818622
1825546014,0.323217,-0.617704,-9.739613
1825547201,0.349553,-0.615310,-9.263166
1825548393,0.474052,-0.521936,-9.569624
1825549580,0.354342,-0.620098,-9.744401
1825550765,0.395043,-0.505177,-9.892841
1825551951,0.368707,-0.579397,-9.686940
1825553140,0.325611,-0.505177,-9.935937
1825554326,0.347159,-0.452504,-9.892841
1825555507,0.339977,-0.505177,-9.856929
1825556685,0.335188,-0.610521,-9.689334
1825557884,0.354342,-0.608127,-9.583989
1825559073,0.328006,-0.562637,-9.737218
1825560259,0.416591,-0.548272,-9.991004
1825561434,0.337582,-0.555455,-9.730036
1825562619,0.402226,-0.505177,-9.521740
1825563805,0.330400,-0.490811,-9.622296
1825564993,0.335188,-0.493206,-9.720459
1825566175,0.363919,-0.574608,-10.101137
1825567361,0.299275,-0.608127,-9.991004
1825568542,0.299275,-0.629675,-9.842564
1825569732,0.294487,-0.529119,-9.713276
1825570914,0.316035,-0.555455,-9.598354
1825572106,0.323217,-0.541090,-9.763555
1825573291,0.308852,-0.541090,-10.242394
1825574478,0.344765,-0.507571,-10.448297
1825575666,0.354342,-0.565032,-10.381259
1825576871,0.289698,-0.598550,-9.730036
1825578057,0.253785,-0.526724,-8.999804
1825579249,0.344765,-0.543484,-9.856929
1825580426,0.339977,-0.620098,-10.089166
1825581613,0.371101,-0.617704,-10.110714
1825582799,0.383072,-0.562637,-10.254366
1825583987,0.335188,-0.572214,-9.931149
1825585167,0.287304,-0.579397,-9.713276
1825586356,0.351948,-0.591368,-9.998186
1825587539,0.289698,-0.555455,-9.916783
1825588727,0.289698,-0.545878,-9.923966
1825589911,0.306458,-0.507571,-9.653421
1825591102,0.328006,-0.545878,-9.117120
1825592286,0.366313,-0.495600,-10.230424
1825593473,0.304064,-0.569820,-10.232818
1825594656,0.328006,-0.605733,-10.134656
1825595858,0.318429,-0.543484,-10.058042
1825597050,0.225055,-0.514753,-9.998186
1825598240,0.253785,-0.476446,-9.830592
1825599416,0.299275,-0.488417,-9.780313
1825600599,0.328006,-0.612916,-9.773131
1825601782,0.347159,-0.560243,-9.775525
1825602968,0.289698,-0.462081,-9.751583
1825604149,0.363919,-0.478840,-9.672575
1825605339,0.347159,-0.531513,-9.832987
1825606523,0.337582,-0.500388,-9.964667
1825607708,0.320823,-0.471658,-9.856929
1825608908,0.237026,-0.450110,-9.674969
1825610097,0.270545,-0.474052,-9.706094
1825611280,0.318429,-0.531513,-10.062830
1825612459,0.311246,-0.464475,-10.019734
1825613643,0.363919,-0.421380,-9.897630
1825614839,0.402226,-0.481235,-9.816227
1825616027,0.375890,-0.478840,-9.651027
1825617213,0.356736,-0.509965,-9.756371
1825618389,0.306458,-0.495600,-9.811439
1825619574,0.280122,-0.483629,-9.765948
1825620756,0.282516,-0.450110,-9.756371
1825621945,0.294487,-0.450110,-9.892841
1825623130,0.337582,-0.474052,-9.900024
1825624317,0.304064,-0.447716,-9.825804
1825625493,0.268151,-0.423774,-9.900024
1825626684,0.280122,-0.457293,-9.859323
1825627879,0.328006,-0.474052,-9.844957
1825629071,0.323217,-0.500388,-9.811439
1825630252,0.311246,-0.440533,-9.880871
1825631432,0.308852,-0.418985,-9.787497
1825632610,0.366313,-0.409408,-9.823410
1825633800,0.335188,-0.447716,-9.892841
1825634986,0.330400,-0.421380,-9.844957
1825636167,0.347159,-0.459687,-9.878476
1825637350,0.349553,-0.411803,-9.837775
1825638540,0.361524,-0.418985,-9.933543
1825639730,0.337582,-0.476446,-9.935937
1825640918,0.380678,-0.471658,-9.691729
1825642098,0.347159,-0.426168,-9.742006
1825643287,0.313640,-0.433351,-9.955091
1825644463,0.299275,-0.383072,-9.761160
1825645645,0.335188,-0.450110,-9.794679
1825646836,0.265756,-0.469264,-9.895236
1825648030,0.344765,-0.435745,-9.947908
1825649212,0.339977,-0.426168,-9.837775
1825650391,0.385466,-0.543484,-9.883265
1825651578,0.351948,-0.476446,-9.902418
1825652764,0.335188,-0.457293,-9.734824
1825653951,0.316035,-0.428562,-9.600749
1825655140,0.282516,-0.502782,-9.677363
1825656325,0.304064,-0.411803,-9.979033
1825657505,0.375890,-0.471658,-9.911995
1825658683,0.414197,-0.457293,-9.775525
1825659883,0.375890,-0.409408,-9.799467
1825661070,0.390255,-0.483629,-9.789890
1825662256,0.373495,-0.502782,-9.742006
1825663431,0.308852,-0.474052,-9.844957
1825664621,0.313640,-0.474052,-9.648633
1825665809,0.296881,-0.438139,-9.792285
1825667000,0.373495,-0.505177,-10.034100
1825668184,0.392649,-0.545878,-10.098742
1825669371,0.359130,-0.519542,-10.046070
1825670547,0.354342,-0.488417,-9.792285
1825671736,0.311246,-0.464475,-9.662998
1825672919,0.397437,-0.478840,-9.742006
1825674100,0.383072,-0.514753,-9.844957
1825675285,0.380678,-0.486023,-10.002975
1825676472,0.328006,-0.488417,-9.993398
1825677655,0.304064,-0.442927,-9.897630
1825678856,0.277727,-0.514753,-9.890448
1825680047,0.390255,-0.557849,-9.868899
1825681234,0.342371,-0.497994,-9.811439
1825682411,0.373495,-0.478840,-9.823410
1825683594,0.361524,-0.509965,-9.763555
1825684777,0.294487,-0.495600,-9.832987
1825685963,0.308852,-0.512359,-9.806650
1825687149,0.277727,-0.519542,-9.777920
1825688339,0.323217,-0.519542,-9.854534
1825689518,0.366313,-0.586579,-9.957485
1825690701,0.409408,-0.557849,-9.976639
1825691899,0.342371,-0.450110,-9.888053
1825693088,0.335188,-0.428562,-9.840169
1825694270,0.373495,-0.524330,-9.854534
1825695451,0.368707,-0.531513,-10.019734
1825696634,0.354342,-0.505177,-10.007763
1825697827,0.294487,-0.502782,-9.950302
1825699014,0.248997,-0.478840,-9.799467
1825700206,0.296881,-0.548272,-9.974244
1825701382,0.318429,-0.555455,-9.921572
1825702574,0.282516,-0.524330,-9.799467
1825703756,0.313640,-0.521936,-9.777920
1825704945,0.265756,-0.505177,-9.765948
1825706127,0.225055,-0.519542,-9.821015
1825707317,0.284910,-0.490811,-9.844957
1825708498,0.253785,-0.579397,-9.742006
1825709680,0.301669,-0.579397,-9.957485
1825710873,0.253785,-0.562637,-9.974244
1825712067,0.270545,-0.543484,-9.988609
1825713246,0.208296,-0.533907,-9.821015
1825714426,0.241814,-0.529119,-9.801862
1825715604,0.229843,-0.507571,-9.825804
1825716795,0.222661,-0.541090,-9.794679
1825717976,0.208296,-0.600945,-9.904813
1825719161,0.246603,-0.591368,-9.797073
1825720351,0.217872,-0.586579,-9.763555
1825721538,0.296881,-0.569820,-9.667787
1825722714,0.292093,-0.466869,-9.646238
1825723910,0.270545,-0.502782,-9.789890
1825725094,0.308852,-0.569820,-9.782708
1825726280,0.313640,-0.560243,-9.842564
1825727457,0.325611,-0.577003,-9.902418
1825728643,0.299275,-0.588974,-9.909601
1825729831,0.280122,-0.596156,-9.947908
1825731023,0.260968,-0.555455,-9.859323
1825732205,0.299275,-0.526724,-9.691729
1825733393,0.325611,-0.531513,-9.653421
1825734580,0.318429,-0.529119,-9.813833
1825735769,0.313640,-0.572214,-9.938332
1825736956,0.371101,-0.538695,-9.974244
1825738143,0.316035,-0.567426,-9.847352
1825739329,0.347159,-0.572214,-9.792285
1825740512,0.275333,-0.560243,-9.742006
1825741689,0.280122,-0.553061,-9.782708
1825742887,0.328006,-0.533907,-9.816227
1825744074,0.371101,-0.596156,-9.890448
1825745261,0.373495,-0.541090,-9.959879
1825746436,0.354342,-0.591368,-9.832987
1825747623,0.325611,-0.586579,-9.763555
1825748812,0.320823,-0.545878,-9.830592
1825750003,0.351948,-0.550666,-9.866506
1825751187,0.304064,-0.593762,-9.864111
1825752379,0.320823,-0.605733,-9.900024
1825753554,0.280122,-0.533907,-9.864111
1825754743,0.294487,-0.565032,-9.935937
1825755925,0.323217,-0.565032,-9.909601
1825757108,0.275333,-0.577003,-9.844957
1825758294,0.292093,-0.605733,-9.816227
1825759478,0.251391,-0.524330,-9.871294
1825760665,0.287304,-0.514753,-9.799467
1825761869,0.229843,-0.533907,-9.825804
1825763054,0.265756,-0.541090,-9.885659
1825764244,0.330400,-0.550666,-9.979033
1825765418,0.270545,-0.560243,-9.945514
1825766605,0.339977,-0.519542,-9.734824
1825767789,0.351948,-0.543484,-9.866506
1825768975,0.339977,-0.545878,-9.940725
1825770157,0.363919,-0.572214,-9.856929
1825771353,0.361524,-0.596156,-10.024523
1825772535,0.318429,-0.478840,-9.861717
1825773727,0.294487,-0.517148,-9.677363
1825774911,0.385466,-0.500388,-9.627085
1825776099,0.339977,-0.567426,-9.730036
1825777284,0.354342,-0.627281,-9.627085
1825778472,0.387861,-0.519542,-9.639056
1825779655,0.361524,-0.435745,-9.720459
1825780858,0.344765,-0.526724,-9.629479
1825782050,0.433351,-0.567426,-9.615114
1825783241,0.426168,-0.507571,-9.830592
1825784416,0.409408,-0.478840,-9.876082
1825785597,0.296881,-0.490811,-9.557653
1825786781,0.304064,-0.497994,-9.562442
1825787967,0.378284,-0.486023,-9.583989
1825789147,0.414197,-0.478840,-9.639056
1825790336,0.356736,-0.490811,-9.481039
1825791514,0.287304,-0.512359,-9.947908
1825792697,0.306458,-0.533907,-9.864111
1825793894,0.294487,-0.505177,-10.146626
1825795085,0.328006,-0.447716,-9.981427
1825796266,0.335188,-0.390255,-9.969456
1825797448,0.292093,-0.385466,-9.770737
1825798629,0.368707,-0.495600,-10.206482
1825799821,0.325611,-0.423774,-10.067618
1825801002,0.356736,-0.428562,-9.825804
1825802192,0.459687,-0.577003,-9.837775
1825803373,0.531513,-0.560243,-9.713276
1825804556,0.354342,-0.488417,-9.744401
1825805740,0.404620,-0.457293,-9.344569
1825806927,0.385466,-0.524330,-9.174581
1825808109,0.438139,-0.478840,-9.775525
1825809304,0.421380,-0.478840,-10.122684
1825810491,0.440533,-0.445322,-10.108319
1825811684,0.438139,-0.512359,-10.168175
1825812880,0.380678,-0.486023,-10.160992
1825814072,0.368707,-0.509965,-10.034100
1825815251,0.328006,-0.512359,-9.732430
1825816431,0.373495,-0.474052,-9.562442
1825817609,0.373495,-0.426168,-10.038888
1825818801,0.395043,-0.464475,-10.038888
1825819986,0.363919,-0.414197,-9.876082
1825821173,0.325611,-0.500388,-9.706094
1825822348,0.294487,-0.469264,-10.014946
1825823540,0.237026,-0.351948,-10.060435
1825824722,0.248997,-0.383072,-10.182540
1825825910,0.148441,-0.476446,-10.220847
1825827098,0.205901,-0.610521,-10.125079
1825828287,0.328006,-0.679953,-10.043676
1825829461,0.354342,-0.818817,-9.665392
1825830649,0.313640,-0.639252,-8.827422
1825831847,0.380678,-0.615310,-8.949526
1825833043,0.428562,-0.560243,-9.428367
1825834225,0.402226,-0.567426,-9.572019
1825835406,0.371101,-0.569820,-10.314221
1825836582,0.318429,-0.632069,-10.060435
1825837769,0.213084,-0.612916,-10.077195
1825838957,0.217872,-0.512359,-9.947908
1825840147,0.155623,-0.533907,-9.809045
1825841331,0.186748,-0.596156,-9.876082
1825842514,0.141258,-0.603339,-9.938332
1825843692,0.229843,-0.565032,-9.631873
1825844894,0.277727,-0.555455,-9.507375
1825846077,0.306458,-0.538695,-9.572019
1825847264,0.318429,-0.505177,-9.658210
1825848434,0.390255,-0.469264,-9.878476
1825849625,0.244209,-0.464475,-10.115502
1825850814,0.184354,-0.474052,-10.007763
1825852011,0.229843,-0.545878,-9.821015
1825853198,0.229843,-0.512359,-9.885659
1825854380,0.203507,-0.414197,-10.199299
1825855563,0.119710,-0.474052,-9.593566
1825856748,0.414197,-0.430956,-10.163386
1825857931,0.272939,-0.299275,-9.787497
1825859118,0.265756,-0.495600,-9.938332
1825860298,0.280122,-0.560243,-10.508151
1825861485,0.203507,-0.442927,-10.165780
1825862671,0.177171,-0.588974,-10.295067
1825863876,0.146046,-0.543484,-9.844957
1825865065,0.270545,-0.715866,-9.952697
1825866257,0.311246,-0.718261,-10.108319
1825867433,0.260968,-0.634463,-10.089166
1825868620,0.397437,-0.524330,-9.469068
1825869806,0.404620,-0.557849,-9.562442
1825870995,0.337582,-0.567426,-9.825804
1825872177,0.258574,-0.560243,-9.979033
1825873363,0.217872,-0.502782,-10.014946
1825874544,0.284910,-0.454898,-9.981427
1825875734,0.373495,-0.481235,-9.617508
1825876913,0.363919,-0.481235,-9.742006
1825878104,0.328006,-0.423774,-9.703699
1825879288,0.265756,-0.383072,-9.672575
1825880476,0.253785,-0.361524,-9.768343
1825881663,0.227449,-0.351948,-10.132261
1825882869,0.280122,-0.414197,-10.216059
1825884056,0.289698,-0.445322,-9.789890
1825885246,0.275333,-0.512359,-9.643845
1825886422,0.253785,-0.505177,-9.579201
1825887610,0.323217,-0.385466,-9.615114
1825888797,0.316035,-0.395043,-9.744401
1825889986,0.299275,-0.411803,-9.725247
1825891168,0.265756,-0.354342,-9.742006
1825892348,0.277727,-0.411803,-9.562442
1825893535,0.337582,-0.447716,-9.567230
1825894726,0.375890,-0.464475,-9.634268
1825895911,0.368707,-0.512359,-9.598354
1825897101,0.426168,-0.457293,-9.619903
1825898287,0.347159,-0.464475,-9.574412
1825899475,0.294487,-0.557849,-9.605537
1825900662,0.289698,-0.505177,-9.543288
1825901866,0.258574,-0.505177,-9.866506
1825903059,0.229843,-0.505177,-9.818622
1825904250,0.320823,-0.497994,-9.569624
1825905426,0.246603,-0.423774,-9.651027
1825906608,0.146046,-0.509965,-10.237606
1825907794,0.323217,-0.507571,-9.756371
1825908981,0.165200,-0.675165,-9.883265
1825910163,0.112527,-0.555455,-9.971850
1825911358,-0.064643,-0.380678,-9.849746
1825912545,0.426168,-0.476446,-10.043676
1825913735,0.416591,-0.586579,-9.962274
1825914918,0.409408,-0.543484,-9.734824
1825916099,0.529119,-0.411803,-9.852140
1825917286,0.385466,-0.457293,-10.014946
1825918475,0.347159,-0.363919,-10.407595
1825919662,0.306458,-0.457293,-10.319010
1825920866,0.416591,-0.512359,-10.168175
1825922060,0.275333,-0.488417,-10.304645
1825923253,0.337582,-0.497994,-10.137050
1825924428,0.426168,-0.505177,-9.847352
1825925611,0.416591,-0.493206,-9.715671
1825926798,0.435745,-0.481235,-9.890448
1825927988,0.447716,-0.407014,-9.847352
1825929167,0.450110,-0.538695,-9.720459
1825930347,0.442927,-0.584185,-9.581595
1825931535,0.378284,-0.495600,-9.586384
1825932726,0.454898,-0.493206,-9.950302
1825933911,0.442927,-0.495600,-9.758766
1825935098,0.471658,-0.438139,-9.643845
1825936284,0.509965,-0.445322,-9.583989
1825937471,0.524330,-0.478840,-9.658210
1825938653,0.486023,-0.457293,-9.674969
1825939856,0.392649,-0.490811,-9.689334
1825941048,0.416591,-0.488417,-9.588778
1825942238,0.440533,-0.459687,-9.713276
1825943412,0.447716,-0.469264,-9.777920
1825944600,0.462081,-0.493206,-9.916783
1825945783,0.383072,-0.543484,-9.900024
1825946967,0.387861,-0.519542,-9.706094
1825948147,0.351948,-0.565032,-9.672575
1825949337,0.418985,-0.509965,-9.619903
1825950515,0.411803,-0.466869,-9.629479
1825951698,0.450110,-0.459687,-9.605537
1825952894,0.459687,-0.462081,-9.737218
1825954086,0.433351,-0.402226,-9.641450
1825955268,0.404620,-0.466869,-9.706094
1825956447,0.387861,-0.519542,-9.672575
1825957628,0.380678,-0.572214,-9.713276
1825958821,0.397437,-0.466869,-9.962274
1825960002,0.325611,-0.469264,-9.964667
1825961192,0.258574,-0.545878,-10.012551
1825962381,0.320823,-0.502782,-10.110714
1825963563,0.359130,-0.521936,-10.184934
1825964748,0.332794,-0.505177,-10.350134
1825965938,0.220267,-0.474052,-9.897630
1825967119,0.272939,-0.402226,-9.840169
1825968303,0.265756,-0.414197,-9.739613
1825969490,0.330400,-0.505177,-10.151415
1825970682,0.359130,-0.517148,-10.206482
1825971877,0.332794,-0.507571,-10.005369
1825973069,0.359130,-0.533907,-10.261548
1825974249,0.205901,-0.445322,-9.859323
1825975429,0.193930,-0.507571,-9.758766
1825976607,0.234632,-0.502782,-9.852140
1825977797,0.213084,-0.476446,-9.921572
1825978979,0.270545,-0.634463,-9.945514
1825980163,0.153229,-0.586579,-9.708488
1825981354,0.169988,-0.342371,-10.031705
1825982540,0.237026,-0.304064,-10.381259
1825983722,0.287304,-0.126893,-11.089942
1825984910,0.490811,-0.869095,-9.897630
1825986095,0.363919,-0.579397,-8.525752
1825987285,0.114922,-0.682347,-7.972692
1825988469,0.725443,-0.907402,-11.571177
1825989657,-0.165200,-1.505953,-8.489840
1825990862,0.543484,0.067038,-8.350976
1825992050,0.107739,-0.952892,-10.101137
1825993236,0.292093,-0.945710,-9.217676
1825994416,0.723049,-0.586579,-10.982203
1825995595,0.452504,-0.792481,-9.856929
1825996783,0.179565,-0.052672,-9.634268
1825997965,0.237026,-0.258574,-8.394072
1825999156,0.344765,-0.615310,-7.687782
1826000342,0.213084,-0.916979,-9.346964
1826001533,0.248997,-0.821211,-9.794679
1826002721,0.287304,-0.701501,-10.998962
1826003912,0.399832,-0.746991,-10.335769
1826005101,0.581791,-0.775721,-9.696517
1826006291,0.617704,-0.713472,-8.619126
1826007475,0.572214,-0.423774,-8.578424
1826008666,0.402226,-0.462081,-10.151415
1826009866,0.193930,-0.260968,-10.726024
1826011064,0.143652,-0.356736,-10.587160
1826012252,0.232238,-0.483629,-10.563218
1826013434,0.430956,-0.416591,-9.957485
1826014612,0.555455,-0.356736,-9.528923
1826015804,0.229843,-0.790087,-8.884883
1826016989,0.445322,-0.725443,-9.679757
1826018176,0.545878,-0.739808,-9.768343
1826019359,0.675165,-0.646434,-10.330980
1826020545,0.794875,-0.701501,-11.082760
1826021722,0.646434,-0.608127,-10.740389
1826022910,0.548272,-0.454898,-9.500193
1826024095,0.342371,-0.497994,-9.581595
1826025286,0.237026,-0.521936,-9.236830
1826026459,0.241814,-0.529119,-9.816227
1826027648,0.282516,-0.526724,-10.541670
1826028841,0.464475,-0.574608,-10.606314
1826030031,0.380678,-0.653617,-10.194510
1826031213,0.339977,-0.706290,-9.856929
1826032393,0.301669,-0.639252,-9.854534
1826033580,0.277727,-0.584185,-10.149021
1826034766,0.263362,-0.529119,-10.328587
1826035955,0.316035,-0.459687,-10.292673
1826037146,0.265756,-0.459687,-10.158598
1826038332,0.208296,-0.457293,-9.825804
1826039515,0.313640,-0.495600,-9.560047
1826040690,0.339977,-0.512359,-10.058042
1826041890,0.256180,-0.488417,-10.029311
1826043077,0.292093,-0.488417,-10.041282
1826044265,0.311246,-0.469264,-9.928755
1826045436,0.330400,-0.514753,-9.995792
1826046626,0.244209,-0.397437,-9.169792
1826047814,0.373495,-0.493206,-9.390059
1826049011,0.201113,-0.371101,-9.117120
1826050195,0.277727,-0.512359,-10.330980
1826051376,0.169988,-0.414197,-9.167398
1826052560,0.086191,-0.426168,-9.734824
1826053746,0.093374,-0.600945,-10.125079
1826054927,0.260968,-0.438139,-10.144233
1826056115,0.234632,-0.418985,-9.526528
1826057296,0.251391,-0.263362,-9.603143
1826058484,0.256180,-0.265756,-10.328587
1826059671,0.277727,-0.404620,-9.610326
1826060874,0.318429,-0.596156,-9.835381
1826062063,0.289698,-0.605733,-9.629479
1826063252,0.258574,-0.608127,-9.497798
1826064428,0.229843,-0.567426,-9.572019
1826065613,0.184354,-0.469264,-9.957485
1826066801,0.146046,-0.450110,-10.184934
1826067990,0.191536,-0.462081,-10.431537
1826069173,0.232238,-0.404620,-10.424355
1826070360,0.227449,-0.363919,-10.192117
1826071538,0.234632,-0.383072,-10.026917
1826072731,0.213084,-0.457293,-9.871294
1826073911,0.301669,-0.418985,-9.962274
1826075100,0.256180,-0.421380,-9.765948
1826076285,0.237026,-0.486023,-9.921572
1826077472,0.330400,-0.545878,-10.093954
1826078654,0.325611,-0.555455,-10.170568
1826079857,0.318429,-0.588974,-10.347740
1826081050,0.215478,-0.440533,-10.156203
1826082240,0.179565,-0.395043,-10.153810
1826083417,0.225055,-0.368707,-9.818622
1826084604,0.215478,-0.351948,-9.758766
1826085788,0.363919,-0.438139,-9.634268
1826086975,0.356736,-0.349553,-9.861717
1826088158,0.313640,-0.526724,-9.653421
1826089353,0.421380,-0.486023,-9.986216
1826090534,0.318429,-0.567426,-9.557653
1826091724,0.323217,-0.493206,-9.658210
1826092910,0.351948,-0.426168,-9.885659
1826094102,0.313640,-0.462081,-9.878476
1826095287,0.311246,-0.502782,-10.232818
1826096473,0.344765,-0.519542,-9.940725
1826097656,0.277727,-0.505177,-9.986216
1826098858,0.287304,-0.474052,-9.686940
1826100049,0.172383,-0.397437,-9.579201
1826101239,0.270545,-0.361524,-9.617508
1826102415,0.328006,-0.390255,-9.756371
1826103596,0.366313,-0.438139,-9.696517
1826104780,0.354342,-0.495600,-9.536105
1826105966,0.335188,-0.478840,-9.725247
1826107153,0.347159,-0.426168,-9.909601
1826108347,0.306458,-0.414197,-9.880871
1826109533,0.265756,-0.416591,-9.782708
1826110725,0.229843,-0.421380,-9.576807
1826111911,0.258574,-0.476446,-9.586384
1826113098,0.268151,-0.433351,-9.708488
1826114283,0.287304,-0.457293,-9.883265
1826115471,0.270545,-0.454898,-10.005369
1826116654,0.258574,-0.445322,-10.103531
1826117857,0.299275,-0.433351,-9.868899
1826119049,0.301669,-0.440533,-9.509769
1826120238,0.330400,-0.533907,-9.428367
1826121412,0.265756,-0.493206,-9.636662
1826122595,0.246603,-0.488417,-9.830592
1826123778,0.306458,-0.519542,-9.890448
1826124964,0.349553,-0.524330,-9.890448
1826126151,0.351948,-0.538695,-9.768343
1826127341,0.411803,-0.481235,-9.631873
1826128520,0.435745,-0.505177,-9.495404
1826129702,0.466869,-0.466869,-9.662998
1826130900,0.490811,-0.474052,-9.797073
1826132083,0.545878,-0.560243,-10.158598
1826133266,0.524330,-0.591368,-9.971850
1826134447,0.497994,-0.598550,-9.823410
1826135635,0.462081,-0.596156,-9.864111
1826136828,0.483629,-0.574608,-9.806650
1826138013,0.450110,-0.486023,-9.892841
1826139201,0.450110,-0.474052,-9.852140
1826140376,0.438139,-0.512359,-9.919178
1826141564,0.428562,-0.517148,-9.811439
1826142748,0.519542,-0.543484,-9.854534
1826143938,0.497994,-0.543484,-9.854534
1826145121,0.416591,-0.584185,-9.935937
1826146312,0.430956,-0.569820,-9.888053
1826147497,0.459687,-0.569820,-9.785102
1826148678,0.433351,-0.588974,-9.794679
1826149873,0.428562,-0.612916,-9.844957
1826151067,0.383072,-0.670376,-9.715671
1826152246,0.375890,-0.624887,-9.866506
1826153426,0.359130,-0.627281,-9.895236
1826154605,0.368707,-0.648829,-9.902418
1826155795,0.366313,-0.612916,-9.873688
1826156978,0.323217,-0.588974,-9.823410
1826158165,0.344765,-0.584185,-9.950302
1826159341,0.351948,-0.588974,-9.914390
1826160532,0.344765,-0.605733,-9.811439
1826161714,0.335188,-0.636858,-9.883265
1826162913,0.368707,-0.624887,-9.873688
1826164095,0.363919,-0.689530,-9.852140
1826165285,0.337582,-0.677559,-9.919178
1826166462,0.289698,-0.670376,-10.072407
1826167650,0.306458,-0.620098,-10.103531
1826168840,0.299275,-0.591368,-10.072407
1826170033,0.294487,-0.526724,-9.816227
1826171216,0.282516,-0.598550,-9.722853
1826172397,0.272939,-0.514753,-10.038888
1826173585,0.313640,-0.495600,-10.091560
1826174771,0.284910,-0.572214,-10.017340
1826175957,0.356736,-0.600945,-10.007763
1826177146,0.301669,-0.581791,-9.971850
1826178331,0.316035,-0.581791,-9.911995
1826179514,0.361524,-0.600945,-9.787497
1826180692,0.359130,-0.624887,-9.832987
1826181891,0.392649,-0.586579,-9.991004
1826183077,0.328006,-0.553061,-10.007763
1826184262,0.363919,-0.543484,-10.048465
1826185439,0.392649,-0.538695,-10.122684
1826186627,0.342371,-0.512359,-10.125079
1826187815,0.330400,-0.545878,-10.084377
1826189012,0.316035,-0.541090,-10.062830
1826190196,0.359130,-0.579397,-9.962274
1826191377,0.407014,-0.615310,-9.888053
1826192558,0.395043,-0.608127,-9.883265
1826193746,0.366313,-0.550666,-9.947908
1826194928,0.423774,-0.543484,-9.868899
1826196115,0.318429,-0.529119,-10.036493
1826197297,0.395043,-0.524330,-9.821015
1826198483,0.454898,-0.565032,-9.866506
1826199669,0.387861,-0.514753,-9.876082
1826200874,0.428562,-0.476446,-9.866506
1826202060,0.371101,-0.531513,-9.866506
1826203249,0.447716,-0.497994,-9.859323
1826204426,0.423774,-0.481235,-9.792285
1826205615,0.383072,-0.505177,-9.641450
1826206800,0.409408,-0.457293,-9.691729
1826207990,0.426168,-0.423774,-9.679757
1826209172,0.438139,-0.445322,-9.797073
1826210354,0.457293,-0.478840,-9.885659
1826211537,0.440533,-0.440533,-9.916783
1826212724,0.421380,-0.478840,-9.864111
1826213907,0.488417,-0.466869,-9.825804
1826215097,0.411803,-0.469264,-9.737218
1826216282,0.416591,-0.452504,-9.749189
1826217464,0.418985,-0.459687,-9.849746
1826218648,0.428562,-0.478840,-9.866506
1826219847,0.459687,-0.452504,-9.837775
1826221035,0.414197,-0.435745,-9.816227
1826222223,0.328006,-0.414197,-9.780313
1826223398,0.342371,-0.435745,-9.789890
1826224589,0.356736,-0.421380,-9.792285
1826225773,0.339977,-0.385466,-9.816227
1826226958,0.354342,-0.385466,-9.876082
1826228144,0.260968,-0.402226,-9.888053
1826229333,0.251391,-0.445322,-9.880871
1826230516,0.263362,-0.474052,-9.842564
1826231699,0.265756,-0.454898,-9.749189
1826232897,0.263362,-0.474052,-9.753978
1826234087,0.201113,-0.435745,-9.799467
1826235269,0.229843,-0.411803,-9.662998
1826236451,0.339977,-0.402226,-9.708488
1826237632,0.335188,-0.399832,-9.828198
1826238826,0.270545,-0.378284,-9.897630
1826240013,0.280122,-0.440533,-9.904813
1826241204,0.304064,-0.433351,-9.818622
1826242379,0.280122,-0.414197,-9.859323
1826243567,0.277727,-0.418985,-9.871294
1826244748,0.296881,-0.442927,-9.921572
1826245938,0.332794,-0.459687,-9.706094
1826247120,0.332794,-0.466869,-9.701305
1826248309,0.282516,-0.483629,-9.840169
1826249496,0.301669,-0.452504,-9.890448
1826250688,0.287304,-0.457293,-9.720459
1826251882,0.294487,-0.423774,-9.904813
1826253074,0.335188,-0.387861,-9.883265
1826254257,0.263362,-0.464475,-9.718064
1826255437,0.258574,-0.478840,-9.694122
1826256619,0.265756,-0.471658,-9.746795
1826257811,0.277727,-0.452504,-9.744401
1826258995,0.320823,-0.452504,-9.770737
1826260184,0.359130,-0.541090,-9.844957
1826261365,0.270545,-0.464475,-9.773131
1826262551,0.248997,-0.447716,-9.768343
1826263736,0.248997,-0.462081,-9.782708
1826264922,0.296881,-0.486023,-9.842564
1826266103,0.258574,-0.483629,-9.921572
1826267294,0.203507,-0.469264,-9.897630
1826268475,0.208296,-0.512359,-9.871294
1826269667,0.237026,-0.493206,-9.888053
1826270865,0.220267,-0.486023,-9.813833
1826272062,0.162806,-0.500388,-9.823410
1826273245,0.181959,-0.490811,-9.806650
1826274421,0.198719,-0.474052,-9.892841
1826275605,0.181959,-0.488417,-9.923966
1826276796,0.143652,-0.526724,-9.818622
1826277979,0.155623,-0.572214,-9.938332
1826279166,0.220267,-0.555455,-9.909601
1826280342,0.165200,-0.608127,-9.880871
1826281523,0.196325,-0.617704,-9.873688
1826282701,0.232238,-0.548272,-9.842564
1826283905,0.196325,-0.497994,-9.780313
1826285090,0.253785,-0.478840,-9.768343
1826286277,0.244209,-0.519542,-9.715671
1826287454,0.169988,-0.531513,-9.821015
1826288642,0.174777,-0.509965,-9.911995
1826289830,0.217872,-0.541090,-9.900024
1826291021,0.299275,-0.565032,-9.914390
1826292200,0.263362,-0.581791,-9.974244
1826293389,0.270545,-0.600945,-9.964667
1826294575,0.328006,-0.588974,-9.876082
1826295760,0.258574,-0.608127,-9.904813
1826296944,0.284910,-0.569820,-9.904813
1826298130,0.263362,-0.572214,-9.830592
1826299315,0.301669,-0.567426,-9.818622
1826300503,0.299275,-0.533907,-9.828198
1826301681,0.332794,-0.550666,-9.847352
1826302880,0.272939,-0.572214,-9.864111
1826304069,0.294487,-0.588974,-9.988609
1826305256,0.287304,-0.605733,-10.050858
1826306431,0.270545,-0.565032,-10.026917
1826307621,0.323217,-0.555455,-10.048465
1826308806,0.356736,-0.536301,-10.034100
1826309995,0.304064,-0.538695,-10.019734
1826311176,0.265756,-0.641646,-9.892841
1826312358,0.392649,-0.627281,-10.012551
1826313540,0.363919,-0.579397,-10.034100
1826314727,0.265756,-0.584185,-9.926360
1826315911,0.239420,-0.596156,-9.804255
1826317100,0.335188,-0.632069,-9.586384
1826318286,0.421380,-0.653617,-10.062830
1826319470,0.349553,-0.567426,-9.378088
1826320653,0.347159,-0.430956,-9.538500
1826321855,0.323217,-0.452504,-9.892841
1826323046,0.342371,-0.545878,-10.026917
1826324237,0.258574,-0.493206,-9.811439
1826325414,0.328006,-0.481235,-10.048465
1826326596,0.397437,-0.584185,-9.938332
1826327780,0.371101,-0.565032,-9.550470
1826328965,0.481235,-0.579397,-9.749189
1826330152,0.533907,-0.553061,-10.189722
1826331343,0.464475,-0.598550,-10.046070
1826332525,0.493206,-0.632069,-9.842564
1826333710,0.526724,-0.617704,-9.861717
1826334910,0.572214,-0.658405,-9.780313
1826336096,0.553061,-0.708684,-9.610326
1826337277,0.567426,-0.524330,-9.698911
1826338459,0.536301,-0.521936,-9.832987
1826339639,0.462081,-0.538695,-10.010158
1826340832,0.395043,-0.454898,-10.046070
1826342019,0.344765,-0.553061,-10.108319
1826343204,0.356736,-0.591368,-10.103531
1826344386,0.342371,-0.603339,-9.794679
1826345578,0.311246,-0.557849,-9.739613
1826346760,0.390255,-0.521936,-9.629479
1826347950,0.395043,-0.478840,-9.569624
1826349128,0.397437,-0.550666,-9.708488
1826350318,0.433351,-0.591368,-9.753978
1826351495,0.450110,-0.524330,-9.794679
1826352687,0.390255,-0.519542,-9.742006
1826353880,0.387861,-0.478840,-9.701305
1826355072,0.395043,-0.519542,-9.971850
1826356253,0.366313,-0.541090,-10.172963
1826357434,0.277727,-0.577003,-10.014946
1826358612,0.361524,-0.572214,-9.856929
1826359804,0.447716,-0.550666,-9.682152
1826360989,0.435745,-0.543484,-9.545682
1826362176,0.433351,-0.526724,-9.730036
1826363352,0.404620,-0.512359,-9.957485
1826364538,0.430956,-0.555455,-10.007763
1826365714,0.404620,-0.584185,-9.943120
1826366911,0.428562,-0.579397,-9.811439
1826368097,0.378284,-0.567426,-9.768343
1826369287,0.328006,-0.495600,-9.679757
1826370462,0.397437,-0.567426,-9.722853
1826371651,0.337582,-0.555455,-9.734824
1826372850,0.380678,-0.533907,-9.883265
1826374045,0.397437,-0.500388,-9.909601
1826375225,0.385466,-0.509965,-9.907207
1826376403,0.375890,-0.430956,-9.923966
1826377579,0.332794,-0.474052,-9.950302
1826378763,0.325611,-0.438139,-9.890448
1826379949,0.351948,-0.402226,-9.823410
1826381138,0.356736,-0.476446,-9.859323
1826382325,0.371101,-0.478840,-9.844957
1826383505,0.392649,-0.500388,-9.926360
1826384682,0.366313,-0.517148,-9.823410
1826385881,0.368707,-0.517148,-9.727641
1826387070,0.395043,-0.517148,-9.753978
1826388256,0.418985,-0.497994,-9.780313
1826389432,0.342371,-0.514753,-9.713276
1826390616,0.304064,-0.471658,-9.737218
1826391802,0.313640,-0.447716,-9.749189
1826392992,0.304064,-0.457293,-9.773131
1826394173,0.282516,-0.426168,-9.816227
1826395355,0.215478,-0.423774,-9.727641
1826396538,0.280122,-0.471658,-9.804255
1826397726,0.268151,-0.541090,-9.792285
1826398911,0.234632,-0.500388,-9.844957
1826400100,0.275333,-0.457293,-9.852140
1826401286,0.332794,-0.454898,-9.849746
1826402472,0.256180,-0.452504,-9.835381
1826403651,0.339977,-0.385466,-9.837775
1826404855,0.287304,-0.428562,-9.873688
1826406046,0.277727,-0.433351,-9.835381
1826407237,0.294487,-0.445322,-9.830592
1826408413,0.294487,-0.469264,-9.904813
1826409596,0.256180,-0.495600,-9.931149
1826410778,0.248997,-0.447716,-9.916783
1826411965,0.270545,-0.464475,-9.928755
1826413153,0.313640,-0.426168,-9.971850
1826414342,0.328006,-0.366313,-9.962274
1826415520,0.272939,-0.447716,-9.847352
1826416703,0.363919,-0.433351,-9.897630
1826417901,0.409408,-0.457293,-9.830592
1826419083,0.409408,-0.474052,-9.871294
1826420263,0.361524,-0.545878,-9.876082
1826421439,0.373495,-0.500388,-9.809045
1826422615,0.337582,-0.507571,-9.806650
1826423805,0.318429,-0.509965,-9.935937
1826424991,0.284910,-0.509965,-9.897630
1826426176,0.311246,-0.483629,-9.818622
1826427354,0.339977,-0.476446,-9.900024
1826428538,0.268151,-0.450110,-9.900024
1826429712,0.296881,-0.471658,-9.880871
1826430910,0.268151,-0.500388,-9.907207
1826432094,0.246603,-0.454898,-9.926360
1826433284,0.244209,-0.454898,-9.871294
1826434461,0.248997,-0.478840,-9.825804
1826435648,0.225055,-0.493206,-9.825804
1826436835,0.275333,-0.486023,-9.825804
1826438027,0.308852,-0.474052,-9.888053
1826439208,0.308852,-0.450110,-9.883265
1826440387,0.282516,-0.478840,-9.832987
1826441571,0.294487,-0.471658,-9.842564
1826442758,0.294487,-0.500388,-9.911995
1826443943,0.335188,-0.500388,-9.914390
1826445128,0.323217,-0.474052,-9.919178
1826446313,0.323217,-0.505177,-9.904813
1826447491,0.373495,-0.464475,-9.926360
1826448679,0.347159,-0.519542,-9.888053
1826449878,0.332794,-0.543484,-9.804255
1826451066,0.368707,-0.495600,-9.861717
1826452257,0.371101,-0.505177,-9.959879
1826453433,0.339977,-0.476446,-9.911995
1826454616,0.335188,-0.474052,-9.916783
1826455803,0.387861,-0.483629,-9.897630
1826456993,0.356736,-0.486023,-9.866506
1826458174,0.323217,-0.538695,-9.832987
1826459356,0.380678,-0.529119,-9.813833
1826460538,0.411803,-0.466869,-9.974244
1826461729,0.418985,-0.557849,-9.868899
1826462912,0.409408,-0.584185,-9.861717
1826464101,0.339977,-0.612916,-9.816227
1826465287,0.375890,-0.524330,-9.897630
1826466474,0.265756,-0.438139,-9.770737
1826467657,0.292093,-0.481235,-9.586384
1826468859,0.280122,-0.524330,-9.512163
1826470050,0.284910,-0.447716,-9.545682
1826471241,0.330400,-0.421380,-9.823410
1826472413,0.399832,-0.519542,-10.158598
1826473596,0.299275,-0.639252,-9.753978
1826474780,0.308852,-0.627281,-10.287885
1826475968,0.318429,-0.471658,-9.794679
1826477156,0.323217,-0.502782,-9.868899
1826478346,0.330400,-0.471658,-9.847352
1826479523,0.366313,-0.512359,-9.878476
1826480710,0.361524,-0.512359,-10.072407
1826481905,0.380678,-0.474052,-10.024523
1826483095,0.368707,-0.464475,-10.036493
1826484277,0.421380,-0.507571,-9.955091
1826485454,0.339977,-0.531513,-9.959879
1826486638,0.363919,-0.545878,-9.895236
1826487832,0.411803,-0.562637,-9.933543
1826489020,0.414197,-0.577003,-9.888053
1826490204,0.450110,-0.622492,-9.825804
1826491379,0.421380,-0.675165,-9.983821
1826492567,0.423774,-0.481235,-9.921572
1826493748,0.464475,-0.512359,-9.852140
1826494938,0.464475,-0.509965,-9.904813
1826496119,0.435745,-0.486023,-9.931149
1826497304,0.368707,-0.514753,-9.986216
1826498487,0.330400,-0.596156,-9.945514
1826499677,0.313640,-0.593762,-9.902418
1826500871,0.328006,-0.529119,-10.010158
1826502061,0.347159,-0.581791,-9.979033
1826503244,0.366313,-0.555455,-9.878476
1826504425,0.351948,-0.486023,-9.849746
1826505603,0.347159,-0.507571,-9.696517
1826506791,0.328006,-0.517148,-9.734824
1826507973,0.306458,-0.507571,-9.823410
1826509157,0.260968,-0.502782,-9.940725
1826510341,0.272939,-0.543484,-9.933543
1826511533,0.359130,-0.548272,-9.871294
1826512721,0.385466,-0.526724,-9.809045
1826513912,0.375890,-0.481235,-9.773131
1826515097,0.344765,-0.495600,-9.789890
1826516280,0.328006,-0.505177,-9.753978
1826517453,0.339977,-0.545878,-9.734824
1826518641,0.404620,-0.497994,-9.809045
1826519828,0.359130,-0.497994,-9.785102
1826521020,0.332794,-0.454898,-9.734824
1826522201,0.366313,-0.430956,-9.813833
1826523382,0.296881,-0.497994,-9.883265
1826524566,0.342371,-0.514753,-9.935937
1826525753,0.363919,-0.512359,-9.789890
1826526938,0.373495,-0.471658,-9.753978
1826528125,0.395043,-0.442927,-9.720459
1826529310,0.411803,-0.395043,-9.713276
1826530501,0.428562,-0.457293,-9.658210
1826531677,0.488417,-0.531513,-9.749189
1826532877,0.435745,-0.524330,-9.674969
1826534065,0.493206,-0.466869,-9.876082
1826535257,0.462081,-0.454898,-9.883265
1826536433,0.418985,-0.486023,-9.787497
1826537616,0.366313,-0.548272,-10.139444
1826538804,0.351948,-0.617704,-10.256760
1826539994,0.325611,-0.512359,-10.019734
1826541177,0.263362,-0.428562,-9.804255
1826542358,0.201113,-0.502782,-9.940725
1826543538,0.217872,-0.462081,-9.993398
1826544730,0.354342,-0.481235,-9.789890
1826545913,0.325611,-0.543484,-9.883265
1826547105,0.320823,-0.584185,-10.058042
1826548290,0.311246,-0.514753,-9.911995
1826549478,0.268151,-0.447716,-9.806650
1826550658,0.359130,-0.459687,-9.689334
1826551861,0.342371,-0.615310,-9.598354
1826553052,0.450110,-0.610521,-9.782708
1826554240,0.407014,-0.533907,-9.950302
1826555414,0.402226,-0.440533,-9.952697
1826556601,0.354342,-0.428562,-9.993398
1826557784,0.299275,-0.426168,-10.151415
1826558972,0.306458,-0.390255,-9.971850
1826560151,0.275333,-0.337582,-9.871294
1826561342,0.256180,-0.426168,-9.849746
1826562520,0.248997,-0.555455,-9.742006
1826563703,0.181959,-0.557849,-9.703699
1826564900,0.232238,-0.519542,-9.868899
1826566088,0.248997,-0.486023,-9.761160
1826567270,0.258574,-0.490811,-9.706094
1826568450,0.292093,-0.557849,-9.718064
1826569638,0.316035,-0.533907,-9.792285
1826570830,0.347159,-0.464475,-9.835381
1826572019,0.325611,-0.426168,-9.928755
1826573205,0.296881,-0.483629,-10.089166
1826574382,0.335188,-0.452504,-10.153810
1826575570,0.270545,-0.378284,-10.108319
1826576748,0.253785,-0.531513,-9.780313
1826577935,0.265756,-0.586579,-9.749189
1826579118,0.119710,-0.656011,-9.437943
1826580302,0.234632,-0.761356,-9.536105
1826581485,0.251391,-0.569820,-9.662998
1826582677,0.162806,-0.493206,-9.533711
1826583868,0.248997,-0.466869,-9.727641
1826585066,0.292093,-0.553061,-9.986216
1826586253,0.270545,-0.524330,-10.024523
1826587433,0.339977,-0.514753,-9.995792
1826588612,0.404620,-0.471658,-9.897630
1826589802,0.447716,-0.581791,-10.223241
1826590989,0.363919,-0.641646,-10.199299
1826592177,0.272939,-0.641646,-10.125079
1826593360,0.136469,-0.526724,-10.101137
1826594541,0.107739,-0.483629,-9.969456
1826595724,0.193930,-0.670376,-9.821015
1826596910,0.208296,-0.608127,-9.761160
1826598094,0.256180,-0.533907,-9.897630
1826599280,0.205901,-0.557849,-9.955091
1826600456,0.208296,-0.598550,-10.103531
1826601643,0.229843,-0.497994,-10.520123
1826607517,0.371101,-0.584185,-9.940725
1826608699,0.433351,-0.581791,-9.655815
1826609898,0.423774,-0.423774,-9.756371
1826611088,0.380678,-0.469264,-9.655815
1826612271,0.351948,-0.565032,-9.500193
1826613451,0.270545,-0.545878,-9.416395
1826614633,0.282516,-0.457293,-9.447520
1826615826,0.256180,-0.502782,-10.144233
1826617012,0.272939,-0.629675,-10.261548
1826618205,0.270545,-0.612916,-10.223241
1826619382,0.304064,-0.474052,-10.347740
1826620569,0.280122,-0.407014,-10.062830
1826621748,0.390255,-0.483629,-9.394848
1826622934,0.378284,-0.557849,-9.411607
1826624116,0.414197,-0.519542,-9.524135
1826625312,0.433351,-0.565032,-9.674969
1826626499,0.414197,-0.579397,-9.945514
1826627692,0.332794,-0.548272,-10.120291
1826628887,0.294487,-0.557849,-9.825804
1826630078,0.332794,-0.521936,-9.562442
1826631261,0.301669,-0.531513,-9.615114
1826632442,0.328006,-0.361524,-9.629479
1826633623,0.397437,-0.450110,-10.005369
1826634812,0.380678,-0.349553,-9.876082
1826635997,0.409408,-0.402226,-9.856929
1826637182,0.342371,-0.500388,-9.986216
1826638364,0.380678,-0.663194,-10.168175
1826639550,0.435745,-0.651223,-9.852140
1826640735,0.371101,-0.531513,-9.947908
1826641921,0.332794,-0.459687,-10.070012
1826643101,0.392649,-0.404620,-9.945514
1826644290,0.399832,-0.469264,-9.840169
1826645474,0.474052,-0.469264,-9.545682
1826646661,0.524330,-0.409408,-9.555259
1826647858,0.407014,-0.404620,-9.516952
1826649052,0.466869,-0.416591,-9.342175
1826650238,0.438139,-0.457293,-9.866506
1826651419,0.438139,-0.519542,-10.017340
1826652603,0.404620,-0.555455,-9.897630
1826653789,0.476446,-0.603339,-9.751583
1826654971,0.428562,-0.495600,-9.634268
1826656156,0.366313,-0.390255,-9.579201
1826657338,0.421380,-0.361524,-9.691729
1826658521,0.471658,-0.402226,-9.710882
1826659695,0.495600,-0.447716,-9.837775
1826660897,0.462081,-0.366313,-9.567230
1826662078,0.447716,-0.430956,-9.950302
1826663264,0.351948,-0.445322,-10.129868
1826664441,0.325611,-0.502782,-9.935937
1826665632,0.438139,-0.488417,-10.081984
1826666822,0.543484,-0.433351,-10.029311
1826668017,0.428562,-0.299275,-8.010999
1826669204,0.656011,-0.948104,-9.303867
1826670384,0.591368,-0.770933,-10.357317
1826671568,0.397437,0.387861,-8.944737
1826672748,0.512359,-0.742203,-10.199299
1826673928,0.335188,-0.289698,-11.190498
1826675115,0.201113,-0.280122,-8.901642
1826676305,0.299275,-0.478840,-8.932767
1826677496,0.440533,-0.732626,-10.259154
1826678685,0.407014,-0.418985,-10.194510
1826679884,0.739808,-0.337582,-9.516952
1826681072,0.756568,-0.272939,-10.247183
1826682260,-0.098162,-0.684742,-10.486604
1826683440,0.043096,-0.296881,-9.198523
1826684630,0.519542,-0.150835,-9.914390
1826685818,0.430956,-0.600945,-10.508151
1826687015,0.354342,-0.512359,-10.900801
1826688200,0.081403,-0.608127,-9.160215
1826689385,0.258574,-0.402226,-9.866506
1826690568,0.442927,-0.452504,-10.333375
1826691754,0.215478,-0.507571,-9.636662
1826692934,0.323217,-0.687136,-10.134656
1826694122,0.375890,-0.536301,-10.110714
1826695307,0.359130,-0.610521,-9.988609
1826696497,0.366313,-0.567426,-9.947908
1826697685,0.205901,-0.471658,-10.261548
1826698884,0.153229,-0.488417,-9.830592
1826700073,0.268151,-0.557849,-9.971850
1826701260,0.258574,-0.610521,-10.005369
1826702435,0.184354,-0.610521,-10.105926
1826703618,0.172383,-0.536301,-10.081984
1826704804,0.225055,-0.469264,-9.859323
1826705994,0.277727,-0.483629,-9.926360
1826707177,0.282516,-0.368707,-9.816227
1826708363,0.325611,-0.402226,-9.835381
1826709545,0.332794,-0.600945,-9.773131
1826710735,0.356736,-0.588974,-9.828198
1826711915,0.361524,-0.486023,-10.043676
1826713107,0.392649,-0.421380,-10.014946
1826714293,0.323217,-0.483629,-10.168175
1826715482,0.308852,-0.756568,-9.725247
1826716668,0.248997,-0.627281,-9.567230
1826717872,0.253785,-0.529119,-9.816227
1826719056,0.237026,-0.490811,-9.653421
1826720246,0.165200,-0.541090,-9.811439
1826721420,0.177171,-0.483629,-9.923966
1826722604,0.193930,-0.639252,-9.991004
1826723786,0.196325,-0.557849,-9.971850
1826724970,0.292093,-0.699107,-10.038888
1826726156,0.227449,-0.553061,-10.070012
1826727345,0.189142,-0.507571,-9.969456
1826728523,0.253785,-0.598550,-9.902418
1826729706,0.213084,-0.596156,-9.993398
1826730903,0.282516,-0.519542,-10.290278
1826732091,0.201113,-0.526724,-10.429143
1826733274,0.196325,-0.608127,-10.467450
1826734456,0.177171,-0.682347,-10.484209
1826735640,0.203507,-0.658405,-10.378864
1826736830,0.208296,-0.584185,-10.256760
1826738018,0.237026,-0.581791,-10.187328
1826739211,0.213084,-0.557849,-10.007763
1826740387,0.174777,-0.557849,-10.038888
1826741579,0.239420,-0.538695,-10.115502
1826742761,0.203507,-0.526724,-10.187328
1826743951,0.129287,-0.648829,-10.026917
1826745137,0.119710,-0.622492,-9.988609
1826746327,0.102951,-0.663194,-9.928755
1826747508,0.179565,-0.615310,-9.868899
1826748690,0.196325,-0.567426,-9.720459
1826749881,0.229843,-0.478840,-9.885659
1826751075,0.251391,-0.536301,-9.981427
1826752257,0.306458,-0.512359,-9.986216
1826753437,0.292093,-0.509965,-9.691729
1826754615,0.320823,-0.545878,-9.859323
1826755806,0.339977,-0.486023,-9.622296
1826756992,0.361524,-0.519542,-9.696517
1826758179,0.361524,-0.512359,-9.684546
1826759356,0.349553,-0.560243,-9.825804
1826760541,0.287304,-0.567426,-9.854534
1826761724,0.311246,-0.553061,-9.900024
1826762910,0.270545,-0.545878,-9.715671
1826764096,0.270545,-0.581791,-9.557653
1826765286,0.330400,-0.517148,-9.543288
1826766462,0.387861,-0.541090,-9.658210
1826767648,0.380678,-0.526724,-9.651027
1826768836,0.416591,-0.538695,-9.703699
1826770029,0.208296,-0.572214,-9.485827
1826771211,0.294487,-0.545878,-9.600749
1826772391,0.308852,-0.524330,-9.706094
1826773572,0.270545,-0.505177,-9.674969
1826774758,0.225055,-0.476446,-9.734824
1826775944,0.304064,-0.483629,-9.880871
1826777129,0.320823,-0.462081,-9.792285
1826778314,0.325611,-0.500388,-9.710882
1826779504,0.368707,-0.533907,-9.809045
1826780678,0.320823,-0.545878,-9.880871
1826781877,0.320823,-0.541090,-9.971850
1826783061,0.335188,-0.533907,-9.897630
1826784252,0.356736,-0.521936,-9.751583
1826785429,0.371101,-0.464475,-9.801862
1826786611,0.313640,-0.466869,-9.852140
1826787797,0.373495,-0.469264,-9.787497
1826788985,0.438139,-0.512359,-9.900024
1826790166,0.428562,-0.509965,-9.988609
1826791359,0.423774,-0.519542,-9.842564
1826792541,0.435745,-0.524330,-9.763555
1826793728,0.402226,-0.541090,-9.610326
1826794911,0.457293,-0.538695,-9.550470
1826796100,0.529119,-0.502782,-9.579201
1826797285,0.512359,-0.505177,-9.610326
1826798471,0.433351,-0.483629,-9.761160
1826799655,0.469264,-0.495600,-9.677363
1826800856,0.421380,-0.509965,-9.651027
1826802047,0.363919,-0.464475,-9.691729
1826803237,0.395043,-0.488417,-9.631873
1826804414,0.328006,-0.490811,-9.600749
1826805600,0.344765,-0.421380,-9.686940
1826806782,0.361524,-0.380678,-9.548077
1826807968,0.395043,-0.440533,-9.370906
1826809153,0.418985,-0.478840,-9.722853
1826810344,0.521936,-0.397437,-10.041282
1826811522,0.390255,-0.483629,-9.859323
1826812705,0.402226,-0.500388,-9.859323
1826813902,0.430956,-0.521936,-9.686940
1826815091,0.445322,-0.402226,-9.318233
1826816273,0.323217,-0.509965,-9.507375
1826817454,0.344765,-0.445322,-9.679757
1826818638,0.328006,-0.529119,-9.933543
1826819831,0.387861,-0.519542,-9.919178
1826821020,0.318429,-0.404620,-10.089166
1826822204,0.287304,-0.387861,-10.034100
1826823379,0.311246,-0.418985,-9.629479
1826824568,0.414197,-0.545878,-9.485827
1826825748,0.440533,-0.608127,-9.945514
1826826934,0.445322,-0.416591,-10.091560
1826828116,0.409408,-0.462081,-9.787497
1826829310,0.476446,-0.517148,-10.290278
1826830497,0.383072,-0.478840,-10.386047
1826831690,0.284910,-0.351948,-10.263943
1826832885,0.347159,-0.373495,-9.969456
1826834078,0.404620,-0.466869,-10.036493
1826835260,0.407014,-0.483629,-10.048465
1826836440,0.423774,-0.488417,-9.813833
1826837627,0.447716,-0.507571,-9.983821
1826838820,0.490811,-0.509965,-10.160992
1826840013,0.442927,-0.548272,-9.876082
1826841200,0.471658,-0.452504,-9.856929
1826842387,0.407014,-0.462081,-9.672575
1826843569,0.409408,-0.447716,-9.710882
1826844748,0.361524,-0.380678,-9.892841
1826845935,0.392649,-0.440533,-9.856929
1826847117,0.378284,-0.521936,-9.811439
1826848312,0.411803,-0.447716,-9.804255
1826849498,0.368707,-0.452504,-9.821015
1826850690,0.347159,-0.466869,-9.926360
1826851881,0.339977,-0.517148,-9.823410
1826853071,0.373495,-0.476446,-9.813833
1826854250,0.320823,-0.469264,-9.775525
1826855431,0.308852,-0.440533,-9.835381
1826856608,0.390255,-0.447716,-9.873688
1826857799,0.320823,-0.462081,-9.890448
1826858980,0.296881,-0.399832,-9.809045
1826860167,0.407014,-0.392649,-9.931149
1826861356,0.299275,-0.445322,-9.945514
1826862548,0.320823,-0.500388,-9.916783
1826863731,0.304064,-0.474052,-9.935937
1826864917,0.220267,-0.471658,-9.957485
1826866104,0.296881,-0.517148,-9.931149
1826867294,0.323217,-0.541090,-9.890448
1826868474,0.282516,-0.509965,-9.842564
1826869662,0.272939,-0.529119,-9.907207
1826870859,0.306458,-0.526724,-9.885659
1826872055,0.313640,-0.519542,-9.983821
1826873240,0.325611,-0.490811,-10.081984
1826874421,0.275333,-0.509965,-10.127473
1826875606,0.246603,-0.464475,-10.096349
1826876794,0.282516,-0.514753,-10.058042
1826877976,0.292093,-0.541090,-9.988609
1826879161,0.313640,-0.531513,-9.959879
1826880351,0.225055,-0.526724,-10.024523
1826881531,0.208296,-0.507571,-10.010158
1826882712,0.272939,-0.464475,-9.950302
1826883910,0.253785,-0.490811,-9.988609
1826885095,0.311246,-0.505177,-9.974244
1826886285,0.272939,-0.519542,-10.007763
1826887462,0.308852,-0.517148,-10.014946
1826888650,0.277727,-0.524330,-10.086772
1826889848,0.347159,-0.555455,-10.000581
1826891040,0.287304,-0.514753,-9.777920
1826892222,0.311246,-0.497994,-9.911995
1826893404,0.328006,-0.531513,-9.847352
1826894580,0.308852,-0.509965,-9.883265
1826895765,0.347159,-0.466869,-9.797073
1826896951,0.299275,-0.471658,-9.763555
1826898141,0.347159,-0.545878,-9.742006
1826899326,0.349553,-0.550666,-9.806650
1826900511,0.378284,-0.521936,-9.897630
1826901689,0.339977,-0.557849,-9.876082
1826902889,0.311246,-0.545878,-9.792285
1826904077,0.275333,-0.531513,-9.734824
1826905265,0.299275,-0.574608,-9.885659
1826906441,0.256180,-0.538695,-9.878476
1826907627,0.263362,-0.533907,-9.698911
1826908815,0.335188,-0.533907,-9.631873
1826910012,0.354342,-0.553061,-9.734824
1826911197,0.385466,-0.524330,-9.921572
1826912378,0.351948,-0.569820,-9.806650
1826913560,0.337582,-0.577003,-9.768343
1826914748,0.284910,-0.531513,-9.933543
1826915930,0.316035,-0.557849,-9.928755
1826917116,0.296881,-0.536301,-9.902418
1826918300,0.296881,-0.610521,-9.933543
1826919488,0.304064,-0.553061,-9.861717
1826920673,0.318429,-0.562637,-9.885659
1826921878,0.311246,-0.577003,-9.828198
1826923066,0.280122,-0.622492,-9.911995
1826924258,0.268151,-0.567426,-9.911995
1826925434,0.287304,-0.577003,-10.007763
1826926615,0.292093,-0.567426,-9.959879
1826927802,0.294487,-0.572214,-9.883265
1826928992,0.342371,-0.596156,-9.880871
1826930175,0.246603,-0.555455,-9.902418
1826931356,0.258574,-0.593762,-10.038888
1826932538,0.289698,-0.560243,-9.964667
1826933730,0.225055,-0.545878,-9.873688
1826934912,0.356736,-0.557849,-9.890448
1826936103,0.332794,-0.562637,-9.947908
1826937288,0.253785,-0.505177,-9.885659
1826938473,0.308852,-0.507571,-9.818622
1826939656,0.325611,-0.557849,-9.837775
1826940859,0.368707,-0.548272,-9.892841
1826942050,0.361524,-0.555455,-9.888053
1826943234,0.316035,-0.529119,-9.756371
1826944411,0.363919,-0.536301,-9.739613
1826945595,0.354342,-0.541090,-9.832987
1826946777,0.351948,-0.545878,-9.842564
1826947965,0.375890,-0.550666,-9.861717
1826949151,0.366313,-0.524330,-9.742006
1826950340,0.366313,-0.521936,-9.830592
1826951518,0.404620,-0.505177,-9.710882
1826952699,0.361524,-0.509965,-9.794679
1826953897,0.454898,-0.507571,-9.818622
1826955084,0.440533,-0.459687,-9.780313
1826956265,0.387861,-0.488417,-9.785102
1826957452,0.459687,-0.502782,-9.804255
1826958633,0.459687,-0.462081,-9.799467
1826959826,0.476446,-0.418985,-9.708488
1826961014,0.435745,-0.471658,-9.835381
1826962207,0.450110,-0.486023,-9.753978
1826963393,0.452504,-0.497994,-9.868899
1826964584,0.418985,-0.471658,-9.823410
1826965765,0.411803,-0.533907,-9.902418
1826966954,0.438139,-0.490811,-9.878476
1826968140,0.426168,-0.433351,-9.995792
1826969330,0.459687,-0.478840,-9.947908
1826970506,0.411803,-0.469264,-9.900024
1826971687,0.459687,-0.421380,-9.861717
1826972882,0.450110,-0.459687,-9.890448
1826974073,0.466869,-0.464475,-9.904813
1826975255,0.442927,-0.428562,-9.991004
1826976436,0.332794,-0.383072,-9.902418
1826977618,0.325611,-0.421380,-9.691729
1826978810,0.385466,-0.433351,-9.878476
1826979995,0.395043,-0.500388,-10.077195
1826981178,0.265756,-0.201113,-9.686940
1826982354,0.282516,-0.203507,-9.751583
1826983540,0.347159,-0.383072,-10.058042
1826984727,0.272939,-0.548272,-9.964667
1826985913,0.320823,-0.565032,-9.581595
1826987097,0.457293,-0.531513,-9.447520
1826988287,0.318429,-0.371101,-9.421184
1826989471,0.280122,-0.375890,-9.239224
1826990658,0.411803,-0.512359,-9.351752
1826991855,0.481235,-0.541090,-9.560047
1826993050,0.529119,-0.598550,-9.746795
1826994235,0.553061,-0.423774,-9.756371
1826995416,0.493206,-0.296881,-9.878476
1826996595,0.414197,-0.294487,-9.622296
1826997783,0.418985,-0.371101,-9.622296
1826998966,0.459687,-0.454898,-9.665392
1827000158,0.464475,-0.524330,-9.756371
1827001342,0.430956,-0.514753,-9.617508
1827002524,0.368707,-0.533907,-9.569624
1827003702,0.351948,-0.445322,-9.768343
1827004905,0.349553,-0.452504,-9.816227
1827006088,0.383072,-0.395043,-9.823410
1827007273,0.512359,-0.486023,-9.837775
1827008451,0.536301,-0.435745,-9.895236
1827009637,0.452504,-0.363919,-9.758766
1827010825,0.387861,-0.349553,-9.651027
1827012016,0.359130,-0.471658,-9.751583
1827013203,0.339977,-0.550666,-9.816227
1827014384,0.289698,-0.409408,-9.883265
1827015567,0.284910,-0.471658,-9.957485
1827016750,0.332794,-0.569820,-10.146626
1827017933,0.351948,-0.555455,-10.000581
1827019119,0.375890,-0.555455,-9.986216
1827020296,0.488417,-0.548272,-10.002975
1827021484,0.478840,-0.600945,-9.962274
1827022669,0.459687,-0.533907,-9.926360
1827023873,0.445322,-0.577003,-10.029311
1827025059,0.478840,-0.490811,-10.103531
1827026248,0.457293,-0.603339,-9.900024
1827027423,0.435745,-0.682347,-10.070012
1827028610,0.433351,-0.699107,-10.141838
1827029794,0.428562,-0.675165,-9.883265
1827030981,0.390255,-0.612916,-9.552865
1827032164,0.392649,-0.620098,-9.507375
1827033357,0.359130,-0.476446,-10.151415
1827034540,0.318429,-0.478840,-10.110714
1827035731,0.318429,-0.459687,-10.086772
1827036914,0.383072,-0.507571,-10.287885
1827038105,0.306458,-0.541090,-10.115502
1827039289,0.383072,-0.579397,-9.890448
1827040476,0.375890,-0.553061,-9.718064
1827041659,0.383072,-0.612916,-9.686940
1827042861,0.399832,-0.660800,-9.586384
1827044051,0.399832,-0.658405,-9.543288
1827045238,0.335188,-0.644040,-9.595961
1827046414,0.375890,-0.627281,-9.595961
1827047595,0.325611,-0.691924,-9.775525
1827048779,0.320823,-0.593762,-9.883265
1827049966,0.359130,-0.536301,-9.988609
1827051152,0.270545,-0.526724,-9.543288
1827052342,0.306458,-0.483629,-9.337387
1827053525,0.191536,-0.488417,-9.483433
1827054712,0.244209,-0.543484,-9.454702
1827055909,0.304064,-0.667982,-9.964667
1827057098,0.251391,-0.639252,-10.330980
1827058284,0.251391,-0.706290,-9.526528
1827059471,0.225055,-0.749385,-9.816227
1827060654,0.205901,-0.667982,-9.674969
1827061856,0.189142,-0.474052,-9.727641
1827063048,0.320823,-0.557849,-9.813833
1827064240,0.292093,-0.507571,-10.175357
1827065416,0.260968,-0.581791,-10.730812
1827066599,0.193930,-0.500388,-10.299856
1827067782,0.208296,-0.574608,-9.854534
1827068969,0.258574,-0.634463,-10.053253
1827070157,0.308852,-0.677559,-9.873688
1827071346,0.229843,-0.593762,-9.629479
1827072526,0.189142,-0.622492,-10.158598
1827073713,0.186748,-0.720655,-10.376471
1827074911,0.287304,-0.653617,-10.199299
1827076102,0.196325,-0.622492,-10.043676
1827077288,0.232238,-0.538695,-9.806650
1827078475,0.246603,-0.584185,-9.761160
1827079658,0.153229,-0.502782,-10.010158
1827080860,0.191536,-0.481235,-10.019734
1827082052,0.232238,-0.433351,-9.971850
1827083242,0.196325,-0.375890,-9.885659
1827084418,0.294487,-0.414197,-9.768343
1827085607,0.330400,-0.435745,-9.787497
1827086786,0.426168,-0.509965,-9.799467
1827087973,0.351948,-0.529119,-9.825804
1827089153,0.347159,-0.502782,-9.703699
1827090343,0.201113,-0.469264,-9.665392
1827091521,0.217872,-0.447716,-9.698911
1827092704,0.213084,-0.433351,-9.916783
1827093902,0.232238,-0.399832,-10.014946
1827095093,0.375890,-0.438139,-9.703699
1827096274,0.328006,-0.488417,-9.545682
1827097455,0.306458,-0.430956,-9.818622
1827098638,0.239420,-0.421380,-9.758766
1827099831,0.311246,-0.390255,-9.591172
1827101019,0.287304,-0.495600,-9.701305
1827102208,0.277727,-0.454898,-10.012551
1827103385,0.275333,-0.488417,-9.933543
1827104573,0.328006,-0.514753,-9.974244
1827105754,0.330400,-0.622492,-9.895236
1827106943,0.277727,-0.538695,-9.749189
1827108123,0.359130,-0.538695,-9.933543
1827109308,0.294487,-0.543484,-9.852140
1827110495,0.354342,-0.407014,-9.629479
1827111687,0.454898,-0.390255,-10.199299
1827112882,0.380678,-0.514753,-10.558430
1827114075,0.459687,-0.447716,-10.196905
1827115258,0.459687,-0.486023,-9.969456
1827116439,0.409408,-0.395043,-9.768343
1827117616,0.397437,-0.466869,-9.660604
1827118807,0.438139,-0.459687,-10.058042
1827119992,0.330400,-0.459687,-10.192117
1827121178,0.359130,-0.397437,-10.026917
1827122360,0.418985,-0.543484,-10.333375
1827123543,0.399832,-0.442927,-10.125079
1827124726,0.349553,-0.450110,-9.847352
1827125911,0.313640,-0.490811,-9.710882
1827127095,0.263362,-0.486023,-9.483433
1827128285,0.356736,-0.464475,-9.485827
1827129463,0.356736,-0.497994,-10.002975
1827130651,0.361524,-0.495600,-9.916783
1827131838,0.407014,-0.464475,-10.263943
1827133031,0.356736,-0.488417,-10.163386
1827134215,0.395043,-0.490811,-9.780313
1827135400,0.316035,-0.392649,-10.180145
1827136587,0.328006,-0.462081,-9.832987
1827137771,0.361524,-0.481235,-9.892841
1827138959,0.380678,-0.531513,-10.213664
1827140150,0.414197,-0.526724,-10.146626
1827141337,0.399832,-0.474052,-9.890448
1827142519,0.378284,-0.497994,-10.172963
1827143699,0.411803,-0.519542,-9.861717
1827144901,0.368707,-0.488417,-9.780313
1827146083,0.328006,-0.500388,-9.761160
1827147264,0.337582,-0.486023,-9.825804
1827148439,0.380678,-0.363919,-10.278308
1827149626,0.308852,-0.146046,-10.390836
1827150812,0.241814,-0.373495,-10.860099
1827152002,0.330400,-0.627281,-10.436325
1827153187,0.330400,-0.701501,-9.471462
1827154376,0.270545,-0.785298,-9.500193
1827155558,0.277727,-0.742203,-9.806650
1827156743,0.217872,-0.632069,-9.437943
1827157925,0.052672,-0.514753,-9.825804
1827159110,0.105345,-0.562637,-10.201694
1827160295,0.189142,-0.445322,-10.307038
1827161483,0.330400,-0.351948,-9.330204
1827162667,0.500388,-0.287304,-9.512163
1827163870,0.476446,-0.356736,-9.540894
1827165063,0.438139,-0.371101,-9.813833
1827166250,0.414197,-0.418985,-10.062830
1827167427,0.323217,-0.555455,-9.988609
1827168614,0.390255,-0.691924,-9.866506
1827169794,0.430956,-0.548272,-9.452309
1827170980,0.493206,-0.476446,-9.593566
1827172163,0.644040,-0.445322,-9.631873
1827173357,0.572214,-0.476446,-9.339781
1827174539,0.502782,-0.495600,-9.217676
1827175730,0.402226,-0.533907,-9.220071
1827176911,0.421380,-0.586579,-9.758766
1827178101,0.325611,-0.548272,-9.950302
1827179286,0.294487,-0.502782,-10.060435
1827180473,0.289698,-0.428562,-9.921572
1827181657,0.239420,-0.387861,-9.449914
1827182860,0.347159,-0.430956,-9.890448
1827184051,0.316035,-0.447716,-9.548077
1827185240,0.330400,-0.332794,-9.674969
1827186415,0.263362,-0.237026,-9.957485
1827187598,0.531513,-0.521936,-10.407595
1827188782,0.371101,-0.684742,-10.352529
1827189969,0.318429,-0.730232,-10.067618
1827191157,0.225055,-0.713472,-9.876082
1827192346,0.205901,-0.395043,-9.378088
1827193522,0.186748,-0.438139,-9.847352
1827194706,0.289698,-0.612916,-9.861717
1827195904,0.383072,-0.679953,-9.682152
1827197094,0.289698,-0.687136,-10.158598
1827198278,0.241814,-0.265756,-9.995792
1827199458,0.263362,-0.155623,-9.682152
1827200641,0.464475,-0.478840,-9.928755
1827201834,0.581791,-0.541090,-10.326192
1827203023,0.574608,-0.471658,-10.536881
1827204208,0.430956,-0.538695,-10.230424
1827205391,0.342371,-0.538695,-10.014946
1827206582,0.191536,-0.481235,-10.211270
1827207765,0.263362,-0.526724,-10.283096
1827208955,0.284910,-0.624887,-9.868899
1827210141,0.342371,-0.675165,-9.866506
1827211331,0.380678,-0.457293,-9.873688
1827212507,0.344765,-0.371101,-9.572019
1827213690,0.368707,-0.457293,-9.521740
1827214883,0.373495,-0.423774,-9.674969
1827216077,0.392649,-0.538695,-9.840169
1827217259,0.409408,-0.538695,-9.957485
1827218438,0.368707,-0.627281,-9.950302
1827219615,0.387861,-0.577003,-9.854534
1827220803,0.359130,-0.531513,-9.658210
1827221985,0.380678,-0.536301,-9.634268
1827223171,0.416591,-0.526724,-9.940725
1827224348,0.435745,-0.423774,-10.062830
1827225539,0.469264,-0.450110,-9.727641
1827226727,0.474052,-0.476446,-9.670180
1827227910,0.512359,-0.502782,-9.684546
1827229096,0.454898,-0.526724,-9.792285
1827230287,0.392649,-0.553061,-9.864111
1827231470,0.407014,-0.663194,-10.002975
1827232657,0.433351,-0.581791,-9.971850
1827233854,0.351948,-0.543484,-9.955091
1827235051,0.409408,-0.474052,-9.868899
1827236232,0.313640,-0.450110,-9.789890
1827237411,0.347159,-0.450110,-9.816227
1827238592,0.359130,-0.517148,-10.048465
1827239780,0.313640,-0.526724,-10.086772
1827240962,0.344765,-0.612916,-9.959879
1827242153,0.265756,-0.617704,-10.036493
1827243339,0.270545,-0.577003,-10.113108
1827244525,0.225055,-0.565032,-10.086772
1827245703,0.217872,-0.512359,-10.113108
1827246906,0.181959,-0.500388,-10.036493
1827248091,0.193930,-0.469264,-10.096349
1827249275,0.239420,-0.450110,-10.273520
1827250445,0.208296,-0.476446,-10.369287
1827251636,0.272939,-0.488417,-10.242394
1827252826,0.294487,-0.497994,-10.204087
1827254018,0.220267,-0.483629,-10.194510
1827255205,0.263362,-0.505177,-10.024523
1827256386,0.260968,-0.543484,-10.189722
1827257570,0.237026,-0.562637,-10.156203
1827258756,0.356736,-0.574608,-9.823410
1827259941,0.296881,-0.584185,-9.811439
1827261125,0.301669,-0.495600,-9.691729
1827262309,0.318429,-0.488417,-9.864111
1827263501,0.296881,-0.483629,-9.751583
1827264690,0.241814,-0.469264,-9.725247
1827265890,0.196325,-0.483629,-9.753978
1827267077,0.177171,-0.469264,-9.847352
1827268265,0.189142,-0.514753,-9.777920
1827269441,0.227449,-0.500388,-9.761160
1827270631,0.208296,-0.483629,-9.658210
1827271818,0.232238,-0.507571,-9.713276
1827273012,0.248997,-0.507571,-9.904813
1827274196,0.301669,-0.474052,-9.801862
1827275382,0.318429,-0.550666,-9.801862
1827276559,0.323217,-0.507571,-9.935937
1827277748,0.270545,-0.390255,-9.981427
1827278929,0.363919,-0.440533,-10.070012
1827280115,0.251391,-0.483629,-9.763555
1827281306,0.287304,-0.433351,-9.677363
1827282497,0.268151,-0.457293,-9.672575
1827283686,0.280122,-0.454898,-9.818622
1827284885,0.287304,-0.526724,-9.691729
1827286074,0.320823,-0.526724,-9.777920
1827287258,0.320823,-0.488417,-9.720459
1827288433,0.229843,-0.459687,-9.758766
1827289625,0.289698,-0.572214,-9.694122
1827290814,0.248997,-0.605733,-9.749189
1827292012,0.292093,-0.529119,-9.725247
1827293195,0.258574,-0.524330,-9.689334
1827294387,0.241814,-0.497994,-9.773131
1827295566,0.265756,-0.486023,-9.744401
1827296748,0.258574,-0.486023,-9.639056
1827297926,0.270545,-0.486023,-9.797073
1827299106,0.335188,-0.421380,-9.804255
1827300291,0.282516,-0.521936,-9.892841
1827301480,0.234632,-0.495600,-9.890448
1827302662,0.335188,-0.438139,-9.794679
1827303864,0.368707,-0.454898,-9.785102
1827305055,0.363919,-0.486023,-9.746795
1827306245,0.387861,-0.505177,-9.713276
1827307421,0.344765,-0.418985,-9.792285
1827308610,0.363919,-0.409408,-9.842564
1827309792,0.414197,-0.421380,-9.823410
1827310978,0.342371,-0.459687,-9.837775
1827312161,0.359130,-0.500388,-9.782708
1827313349,0.373495,-0.548272,-9.753978
1827314528,0.318429,-0.562637,-9.730036
1827315714,0.304064,-0.553061,-9.732430
1827316909,0.344765,-0.514753,-9.730036
1827318099,0.407014,-0.536301,-9.624691
1827319280,0.313640,-0.526724,-9.615114
1827320461,0.359130,-0.464475,-9.739613
1827321645,0.332794,-0.471658,-9.801862
1827322837,0.371101,-0.497994,-9.835381
1827324025,0.380678,-0.557849,-9.955091
1827325209,0.351948,-0.533907,-10.000581
1827326382,0.390255,-0.557849,-9.957485
1827327570,0.375890,-0.536301,-9.888053
1827328748,0.284910,-0.553061,-9.830592
1827329933,0.263362,-0.584185,-9.816227
1827331116,0.237026,-0.581791,-9.765948
1827332311,0.301669,-0.514753,-9.756371
1827333497,0.263362,-0.529119,-9.835381
1827334691,0.299275,-0.560243,-9.998186
1827335885,0.323217,-0.543484,-9.943120
1827337078,0.351948,-0.519542,-9.895236
1827338261,0.313640,-0.488417,-9.943120
1827339441,0.282516,-0.553061,-9.883265
1827340619,0.301669,-0.603339,-9.916783
1827341810,0.421380,-0.519542,-9.945514
1827342995,0.323217,-0.466869,-9.916783
1827344183,0.282516,-0.462081,-9.971850
1827345364,0.299275,-0.490811,-9.943120
1827346550,0.292093,-0.500388,-9.976639
1827347733,0.313640,-0.555455,-9.907207
1827348919,0.280122,-0.433351,-9.521740
1827350105,0.416591,-0.474052,-10.177752
1827351296,0.284910,-0.605733,-10.204087
1827352478,0.361524,-0.608127,-9.900024
1827353664,0.282516,-0.476446,-9.718064
1827354862,0.380678,-0.445322,-9.777920
1827356058,0.433351,-0.538695,-9.907207
1827357242,0.447716,-0.553061,-9.765948
1827358424,0.471658,-0.560243,-9.945514
1827359602,0.435745,-0.538695,-9.900024
1827360789,0.445322,-0.545878,-9.842564
1827361971,0.416591,-0.507571,-9.878476
1827363163,0.402226,-0.538695,-9.794679
1827364354,0.366313,-0.509965,-9.926360
1827365539,0.416591,-0.529119,-9.888053
1827366726,0.397437,-0.450110,-9.928755
1827367918,0.335188,-0.438139,-9.811439
1827369106,0.287304,-0.474052,-9.844957
1827370295,0.325611,-0.490811,-9.957485
1827371478,0.328006,-0.524330,-9.995792
1827372665,0.258574,-0.514753,-9.919178
1827373865,0.339977,-0.502782,-9.782708
1827375061,0.385466,-0.488417,-9.756371
1827376247,0.383072,-0.435745,-9.660604
1827377426,0.387861,-0.488417,-9.665392
1827378605,0.390255,-0.462081,-9.742006
1827379790,0.337582,-0.464475,-9.940725
1827380972,0.351948,-0.426168,-9.878476
1827382165,0.351948,-0.497994,-9.938332
1827383356,0.380678,-0.500388,-9.940725
1827384541,0.328006,-0.459687,-9.823410
1827385724,0.320823,-0.414197,-9.854534
1827386916,0.318429,-0.529119,-9.830592
1827388103,0.344765,-0.548272,-9.840169
1827389294,0.363919,-0.505177,-9.777920
1827390476,0.385466,-0.514753,-9.840169
1827391664,0.344765,-0.514753,-9.837775
1827392865,0.318429,-0.483629,-9.782708
1827394060,0.330400,-0.493206,-9.859323
1827395243,0.328006,-0.521936,-9.830592
1827396420,0.308852,-0.545878,-9.780313
1827397598,0.383072,-0.538695,-9.835381
1827398786,0.375890,-0.514753,-9.751583
1827399968,0.378284,-0.512359,-9.753978
1827401160,0.356736,-0.500388,-9.727641
1827402345,0.359130,-0.541090,-9.756371
1827403531,0.344765,-0.533907,-9.720459
1827404712,0.363919,-0.550666,-9.763555
1827405910,0.387861,-0.541090,-9.691729
1827407095,0.390255,-0.538695,-9.734824
1827408282,0.332794,-0.553061,-9.744401
1827409456,0.373495,-0.541090,-9.761160
1827410642,0.347159,-0.531513,-9.794679
1827411831,0.339977,-0.557849,-9.828198
1827413025,0.399832,-0.524330,-9.818622
1827414205,0.316035,-0.550666,-9.847352
1827415385,0.368707,-0.565032,-9.849746
1827416568,0.409408,-0.524330,-9.933543
1827417750,0.349553,-0.521936,-9.892841
1827418932,0.404620,-0.598550,-9.749189
1827420118,0.316035,-0.557849,-9.787497
1827421308,0.359130,-0.550666,-9.852140
1827422498,0.385466,-0.620098,-9.837775
1827423686,0.371101,-0.562637,-9.868899
1827424885,0.387861,-0.538695,-9.837775
1827426071,0.380678,-0.505177,-9.919178
1827427256,0.330400,-0.543484,-9.955091
1827428430,0.349553,-0.565032,-9.806650
1827429617,0.335188,-0.560243,-9.794679
1827430803,0.380678,-0.577003,-9.911995
1827431992,0.397437,-0.579397,-9.971850
1827433174,0.409408,-0.591368,-9.933543
1827434355,0.335188,-0.577003,-9.914390
1827435540,0.351948,-0.533907,-9.885659
1827436731,0.299275,-0.519542,-9.907207
1827437911,0.387861,-0.531513,-9.818622
1827439102,0.395043,-0.584185,-9.837775
1827440287,0.320823,-0.584185,-9.883265
1827441475,0.299275,-0.548272,-9.871294
1827442659,0.344765,-0.569820,-9.830592
1827443861,0.366313,-0.581791,-9.919178
1827445053,0.387861,-0.593762,-9.883265
1827446241,0.313640,-0.557849,-9.861717
1827447417,0.270545,-0.574608,-9.794679
1827448600,0.318429,-0.548272,-9.761160
1827449783,0.330400,-0.562637,-9.782708
1827450968,0.299275,-0.586579,-9.727641
1827452156,0.306458,-0.560243,-9.811439
1827453345,0.301669,-0.579397,-9.835381
1827454528,0.263362,-0.483629,-9.816227
1827455721,0.251391,-0.533907,-9.830592
1827456911,0.232238,-0.562637,-9.809045
1827458101,0.260968,-0.555455,-9.780313
1827459286,0.232238,-0.521936,-9.890448
1827460473,0.294487,-0.545878,-9.809045
1827461656,0.318429,-0.526724,-9.789890
1827462858,0.299275,-0.531513,-9.837775
1827464051,0.275333,-0.545878,-9.888053
1827465241,0.284910,-0.500388,-9.861717
1827466416,0.313640,-0.490811,-9.835381
1827467597,0.325611,-0.476446,-9.809045
1827468779,0.342371,-0.471658,-9.864111
1827469967,0.308852,-0.462081,-9.835381
1827471151,0.313640,-0.486023,-9.868899
1827472341,0.351948,-0.481235,-9.923966
1827473525,0.301669,-0.490811,-9.878476
1827474707,0.347159,-0.481235,-9.892841
1827475906,0.361524,-0.500388,-9.902418
1827477094,0.378284,-0.483629,-9.892841
1827478274,0.363919,-0.514753,-9.816227
1827479457,0.390255,-0.512359,-9.830592
1827480639,0.349553,-0.505177,-9.777920
1827481832,0.294487,-0.478840,-9.804255
1827483019,0.359130,-0.481235,-9.823410
1827484211,0.363919,-0.452504,-9.830592
1827485386,0.332794,-0.474052,-9.770737
1827486571,0.311246,-0.500388,-9.852140
1827487747,0.292093,-0.486023,-9.907207
1827488932,0.335188,-0.476446,-9.832987
1827490114,0.299275,-0.474052,-9.928755
1827491309,0.311246,-0.471658,-9.904813
1827492492,0.306458,-0.464475,-9.777920
1827493683,0.251391,-0.466869,-9.813833
1827494878,0.241814,-0.435745,-9.780313
1827496071,0.311246,-0.497994,-9.844957
1827497259,0.375890,-0.526724,-9.844957
1827498440,0.292093,-0.533907,-9.823410
1827499625,0.229843,-0.562637,-9.730036
1827500816,0.167594,-0.490811,-9.708488
1827502000,0.304064,-0.433351,-9.706094
1827503185,0.356736,-0.385466,-9.794679
1827504359,0.337582,-0.395043,-9.993398
1827505546,0.234632,-0.435745,-9.947908
1827506730,0.107739,-0.524330,-10.026917
1827507915,0.043096,-0.512359,-10.132261
1827509100,0.241814,-0.641646,-10.005369
1827510291,0.241814,-0.720655,-10.041282
1827511474,0.172383,-0.656011,-9.713276
1827512662,0.098162,-0.512359,-9.409213
1827513859,0.318429,-0.383072,-10.034100
1827515054,0.347159,-0.402226,-10.022128
1827516240,0.363919,-0.574608,-9.662998
1827517421,0.387861,-0.627281,-9.804255
1827518599,0.526724,-0.505177,-9.713276
1827519787,0.469264,-0.586579,-9.325416
1827520970,0.445322,-0.665588,-9.490616
1827522162,0.359130,-0.519542,-9.109938
1827523346,0.392649,-0.481235,-8.939949
1827524530,0.483629,-0.517148,-9.471462
1827525712,0.502782,-0.557849,-9.318233
1827526910,0.497994,-0.557849,-9.203311
1827528096,0.466869,-0.526724,-9.569624
1827529283,0.428562,-0.533907,-9.720459
1827530460,0.457293,-0.541090,-9.947908
1827531646,0.519542,-0.572214,-10.046070
1827532834,0.581791,-0.538695,-10.216059
1827534028,0.428562,-0.507571,-9.919178
1827535208,0.375890,-0.555455,-9.900024
1827536387,0.316035,-0.567426,-10.017340
1827537569,0.301669,-0.620098,-10.058042
1827538750,0.409408,-0.565032,-10.256760
1827539928,0.478840,-0.603339,-10.335769
1827541115,0.452504,-0.550666,-10.070012
1827542299,0.313640,-0.502782,-9.837775
1827543485,0.318429,-0.517148,-9.844957
1827544672,0.320823,-0.466869,-9.976639
1827545873,0.318429,-0.452504,-9.969456
1827547066,0.373495,-0.531513,-10.242394
1827548260,0.447716,-0.533907,-10.115502
1827549435,0.371101,-0.586579,-10.072407
1827550618,0.342371,-0.677559,-9.890448
1827551804,0.359130,-0.699107,-9.928755
1827552994,0.363919,-0.603339,-9.888053
1827554175,0.380678,-0.538695,-9.876082
1827555356,0.385466,-0.507571,-9.943120
1827556542,0.344765,-0.466869,-10.000581
1827557732,0.265756,-0.474052,-10.153810
1827558911,0.253785,-0.478840,-10.058042
1827560101,0.244209,-0.593762,-9.957485
1827561286,0.270545,-0.679953,-9.823410
1827562473,0.306458,-0.562637,-9.725247
1827563656,0.232238,-0.454898,-9.725247
1827564860,0.172383,-0.471658,-9.694122
1827566052,0.055067,-0.488417,-9.991004
1827567240,0.038307,-0.531513,-9.864111
1827568416,0.004788,-0.519542,-9.792285
1827569604,0.107739,-0.567426,-9.801862
1827570783,0.079009,-0.502782,-9.651027
1827571967,0.050278,-0.495600,-9.318233
1827573148,0.179565,-0.500388,-9.323022
1827574337,0.256180,-0.411803,-9.430760
1827575511,0.229843,-0.409408,-9.457097
1827576693,0.208296,-0.414197,-9.646238
1827577888,0.232238,-0.390255,-9.876082
1827579077,0.280122,-0.428562,-10.062830
1827580259,0.248997,-0.562637,-9.957485
1827581440,0.325611,-0.553061,-9.811439
1827582618,0.284910,-0.502782,-9.969456
1827583809,0.191536,-0.411803,-9.967062
1827584994,0.263362,-0.339977,-9.670180
1827586180,0.313640,-0.368707,-10.177752
1827587357,0.248997,-0.351948,-10.235212
1827588544,0.263362,-0.478840,-10.259154
1827589728,0.294487,-0.586579,-10.290278
1827590913,0.330400,-0.586579,-10.165780
1827592095,0.351948,-0.598550,-9.959879
1827593282,0.263362,-0.586579,-9.672575
1827594459,0.265756,-0.617704,-9.521740
1827595647,0.339977,-0.603339,-9.445126
1827596832,0.330400,-0.512359,-9.509769
1827598023,0.342371,-0.478840,-9.854534
1827599204,0.447716,-0.426168,-10.230424
1827600385,0.481235,-0.454898,-10.144233
1827601570,0.459687,-0.474052,-10.110714
1827602753,0.440533,-0.474052,-9.976639
1827603931,0.385466,-0.430956,-9.892841
1827605118,0.438139,-0.445322,-9.969456
1827606309,0.452504,-0.493206,-10.048465
1827607500,0.447716,-0.478840,-9.998186
1827608689,0.450110,-0.442927,-10.043676
1827609887,0.438139,-0.438139,-10.144233
1827611077,0.390255,-0.409408,-10.096349
1827612263,0.442927,-0.409408,-10.117896
1827613438,0.490811,-0.392649,-10.201694
1827614622,0.505177,-0.430956,-10.067618
1827615807,0.500388,-0.438139,-9.859323
1827616997,0.486023,-0.433351,-9.684546
1827618179,0.481235,-0.452504,-9.787497
1827619360,0.538695,-0.497994,-9.797073
1827620542,0.521936,-0.500388,-9.730036
1827621732,0.533907,-0.500388,-9.746795
1827622913,0.574608,-0.464475,-9.787497
1827624103,0.512359,-0.392649,-9.837775
1827625290,0.486023,-0.430956,-9.821015
1827626476,0.512359,-0.486023,-9.979033
1827627659,0.454898,-0.462081,-9.976639
1827628861,0.430956,-0.433351,-10.000581
1827630052,0.418985,-0.488417,-10.000581
1827631241,0.294487,-0.531513,-9.940725
1827632418,0.251391,-0.488417,-9.926360
1827633601,0.301669,-0.524330,-9.904813
1827634783,0.414197,-0.526724,-9.938332
1827635970,0.397437,-0.517148,-9.842564
1827637158,0.450110,-0.395043,-9.959879
1827638347,0.373495,-0.371101,-9.971850
1827639530,0.390255,-0.407014,-9.986216
1827640714,0.459687,-0.478840,-9.983821
1827641911,0.474052,-0.505177,-10.072407
1827643100,0.483629,-0.531513,-9.967062
1827644282,0.514753,-0.521936,-9.864111
1827645471,0.486023,-0.500388,-9.900024
1827646651,0.493206,-0.462081,-9.943120
1827647840,0.428562,-0.454898,-10.024523
1827649029,0.438139,-0.457293,-9.976639
1827650216,0.359130,-0.538695,-10.149021
1827651392,0.347159,-0.622492,-10.096349
1827652584,0.306458,-0.584185,-10.127473
1827653766,0.301669,-0.577003,-10.034100
1827654954,0.347159,-0.565032,-10.005369
1827656139,0.457293,-0.464475,-9.907207
1827657329,0.450110,-0.469264,-9.871294
1827658504,0.440533,-0.442927,-9.797073
1827659685,0.438139,-0.486023,-9.713276
1827660879,0.478840,-0.497994,-9.737218
1827662068,0.402226,-0.553061,-9.835381
1827663254,0.397437,-0.538695,-9.952697
1827664436,0.373495,-0.507571,-9.871294
1827665619,0.320823,-0.450110,-9.703699
1827666808,0.325611,-0.457293,-9.684546
1827667994,0.306458,-0.407014,-9.725247
1827669180,0.407014,-0.447716,-9.904813
1827670356,0.459687,-0.438139,-9.986216
1827671547,0.457293,-0.469264,-9.859323
1827672738,0.450110,-0.459687,-9.751583
1827673924,0.411803,-0.509965,-9.725247
1827675110,0.335188,-0.550666,-9.756371
1827676300,0.239420,-0.533907,-9.696517
1827677483,0.270545,-0.524330,-9.770737
1827678673,0.193930,-0.464475,-9.732430
1827679872,0.186748,-0.442927,-9.588778
1827681070,0.083797,-0.497994,-9.521740
1827682257,0.134075,-0.452504,-9.588778
1827683437,0.162806,-0.450110,-9.493010
1827684612,0.150835,-0.478840,-9.452309
1827685799,0.193930,-0.596156,-9.478644
1827686978,0.227449,-0.569820,-9.646238
1827688165,0.299275,-0.442927,-9.878476
1827689356,0.287304,-0.502782,-9.902418
1827690541,0.253785,-0.545878,-9.902418
1827691729,0.316035,-0.509965,-9.880871
1827692913,0.313640,-0.452504,-9.943120
1827694097,0.328006,-0.486023,-9.981427
1827695282,0.325611,-0.430956,-9.885659
1827696459,0.265756,-0.442927,-9.952697
1827697648,0.244209,-0.433351,-9.993398
1827698836,0.320823,-0.536301,-9.921572
1827700028,0.323217,-0.529119,-9.962274
1827701211,0.416591,-0.538695,-10.007763
1827702392,0.450110,-0.565032,-9.983821
1827703574,0.442927,-0.497994,-9.931149
1827704761,0.397437,-0.497994,-9.852140
1827705947,0.373495,-0.536301,-9.993398
1827707133,0.457293,-0.555455,-9.955091
1827708316,0.399832,-0.529119,-10.000581
1827709507,0.378284,-0.524330,-9.895236
1827710685,0.397437,-0.545878,-9.940725
1827711881,0.395043,-0.591368,-9.902418
1827713069,0.359130,-0.483629,-9.935937
1827714261,0.433351,-0.529119,-9.933543
1827715437,0.397437,-0.490811,-9.947908
1827716620,0.399832,-0.541090,-9.914390
1827717805,0.402226,-0.526724,-9.981427
1827718995,0.385466,-0.533907,-9.900024
1827720175,0.428562,-0.538695,-9.868899
1827721357,0.505177,-0.565032,-9.888053
1827722537,0.524330,-0.553061,-9.900024
1827723727,0.454898,-0.505177,-9.919178
1827724914,0.445322,-0.502782,-9.904813
1827726103,0.423774,-0.507571,-9.991004
1827727288,0.454898,-0.517148,-9.923966
1827728476,0.418985,-0.502782,-9.911995
1827729660,0.502782,-0.553061,-9.780313
1827730861,0.454898,-0.509965,-9.782708
1827732052,0.392649,-0.493206,-9.816227
1827733242,0.452504,-0.500388,-9.818622
1827734417,0.421380,-0.514753,-9.840169
1827735605,0.407014,-0.493206,-9.854534
1827736787,0.366313,-0.533907,-9.821015
1827737973,0.368707,-0.548272,-9.782708
1827739159,0.375890,-0.536301,-9.753978
1827740349,0.354342,-0.541090,-9.830592
1827741526,0.351948,-0.517148,-9.734824
1827742709,0.318429,-0.464475,-9.686940
1827743907,0.330400,-0.536301,-9.732430
1827745095,0.349553,-0.555455,-9.646238
1827746277,0.378284,-0.500388,-9.710882
1827747458,0.332794,-0.512359,-9.804255
1827748641,0.320823,-0.627281,-9.866506
1827749833,0.342371,-0.557849,-9.830592
1827751022,0.387861,-0.526724,-9.756371
1827752214,0.356736,-0.521936,-9.801862
1827753401,0.339977,-0.505177,-9.792285
1827754592,0.363919,-0.493206,-9.859323
1827755775,0.339977,-0.476446,-9.864111
1827756967,0.323217,-0.469264,-9.888053
1827758153,0.304064,-0.529119,-9.873688
1827759342,0.296881,-0.529119,-9.847352
1827760519,0.270545,-0.471658,-9.892841
1827761699,0.292093,-0.514753,-9.995792
1827762893,0.253785,-0.517148,-10.012551
1827764081,0.248997,-0.497994,-9.911995
1827765263,0.270545,-0.450110,-9.856929
1827766442,0.306458,-0.445322,-9.854534
1827767629,0.225055,-0.495600,-9.801862
1827768818,0.213084,-0.560243,-9.763555
1827770003,0.270545,-0.550666,-9.873688
1827771186,0.316035,-0.562637,-9.931149
1827772360,0.323217,-0.560243,-10.019734
1827773546,0.332794,-0.502782,-10.002975
1827774728,0.347159,-0.517148,-9.868899
1827775921,0.316035,-0.509965,-9.818622
1827777107,0.282516,-0.517148,-9.813833
1827778298,0.328006,-0.581791,-9.873688
1827779480,0.359130,-0.486023,-9.856929
1827780671,0.325611,-0.529119,-9.892841
1827781871,0.363919,-0.555455,-9.825804
1827783069,0.423774,-0.598550,-9.907207
1827784255,0.344765,-0.548272,-9.902418
1827785435,0.361524,-0.509965,-10.060435
1827786613,0.313640,-0.557849,-10.014946
1827787804,0.328006,-0.481235,-10.012551
1827788986,0.351948,-0.505177,-9.986216
1827790173,0.423774,-0.538695,-10.034100
1827791353,0.337582,-0.507571,-10.089166
1827792539,0.332794,-0.524330,-10.074800
1827793725,0.332794,-0.545878,-9.998186
1827794918,0.328006,-0.548272,-9.962274
1827796102,0.318429,-0.577003,-10.002975
1827797291,0.294487,-0.514753,-10.055647
1827798472,0.332794,-0.610521,-9.914390
1827799660,0.363919,-0.569820,-9.840169
1827800857,0.277727,-0.517148,-9.756371
1827802051,0.270545,-0.507571,-9.787497
1827803232,0.258574,-0.502782,-9.734824
1827804413,0.282516,-0.519542,-9.698911
1827805598,0.299275,-0.478840,-9.737218
1827806786,0.275333,-0.538695,-9.631873
1827807969,0.265756,-0.536301,-9.581595
1827809160,0.270545,-0.545878,-9.624691
1827810345,0.294487,-0.507571,-9.694122
1827811528,0.325611,-0.565032,-9.674969
1827812706,0.332794,-0.521936,-9.792285
1827813909,0.359130,-0.490811,-9.761160
1827815094,0.292093,-0.505177,-9.689334
1827816280,0.296881,-0.409408,-9.698911
1827817456,0.375890,-0.469264,-9.885659
1827818643,0.395043,-0.514753,-9.878476
1827819831,0.368707,-0.514753,-9.885659
1827821024,0.356736,-0.466869,-9.940725
1827822205,0.328006,-0.462081,-9.897630
1827823395,0.270545,-0.488417,-9.892841
1827824573,0.342371,-0.466869,-9.892841
1827825760,0.318429,-0.502782,-9.904813
1827826938,0.289698,-0.490811,-9.933543
1827828125,0.289698,-0.526724,-9.890448
1827829306,0.287304,-0.541090,-9.868899
1827830492,0.323217,-0.507571,-9.631873
1827831679,0.299275,-0.519542,-9.799467
1827832884,0.323217,-0.514753,-9.773131
1827834073,0.335188,-0.502782,-9.746795
1827835265,0.306458,-0.521936,-9.756371
1827836441,0.407014,-0.433351,-9.959879
1827837623,0.349553,-0.423774,-9.962274
1827838810,0.323217,-0.430956,-10.002975
1827839999,0.311246,-0.407014,-10.177752
1827841182,0.313640,-0.526724,-10.256760
1827842368,0.383072,-0.610521,-10.153810
1827843544,0.339977,-0.521936,-9.952697
1827844739,0.268151,-0.476446,-9.785102
1827845920,0.253785,-0.478840,-9.653421
1827847112,0.311246,-0.430956,-9.483433
1827848297,0.330400,-0.505177,-9.579201
1827849482,0.361524,-0.466869,-9.727641
1827850669,0.339977,-0.452504,-9.665392
1827851874,0.239420,-0.399832,-9.821015
1827853067,0.332794,-0.464475,-9.983821
1827854259,0.292093,-0.519542,-9.849746
1827855434,0.313640,-0.605733,-9.459491
1827856616,0.387861,-0.644040,-9.521740
1827857795,0.354342,-0.514753,-9.351752
1827858983,0.320823,-0.409408,-9.165004
1827860162,0.284910,-0.397437,-9.512163
1827861353,0.268151,-0.347159,-9.878476
1827862540,0.323217,-0.505177,-10.163386
1827863733,0.306458,-0.658405,-10.050858
1827864912,0.299275,-0.610521,-9.854534
1827866102,0.311246,-0.493206,-9.634268
1827867284,0.251391,-0.399832,-9.514558
1827868473,0.215478,-0.488417,-9.229648
1827869657,0.351948,-0.579397,-9.679757
1827870860,0.414197,-0.512359,-10.062830
1827872051,0.399832,-0.478840,-10.055647
1827873242,0.383072,-0.521936,-9.959879
1827874418,0.246603,-0.512359,-10.031705
1827875604,0.246603,-0.596156,-9.789890
1827876786,0.287304,-0.632069,-9.665392
1827877972,0.390255,-0.646434,-9.619903
1827879159,0.387861,-0.579397,-9.670180
1827880348,0.380678,-0.502782,-9.763555
1827881526,0.239420,-0.543484,-9.900024
1827882707,0.301669,-0.562637,-10.000581
1827883903,0.277727,-0.672771,-10.079589
1827885094,0.316035,-0.691924,-10.007763
1827886276,0.339977,-0.656011,-9.979033
1827887456,0.330400,-0.598550,-9.919178
1827888643,0.253785,-0.596156,-9.844957
1827889836,0.282516,-0.538695,-9.935937
1827891025,0.277727,-0.555455,-9.981427
1827892211,0.330400,-0.586579,-9.993398
1827893386,0.368707,-0.634463,-10.012551
1827894574,0.404620,-0.646434,-9.828198
1827895752,0.380678,-0.658405,-9.842564
1827896938,0.385466,-0.588974,-9.861717
1827898121,0.361524,-0.605733,-9.890448
1827899315,0.363919,-0.615310,-9.885659
1827900501,0.397437,-0.574608,-9.914390
1827901694,0.438139,-0.615310,-9.849746
1827902885,0.462081,-0.612916,-9.876082
1827904078,0.433351,-0.521936,-9.940725
1827905260,0.418985,-0.569820,-9.911995
1827906438,0.416591,-0.596156,-9.892841
1827907617,0.476446,-0.560243,-9.902418
1827908808,0.457293,-0.586579,-9.849746
1827909993,0.478840,-0.579397,-9.818622
1827911180,0.433351,-0.553061,-9.806650
1827912361,0.454898,-0.526724,-9.780313
1827913550,0.452504,-0.586579,-9.866506
1827914732,0.454898,-0.533907,-9.940725
1827915916,0.416591,-0.577003,-9.866506
1827917100,0.371101,-0.632069,-9.852140
1827918289,0.375890,-0.581791,-9.797073
1827919471,0.320823,-0.596156,-9.792285
1827920654,0.323217,-0.524330,-9.873688
1827921852,0.361524,-0.543484,-9.983821
1827923049,0.375890,-0.541090,-9.938332
1827924230,0.380678,-0.562637,-9.885659
1827925411,0.354342,-0.553061,-9.832987
1827926587,0.354342,-0.536301,-9.878476
1827927772,0.301669,-0.526724,-9.919178
1827928954,0.289698,-0.502782,-9.962274
1827930144,0.328006,-0.488417,-9.947908
1827931325,0.344765,-0.526724,-9.892841
1827932512,0.268151,-0.445322,-9.897630
1827933690,0.289698,-0.435745,-9.911995
1827934890,0.347159,-0.450110,-9.897630
1827936074,0.435745,-0.466869,-9.979033
1827937260,0.416591,-0.459687,-9.969456
1827938436,0.366313,-0.471658,-9.888053
1827939619,0.366313,-0.435745,-9.940725
1827940805,0.383072,-0.438139,-9.931149
1827941995,0.363919,-0.502782,-9.979033
1827943176,0.320823,-0.488417,-10.031705
1827944361,0.328006,-0.438139,-9.890448
1827945540,0.335188,-0.450110,-9.914390
1827946731,0.339977,-0.445322,-9.926360
1827947911,0.371101,-0.464475,-9.844957
1827949101,0.332794,-0.447716,-9.854534
1827950287,0.450110,-0.442927,-9.809045
1827951473,0.435745,-0.411803,-9.761160
1827952656,0.351948,-0.481235,-9.725247
1827953859,0.349553,-0.428562,-9.684546
1827955051,0.330400,-0.399832,-9.744401
1827956236,0.347159,-0.428562,-9.844957
1827957413,0.304064,-0.462081,-9.797073
1827958590,0.325611,-0.447716,-9.878476
1827959774,0.335188,-0.435745,-9.816227
1827960966,0.323217,-0.371101,-9.746795
1827962149,0.339977,-0.385466,-9.818622
1827963340,0.337582,-0.435745,-9.871294
1827964519,0.354342,-0.385466,-9.823410
1827965701,0.308852,-0.423774,-9.744401
1827966895,0.359130,-0.404620,-9.799467
1827968081,0.428562,-0.380678,-9.761160
1827969262,0.380678,-0.399832,-9.682152
1827970443,0.351948,-0.407014,-9.679757
1827971629,0.270545,-0.416591,-9.746795
1827972822,0.294487,-0.411803,-9.787497
1827974015,0.306458,-0.426168,-9.734824
1827975204,0.284910,-0.404620,-9.698911
1827976379,0.323217,-0.402226,-9.686940
1827977564,0.320823,-0.354342,-9.832987
1827978748,0.354342,-0.414197,-9.801862
1827979934,0.296881,-0.421380,-9.876082
1827981116,0.272939,-0.375890,-9.900024
1827982304,0.325611,-0.411803,-9.866506
1827983487,0.292093,-0.430956,-9.919178
1827984677,0.232238,-0.440533,-9.940725
1827985876,0.239420,-0.466869,-9.864111
1827987065,0.241814,-0.459687,-9.876082
1827988250,0.292093,-0.457293,-9.938332
1827989431,0.287304,-0.464475,-9.890448
1827990609,0.349553,-0.478840,-9.943120
1827991793,0.375890,-0.493206,-9.892841
1827992975,0.294487,-0.450110,-9.885659
1827994166,0.282516,-0.438139,-9.842564
1827995357,0.277727,-0.462081,-9.911995
1827996543,0.229843,-0.442927,-9.883265
1827997732,0.260968,-0.483629,-9.859323
1827998917,0.246603,-0.509965,-9.837775
1828000102,0.280122,-0.474052,-9.890448
1828001290,0.258574,-0.474052,-9.864111
1828002474,0.270545,-0.454898,-9.923966
1828003661,0.186748,-0.553061,-9.890448
1828004859,0.246603,-0.565032,-9.928755
1828006054,0.282516,-0.533907,-9.947908
1828007239,0.246603,-0.514753,-9.804255
1828008419,0.263362,-0.517148,-9.911995
1828009598,0.232238,-0.533907,-9.761160
1828010785,0.229843,-0.567426,-9.897630
1828011967,0.304064,-0.560243,-9.825804
1828013155,0.232238,-0.514753,-9.856929
1828014339,0.253785,-0.512359,-9.832987
1828015522,0.304064,-0.517148,-9.830592
1828016699,0.296881,-0.529119,-9.883265
1828017902,0.299275,-0.562637,-9.933543
1828019085,0.332794,-0.591368,-9.878476
1828020273,0.282516,-0.596156,-9.830592
1828021444,0.287304,-0.574608,-9.921572
1828022629,0.270545,-0.634463,-9.921572
1828023817,0.311246,-0.600945,-9.883265
1828025013,0.378284,-0.600945,-9.744401
1828026197,0.351948,-0.586579,-9.739613
1828027387,0.339977,-0.612916,-9.888053
1828028565,0.318429,-0.605733,-9.916783
1828029748,0.313640,-0.605733,-9.957485
1828030930,0.335188,-0.615310,-9.955091
1828032116,0.320823,-0.553061,-10.007763
1828033300,0.363919,-0.562637,-9.974244
1828034489,0.371101,-0.622492,-9.856929
1828035675,0.253785,-0.574608,-9.945514
1828036879,0.275333,-0.588974,-9.955091
1828038066,0.301669,-0.533907,-9.955091
1828039254,0.301669,-0.586579,-9.926360
1828040430,0.354342,-0.627281,-9.969456
1828041619,0.366313,-0.658405,-9.955091
1828042805,0.275333,-0.634463,-9.935937
1828043995,0.301669,-0.572214,-10.034100
1828045176,0.280122,-0.591368,-10.034100
1828046357,0.335188,-0.593762,-9.943120
1828047535,0.335188,-0.577003,-9.971850
1828048726,0.313640,-0.596156,-9.868899
1828049914,0.280122,-0.653617,-9.993398
1828051104,0.284910,-0.624887,-10.022128
1828052289,0.272939,-0.588974,-10.007763
1828053477,0.282516,-0.572214,-10.000581
1828054660,0.311246,-0.579397,-9.926360
1828055862,0.320823,-0.555455,-9.871294
1828057054,0.313640,-0.531513,-9.859323
1828058244,0.335188,-0.557849,-9.852140
1828059420,0.265756,-0.550666,-9.880871
1828060603,0.308852,-0.574608,-9.861717
1828061785,0.316035,-0.550666,-9.830592
1828062971,0.299275,-0.500388,-9.758766
1828064157,0.304064,-0.493206,-9.840169
1828065345,0.306458,-0.517148,-9.923966
1828066529,0.328006,-0.507571,-9.782708
1828067710,0.363919,-0.531513,-9.868899
1828068908,0.349553,-0.541090,-9.804255
1828070097,0.282516,-0.524330,-9.794679
1828071276,0.251391,-0.548272,-9.871294
1828072458,0.318429,-0.562637,-9.816227
1828073642,0.289698,-0.557849,-9.871294
1828074836,0.347159,-0.521936,-9.775525
1828076025,0.325611,-0.512359,-9.794679
1828077217,0.335188,-0.529119,-9.871294
1828078394,0.320823,-0.478840,-9.885659
1828079584,0.294487,-0.478840,-9.852140
1828080765,0.383072,-0.481235,-9.921572
1828081955,0.330400,-0.483629,-9.921572
1828083136,0.311246,-0.524330,-9.974244
1828084326,0.323217,-0.526724,-9.852140
1828085508,0.395043,-0.502782,-9.902418
1828086688,0.397437,-0.433351,-9.883265
1828087883,0.306458,-0.464475,-9.952697
1828089076,0.399832,-0.452504,-9.979033
1828090256,0.414197,-0.447716,-10.065224
1828091437,0.411803,-0.450110,-10.041282
1828092614,0.373495,-0.521936,-9.926360
1828093805,0.450110,-0.486023,-9.935937
1828094986,0.404620,-0.488417,-9.931149
1828096172,0.402226,-0.440533,-9.950302
1828097361,0.344765,-0.483629,-9.933543
1828098548,0.354342,-0.500388,-9.861717
1828099736,0.316035,-0.493206,-9.940725
1828100922,0.265756,-0.430956,-9.986216
1828102109,0.277727,-0.471658,-9.923966
1828103300,0.373495,-0.519542,-9.895236
1828104484,0.354342,-0.464475,-9.892841
1828105676,0.416591,-0.440533,-9.897630
1828106875,0.414197,-0.414197,-9.830592
1828108073,0.433351,-0.385466,-9.909601
1828109259,0.383072,-0.387861,-9.900024
1828110438,0.383072,-0.397437,-9.876082
1828111621,0.402226,-0.440533,-9.844957
1828112811,0.387861,-0.438139,-9.861717
1828113997,0.344765,-0.440533,-9.859323
1828115184,0.318429,-0.428562,-9.914390
1828116361,0.328006,-0.452504,-9.993398
1828117546,0.306458,-0.438139,-9.842564
1828118728,0.313640,-0.430956,-9.818622
1828119920,0.383072,-0.411803,-9.885659
1828121104,0.354342,-0.399832,-9.878476
1828122295,0.363919,-0.416591,-9.840169
1828123478,0.347159,-0.428562,-9.897630
1828124666,0.361524,-0.430956,-9.832987
1828125864,0.332794,-0.418985,-9.804255
1828127060,0.339977,-0.450110,-9.890448
1828128244,0.265756,-0.407014,-9.837775
1828129425,0.258574,-0.430956,-9.880871
1828130603,0.299275,-0.452504,-9.876082
1828131790,0.239420,-0.478840,-9.830592
1828132971,0.253785,-0.404620,-9.780313
1828134161,0.234632,-0.409408,-9.758766
1828135346,0.287304,-0.426168,-9.691729
1828136533,0.275333,-0.481235,-9.835381
1828137722,0.287304,-0.421380,-9.926360
1828138911,0.308852,-0.440533,-9.780313
1828140095,0.306458,-0.450110,-9.813833
1828141280,0.284910,-0.505177,-9.832987
1828142457,0.308852,-0.497994,-9.792285
1828143643,0.311246,-0.452504,-9.794679
1828144831,0.347159,-0.447716,-9.828198
1828146023,0.351948,-0.459687,-9.806650
1828147208,0.335188,-0.423774,-9.794679
1828148390,0.356736,-0.454898,-9.830592
1828149573,0.347159,-0.462081,-9.876082
1828150756,0.380678,-0.481235,-9.859323
1828151938,0.304064,-0.411803,-9.821015
1828153123,0.335188,-0.428562,-9.801862
1828154301,0.299275,-0.469264,-9.828198
1828155486,0.339977,-0.509965,-9.825804
1828156672,0.351948,-0.462081,-9.813833
1828157876,0.282516,-0.514753,-9.758766
1828159070,0.294487,-0.526724,-9.746795
1828160262,0.361524,-0.545878,-9.763555
1828161439,0.392649,-0.548272,-9.773131
1828162622,0.328006,-0.557849,-9.789890
1828163808,0.311246,-0.490811,-9.821015
1828164994,0.328006,-0.474052,-9.789890
1828166174,0.356736,-0.486023,-9.744401
1828167359,0.332794,-0.474052,-9.876082
1828168545,0.339977,-0.495600,-9.900024
1828169734,0.332794,-0.533907,-9.902418
1828170914,0.306458,-0.526724,-9.907207
1828172103,0.339977,-0.533907,-9.861717
1828173285,0.339977,-0.550666,-9.854534
1828174473,0.328006,-0.545878,-9.866506
1828175655,0.366313,-0.555455,-9.823410
1828176855,0.339977,-0.560243,-9.832987
1828178043,0.287304,-0.572214,-9.900024
1828179228,0.323217,-0.565032,-9.832987
1828180404,0.308852,-0.560243,-9.818622
1828181595,0.363919,-0.557849,-9.777920
1828182778,0.284910,-0.555455,-9.885659
1828183970,0.294487,-0.610521,-9.861717
1828185157,0.263362,-0.490811,-9.780313
1828186347,0.311246,-0.521936,-9.890448
1828187525,0.337582,-0.526724,-9.876082
1828188708,0.325611,-0.543484,-9.933543
1828189906,0.328006,-0.557849,-9.904813
1828191095,0.399832,-0.574608,-9.916783
1828192274,0.390255,-0.584185,-9.888053
1828193449,0.320823,-0.565032,-9.888053
1828194630,0.294487,-0.553061,-9.897630
1828195822,0.344765,-0.555455,-9.921572
1828197016,0.373495,-0.572214,-9.844957
1828198207,0.375890,-0.622492,-9.907207
1828199382,0.399832,-0.632069,-9.900024
1828200565,0.375890,-0.632069,-9.914390
1828201748,0.289698,-0.651223,-9.935937
1828202935,0.380678,-0.572214,-9.866506
1828204117,0.409408,-0.531513,-9.861717
1828205306,0.450110,-0.517148,-9.844957
1828206489,0.426168,-0.577003,-9.926360
1828207678,0.407014,-0.555455,-10.000581
1828208876,0.397437,-0.574608,-9.981427
1828210074,0.344765,-0.586579,-9.856929
1828211262,0.320823,-0.581791,-9.907207
1828212439,0.320823,-0.572214,-9.931149
1828213617,0.354342,-0.605733,-9.902418
1828214808,0.371101,-0.569820,-9.964667
1828215987,0.404620,-0.603339,-9.928755
1828217169,0.414197,-0.557849,-9.844957
1828218361,0.368707,-0.550666,-9.830592
1828219543,0.368707,-0.581791,-9.897630
1828220730,0.395043,-0.560243,-9.959879
1828221918,0.349553,-0.608127,-9.890448
1828223103,0.373495,-0.596156,-9.919178
1828224292,0.399832,-0.624887,-9.888053
1828225473,0.363919,-0.514753,-9.885659
1828226662,0.481235,-0.557849,-9.878476
1828227860,0.440533,-0.624887,-9.835381
1828229056,0.397437,-0.557849,-9.832987
1828230241,0.371101,-0.526724,-9.847352
1828231422,0.371101,-0.560243,-9.861717
1828232600,0.371101,-0.574608,-9.866506
1828233786,0.380678,-0.548272,-9.883265
1828234968,0.402226,-0.500388,-9.904813
1828236157,0.411803,-0.493206,-9.878476
1828237342,0.390255,-0.557849,-9.789890
1828238529,0.347159,-0.574608,-9.811439
1828239707,0.328006,-0.512359,-9.763555
1828240908,0.337582,-0.531513,-9.746795
1828242095,0.397437,-0.533907,-9.789890
1828243281,0.318429,-0.533907,-9.789890
1828244457,0.301669,-0.493206,-9.885659
1828245649,0.368707,-0.512359,-9.818622
1828246838,0.390255,-0.531513,-9.801862
1828248030,0.325611,-0.466869,-9.756371
1828249213,0.313640,-0.445322,-9.696517
1828250394,0.292093,-0.488417,-9.742006
1828251576,0.349553,-0.529119,-9.737218
1828252763,0.366313,-0.509965,-9.749189
1828253948,0.349553,-0.490811,-9.756371
1828255135,0.344765,-0.486023,-9.794679
1828256320,0.337582,-0.505177,-9.823410
1828257511,0.277727,-0.493206,-9.780313
1828258688,0.325611,-0.481235,-9.742006
1828259887,0.390255,-0.531513,-9.780313
1828261074,0.387861,-0.454898,-9.792285
1828262267,0.328006,-0.476446,-9.892841
1828263442,0.392649,-0.519542,-9.780313
1828264625,0.339977,-0.493206,-9.785102
1828265811,0.339977,-0.524330,-9.830592
1828267000,0.375890,-0.507571,-9.816227
1828268182,0.361524,-0.497994,-9.823410
1828269363,0.344765,-0.471658,-9.856929
1828270546,0.313640,-0.514753,-9.866506
1828271732,0.344765,-0.497994,-9.775525
1828272913,0.337582,-0.478840,-9.742006
1828274102,0.351948,-0.533907,-9.768343
1828275284,0.375890,-0.447716,-9.809045
1828276471,0.371101,-0.486023,-9.832987
1828277653,0.363919,-0.462081,-9.780313
1828278855,0.387861,-0.519542,-9.768343
1828280044,0.380678,-0.500388,-9.744401
1828281228,0.387861,-0.466869,-9.753978
1828282405,0.344765,-0.490811,-9.744401
1828283595,0.323217,-0.529119,-9.768343
1828284779,0.359130,-0.505177,-9.828198
1828285971,0.342371,-0.502782,-9.794679
1828287158,0.311246,-0.488417,-9.835381
1828288348,0.349553,-0.476446,-9.801862
1828289532,0.366313,-0.512359,-9.756371
1828290725,0.342371,-0.483629,-9.715671
1828291912,0.332794,-0.486023,-9.828198
1828293102,0.359130,-0.466869,-9.816227
1828294285,0.335188,-0.483629,-9.794679
1828295473,0.332794,-0.474052,-9.854534
1828296654,0.318429,-0.442927,-9.818622
1828297857,0.387861,-0.462081,-9.835381
1828299043,0.375890,-0.514753,-9.878476
1828300229,0.332794,-0.512359,-9.830592
1828301406,0.306458,-0.548272,-9.797073
1828302596,0.284910,-0.565032,-9.780313
1828303778,0.296881,-0.553061,-9.859323
1828304970,0.301669,-0.500388,-9.835381
1828306154,0.260968,-0.514753,-9.852140
1828307344,0.277727,-0.512359,-9.835381
1828308523,0.287304,-0.459687,-9.880871
1828309705,0.282516,-0.497994,-9.902418
1828310899,0.325611,-0.536301,-9.856929
1828312083,0.311246,-0.577003,-9.902418
1828313264,0.304064,-0.550666,-9.962274
1828314444,0.234632,-0.519542,-9.935937
1828315622,0.294487,-0.517148,-9.835381
1828316814,0.342371,-0.533907,-9.861717
1828318000,0.335188,-0.529119,-9.873688
1828319187,0.339977,-0.521936,-9.907207
1828320373,0.318429,-0.512359,-9.873688
1828321555,0.316035,-0.548272,-9.911995
1828322740,0.330400,-0.531513,-9.895236
1828323925,0.280122,-0.560243,-9.914390
1828325111,0.330400,-0.536301,-9.897630
1828326298,0.380678,-0.567426,-9.926360
1828327481,0.335188,-0.500388,-9.926360
1828328668,0.320823,-0.514753,-9.852140
1828329865,0.323217,-0.548272,-9.928755
1828331062,0.320823,-0.497994,-10.002975
1828332247,0.339977,-0.550666,-9.904813
1828333427,0.342371,-0.557849,-9.911995
1828334611,0.306458,-0.577003,-9.933543
1828335797,0.260968,-0.533907,-9.902418
1828336978,0.313640,-0.519542,-9.919178
1828338163,0.390255,-0.548272,-9.864111
1828339349,0.378284,-0.550666,-9.847352
1828340532,0.356736,-0.529119,-9.859323
1828341711,0.368707,-0.541090,-9.873688
1828342910,0.330400,-0.562637,-9.904813
1828344088,0.359130,-0.538695,-9.916783
1828345275,0.363919,-0.536301,-9.923966
1828346446,0.292093,-0.584185,-9.780313
1828347631,0.270545,-0.538695,-9.837775
1828348820,0.349553,-0.531513,-9.864111
1828350016,0.339977,-0.529119,-9.847352
1828351203,0.339977,-0.538695,-9.832987
1828352392,0.337582,-0.447716,-9.921572
1828353571,0.306458,-0.478840,-9.945514
1828354753,0.347159,-0.548272,-9.916783
1828355936,0.339977,-0.579397,-9.892841
1828357123,0.404620,-0.512359,-9.909601
1828358312,0.361524,-0.519542,-9.871294
1828359504,0.299275,-0.514753,-9.880871
1828360692,0.318429,-0.529119,-9.861717
1828361892,0.359130,-0.536301,-9.883265
1828363077,0.328006,-0.519542,-9.883265
1828364261,0.390255,-0.505177,-9.916783
1828365436,0.392649,-0.476446,-9.883265
1828366620,0.318429,-0.440533,-9.823410
1828367806,0.402226,-0.519542,-9.782708
1828368992,0.397437,-0.565032,-9.876082
1828370174,0.308852,-0.524330,-9.950302
1828371367,0.349553,-0.517148,-9.873688
1828372554,0.339977,-0.481235,-9.921572
1828373744,0.320823,-0.497994,-9.823410
1828374925,0.371101,-0.548272,-9.804255
1828376116,0.328006,-0.490811,-9.907207
1828377299,0.330400,-0.497994,-9.900024
1828378484,0.339977,-0.497994,-9.794679
1828379668,0.316035,-0.502782,-9.799467
1828380870,0.325611,-0.541090,-9.813833
1828382059,0.318429,-0.529119,-9.856929
1828383250,0.316035,-0.533907,-9.830592
1828384425,0.339977,-0.536301,-9.837775
1828385608,0.349553,-0.452504,-9.782708
1828386791,0.356736,-0.474052,-9.773131
1828387977,0.356736,-0.490811,-9.818622
1828389158,0.363919,-0.493206,-9.856929
1828390348,0.387861,-0.529119,-9.866506
1828391526,0.323217,-0.524330,-9.883265
1828392709,0.351948,-0.466869,-9.859323
1828393908,0.390255,-0.519542,-9.868899
1828395098,0.311246,-0.517148,-9.840169
1828396280,0.404620,-0.488417,-9.909601
1828397460,0.361524,-0.466869,-9.828198
1828398644,0.332794,-0.447716,-9.895236
1828399837,0.342371,-0.497994,-9.849746
1828401026,0.363919,-0.495600,-9.761160
1828402210,0.347159,-0.500388,-9.871294
1828403391,0.361524,-0.452504,-9.828198
1828404579,0.330400,-0.507571,-9.842564
1828405756,0.328006,-0.490811,-9.804255
1828406938,0.344765,-0.483629,-9.789890
1828408120,0.363919,-0.476446,-9.801862
1828409315,0.359130,-0.440533,-9.794679
1828410501,0.368707,-0.459687,-9.861717
1828411694,0.299275,-0.512359,-9.828198
1828412889,0.301669,-0.502782,-9.816227
1828414078,0.306458,-0.392649,-9.955091
1828415257,0.339977,-0.605733,-10.084377
1828416438,0.318429,-0.584185,-9.835381
1828417617,0.354342,-0.500388,-9.619903
1828418807,0.335188,-0.414197,-9.770737
1828419989,0.263362,-0.380678,-9.636662
1828421176,0.301669,-0.447716,-9.751583
1828422353,0.306458,-0.497994,-10.048465
1828423544,0.378284,-0.634463,-9.991004
1828424729,0.335188,-0.533907,-9.868899
1828425920,0.349553,-0.478840,-9.895236
1828427106,0.332794,-0.404620,-9.919178
1828428292,0.306458,-0.452504,-9.880871
1828429472,0.330400,-0.495600,-9.612720
1828430655,0.359130,-0.605733,-9.557653
1828431849,0.335188,-0.538695,-9.624691
1828433043,0.390255,-0.517148,-9.751583
1828434225,0.375890,-0.433351,-10.024523
1828435407,0.277727,-0.363919,-10.163386
1828436590,0.328006,-0.416591,-10.254366
1828437776,0.292093,-0.464475,-10.206482
1828438963,0.270545,-0.486023,-9.988609
1828440151,0.287304,-0.550666,-9.909601
1828441334,0.378284,-0.450110,-9.856929
1828442515,0.351948,-0.493206,-9.873688
1828443693,0.395043,-0.486023,-9.981427
1828444891,0.359130,-0.526724,-10.014946
1828446077,0.229843,-0.531513,-10.022128
1828447263,0.256180,-0.529119,-10.077195
1828448439,0.270545,-0.538695,-9.758766
1828449622,0.304064,-0.541090,-9.730036
1828450805,0.316035,-0.488417,-9.667787
1828451992,0.399832,-0.490811,-9.720459
1828453174,0.421380,-0.450110,-9.832987
1828454368,0.483629,-0.469264,-10.022128
1828455555,0.397437,-0.517148,-9.969456
1828456745,0.299275,-0.486023,-9.907207
1828457926,0.354342,-0.517148,-9.854534
1828459118,0.395043,-0.521936,-9.840169
1828460305,0.407014,-0.507571,-9.734824
1828461491,0.380678,-0.517148,-9.718064
1828462677,0.404620,-0.442927,-9.933543
1828463878,0.414197,-0.447716,-9.864111
1828465069,0.440533,-0.471658,-9.923966
1828466261,0.385466,-0.450110,-10.041282
1828467436,0.387861,-0.500388,-9.885659
1828468624,0.320823,-0.514753,-9.868899
1828469810,0.260968,-0.486023,-9.861717
1828471000,0.292093,-0.488417,-9.679757
1828472182,0.330400,-0.502782,-9.770737
1828473361,0.339977,-0.488417,-9.804255
1828474547,0.385466,-0.469264,-9.852140
1828475737,0.397437,-0.493206,-9.952697
1828476919,0.359130,-0.526724,-10.144233
1828478110,0.313640,-0.588974,-10.105926
1828479295,0.270545,-0.519542,-10.103531
1828480480,0.392649,-0.553061,-9.928755
1828481664,0.354342,-0.553061,-9.706094
1828482865,0.308852,-0.545878,-9.603143
1828484056,0.361524,-0.550666,-9.651027
1828485245,0.328006,-0.440533,-9.849746
1828486421,0.347159,-0.476446,-10.158598
1828487610,0.339977,-0.478840,-10.144233
1828488794,0.356736,-0.500388,-10.031705
1828489979,0.378284,-0.591368,-9.971850
1828491159,0.366313,-0.596156,-9.859323
1828492350,0.368707,-0.529119,-9.739613
1828493528,0.342371,-0.493206,-9.706094
1828494710,0.339977,-0.493206,-10.000581
1828495907,0.426168,-0.462081,-10.158598
1828497097,0.380678,-0.533907,-10.208876
1828498279,0.318429,-0.565032,-10.101137
1828499460,0.272939,-0.524330,-9.794679
1828500644,0.251391,-0.596156,-9.677363
1828501838,0.234632,-0.543484,-9.595961
1828503026,0.272939,-0.478840,-9.658210
1828504215,0.289698,-0.507571,-9.785102
1828505390,0.287304,-0.459687,-9.919178
1828506578,0.263362,-0.541090,-9.969456
1828507756,0.239420,-0.490811,-10.072407
1828508942,0.402226,-0.476446,-9.885659
1828510124,0.371101,-0.591368,-9.902418
1828511318,0.342371,-0.514753,-9.727641
1828512505,0.347159,-0.481235,-9.753978
1828513699,0.316035,-0.481235,-9.770737
1828514893,0.280122,-0.478840,-9.861717
1828516078,0.280122,-0.450110,-9.866506
1828517257,0.289698,-0.450110,-9.756371
1828518437,0.342371,-0.459687,-9.911995
1828519616,0.368707,-0.464475,-9.900024
1828520805,0.366313,-0.531513,-9.878476
1828521988,0.342371,-0.567426,-9.856929
1828523175,0.325611,-0.574608,-9.904813
1828524352,0.347159,-0.536301,-9.804255
1828525542,0.351948,-0.533907,-9.799467
1828526730,0.337582,-0.488417,-9.873688
1828527922,0.325611,-0.450110,-9.952697
1828529109,0.260968,-0.440533,-10.007763
1828530298,0.217872,-0.476446,-10.077195
1828531482,0.270545,-0.538695,-9.900024
1828532668,0.241814,-0.557849,-9.758766
1828533866,0.265756,-0.533907,-9.684546
1828535062,0.229843,-0.486023,-9.732430
1828536247,0.270545,-0.476446,-9.933543
1828537428,0.292093,-0.474052,-10.172963
1828538606,0.306458,-0.545878,-10.153810
1828539794,0.296881,-0.541090,-9.974244
1828540976,0.258574,-0.514753,-9.880871
1828542168,0.325611,-0.565032,-9.756371
1828543358,0.380678,-0.488417,-9.634268
1828544549,0.330400,-0.493206,-9.775525
1828545730,0.299275,-0.483629,-9.809045
1828546921,0.325611,-0.452504,-9.837775
1828548104,0.380678,-0.531513,-9.938332
1828549294,0.392649,-0.572214,-9.832987
1828550478,0.402226,-0.562637,-9.631873
1828551666,0.373495,-0.462081,-9.583989
1828552864,0.347159,-0.373495,-9.768343
1828554060,0.253785,-0.414197,-9.856929
1828555246,0.311246,-0.500388,-10.034100
1828556426,0.246603,-0.569820,-9.880871
1828557602,0.210690,-0.639252,-9.775525
1828558790,0.196325,-0.612916,-9.746795
1828559972,0.260968,-0.486023,-9.765948
1828561163,0.299275,-0.507571,-9.864111
1828562349,0.320823,-0.478840,-9.916783
1828563531,0.265756,-0.481235,-9.765948
1828564710,0.287304,-0.529119,-9.667787
1828565910,0.296881,-0.586579,-9.629479
1828567096,0.311246,-0.600945,-9.572019
1828568282,0.330400,-0.600945,-9.435549
1828569457,0.344765,-0.524330,-9.753978
1828570642,0.373495,-0.450110,-9.840169
1828571829,0.337582,-0.421380,-9.871294
1828573027,0.368707,-0.469264,-9.885659
1828574208,0.363919,-0.497994,-9.897630
1828575399,0.368707,-0.486023,-9.873688
1828576577,0.390255,-0.478840,-9.986216
1828577762,0.438139,-0.452504,-10.031705
1828578947,0.445322,-0.488417,-9.955091
1828580134,0.371101,-0.524330,-9.852140
1828581318,0.330400,-0.521936,-9.873688
1828582508,0.375890,-0.553061,-9.665392
1828583696,0.387861,-0.502782,-9.720459
1828584894,0.373495,-0.497994,-9.782708
1828586077,0.359130,-0.490811,-9.780313
1828587258,0.349553,-0.524330,-9.744401
1828588434,0.347159,-0.524330,-9.770737
1828589616,0.339977,-0.509965,-9.806650
1828590798,0.328006,-0.536301,-9.818622
1828591984,0.375890,-0.490811,-9.749189
1828593165,0.328006,-0.469264,-9.809045
1828594353,0.349553,-0.512359,-9.916783
1828595532,0.332794,-0.466869,-10.055647
1828596725,0.320823,-0.495600,-10.079589
1828597911,0.289698,-0.526724,-10.096349
1828599102,0.330400,-0.524330,-10.017340
1828600281,0.351948,-0.505177,-10.014946
1828601463,0.359130,-0.545878,-9.830592
1828602646,0.318429,-0.490811,-9.797073
1828608520,0.378284,-0.550666,-9.749189
1828609699,0.399832,-0.490811,-9.708488
1828610897,0.395043,-0.562637,-9.758766
1828612079,0.392649,-0.512359,-9.763555
1828613267,0.383072,-0.524330,-9.777920
1828614441,0.361524,-0.586579,-9.849746
1828615625,0.368707,-0.572214,-9.861717
1828616811,0.330400,-0.533907,-9.871294
1828618000,0.292093,-0.538695,-9.873688
1828619182,0.287304,-0.521936,-10.034100
1828620362,0.316035,-0.509965,-10.074800
1828621542,0.296881,-0.536301,-9.923966
1828622734,0.306458,-0.545878,-10.036493
1828623914,0.248997,-0.517148,-9.943120
1828625104,0.280122,-0.524330,-9.986216
1828626291,0.306458,-0.512359,-9.945514
1828627479,0.366313,-0.533907,-9.818622
1828628662,0.361524,-0.517148,-9.792285
1828629865,0.268151,-0.533907,-9.859323
1828631057,0.280122,-0.541090,-9.900024
1828632243,0.268151,-0.505177,-9.868899
1828633420,0.296881,-0.486023,-9.859323
1828634601,0.361524,-0.512359,-9.880871
1828635784,0.385466,-0.541090,-10.022128
1828636968,0.349553,-0.541090,-9.868899
1828638152,0.371101,-0.550666,-9.861717
1828639339,0.418985,-0.490811,-9.854534
1828640522,0.359130,-0.584185,-9.732430
1828641704,0.330400,-0.521936,-9.749189
1828642897,0.378284,-0.483629,-9.775525
1828644084,0.337582,-0.545878,-9.433155
1828645267,0.435745,-0.600945,-9.572019
1828646446,0.486023,-0.497994,-10.151415
1828647625,0.304064,-0.416591,-10.127473
1828648816,0.277727,-0.519542,-9.888053
1828650002,0.229843,-0.462081,-9.696517
1828651189,0.229843,-0.497994,-9.533711
1828652371,0.328006,-0.612916,-9.696517
1828653557,0.359130,-0.555455,-9.849746
1828654741,0.265756,-0.562637,-9.840169
1828655928,0.225055,-0.588974,-9.859323
1828657115,0.265756,-0.509965,-9.730036
1828658301,0.378284,-0.428562,-9.971850
1828659484,0.335188,-0.462081,-10.170568
1828660676,0.328006,-0.553061,-10.024523
1828661874,0.347159,-0.620098,-10.010158
1828663069,0.363919,-0.641646,-9.842564
1828664252,0.375890,-0.517148,-9.770737
1828665433,0.397437,-0.478840,-9.737218
1828666611,0.390255,-0.543484,-9.763555
1828667799,0.392649,-0.514753,-9.797073
1828668981,0.361524,-0.507571,-9.890448
1828670165,0.311246,-0.514753,-9.868899
1828671352,0.284910,-0.557849,-9.768343
1828672534,0.316035,-0.562637,-9.591172
1828673713,0.380678,-0.433351,-9.667787
1828674910,0.430956,-0.426168,-9.665392
1828676096,0.344765,-0.495600,-9.660604
1828677281,0.328006,-0.471658,-9.883265
1828678457,0.325611,-0.519542,-10.007763
1828679643,0.342371,-0.545878,-9.933543
1828680832,0.354342,-0.524330,-9.885659
1828682024,0.411803,-0.502782,-9.809045
1828683209,0.380678,-0.493206,-9.710882
1828684399,0.318429,-0.490811,-9.753978
1828685577,0.318429,-0.490811,-9.725247
1828686763,0.311246,-0.488417,-9.765948
1828687950,0.385466,-0.512359,-9.653421
1828689137,0.354342,-0.476446,-9.662998
1828690323,0.409408,-0.514753,-9.751583
1828691500,0.418985,-0.474052,-9.763555
1828692688,0.354342,-0.536301,-9.598354
1828693888,0.399832,-0.488417,-9.500193
1828695075,0.433351,-0.553061,-9.627085
1828696266,0.430956,-0.553061,-9.787497
1828697442,0.452504,-0.565032,-9.900024
1828698622,0.320823,-0.490811,-9.979033
1828699808,0.311246,-0.452504,-9.914390
1828700994,0.380678,-0.402226,-9.840169
1828702175,0.421380,-0.445322,-9.837775
1828703357,0.433351,-0.488417,-9.888053
1828704543,0.416591,-0.543484,-9.880871
1828705735,0.380678,-0.562637,-9.979033
1828706915,0.366313,-0.557849,-9.952697
1828708106,0.306458,-0.531513,-9.868899
1828709291,0.356736,-0.519542,-9.974244
1828710480,0.363919,-0.521936,-9.981427
1828711664,0.277727,-0.560243,-9.907207
1828712865,0.316035,-0.543484,-10.012551
1828714056,0.296881,-0.550666,-9.931149
1828715247,0.277727,-0.490811,-9.909601
1828716419,0.292093,-0.545878,-9.923966
1828717600,0.311246,-0.584185,-9.866506
1828718781,0.414197,-0.543484,-9.828198
1828719973,0.404620,-0.600945,-9.809045
1828721155,0.404620,-0.588974,-9.777920
1828722349,0.418985,-0.598550,-9.720459
1828723526,0.411803,-0.596156,-9.744401
1828724709,0.462081,-0.560243,-9.830592
1828725905,0.378284,-0.526724,-9.727641
1828727096,0.366313,-0.474052,-9.679757
1828728278,0.397437,-0.526724,-9.777920
1828729460,0.404620,-0.526724,-9.890448
1828730640,0.430956,-0.486023,-10.010158
1828731831,0.452504,-0.502782,-9.955091
1828733017,0.363919,-0.490811,-9.950302
1828734205,0.361524,-0.519542,-10.010158
1828735382,0.265756,-0.509965,-9.945514
1828736569,0.356736,-0.464475,-9.923966
1828737748,0.339977,-0.512359,-9.933543
1828738935,0.304064,-0.433351,-9.964667
1828740117,0.306458,-0.476446,-10.002975
1828741304,0.347159,-0.519542,-9.967062
1828742487,0.325611,-0.560243,-9.971850
1828743671,0.296881,-0.536301,-9.888053
1828744870,0.280122,-0.519542,-9.926360
1828746066,0.268151,-0.579397,-9.816227
1828747252,0.299275,-0.550666,-9.816227
1828748433,0.351948,-0.493206,-9.842564
1828749616,0.378284,-0.514753,-9.825804
1828750806,0.371101,-0.541090,-10.000581
1828751986,0.361524,-0.541090,-10.046070
1828753171,0.361524,-0.536301,-10.031705
1828754360,0.409408,-0.493206,-10.029311
1828755545,0.404620,-0.500388,-9.816227
1828756731,0.284910,-0.476446,-9.818622
1828757923,0.373495,-0.421380,-9.868899
1828759110,0.390255,-0.368707,-9.885659
1828760300,0.414197,-0.445322,-10.089166
1828761484,0.397437,-0.493206,-10.101137
1828762675,0.371101,-0.526724,-9.856929
1828763874,0.395043,-0.519542,-9.737218
1828765072,0.328006,-0.526724,-9.648633
1828766259,0.294487,-0.500388,-9.682152
1828767436,0.311246,-0.423774,-9.710882
1828768614,0.354342,-0.433351,-9.651027
1828769802,0.330400,-0.486023,-9.605537
1828770979,0.368707,-0.450110,-9.902418
1828772163,0.390255,-0.438139,-9.986216
1828773348,0.375890,-0.385466,-10.002975
1828774530,0.328006,-0.375890,-10.249578
1828775708,0.320823,-0.541090,-10.208876
1828776909,0.287304,-0.620098,-9.890448
1828778090,0.337582,-0.713472,-9.694122
1828779277,0.313640,-0.701501,-9.516952
1828780447,0.395043,-0.675165,-9.239224
1828781638,0.457293,-0.531513,-9.397242
1828782827,0.423774,-0.323217,-9.892841
1828784025,0.392649,-0.328006,-9.983821
1828785212,0.411803,-0.452504,-9.962274
1828786403,0.428562,-0.584185,-9.737218
1828787584,0.385466,-0.629675,-9.684546
1828788770,0.433351,-0.569820,-9.327810
1828789955,0.514753,-0.500388,-9.275137
1828791145,0.476446,-0.371101,-9.433155
1828792330,0.418985,-0.304064,-9.713276
1828793515,0.349553,-0.344765,-9.945514
1828794694,0.325611,-0.433351,-10.067618
1828795894,0.258574,-0.577003,-10.060435
1828797077,0.318429,-0.608127,-10.038888
1828798261,0.282516,-0.605733,-9.943120
1828799437,0.282516,-0.562637,-9.830592
1828800620,0.311246,-0.502782,-9.804255
1828801800,0.325611,-0.466869,-9.926360
1828802987,0.390255,-0.502782,-9.617508
1828804167,0.308852,-0.517148,-9.782708
1828805356,0.246603,-0.560243,-9.787497
1828806542,0.330400,-0.529119,-9.411607
1828807733,0.234632,-0.486023,-9.804255
1828808913,0.351948,-0.447716,-9.931149
1828810103,0.363919,-0.531513,-9.880871
1828811284,0.253785,-0.565032,-9.627085
1828812472,0.316035,-0.651223,-9.871294
1828813655,0.378284,-0.478840,-9.974244
1828814857,0.356736,-0.519542,-9.988609
1828816046,0.395043,-0.529119,-10.417171
1828817233,0.378284,-0.517148,-10.453085
1828818411,0.313640,-0.553061,-9.694122
1828819591,0.337582,-0.550666,-9.624691
1828820773,0.380678,-0.617704,-10.053253
1828821960,0.342371,-0.433351,-9.844957
1828823138,0.311246,-0.464475,-9.627085
1828824326,0.351948,-0.557849,-10.122684
1828825505,0.313640,-0.529119,-9.775525
1828826686,0.260968,-0.682347,-9.902418
1828827880,0.275333,-0.502782,-9.662998
1828829078,0.241814,-0.567426,-9.509769
1828830256,0.253785,-0.557849,-10.158598
1828831438,0.258574,-0.512359,-10.563218
1828832618,0.272939,-0.615310,-10.163386
1828833809,0.306458,-0.430956,-9.969456
1828834991,0.308852,-0.538695,-10.053253
1828836175,0.356736,-0.593762,-9.842564
1828837366,0.378284,-0.490811,-9.574412
1828838557,0.323217,-0.452504,-9.739613
1828839741,0.191536,-0.603339,-9.921572
1828840928,0.110133,-0.447716,-10.206482
1828842115,0.222661,-0.663194,-10.108319
1828843306,0.244209,-0.557849,-10.019734
1828844489,0.196325,-0.667982,-9.648633
1828845681,0.248997,-0.414197,-9.555259
1828846879,0.167594,-0.445322,-9.512163
1828848078,0.067038,-0.509965,-9.689334
1828849257,0.189142,-0.605733,-10.206482
1828850438,0.191536,-0.524330,-10.146626
1828851617,0.165200,-0.517148,-10.038888
1828852807,0.177171,-0.579397,-9.423578
1828853990,0.203507,-0.474052,-9.303867
1828855175,0.169988,-0.421380,-9.390059
1828856364,0.086191,-0.462081,-9.382876
1828857549,0.062249,-0.366313,-9.631873
1828858732,0.112527,-0.416591,-9.730036
1828859923,0.251391,-0.409408,-10.158598
1828861110,0.342371,-0.407014,-10.096349
1828862300,0.258574,-0.445322,-10.038888
1828863484,0.167594,-0.469264,-9.931149
1828864675,0.165200,-0.454898,-9.933543
1828865874,0.234632,-0.428562,-9.885659
1828867073,0.330400,-0.488417,-10.103531
1828868259,0.368707,-0.493206,-10.548853
1828869440,0.349553,-0.457293,-9.976639
1828870624,0.294487,-0.407014,-10.141838
1828871815,0.320823,-0.414197,-10.093954
1828873001,0.270545,-0.548272,-10.022128
1828874187,0.294487,-0.646434,-10.007763
1828875370,0.354342,-0.581791,-9.876082
1828876556,0.354342,-0.541090,-9.742006
1828877736,0.318429,-0.541090,-9.746795
1828878921,0.368707,-0.426168,-9.943120
1828880105,0.332794,-0.483629,-10.062830
1828881296,0.251391,-0.464475,-10.295067
1828882480,0.294487,-0.459687,-10.192117
1828883669,0.268151,-0.524330,-10.017340
1828884866,0.294487,-0.500388,-9.773131
1828886061,0.277727,-0.459687,-9.876082
1828887247,0.318429,-0.411803,-9.923966
1828888428,0.339977,-0.457293,-9.952697
1828889607,0.265756,-0.478840,-9.871294
1828890795,0.275333,-0.464475,-9.830592
1828891977,0.215478,-0.404620,-9.770737
1828893167,0.258574,-0.380678,-9.840169
1828894352,0.280122,-0.363919,-9.825804
1828895536,0.268151,-0.371101,-9.684546
1828896724,0.234632,-0.347159,-9.646238
1828897915,0.292093,-0.438139,-9.911995
1828899100,0.246603,-0.459687,-9.974244
1828900287,0.234632,-0.447716,-9.854534
1828901471,0.208296,-0.416591,-9.816227
1828902659,0.356736,-0.445322,-9.868899
1828903858,0.349553,-0.416591,-9.658210
1828905054,0.268151,-0.476446,-9.823410
1828906236,0.359130,-0.478840,-9.876082
1828907416,0.471658,-0.500388,-9.837775
1828908592,0.363919,-0.490811,-9.911995
1828909778,0.383072,-0.531513,-9.842564
1828910965,0.383072,-0.426168,-9.878476
1828912155,0.373495,-0.514753,-10.086772
1828913342,0.445322,-0.550666,-9.926360
1828914522,0.481235,-0.464475,-9.751583
1828915701,0.438139,-0.459687,-9.823410
1828916900,0.318429,-0.445322,-9.900024
1828918081,0.407014,-0.476446,-10.000581
1828919264,0.457293,-0.476446,-10.129868
1828920442,0.454898,-0.488417,-10.165780
1828921626,0.438139,-0.452504,-10.105926
1828922812,0.445322,-0.469264,-10.110714
1828924003,0.440533,-0.471658,-10.055647
1828925185,0.397437,-0.476446,-10.043676
1828926368,0.395043,-0.553061,-9.981427
1828927549,0.407014,-0.555455,-9.933543
1828928735,0.368707,-0.514753,-9.888053
1828929915,0.423774,-0.462081,-9.919178
1828931105,0.474052,-0.497994,-9.911995
1828932287,0.438139,-0.486023,-9.943120
1828933474,0.438139,-0.440533,-9.904813
1828934657,0.428562,-0.507571,-9.945514
1828935860,0.399832,-0.541090,-10.024523
1828937048,0.442927,-0.529119,-9.952697
1828938235,0.543484,-0.505177,-9.892841
1828939412,0.435745,-0.526724,-9.888053
1828940593,0.478840,-0.567426,-9.926360
1828941774,0.493206,-0.557849,-9.864111
1828942964,0.495600,-0.500388,-9.871294
1828944147,0.493206,-0.509965,-9.931149
1828945337,0.447716,-0.464475,-9.744401
1828946520,0.414197,-0.572214,-9.806650
1828947702,0.361524,-0.627281,-9.804255
1828948897,0.433351,-0.615310,-9.739613
1828950084,0.447716,-0.543484,-9.787497
1828951266,0.474052,-0.538695,-9.792285
1828952444,0.490811,-0.524330,-9.811439
1828953622,0.428562,-0.502782,-9.859323
1828954813,0.387861,-0.490811,-9.926360
1828955998,0.383072,-0.617704,-9.871294
1828957184,0.380678,-0.538695,-9.864111
1828958361,0.371101,-0.572214,-9.765948
1828959552,0.325611,-0.557849,-9.753978
1828960735,0.313640,-0.579397,-9.725247
1828961920,0.323217,-0.569820,-9.732430
1828963105,0.265756,-0.497994,-9.727641
1828964296,0.299275,-0.555455,-9.794679
1828965480,0.335188,-0.557849,-9.797073
1828966668,0.347159,-0.608127,-9.761160
1828967865,0.325611,-0.562637,-9.742006
1828969060,0.306458,-0.615310,-9.742006
1828970240,0.344765,-0.579397,-9.751583
1828971422,0.452504,-0.581791,-9.821015
1828972605,0.378284,-0.584185,-9.799467
1828973794,0.347159,-0.550666,-9.856929
1828974976,0.368707,-0.593762,-9.967062
1828976167,0.306458,-0.586579,-9.933543
1828977355,0.294487,-0.567426,-9.904813
1828978538,0.366313,-0.572214,-9.933543
1828979726,0.378284,-0.579397,-9.943120
1828980916,0.335188,-0.557849,-9.940725
1828982102,0.337582,-0.519542,-9.940725
1828983289,0.316035,-0.512359,-9.974244
1828984472,0.347159,-0.574608,-9.959879
1828985660,0.366313,-0.572214,-9.969456
1828986858,0.375890,-0.608127,-9.923966
1828988054,0.387861,-0.550666,-9.809045
1828989235,0.347159,-0.526724,-9.873688
1828990417,0.366313,-0.517148,-10.022128
1828991594,0.363919,-0.541090,-9.971850
1828992779,0.395043,-0.541090,-9.866506
1828993964,0.404620,-0.557849,-9.787497
1828995153,0.378284,-0.497994,-9.722853
1828996339,0.380678,-0.524330,-9.744401
1828997519,0.378284,-0.509965,-9.847352
1828998696,0.416591,-0.533907,-9.955091
1828999895,0.423774,-0.565032,-9.947908
1829001077,0.354342,-0.531513,-9.782708
1829002269,0.392649,-0.572214,-10.170568
1829003446,0.402226,-0.612916,-9.813833
1829004637,0.332794,-0.490811,-9.916783
1829005825,0.359130,-0.667982,-9.840169
1829007021,0.397437,-0.476446,-9.761160
1829008206,0.397437,-0.411803,-9.854534
1829009387,0.313640,-0.541090,-9.911995
1829010569,0.351948,-0.605733,-9.902418
1829011752,0.287304,-0.569820,-9.708488
1829012933,0.335188,-0.545878,-9.852140
1829014118,0.277727,-0.488417,-9.832987
1829015304,0.292093,-0.483629,-9.837775
1829016492,0.282516,-0.500388,-9.895236
1829017677,0.306458,-0.442927,-9.804255
1829018881,0.328006,-0.509965,-9.825804
1829020072,0.296881,-0.505177,-9.622296
1829021263,0.402226,-0.445322,-9.691729
1829022440,0.361524,-0.383072,-9.837775
1829023623,0.320823,-0.423774,-9.775525
1829024808,0.294487,-0.445322,-9.777920
1829025998,0.359130,-0.464475,-9.847352
1829027180,0.344765,-0.514753,-9.749189
1829028362,0.349553,-0.466869,-9.775525
1829029549,0.320823,-0.433351,-9.787497
1829030737,0.282516,-0.385466,-9.809045
1829031916,0.277727,-0.342371,-9.823410
1829033107,0.304064,-0.481235,-9.785102
1829034287,0.356736,-0.454898,-9.756371
1829035476,0.287304,-0.459687,-9.787497
1829036659,0.282516,-0.454898,-9.806650
1829037861,0.304064,-0.488417,-9.938332
1829039049,0.248997,-0.442927,-9.830592
1829040236,0.244209,-0.447716,-10.017340
1829041412,0.282516,-0.416591,-9.986216
1829042594,0.289698,-0.404620,-9.988609
1829043774,0.294487,-0.438139,-9.861717
1829044962,0.318429,-0.426168,-9.880871
1829046141,0.229843,-0.414197,-9.880871
1829047331,0.246603,-0.459687,-9.837775
1829048507,0.282516,-0.469264,-9.952697
1829049701,0.313640,-0.490811,-9.969456
1829050895,0.280122,-0.514753,-10.036493
1829052082,0.354342,-0.450110,-10.036493
1829053262,0.349553,-0.435745,-9.923966
1829054443,0.337582,-0.486023,-9.878476
1829055626,0.361524,-0.445322,-9.935937
1829056818,0.428562,-0.409408,-9.897630
1829058002,0.421380,-0.447716,-9.878476
1829059189,0.399832,-0.490811,-9.864111
1829060376,0.423774,-0.505177,-9.756371
1829061557,0.464475,-0.529119,-9.849746
1829062742,0.395043,-0.450110,-9.873688
1829063928,0.423774,-0.486023,-9.873688
1829065115,0.397437,-0.452504,-9.864111
1829066305,0.342371,-0.464475,-10.014946
1829067489,0.141258,-0.275333,-9.945514
1829068681,0.122104,-0.823605,-10.623073
1829069880,0.572214,-0.773327,-9.009381
1829071077,0.529119,-0.445322,-8.688558
1829072265,0.706290,-0.454898,-9.339781
1829073445,0.814029,-0.622492,-8.839393
1829074632,0.833182,-0.438139,-8.054094
1829075822,0.361524,-0.316035,-9.272743
1829077014,0.272939,-0.533907,-10.383653
1829078205,0.210690,-0.854730,-8.628703
1829079379,-0.007183,-1.084573,-8.525752
1829080573,-0.136469,0.433351,-11.820174
1829081752,0.428562,-0.270545,-12.066776
1829082939,0.957681,-0.134075,-9.698911
1829084121,0.383072,0.045490,-9.255983
1829085303,0.976834,-0.220267,-8.949526
1829086486,0.919373,-0.758962,-8.650250
1829087677,0.217872,-0.191536,-8.176199
1829088877,-0.150835,-0.316035,-10.558430
1829090078,0.196325,-1.371878,-12.045229
1829091260,-0.447716,-1.115698,-12.998121
1829092449,0.186748,-0.598550,-13.752295
1829093631,0.335188,-0.730232,-13.266272
1829094823,0.196325,-0.488417,-10.457873
1829096014,0.134075,-0.328006,-6.991069
1829097202,1.189918,-0.344765,-8.082825
1829098379,0.936133,-0.155623,-8.274361
1829099567,0.905008,-0.574608,-8.473080
1829100748,0.869095,-0.691924,-9.267955
1829101934,0.514753,-1.345541,-11.216835
1829103119,0.459687,-1.223437,-11.693281
1829104310,0.332794,-0.833182,-11.025299
1829105493,0.062249,-0.921768,-9.382876
1829106679,-0.083797,-0.442927,-9.215282
1829107885,0.294487,-0.751779,-8.362947
1829109078,0.646434,-0.361524,-9.239224
1829110266,0.768539,-0.265756,-10.436325
1829111448,0.644040,-0.426168,-9.497798
1829112634,0.399832,-0.550666,-9.394848
1829113827,0.220267,-0.505177,-10.177752
1829115021,0.074220,-0.488417,-10.630256
1829116210,-0.093374,-0.627281,-9.346964
1829117404,-0.189142,-0.588974,-9.689334
1829118601,-0.023942,-0.565032,-10.508151
1829119790,0.253785,-0.545878,-10.383653
1829120978,0.387861,-0.533907,-10.395624
1829122166,0.462081,-0.251391,-9.607931
1829123355,0.519542,-0.646434,-9.931149
1829124534,0.512359,-0.725443,-9.176975
1829125721,0.407014,-0.667982,-9.289502
1829126911,0.591368,-0.577003,-10.204087
1829128100,0.397437,-0.679953,-9.952697
1829129280,0.526724,-0.677559,-9.339781
1829130462,0.469264,-0.725443,-9.844957
1829131646,0.646434,-0.773327,-10.448297
1829132841,0.624887,-0.651223,-9.416395
1829134030,0.538695,-0.574608,-9.212888
1829135214,0.622492,-0.562637,-9.813833
1829136391,0.531513,-0.533907,-9.761160
1829137579,0.596156,-0.577003,-9.775525
1829138756,0.404620,-0.656011,-9.866506
1829139941,0.296881,-0.675165,-10.129868
1829141124,0.232238,-0.565032,-10.137050
1829142319,0.251391,-0.682347,-10.149021
1829143503,0.172383,-0.416591,-10.156203
1829144698,0.225055,-0.323217,-10.024523
1829145892,0.332794,-0.438139,-9.878476
1829147078,0.332794,-0.344765,-9.555259
1829148266,0.337582,-0.392649,-10.089166
1829149448,0.320823,-0.483629,-10.086772
1829150634,0.244209,-0.562637,-10.093954
1829151828,0.246603,-0.538695,-10.108319
1829153021,0.284910,-0.545878,-10.201694
1829154211,0.248997,-0.715866,-10.055647
1829155399,0.335188,-0.514753,-10.002975
1829156592,0.366313,-0.584185,-9.986216
1829157774,0.335188,-0.603339,-9.651027
1829158964,0.316035,-0.600945,-9.440337
1829160147,0.361524,-0.555455,-9.622296
1829161338,0.335188,-0.612916,-9.993398
1829162515,0.234632,-0.507571,-9.794679
1829163698,0.181959,-0.438139,-9.737218
1829164893,0.167594,-0.493206,-9.871294
1829166079,0.141258,-0.466869,-9.878476
1829167260,0.165200,-0.536301,-9.837775
1829168440,0.122104,-0.600945,-9.828198
1829169614,0.162806,-0.636858,-9.744401
1829170798,0.138864,-0.656011,-9.615114
1829171980,0.217872,-0.636858,-9.574412
1829173173,0.237026,-0.560243,-9.811439
1829174362,0.189142,-0.519542,-9.928755
1829175549,0.169988,-0.464475,-9.844957
1829176738,0.201113,-0.445322,-9.852140
1829177922,0.258574,-0.373495,-9.976639
1829179107,0.239420,-0.380678,-9.955091
1829180290,0.201113,-0.438139,-9.562442
1829181473,0.217872,-0.462081,-9.550470
1829182659,0.277727,-0.512359,-9.531317
1829183852,0.323217,-0.497994,-9.390059
1829185044,0.378284,-0.466869,-9.289502
1829186226,0.411803,-0.509965,-9.490616
1829187405,0.507571,-0.500388,-9.512163
1829188590,0.545878,-0.486023,-9.639056
1829189776,0.450110,-0.445322,-9.641450
1829190960,0.495600,-0.440533,-9.548077
1829192148,0.529119,-0.414197,-9.500193
1829193333,0.368707,-0.385466,-9.756371
1829194514,0.407014,-0.440533,-9.811439
1829195691,0.354342,-0.457293,-9.751583
1829196890,0.289698,-0.471658,-9.698911
1829198077,0.342371,-0.512359,-9.830592
1829199269,0.359130,-0.512359,-9.828198
1829200443,0.287304,-0.445322,-9.639056
1829201625,0.280122,-0.474052,-9.694122
1829202811,0.246603,-0.478840,-9.751583
1829204000,0.227449,-0.438139,-9.809045
1829205182,0.296881,-0.390255,-9.835381
1829206368,0.258574,-0.442927,-9.895236
1829207553,0.251391,-0.450110,-9.835381
1829208746,0.258574,-0.538695,-9.842564
1829209929,0.284910,-0.526724,-9.804255
1829211120,0.337582,-0.486023,-9.900024
1829212304,0.268151,-0.426168,-9.849746
1829213492,0.347159,-0.457293,-9.844957
1829214680,0.332794,-0.457293,-9.962274
1829215884,0.337582,-0.442927,-10.007763
1829217070,0.354342,-0.392649,-9.962274
1829218263,0.414197,-0.402226,-10.081984
1829219439,0.356736,-0.430956,-9.947908
1829220621,0.359130,-0.421380,-9.955091
1829221807,0.385466,-0.466869,-9.957485
1829222994,0.363919,-0.469264,-9.957485
1829224177,0.387861,-0.469264,-9.904813
1829225359,0.330400,-0.543484,-9.823410
1829226543,0.375890,-0.481235,-9.780313
1829227735,0.407014,-0.462081,-9.852140
1829228913,0.411803,-0.471658,-9.835381
1829230104,0.373495,-0.474052,-9.758766
1829231286,0.395043,-0.512359,-9.758766
1829232474,0.318429,-0.454898,-9.890448
1829233657,0.344765,-0.418985,-9.988609
1829234859,0.339977,-0.454898,-9.938332
1829236049,0.272939,-0.418985,-9.979033
1829237235,0.306458,-0.438139,-9.986216
1829238412,0.328006,-0.414197,-10.031705
1829239602,0.289698,-0.395043,-10.091560
1829240785,0.311246,-0.414197,-10.067618
1829241970,0.299275,-0.399832,-9.976639
1829243156,0.251391,-0.423774,-9.916783
1829244347,0.260968,-0.457293,-9.919178
1829245530,0.251391,-0.430956,-9.868899
1829246713,0.270545,-0.445322,-9.856929
1829247911,0.299275,-0.507571,-9.789890
1829249100,0.232238,-0.521936,-9.849746
1829250280,0.246603,-0.452504,-9.907207
1829251460,0.342371,-0.457293,-9.737218
1829252649,0.363919,-0.447716,-9.672575
1829253849,0.366313,-0.495600,-9.720459
1829255036,0.354342,-0.478840,-9.828198
1829256223,0.361524,-0.474052,-9.797073
1829257409,0.354342,-0.411803,-9.844957
1829258600,0.375890,-0.411803,-9.861717
1829259783,0.323217,-0.474052,-9.828198
1829260972,0.385466,-0.447716,-9.907207
1829262156,0.347159,-0.474052,-9.952697
1829263346,0.306458,-0.538695,-9.935937
1829264525,0.339977,-0.469264,-10.053253
1829265706,0.318429,-0.471658,-10.014946
1829266901,0.407014,-0.471658,-10.093954
1829268087,0.440533,-0.497994,-10.072407
1829269269,0.399832,-0.505177,-10.079589
1829270450,0.395043,-0.462081,-10.000581
1829271626,0.390255,-0.514753,-10.019734
1829272818,0.414197,-0.512359,-10.029311
1829274004,0.308852,-0.476446,-9.909601
1829275186,0.347159,-0.509965,-9.902418
1829276368,0.318429,-0.519542,-9.907207
1829277558,0.308852,-0.555455,-9.883265
1829278743,0.332794,-0.577003,-9.871294
1829279929,0.354342,-0.529119,-9.825804
1829281116,0.342371,-0.495600,-9.799467
1829282303,0.368707,-0.505177,-9.749189
1829283485,0.332794,-0.545878,-9.873688
1829284677,0.342371,-0.596156,-9.859323
1829285877,0.363919,-0.569820,-9.840169
1829287074,0.335188,-0.560243,-9.902418
1829288261,0.385466,-0.447716,-9.837775
1829289442,0.344765,-0.500388,-9.852140
1829290619,0.344765,-0.529119,-9.921572
1829291811,0.325611,-0.502782,-9.983821
1829292993,0.344765,-0.478840,-9.914390
1829294180,0.354342,-0.490811,-9.890448
1829295353,0.392649,-0.488417,-9.849746
1829296545,0.380678,-0.464475,-9.801862
1829297732,0.380678,-0.488417,-9.746795
1829298924,0.392649,-0.531513,-9.691729
1829300110,0.430956,-0.531513,-9.722853
1829301300,0.375890,-0.569820,-9.775525
1829302483,0.375890,-0.531513,-9.694122
1829303671,0.359130,-0.550666,-9.722853
1829304866,0.344765,-0.574608,-9.710882
1829306062,0.395043,-0.514753,-9.713276
1829307248,0.426168,-0.507571,-9.722853
1829308429,0.366313,-0.531513,-9.677363
1829309607,0.433351,-0.553061,-9.643845
1829310795,0.366313,-0.553061,-9.739613
1829311977,0.373495,-0.545878,-9.770737
1829313169,0.354342,-0.569820,-9.701305
1829314353,0.402226,-0.555455,-9.797073
1829315536,0.363919,-0.533907,-9.744401
1829316713,0.380678,-0.565032,-9.701305
1829317910,0.363919,-0.543484,-9.794679
1829319090,0.359130,-0.524330,-9.835381
1829320274,0.359130,-0.521936,-9.816227
1829321450,0.402226,-0.524330,-9.840169
1829322635,0.407014,-0.545878,-9.775525
1829323822,0.339977,-0.524330,-9.876082
1829325018,0.399832,-0.531513,-9.955091
1829326203,0.339977,-0.543484,-9.907207
1829327393,0.344765,-0.524330,-9.787497
1829328571,0.373495,-0.529119,-9.959879
1829329755,0.304064,-0.543484,-9.945514
1829330934,0.313640,-0.569820,-9.911995
1829332118,0.323217,-0.524330,-9.892841
1829333303,0.361524,-0.500388,-9.765948
1829334490,0.409408,-0.541090,-9.816227
1829335672,0.351948,-0.538695,-9.811439
1829336875,0.318429,-0.567426,-9.885659
1829338067,0.351948,-0.517148,-9.897630
1829339257,0.328006,-0.464475,-9.909601
1829340432,0.351948,-0.481235,-9.832987
1829341615,0.342371,-0.483629,-9.844957
1829342799,0.375890,-0.529119,-9.787497
1829343986,0.390255,-0.538695,-9.799467
1829345163,0.335188,-0.555455,-9.832987
1829346354,0.366313,-0.536301,-9.868899
1829347538,0.339977,-0.519542,-9.825804
1829348730,0.375890,-0.553061,-9.854534
1829349917,0.421380,-0.567426,-9.818622
1829351107,0.371101,-0.557849,-9.775525
1829352289,0.371101,-0.608127,-9.648633
1829353476,0.265756,-0.612916,-9.607931
1829354659,0.318429,-0.464475,-9.794679
1829355863,0.215478,-0.462081,-9.909601
1829357049,0.318429,-0.517148,-9.971850
1829358236,0.323217,-0.502782,-10.000581
1829359412,0.363919,-0.521936,-9.892841
1829360603,0.294487,-0.600945,-9.938332
1829361786,0.366313,-0.505177,-9.823410
1829362971,0.387861,-0.450110,-9.809045
1829364154,0.330400,-0.481235,-9.907207
1829365341,0.308852,-0.493206,-9.873688
1829366516,0.332794,-0.557849,-9.935937
1829367699,0.337582,-0.533907,-9.830592
1829368893,0.256180,-0.550666,-9.804255
1829370079,0.248997,-0.584185,-9.878476
1829371266,0.172383,-0.572214,-9.957485
1829372445,0.265756,-0.553061,-10.093954
1829373632,0.232238,-0.605733,-10.156203
1829374822,0.229843,-0.641646,-10.206482
1829376014,0.265756,-0.596156,-10.149021
1829377205,0.244209,-0.517148,-10.098742
1829378392,0.359130,-0.488417,-10.058042
1829379575,0.411803,-0.440533,-9.971850
1829380752,0.457293,-0.428562,-10.002975
1829381938,0.440533,-0.555455,-9.991004
1829383119,0.390255,-0.550666,-10.036493
1829384309,0.328006,-0.526724,-10.096349
1829385492,0.359130,-0.507571,-10.213664
1829386678,0.328006,-0.588974,-9.974244
1829387877,0.301669,-0.481235,-10.000581
1829389073,0.418985,-0.450110,-10.019734
1829390260,0.462081,-0.490811,-10.034100
1829391439,0.469264,-0.574608,-9.959879
1829392617,0.471658,-0.586579,-9.878476
1829393809,0.603339,-0.517148,-9.909601
1829394989,0.514753,-0.653617,-9.761160
1829396176,0.548272,-0.691924,-9.876082
1829397367,0.497994,-0.627281,-9.449914
1829398553,0.720655,-0.294487,-9.751583
1829399736,0.821211,-0.615310,-9.684546
1829400921,0.936133,-0.873884,-10.180145
1829402107,0.952892,-0.988805,-10.553641
1829403298,0.586579,-0.648829,-10.287885
1829404482,0.490811,-0.397437,-10.433931
1829405671,0.356736,-0.359130,-10.793061
1829406869,0.191536,-0.509965,-10.972627
1829408066,-0.011971,-0.368707,-10.867282
1829409258,-0.023942,-0.205901,-10.752359
1829410444,0.081403,-0.167594,-10.766725
1829411623,0.169988,-0.617704,-10.596737
1829412814,0.047884,-1.192312,-9.394848
1829414001,0.294487,-1.434127,-8.111555
1829415186,0.292093,-0.696713,-7.335834
1829416362,0.208296,0.414197,-8.434772
1829417547,0.342371,0.160412,-9.112331
1829418726,0.665588,-0.349553,-10.093954
1829419917,1.010353,-0.308852,-11.420342
1829421102,1.019930,-0.282516,-10.793061
1829422289,0.957681,-0.390255,-10.711658
1829423473,0.802058,-0.610521,-7.903260
1829424658,0.059855,-0.517148,-7.366959
1829425853,0.237026,-0.337582,-7.462727
1829427046,0.179565,-0.845153,-8.149862
1829428228,0.237026,-0.660800,-8.429984
1829429408,0.129287,-0.567426,-10.089166
1829430590,0.339977,-0.660800,-11.293449
1829431776,-0.086191,-0.840365,-11.954249
1829432969,-0.450110,-0.289698,-12.229582
1829434168,-0.656011,0.603339,-12.361263
1829435353,-0.751779,1.051055,-11.846510
1829436536,-0.476446,0.802058,-9.852140
1829437713,0.732626,-0.933739,-10.014946
1829438910,0.351948,-1.714248,-8.896853
1829440094,-0.014365,-1.910573,-4.120421
1829441286,0.553061,-1.584962,-6.263232
1829442470,0.553061,-0.723049,-7.486669
1829443657,-0.263362,-0.074220,-11.245565
1829444860,0.000000,-1.300052,-8.937555
1829446049,0.991199,-0.311246,-9.188946
1829447231,0.926556,0.478840,-9.859323
1829448407,0.694318,0.869095,-7.912837
1829449584,0.754174,1.431733,-11.427525
1829450766,0.811634,-0.593762,-12.320562
1829451946,-0.241814,-0.519542,-9.203311
1829453139,0.095768,0.574608,-10.374076
1829454313,0.409408,1.007959,-7.510611
1829455493,0.756568,0.517148,-5.628768
1829456670,0.588974,0.177171,-10.924743
1829457868,1.759738,-2.176329,-11.319786
1829459062,0.847547,-1.221043,-9.502586
1829460252,-0.423774,-1.139640,-6.995857
1829461432,-0.476446,-1.558625,-9.576807
1829462627,0.402226,-0.962469,-11.597513
1829463814,-0.260968,-0.761356,-10.639832
1829465018,0.081403,-1.367089,-11.724405
1829466202,0.517148,-0.438139,-10.563218
1829467391,-0.526724,-0.220267,-7.151481
1829468580,-0.110133,-0.359130,-9.418790
1829469771,0.313640,-0.129287,-10.311827
1829470957,0.277727,-0.361524,-10.488997
1829472149,-0.057461,-0.107739,-11.274296
1829473337,0.682347,-1.278504,-14.389153
1829474525,1.474828,-1.414973,-14.434642
1829475705,0.395043,-0.294487,-13.208811
1829476908,-0.289698,-0.074220,-12.480973
1829478099,-0.239420,-0.225055,-10.486604
1829479292,-0.119710,-0.802058,-8.097190
1829480478,0.272939,0.069432,-9.131485
1829481660,0.462081,0.090980,-11.130644
1829482837,0.612916,-0.725443,-9.040505
1829484024,0.555455,-1.379060,-7.254431
1829485211,0.287304,-0.670376,-10.635044
1829486392,0.220267,0.471658,-12.521675
1829487569,0.452504,-0.244209,-12.710816
1829488751,-0.071826,-1.185130,-7.050924
1829489939,0.028730,-0.519542,-7.750031
1829491122,0.193930,-0.866701,-8.264784
1829492307,0.131681,-1.280898,-6.758832
1829493495,0.169988,-0.849942,-6.852205
1829494682,0.227449,-0.067038,-9.682152
1829495885,0.203507,-1.094150,-8.913613
1829497070,0.239420,-0.833182,-9.600749
1829498259,0.280122,-0.354342,-11.111490
1829499435,0.210690,0.129287,-11.765107
1829500611,0.083797,-0.715866,-10.577583
1829501796,-0.007183,-0.383072,-7.939173
1829502987,0.086191,-0.703895,-7.967903
1829504168,0.306458,-0.323217,-8.037335
1829505357,0.241814,-0.450110,-8.690952
1829506534,0.153229,0.124498,-9.014170
1829507709,0.239420,-0.727837,-12.574347
1829508908,0.225055,-0.306458,-11.741165
1829510095,0.378284,-0.313640,-12.622231
1829511278,0.232238,-0.349553,-11.556811
1829512461,0.071826,-0.430956,-9.557653
1829513648,0.201113,-1.170765,-9.062054
1829514840,0.555455,-0.184354,-10.213664
1829516030,0.201113,-0.148441,-9.272743
1829517221,0.500388,-0.414197,-8.008605
1829518395,1.225831,-0.366313,-7.048530
1829519583,1.558625,-0.344765,-7.132327
1829520766,-0.409408,2.449268,-14.623784
1829521954,-2.501941,2.664747,-16.457743
1829523138,-5.133168,-0.193930,-14.180857
1829524335,-4.692636,-2.355895,-13.984532
1829525520,-2.389413,-4.029441,-12.437878
1829526711,1.225831,-3.813963,-8.489840
1829527910,2.394202,0.023942,-5.082890
1829529089,0.225055,-3.169923,-9.686940
1829530271,0.897826,-2.700660,-11.037270
1829531451,2.013524,-1.453280,-3.335123
1829532633,2.712631,2.425326,-3.646369
1829533820,0.270545,1.098939,-7.948750
1829534995,-1.132457,0.172383,-13.730747
1829536183,0.016759,-1.209072,-20.317196
1829537363,0.651223,-1.309628,-17.640478
1829538555,0.881066,-0.311246,-13.132196
1829539739,0.246603,0.663194,-9.787497
1829540917,-0.083797,0.871489,-4.438850
1829542102,0.299275,-0.543484,-7.094019
1829543286,1.482011,-0.802058,-10.137050
1829544461,0.557849,-0.816423,-13.711593
1829545653,0.512359,-1.663970,-13.934254
1829546848,1.163582,-0.577003,-6.263232
1829548041,1.024718,-0.591368,-5.437232
1829549224,1.400608,0.248997,-10.726024
1829550398,0.179565,0.222661,-10.323798
1829551577,-0.033519,-0.433351,-9.576807
1829552762,-0.086191,-0.943315,-11.032481
1829553954,-0.059855,-1.213860,-9.368511
1829555150,0.361524,-1.089362,-10.469844
1829556337,0.715866,-0.574608,-6.651093
1829557518,1.077391,0.344765,-5.118803
1829558688,1.108515,1.345541,-5.923255
1829559880,1.089362,0.150835,-11.662156
1829561066,1.146823,-1.278504,-11.875240
1829562257,0.782904,-2.758120,-11.707646
1829563434,0.131681,-1.927332,-9.212888
1829564618,-0.550666,-0.287304,-8.085219
1829565809,-0.550666,0.349553,-9.684546
1829566993,0.155623,-0.689530,-11.123461
1829568176,0.620098,-1.233014,-13.385982
1829569371,1.043872,-0.991199,-12.586318
1829570559,0.842759,-0.421380,-10.934319
1829571747,0.577003,0.031125,-8.810662
1829572919,0.028730,0.050278,-7.884106
1829574100,-0.057461,-0.126893,-9.382876
1829575288,-0.158017,-0.550666,-9.392453
1829576482,0.009577,-0.976834,-9.107543
1829577661,0.193930,-1.130063,-8.355764
1829578863,0.919373,-0.632069,-10.163386
1829580055,1.036689,-0.603339,-10.599131
1829581243,1.079785,-0.488417,-10.551247
1829582421,0.861913,-0.531513,-10.359711
1829583603,0.878672,-0.806846,-10.065224
1829584787,0.871489,-0.699107,-10.237606
1829585970,0.823605,-0.675165,-9.964667
1829587155,0.658405,-0.634463,-10.625467
1829588346,0.316035,-0.569820,-11.487380
1829589522,0.023942,-0.464475,-12.148179
1829590705,0.019154,-0.375890,-11.956643
1829591900,0.272939,-0.608127,-11.319786
1829593088,0.404620,-0.553061,-11.027693
1829594269,0.584185,-0.521936,-10.352529
1829595450,0.995988,-0.270545,-9.284714
1829596629,1.163582,-0.088585,-8.202535
1829597820,1.065420,-0.177171,-7.800309
1829599003,0.869095,-0.577003,-8.628703
1829600188,0.785298,-0.924162,-8.734048
1829601365,0.780510,-0.818817,-9.430760
1829602549,0.818817,-0.574608,-9.751583
1829603737,0.916979,-0.550666,-9.988609
1829604921,0.895431,-0.502782,-9.495404
1829606106,0.804452,-0.548272,-9.421184
1829607293,0.703895,-0.591368,-9.428367
1829608476,0.445322,-0.466869,-9.208099
1829609664,0.395043,-0.430956,-9.126697
1829610858,0.292093,-0.438139,-9.509769
1829612050,-0.081403,-0.524330,-10.091560
1829613237,-0.165200,-0.452504,-10.395624
1829614424,-0.162806,-0.426168,-10.443508
1829615609,-0.208296,-0.402226,-10.374076
1829616802,-0.325611,-0.397437,-10.141838
1829617992,-0.399832,-0.493206,-9.777920
1829619185,-0.335188,-0.567426,-9.526528
1829620368,-0.126893,-0.557849,-9.540894
1829621560,-0.071826,-0.579397,-9.701305
1829622748,-0.014365,-0.605733,-10.060435
1829623940,0.172383,-0.667982,-10.182540
1829625123,0.122104,-0.579397,-10.014946
1829626317,0.136469,-0.548272,-10.254366
1829627502,0.165200,-0.428562,-10.228029
1829628692,0.181959,-0.572214,-10.077195
1829629888,0.050278,-0.665588,-10.158598
1829631076,0.136469,-0.653617,-10.199299
1829632264,0.169988,-0.560243,-10.323798
1829633446,0.011971,-0.339977,-10.457873
1829634625,-0.083797,-0.306458,-10.093954
1829635822,-0.067038,-0.368707,-10.216059
1829637018,-0.162806,-0.311246,-9.914390
1829638216,-0.040701,-0.373495,-9.655815
1829639397,0.090980,-0.411803,-10.060435
1829640582,0.277727,-0.371101,-10.122684
1829641761,0.208296,-0.550666,-9.916783
1829642947,0.335188,-0.579397,-9.629479
1829644127,0.493206,-0.452504,-9.155427
1829645322,0.486023,-0.409408,-8.925584
1829646507,0.526724,-0.500388,-8.999804
1829647698,0.725443,-0.567426,-9.239224
1829648894,0.833182,-0.636858,-9.117120
1829650080,0.708684,-0.512359,-9.560047
1829651266,0.715866,-0.593762,-9.859323
1829652448,0.744597,-0.622492,-9.660604
1829653634,0.608127,-0.507571,-9.660604
1829654820,0.507571,-0.371101,-10.067618
1829656011,0.260968,-0.392649,-10.007763
1829657201,0.213084,-0.495600,-9.538500
1829658386,0.258574,-0.577003,-9.524135
1829659566,0.387861,-0.524330,-9.818622
1829660748,0.407014,-0.497994,-9.821015
1829661933,0.440533,-0.581791,-9.524135
1829663120,0.416591,-0.656011,-9.842564
1829664307,0.447716,-0.586579,-10.019734
1829665492,0.476446,-0.478840,-10.067618
1829666680,0.454898,-0.507571,-10.024523
1829667880,0.323217,-0.641646,-9.782708
1829669078,0.414197,-0.593762,-10.125079
1829670266,0.351948,-0.610521,-10.216059
1829671444,0.229843,-0.632069,-10.134656
1829672623,0.160412,-0.658405,-10.058042
1829673813,0.119710,-0.579397,-10.127473
1829674996,0.198719,-0.407014,-10.421960
1829676182,0.162806,-0.445322,-10.189722
1829677363,0.102951,-0.519542,-10.062830
1829678554,0.174777,-0.541090,-10.153810
1829679741,0.215478,-0.502782,-10.295067
1829680927,0.217872,-0.509965,-10.165780
1829682115,0.292093,-0.514753,-10.194510
1829683305,0.237026,-0.495600,-10.007763
1829684483,0.229843,-0.512359,-9.710882
1829685671,0.284910,-0.483629,-9.538500
1829686867,0.284910,-0.462081,-9.394848
1829688063,0.342371,-0.797269,-9.763555
1829689249,0.289698,-0.658405,-9.485827
1829690430,0.337582,-0.354342,-9.655815
1829691614,0.543484,-0.330400,-9.670180
1829692799,0.620098,0.064643,-8.530540
1829693973,0.292093,-0.268151,-8.075643
1829695159,0.268151,-0.196325,-9.399636
1829696345,0.244209,-0.591368,-9.469068
1829697526,0.215478,-0.615310,-9.165004
1829698703,0.191536,-0.895431,-8.777143
1829699902,0.131681,-0.785298,-10.036493
1829701085,0.428562,-0.318429,-11.073183
1829702272,0.438139,-0.253785,-10.673351
1829703450,0.483629,-0.033519,-10.259154
1829704637,0.567426,-0.198719,-9.440337
1829705825,0.371101,-0.380678,-9.406818
1829707020,0.481235,-0.600945,-10.144233
1829708205,0.466869,-0.694318,-9.988609
1829709397,0.490811,-0.529119,-10.060435
1829710580,0.548272,-0.553061,-10.333375
1829711767,0.593762,-0.438139,-10.730812
1829712953,0.677559,-0.438139,-10.678140
1829714138,0.596156,-0.593762,-9.873688
1829715324,0.577003,-0.478840,-9.703699
1829716513,0.572214,-0.378284,-9.682152
1829717692,0.553061,-0.356736,-9.730036
1829718890,0.572214,-0.368707,-9.897630
1829720077,0.478840,-0.395043,-10.072407
1829721265,0.387861,-0.435745,-9.859323
1829722442,0.304064,-0.428562,-9.871294
1829723624,0.311246,-0.426168,-9.780313
1829724811,0.292093,-0.433351,-9.897630
1829725997,0.251391,-0.502782,-9.780313
1829727178,0.308852,-0.359130,-9.641450
1829728372,0.318429,-0.368707,-9.488221
1829729553,0.359130,-0.395043,-9.639056
1829730740,0.363919,-0.416591,-9.708488
1829731920,0.450110,-0.375890,-9.821015
1829733108,0.407014,-0.481235,-9.708488
1829734289,0.411803,-0.488417,-9.617508
1829735476,0.356736,-0.423774,-9.548077
1829736659,0.272939,-0.442927,-9.631873
1829737862,0.316035,-0.433351,-9.679757
1829739050,0.287304,-0.328006,-9.713276
1829740236,0.318429,-0.284910,-9.926360
1829741412,0.356736,-0.339977,-9.955091
1829742603,0.423774,-0.368707,-9.753978
1829743787,0.433351,-0.366313,-9.526528
1829744972,0.418985,-0.366313,-9.440337
1829746155,0.486023,-0.452504,-9.267955
1829747341,0.526724,-0.464475,-9.263166
1829748521,0.548272,-0.423774,-9.308656
1829749704,0.493206,-0.440533,-9.263166
1829750897,0.450110,-0.421380,-9.217676
1829752083,0.459687,-0.318429,-9.188946
1829753266,0.507571,-0.323217,-9.174581
1829754446,0.481235,-0.371101,-9.109938
1829755624,0.581791,-0.354342,-9.215282
1829756816,0.519542,-0.320823,-9.351752
1829757995,0.509965,-0.339977,-9.346964
1829759179,0.497994,-0.301669,-9.473856
1829760369,0.486023,-0.344765,-9.469068
1829761555,0.529119,-0.344765,-9.564836
1829762738,0.531513,-0.368707,-9.684546
1829763923,0.526724,-0.464475,-9.710882
1829765108,0.555455,-0.371101,-9.674969
1829766299,0.497994,-0.301669,-9.730036
1829767481,0.497994,-0.304064,-9.718064
1829768667,0.416591,-0.383072,-9.751583
1829769865,0.414197,-0.349553,-9.713276
1829771062,0.375890,-0.411803,-9.780313
1829772243,0.356736,-0.332794,-9.734824
1829773425,0.342371,-0.363919,-9.720459
1829774601,0.418985,-0.438139,-9.806650
1829775788,0.471658,-0.385466,-9.890448
1829776969,0.433351,-0.452504,-9.823410
1829778158,0.454898,-0.497994,-9.691729
1829779344,0.385466,-0.560243,-9.713276
1829780526,0.380678,-0.545878,-9.859323
1829781704,0.387861,-0.517148,-9.880871
1829782900,0.354342,-0.497994,-9.840169
1829784082,0.330400,-0.538695,-9.801862
1829785265,0.385466,-0.486023,-10.014946
1829786441,0.397437,-0.438139,-10.093954
1829787625,0.306458,-0.466869,-9.921572
1829788811,0.294487,-0.411803,-9.828198
1829790001,0.387861,-0.385466,-9.761160
1829791183,0.280122,-0.433351,-9.526528
1829792373,0.260968,-0.464475,-9.734824
1829793549,0.284910,-0.471658,-9.777920
1829794740,0.270545,-0.466869,-9.947908
1829795920,0.383072,-0.440533,-10.055647
1829797110,0.442927,-0.486023,-9.672575
1829798289,0.368707,-0.433351,-9.483433
1829799477,0.361524,-0.481235,-9.490616
1829800660,0.201113,-0.450110,-9.493010
1829801857,0.215478,-0.526724,-9.543288
1829803046,0.323217,-0.404620,-9.543288
1829804232,0.208296,-0.232238,-10.089166
1829805405,0.067038,-0.462081,-9.895236
1829806592,0.114922,-0.577003,-9.543288
1829807773,0.220267,-0.550666,-9.155427
1829808962,0.057461,-0.445322,-9.193734
1829810148,0.189142,-0.416591,-9.433155
1829811339,-0.102951,-0.459687,-9.050082
1829812519,0.007183,-0.462081,-9.076419
1829813700,0.220267,-0.521936,-9.528923
1829814895,0.328006,-0.454898,-9.358934
1829816081,0.205901,-0.505177,-9.045294
1829817266,0.320823,-0.442927,-9.493010
1829818445,0.244209,-0.507571,-9.619903
1829819628,0.107739,-0.430956,-9.236830
1829820817,0.143652,-0.514753,-9.552865
1829822003,0.196325,-0.682347,-10.240001
1829823189,0.000000,-0.754174,-10.587160
1829824362,-0.067038,-0.677559,-10.012551
1829825559,0.146046,-0.505177,-9.706094
1829826739,0.167594,-0.385466,-9.588778
1829827925,-0.033519,-0.363919,-9.560047
1829829117,0.016759,-0.500388,-10.081984
1829830306,0.225055,-0.502782,-10.833763
1829831489,0.397437,-0.428562,-10.740389
1829832681,0.359130,-0.452504,-10.740389
1829833880,0.304064,-0.541090,-10.168175
1829835077,0.205901,-0.507571,-10.189722
1829836259,0.335188,-0.689530,-10.242394
1829837438,0.363919,-0.627281,-10.350134
1829838615,0.320823,-0.493206,-10.405201
1829839801,0.284910,-0.454898,-10.443508
1829840984,0.373495,-0.488417,-10.603919
1829842169,0.330400,-0.466869,-10.587160
1829843354,0.373495,-0.596156,-10.469844
1829844540,0.325611,-0.672771,-10.307038
1829845728,0.229843,-0.648829,-10.072407
1829846920,0.311246,-0.505177,-9.967062
1829848105,0.325611,-0.490811,-10.213664
1829849293,0.380678,-0.550666,-10.237606
1829850475,0.392649,-0.553061,-10.302250
1829851663,0.344765,-0.553061,-10.354922
1829852855,0.258574,-0.531513,-10.345345
1829854049,0.232238,-0.553061,-10.196905
1829855232,0.313640,-0.452504,-9.801862
1829856412,0.368707,-0.507571,-9.770737
1829857592,0.294487,-0.493206,-9.837775
1829858778,0.306458,-0.426168,-9.770737
1829859963,0.339977,-0.426168,-9.753978
1829861151,0.287304,-0.435745,-9.773131
1829862336,0.366313,-0.514753,-9.780313
1829863517,0.359130,-0.560243,-9.756371
1829864695,0.342371,-0.581791,-9.763555
1829865895,0.356736,-0.538695,-9.787497
1829867078,0.287304,-0.495600,-9.811439
1829868269,0.330400,-0.529119,-9.753978
1829869443,0.330400,-0.524330,-9.816227
1829870629,0.289698,-0.497994,-9.809045
1829871815,0.339977,-0.529119,-9.849746
1829873012,0.316035,-0.478840,-9.864111
1829874194,0.323217,-0.478840,-9.797073
1829875379,0.368707,-0.577003,-9.904813
1829876559,0.378284,-0.634463,-9.947908
1829877748,0.356736,-0.548272,-9.923966
1829878930,0.342371,-0.526724,-9.909601
1829880121,0.368707,-0.557849,-9.979033
1829881303,0.438139,-0.548272,-10.024523
1829882492,0.469264,-0.543484,-10.065224
1829883673,0.402226,-0.560243,-10.122684
1829884873,0.402226,-0.560243,-10.156203
1829886064,0.363919,-0.548272,-10.172963
1829887254,0.380678,-0.600945,-10.309433
1829888426,0.428562,-0.608127,-10.273520
1829889614,0.397437,-0.514753,-10.225636
1829890798,0.399832,-0.509965,-10.228029
1829891985,0.395043,-0.505177,-10.316615
1829893163,0.416591,-0.550666,-10.362105
1829894353,0.430956,-0.569820,-10.481815
1829895531,0.445322,-0.550666,-10.520123
1829896714,0.414197,-0.483629,-10.417171
1829897911,0.421380,-0.545878,-10.414778
1829899102,0.450110,-0.560243,-10.390836
1829900283,0.459687,-0.526724,-10.254366
1829901472,0.502782,-0.538695,-10.287885
1829902656,0.469264,-0.584185,-10.268731
1829903857,0.486023,-0.562637,-10.213664
1829905045,0.514753,-0.529119,-10.218452
1829906234,0.474052,-0.555455,-10.259154
1829907411,0.399832,-0.562637,-10.144233
1829908604,0.390255,-0.565032,-10.132261
1829909787,0.407014,-0.495600,-10.041282
1829910970,0.397437,-0.457293,-10.101137
1829912156,0.373495,-0.462081,-10.053253
1829913343,0.380678,-0.433351,-10.050858
1829914526,0.375890,-0.497994,-10.038888
1829915709,0.356736,-0.524330,-10.026917
1829916903,0.308852,-0.488417,-9.959879
1829918090,0.270545,-0.459687,-10.034100
1829919271,0.311246,-0.493206,-9.993398
1829920451,0.328006,-0.471658,-9.931149
1829921629,0.332794,-0.509965,-9.856929
1829922820,0.280122,-0.509965,-9.876082
1829924010,0.282516,-0.495600,-9.866506
1829925199,0.325611,-0.466869,-9.823410
1829926376,0.263362,-0.517148,-9.830592
1829927562,0.253785,-0.500388,-9.864111
1829928745,0.222661,-0.423774,-9.911995
1829929933,0.225055,-0.452504,-9.923966
1829931117,0.253785,-0.488417,-9.888053
1829932307,0.260968,-0.454898,-9.844957
1829933490,0.205901,-0.454898,-9.832987
1829934681,0.239420,-0.404620,-9.830592
1829935878,0.258574,-0.390255,-9.897630
1829937074,0.198719,-0.438139,-10.005369
1829938259,0.239420,-0.466869,-9.909601
1829939439,0.237026,-0.440533,-10.005369
1829940616,0.260968,-0.440533,-9.971850
1829941803,0.280122,-0.454898,-9.947908
1829942984,0.258574,-0.469264,-9.986216
1829944170,0.308852,-0.399832,-9.974244
1829945355,0.308852,-0.442927,-10.041282
1829946538,0.301669,-0.457293,-10.098742
1829947723,0.318429,-0.387861,-10.117896
1829948914,0.351948,-0.402226,-10.062830
1829950099,0.375890,-0.476446,-10.113108
1829951286,0.347159,-0.414197,-10.235212
1829952456,0.328006,-0.308852,-10.309433
1829953641,0.356736,-0.335188,-10.256760
1829954830,0.356736,-0.320823,-10.220847
1829956028,0.359130,-0.311246,-10.223241
1829957216,0.387861,-0.330400,-10.297462
1829958396,0.325611,-0.301669,-10.199299
1829959580,0.301669,-0.289698,-10.115502
1829960760,0.256180,-0.280122,-9.940725
1829961941,0.318429,-0.253785,-9.947908
1829963128,0.287304,-0.213084,-9.816227
1829964318,0.280122,-0.234632,-9.777920
1829965508,0.287304,-0.277727,-9.813833
1829966697,0.349553,-0.330400,-9.684546
1829967895,0.330400,-0.325611,-9.564836
1829969077,0.354342,-0.311246,-9.557653
1829970270,0.363919,-0.344765,-9.631873
1829971446,0.416591,-0.392649,-9.612720
1829972637,0.450110,-0.387861,-9.550470
1829973822,0.466869,-0.325611,-9.631873
1829975019,0.457293,-0.330400,-9.653421
1829976203,0.390255,-0.356736,-9.672575
1829977392,0.316035,-0.368707,-9.696517
1829978570,0.337582,-0.287304,-9.698911
1829979752,0.313640,-0.239420,-9.792285
1829980934,0.256180,-0.280122,-9.883265
1829982125,0.311246,-0.260968,-9.945514
1829983312,0.282516,-0.272939,-9.981427
1829984501,0.213084,-0.296881,-10.010158
1829985687,0.210690,-0.306458,-10.079589
1829986890,0.213084,-0.296881,-10.098742
1829988077,0.232238,-0.292093,-10.120291
1829989269,0.268151,-0.304064,-10.122684
1829990443,0.282516,-0.256180,-10.259154
1829991627,0.349553,-0.229843,-10.304645
1829992814,0.323217,-0.287304,-10.290278
1829994010,0.378284,-0.241814,-10.220847
1829995193,0.335188,-0.244209,-10.290278
1829996380,0.373495,-0.241814,-10.292673
1829997558,0.316035,-0.241814,-10.283096
1829998746,0.318429,-0.260968,-10.256760
1829999928,0.373495,-0.227449,-10.261548
1830001121,0.375890,-0.189142,-10.297462
1830002307,0.294487,-0.227449,-10.175357
1830003496,0.318429,-0.150835,-10.062830
1830004683,0.323217,-0.189142,-10.060435
1830005886,0.323217,-0.177171,-10.060435
1830007073,0.330400,-0.217872,-10.058042
1830008261,0.328006,-0.213084,-9.904813
1830009436,0.294487,-0.172383,-9.876082
1830010618,0.356736,-0.198719,-9.806650
1830011801,0.373495,-0.225055,-9.715671
1830012988,0.407014,-0.191536,-9.713276
1830014167,0.366313,-0.174777,-9.706094
1830015357,0.373495,-0.208296,-9.631873
1830016535,0.416591,-0.275333,-9.744401
1830017724,0.411803,-0.237026,-9.698911
1830018911,0.395043,-0.239420,-9.739613
1830020097,0.375890,-0.248997,-9.816227
1830021279,0.423774,-0.196325,-9.888053
1830022455,0.371101,-0.246603,-9.979033
1830023635,0.344765,-0.270545,-10.053253
1830024827,0.332794,-0.296881,-10.038888
1830026019,0.325611,-0.301669,-10.134656
1830027210,0.339977,-0.277727,-10.137050
1830028395,0.299275,-0.289698,-10.175357
1830029579,0.304064,-0.332794,-10.137050
1830030755,0.313640,-0.361524,-10.175357
1830031943,0.280122,-0.373495,-10.170568
1830033125,0.313640,-0.363919,-10.153810
1830034320,0.287304,-0.354342,-10.228029
1830035503,0.265756,-0.435745,-10.237606
1830036695,0.287304,-0.395043,-10.299856
1830037890,0.275333,-0.356736,-10.278308
1830039078,0.217872,-0.347159,-10.314221
1830040267,0.208296,-0.368707,-10.340557
1830041447,0.234632,-0.342371,-10.388441
1830042627,0.146046,-0.378284,-10.354922
1830043819,0.028730,-0.399832,-10.484209
1830045004,0.050278,-0.423774,-10.453085
1830046190,0.112527,-0.395043,-10.381259
1830047373,0.193930,-0.445322,-10.388441
1830048564,0.172383,-0.390255,-10.251971
1830049748,0.220267,-0.363919,-10.261548
1830050935,0.155623,-0.371101,-10.168175
1830052116,0.162806,-0.430956,-10.149021
1830053306,0.150835,-0.454898,-10.172963
1830054490,0.205901,-0.378284,-10.098742
1830055680,0.193930,-0.402226,-10.007763
1830056879,0.227449,-0.433351,-10.046070
1830058074,0.248997,-0.433351,-9.911995
1830059260,0.179565,-0.397437,-9.921572
1830060439,0.167594,-0.390255,-9.811439
1830061617,0.222661,-0.409408,-9.660604
1830062800,0.306458,-0.445322,-9.667787
1830063981,0.215478,-0.519542,-9.538500
1830065173,0.203507,-0.426168,-9.643845
1830066357,0.191536,-0.550666,-9.770737
1830067548,0.146046,-0.495600,-10.101137
1830068732,0.174777,-0.407014,-9.701305
1830069919,0.292093,-0.347159,-9.313444
1830071102,0.337582,-0.526724,-9.425972
1830072289,0.347159,-0.565032,-9.832987
1830073473,0.323217,-0.574608,-10.014946
1830074661,0.320823,-0.634463,-9.971850
1830075854,0.270545,-0.497994,-9.837775
1830077047,0.227449,-0.414197,-9.880871
1830078229,0.239420,-0.550666,-9.921572
1830079415,0.232238,-0.644040,-9.801862
1830080596,0.239420,-0.634463,-10.170568
1830081782,0.196325,-0.500388,-10.278308
1830082967,0.191536,-0.462081,-10.074800
1830084155,0.232238,-0.555455,-9.983821
1830085336,0.277727,-0.524330,-10.081984
1830086517,0.337582,-0.596156,-10.177752
1830087697,0.244209,-0.600945,-9.976639
1830088895,0.220267,-0.543484,-9.777920
1830090077,0.213084,-0.464475,-9.694122
1830091269,0.258574,-0.454898,-9.713276
1830092446,0.208296,-0.430956,-9.742006
1830093627,0.208296,-0.490811,-9.830592
1830094812,0.251391,-0.478840,-9.751583
1830095998,0.316035,-0.512359,-9.734824
1830097181,0.414197,-0.481235,-9.655815
1830098363,0.481235,-0.550666,-9.629479
1830099550,0.411803,-0.538695,-9.983821
1830100742,0.378284,-0.502782,-9.840169
1830101919,0.368707,-0.435745,-9.885659
1830103109,0.421380,-0.402226,-9.873688
1830104290,0.416591,-0.531513,-9.674969
1830105479,0.421380,-0.486023,-9.758766
1830106661,0.466869,-0.553061,-10.175357
1830107865,0.430956,-0.555455,-10.149021
1830109053,0.411803,-0.505177,-10.201694
1830110239,0.418985,-0.483629,-10.146626
1830111417,0.416591,-0.543484,-10.122684
1830112612,0.526724,-0.636858,-10.184934
1830113796,0.505177,-0.682347,-10.187328
1830114984,0.375890,-0.579397,-10.323798
1830116172,0.428562,-0.555455,-10.254366
1830117368,0.457293,-0.495600,-9.979033
1830118548,0.390255,-0.572214,-9.837775
1830119741,0.500388,-0.598550,-10.479421
1830120921,0.380678,-0.529119,-10.220847
1830122111,0.414197,-0.560243,-9.868899
1830123293,0.450110,-0.588974,-10.024523
1830124481,0.397437,-0.641646,-10.017340
1830125664,0.361524,-0.610521,-10.249578
1830126864,0.392649,-0.632069,-10.386047
1830128053,0.280122,-0.610521,-10.247183
1830129240,0.363919,-0.572214,-10.153810
1830130417,0.433351,-0.521936,-10.330980
1830131599,0.339977,-0.495600,-10.283096
1830132780,0.325611,-0.548272,-10.115502
1830133972,0.390255,-0.538695,-10.072407
1830135157,0.371101,-0.593762,-10.062830
1830136343,0.306458,-0.694318,-10.067618
1830137527,0.241814,-0.699107,-9.821015
1830138709,0.304064,-0.591368,-10.168175
1830139904,0.301669,-0.533907,-10.067618
1830141090,0.450110,-0.622492,-10.036493
1830142271,0.500388,-0.620098,-10.182540
1830143450,0.440533,-0.615310,-9.902418
1830144627,0.328006,-0.577003,-9.785102
1830145816,0.294487,-0.581791,-9.897630
1830146998,0.294487,-0.560243,-9.782708
1830148184,0.320823,-0.550666,-9.890448
1830149360,0.351948,-0.591368,-10.014946
1830150552,0.344765,-0.701501,-9.861717
1830151739,0.335188,-0.593762,-9.837775
1830152925,0.490811,-0.459687,-9.691729
1830154112,0.617704,-0.430956,-9.751583
1830155301,0.395043,-0.409408,-9.758766
1830156483,0.239420,-0.368707,-9.521740
1830157670,0.294487,-0.634463,-9.191340
1830158868,0.387861,-0.665588,-9.215282
1830160065,0.466869,-0.505177,-9.471462
1830161250,0.543484,-0.337582,-9.583989
1830162432,0.502782,-0.335188,-9.370906
1830163609,0.447716,-0.320823,-9.042900
1830164795,0.416591,-0.502782,-9.380483
1830165976,0.407014,-0.505177,-9.107543
1830167164,0.459687,-0.450110,-8.767567
1830168349,0.375890,-0.404620,-8.695741
1830169536,0.335188,-0.306458,-8.777143
1830170711,0.445322,-0.316035,-9.071630
1830171910,0.464475,-0.430956,-9.402030
1830173088,0.452504,-0.375890,-9.576807
1830174273,0.421380,-0.320823,-9.414001
1830175448,0.495600,-0.265756,-9.332599
1830176627,0.392649,-0.371101,-9.526528
1830177813,0.380678,-0.272939,-9.485827
1830179003,0.359130,-0.330400,-9.574412
1830180183,0.342371,-0.347159,-9.698911
1830181369,0.282516,-0.248997,-9.576807
1830182556,0.337582,-0.241814,-9.543288
1830183748,0.366313,-0.196325,-9.696517
1830184929,0.339977,-0.251391,-9.672575
1830186121,0.418985,-0.313640,-9.770737
1830187306,0.397437,-0.294487,-9.708488
1830188491,0.404620,-0.270545,-9.648633
1830189673,0.430956,-0.244209,-9.809045
1830190874,0.368707,-0.205901,-9.979033
1830192063,0.299275,-0.186748,-10.070012
1830193250,0.356736,-0.181959,-10.093954
1830194427,0.430956,-0.174777,-10.046070
1830195607,0.442927,-0.184354,-10.093954
1830196791,0.416591,-0.165200,-10.129868
1830197978,0.418985,-0.184354,-10.074800
1830199163,0.464475,-0.193930,-10.038888
1830200353,0.517148,-0.167594,-10.034100
1830201531,0.509965,-0.150835,-9.967062
1830202712,0.555455,-0.162806,-10.010158
1830203910,0.526724,-0.143652,-10.010158
1830205094,0.445322,-0.129287,-9.871294
1830206276,0.526724,-0.196325,-9.797073
1830207457,0.541090,-0.165200,-9.715671
1830208642,0.555455,-0.155623,-9.631873
1830209835,0.598550,-0.253785,-9.493010
1830211027,0.670376,-0.227449,-9.411607
1830212216,0.677559,-0.227449,-9.370906
1830213392,0.588974,-0.167594,-9.397242
1830214580,0.639252,-0.234632,-9.380483
1830215759,0.591368,-0.248997,-9.279925
1830216946,0.538695,-0.186748,-9.227253
1830218129,0.524330,-0.232238,-9.129091
1830219323,0.509965,-0.265756,-9.141062
1830220511,0.538695,-0.275333,-9.157822
1830221692,0.517148,-0.246603,-9.126697
1830222887,0.543484,-0.263362,-9.136273
1830224078,0.505177,-0.294487,-9.088389
1830225265,0.476446,-0.337582,-9.081207
1830226445,0.457293,-0.387861,-9.124303
1830227623,0.478840,-0.368707,-9.174581
1830228814,0.399832,-0.373495,-9.229648
1830229997,0.452504,-0.428562,-9.263166
1830231183,0.402226,-0.440533,-9.332599
1830232360,0.378284,-0.505177,-9.370906
1830233550,0.383072,-0.550666,-9.414001
1830234736,0.335188,-0.529119,-9.572019
1830235928,0.390255,-0.538695,-9.639056
1830237112,0.395043,-0.533907,-9.689334
1830238302,0.265756,-0.550666,-9.840169
1830239484,0.237026,-0.481235,-9.904813
1830240669,0.237026,-0.524330,-9.909601
1830241865,0.136469,-0.507571,-9.938332
1830243061,0.177171,-0.545878,-10.036493
1830244244,0.158017,-0.519542,-10.070012
1830245423,0.189142,-0.533907,-10.026917
1830246607,0.213084,-0.533907,-9.971850
1830247793,0.155623,-0.603339,-10.005369
1830248975,0.153229,-0.588974,-9.935937
1830250166,0.148441,-0.600945,-9.979033
1830251350,0.186748,-0.612916,-10.024523
1830252533,0.189142,-0.660800,-10.043676
1830253710,0.225055,-0.691924,-10.024523
1830254910,0.213084,-0.711078,-9.955091
1830256091,0.251391,-0.715866,-9.861717
1830257279,0.220267,-0.689530,-9.904813
1830258453,0.153229,-0.706290,-9.861717
1830259639,0.220267,-0.725443,-9.864111
1830260827,0.186748,-0.758962,-9.825804
1830262023,0.205901,-0.737414,-9.744401
1830263208,0.222661,-0.727837,-9.801862
1830264389,0.179565,-0.739808,-9.713276
1830265572,0.191536,-0.758962,-9.605537
1830266755,0.155623,-0.770933,-9.576807
1830267936,0.071826,-0.818817,-9.641450
1830269120,0.110133,-0.809240,-9.682152
1830270304,0.158017,-0.730232,-9.564836
1830271488,0.134075,-0.775721,-9.485827
1830272672,0.141258,-0.758962,-9.483433
1830273875,0.110133,-0.828394,-9.509769
1830275065,0.107739,-0.809240,-9.483433
1830276251,0.107739,-0.770933,-9.567230
1830277427,0.095768,-0.837971,-9.564836
1830278615,0.026336,-0.845153,-9.648633
1830279798,0.031125,-0.890643,-9.490616
1830280984,0.021548,-0.847547,-9.631873
1830282171,0.069432,-0.878672,-9.631873
1830283361,0.114922,-0.871489,-9.569624
1830284540,0.019154,-0.821211,-9.567230
1830285732,-0.016759,-0.857124,-9.572019
1830286924,0.026336,-0.861913,-9.720459
1830288114,0.009577,-0.852336,-9.837775
1830289298,-0.016759,-0.881066,-9.797073
1830290491,-0.007183,-0.861913,-9.780313
1830291683,0.023942,-0.881066,-9.787497
1830292886,0.047884,-0.893037,-9.813833
1830294073,0.095768,-0.847547,-9.878476
1830295263,0.138864,-0.847547,-9.916783
1830296440,0.124498,-0.837971,-9.876082
1830297623,0.148441,-0.837971,-9.835381
1830298807,0.155623,-0.814029,-9.801862
1830299992,0.198719,-0.799663,-9.842564
1830301175,0.153229,-0.821211,-9.854534
1830302371,0.150835,-0.852336,-9.974244
1830303557,0.201113,-0.859518,-9.945514
1830304744,0.241814,-0.809240,-9.926360
1830305925,0.232238,-0.826000,-9.986216
1830307114,0.184354,-0.814029,-9.962274
1830308293,0.201113,-0.778116,-9.935937
1830309481,0.193930,-0.857124,-9.964667
1830310665,0.220267,-0.785298,-9.931149
1830311861,0.248997,-0.727837,-9.861717
1830313050,0.275333,-0.725443,-9.871294
1830314237,0.349553,-0.727837,-9.713276
1830315414,0.265756,-0.785298,-9.667787
1830316606,0.299275,-0.804452,-9.588778
1830317790,0.330400,-0.780510,-9.581595
1830318972,0.387861,-0.763750,-9.600749
1830320156,0.380678,-0.756568,-9.610326
1830321345,0.342371,-0.778116,-9.662998
1830322522,0.330400,-0.809240,-9.533711
1830323703,0.347159,-0.706290,-9.516952
1830324897,0.323217,-0.665588,-9.605537
1830326083,0.366313,-0.756568,-9.560047
1830327263,0.442927,-0.706290,-9.564836
1830328443,0.409408,-0.696713,-9.622296
1830329621,0.392649,-0.675165,-9.662998
1830330813,0.299275,-0.675165,-9.643845
1830331995,0.414197,-0.687136,-9.627085
1830333182,0.397437,-0.634463,-9.543288
1830334360,0.375890,-0.667982,-9.725247
1830335551,0.332794,-0.648829,-9.718064
1830336739,0.318429,-0.658405,-9.718064
1830337930,0.383072,-0.622492,-9.847352
1830339115,0.462081,-0.620098,-9.832987
1830340301,0.387861,-0.610521,-9.856929
1830341485,0.450110,-0.624887,-9.856929
1830342672,0.385466,-0.608127,-9.895236
1830343870,0.378284,-0.648829,-9.856929
1830345067,0.402226,-0.577003,-9.763555
1830346251,0.440533,-0.557849,-9.892841
1830347432,0.442927,-0.550666,-9.959879
1830348615,0.435745,-0.567426,-9.983821
1830349804,0.421380,-0.569820,-10.010158
1830350984,0.452504,-0.536301,-9.940725
1830352175,0.445322,-0.490811,-9.993398
1830353367,0.507571,-0.526724,-9.976639
1830354559,0.497994,-0.488417,-9.991004
1830355740,0.490811,-0.514753,-9.935937
1830356925,0.478840,-0.469264,-10.031705
1830358110,0.500388,-0.478840,-9.988609
1830359295,0.517148,-0.440533,-9.938332
1830360476,0.562637,-0.500388,-9.940725
1830361662,0.548272,-0.497994,-9.931149
1830362857,0.517148,-0.469264,-9.983821
1830364051,0.574608,-0.454898,-9.907207
1830365232,0.569820,-0.447716,-9.854534
1830366414,0.612916,-0.457293,-9.888053
1830367595,0.634463,-0.411803,-9.945514
1830368781,0.591368,-0.270545,-9.940725
1830369966,0.620098,-0.354342,-9.947908
1830371155,0.622492,-0.292093,-9.995792
1830372340,0.593762,-0.316035,-9.981427
1830373526,0.555455,-0.328006,-9.835381
1830374704,0.524330,-0.337582,-9.809045
1830375902,0.541090,-0.256180,-9.837775
1830377083,0.502782,-0.275333,-9.756371
1830378274,0.433351,-0.213084,-9.718064
1830379450,0.435745,-0.208296,-9.686940
1830380632,0.483629,-0.203507,-9.696517
1830381818,0.481235,-0.229843,-9.670180
1830383001,0.526724,-0.172383,-9.512163
1830384183,0.397437,-0.184354,-9.363723
1830385366,0.459687,-0.203507,-9.595961
1830386552,0.375890,-0.227449,-9.495404
1830387743,0.416591,-0.155623,-9.483433
1830388926,0.430956,-0.179565,-9.473856
1830390116,0.399832,-0.150835,-9.421184
1830391299,0.404620,-0.031125,-9.454702
1830392485,0.435745,-0.112527,-9.414001
1830393668,0.457293,-0.153229,-9.361329
1830394871,0.392649,-0.069432,-9.399636
1830396062,0.442927,-0.033519,-9.366117
1830397252,0.414197,-0.043096,-9.306262
1830398428,0.457293,-0.081403,-9.308656
1830399608,0.466869,-0.069432,-9.236830
1830400790,0.507571,0.002394,-9.306262
1830401967,0.433351,-0.076614,-9.385271
1830403152,0.512359,-0.052672,-9.303867
1830404342,0.490811,-0.047884,-9.299079
1830405522,0.478840,-0.184354,-9.361329
1830406705,0.497994,-0.136469,-9.320627
1830407899,0.572214,-0.110133,-9.363723
1830409086,0.462081,-0.045490,-9.512163
1830410265,0.538695,-0.067038,-9.461885
1830411445,0.632069,-0.071826,-9.497798
1830412623,0.620098,-0.033519,-9.500193
1830413808,0.538695,-0.069432,-9.524135
1830414990,0.538695,-0.079009,-9.662998
1830416176,0.435745,-0.055067,-9.617508
1830417360,0.560243,-0.122104,-9.665392
1830418542,0.466869,-0.119710,-9.653421
1830419726,0.428562,-0.186748,-9.483433
1830420917,0.579397,-0.217872,-9.785102
1830422103,0.672771,-0.184354,-9.873688
1830423290,0.507571,-0.131681,-9.876082
1830424473,0.577003,-0.148441,-9.646238
1830425660,0.533907,-0.181959,-9.631873
1830426854,0.550666,-0.215478,-9.655815
1830428047,0.517148,-0.241814,-9.979033
1830429227,0.478840,-0.203507,-9.847352
1830430406,0.478840,-0.268151,-9.964667
1830431592,0.368707,-0.282516,-9.979033
1830432778,0.469264,-0.198719,-10.022128
1830433964,0.474052,-0.265756,-10.295067
1830435154,0.359130,-0.007183,-10.043676
1830436338,0.512359,-0.086191,-10.199299
1830437520,0.368707,-0.306458,-9.588778
1830438698,0.316035,-0.313640,-9.550470
1830439895,0.316035,-0.464475,-9.753978
1830441077,0.351948,-0.454898,-10.316615
1830442270,0.210690,-0.373495,-10.065224
1830443443,0.387861,-0.385466,-10.139444
1830444633,0.509965,-0.378284,-10.426748
1830445820,0.378284,-0.390255,-10.029311
1830447017,0.237026,-0.481235,-9.998186
1830448202,0.347159,-0.622492,-10.429143
1830449390,0.318429,-0.560243,-10.175357
1830450568,0.363919,-0.452504,-10.309433
1830451750,0.373495,-0.553061,-10.599131
1830452933,0.277727,-0.615310,-10.512939
1830454126,0.316035,-0.648829,-10.527305
1830455310,0.328006,-0.632069,-10.443508
1830456496,0.289698,-0.689530,-10.390836
1830457683,0.184354,-0.653617,-10.414778
1830458889,0.205901,-0.675165,-10.457873
1830460072,0.181959,-0.600945,-10.443508
1830461262,0.179565,-0.636858,-10.412383
1830462440,0.201113,-0.699107,-10.407595
1830463622,0.110133,-0.742203,-10.474632
1830464805,0.086191,-0.701501,-10.453085
1830465991,0.059855,-0.691924,-10.369287
1830467174,0.141258,-0.746991,-10.158598
1830468365,0.138864,-0.802058,-10.137050
1830469550,0.179565,-0.797269,-10.182540
1830470743,0.208296,-0.849942,-10.347740
1830471924,0.205901,-0.811634,-10.402806
1830473113,0.179565,-0.876278,-10.354922
1830474299,0.095768,-0.835576,-10.338163
1830475488,0.033519,-0.883460,-10.326192
1830476672,0.052672,-0.871489,-10.295067
1830477874,0.074220,-0.773327,-10.297462
1830479066,0.134075,-0.811634,-10.283096
1830480256,0.031125,-0.814029,-10.263943
1830481432,-0.040701,-0.785298,-10.232818
1830482626,-0.043096,-0.811634,-10.283096
1830483817,-0.059855,-0.782904,-10.295067
1830485019,-0.043096,-0.770933,-10.251971
1830486210,-0.107739,-0.828394,-10.244789
1830487398,-0.093374,-0.833182,-10.194510
1830488588,-0.052672,-0.811634,-10.108319
1830489781,0.040701,-0.790087,-10.007763
1830490963,0.081403,-0.845153,-9.986216
1830492153,0.059855,-0.830788,-10.127473
1830493338,0.064643,-0.799663,-10.225636
1830494519,0.117316,-0.782904,-10.230424
1830495697,0.148441,-0.809240,-10.108319
1830496896,0.131681,-0.785298,-10.007763
1830498078,0.126893,-0.802058,-10.065224
1830499267,0.110133,-0.713472,-10.132261
1830500444,0.045490,-0.679953,-10.074800
1830501625,0.067038,-0.699107,-10.050858
1830502806,0.129287,-0.641646,-9.979033
1830503993,0.143652,-0.699107,-9.852140
1830505175,0.076614,-0.660800,-9.797073
1830506359,0.102951,-0.605733,-9.854534
1830507537,0.105345,-0.567426,-9.876082
1830508725,0.064643,-0.632069,-9.828198
1830509911,0.095768,-0.588974,-9.794679
1830511098,0.126893,-0.593762,-9.742006
1830512279,0.131681,-0.584185,-9.672575
1830513473,0.208296,-0.584185,-9.643845
1830514656,0.191536,-0.584185,-9.639056
1830515852,0.208296,-0.581791,-9.581595
1830517038,0.213084,-0.632069,-9.550470
1830518221,0.246603,-0.557849,-9.605537
1830519408,0.304064,-0.593762,-9.653421
1830520598,0.332794,-0.591368,-9.586384
1830521780,0.335188,-0.562637,-9.670180
1830522970,0.368707,-0.533907,-9.765948
1830524155,0.347159,-0.452504,-9.624691
1830525345,0.311246,-0.457293,-9.658210
1830526521,0.351948,-0.433351,-9.775525
1830527705,0.325611,-0.466869,-9.847352
1830528900,0.380678,-0.524330,-9.902418
1830530085,0.351948,-0.423774,-9.897630
1830531265,0.318429,-0.397437,-9.969456
1830532447,0.325611,-0.397437,-10.053253
1830533626,0.392649,-0.395043,-10.007763
1830534814,0.390255,-0.435745,-9.955091
1830535995,0.442927,-0.316035,-10.055647
1830537182,0.457293,-0.299275,-10.137050
1830538373,0.450110,-0.325611,-10.125079
1830539563,0.421380,-0.349553,-10.110714
1830540748,0.414197,-0.311246,-10.079589
1830541935,0.409408,-0.320823,-10.153810
1830543121,0.438139,-0.371101,-10.120291
1830544311,0.490811,-0.268151,-10.127473
1830545495,0.462081,-0.272939,-10.117896
1830546687,0.452504,-0.272939,-10.127473
1830547887,0.464475,-0.265756,-10.115502
1830549080,0.414197,-0.246603,-10.170568
1830550267,0.452504,-0.167594,-10.036493
1830551448,0.397437,-0.210690,-9.969456
1830552625,0.440533,-0.215478,-9.900024
1830553815,0.404620,-0.248997,-9.909601
1830554995,0.397437,-0.234632,-9.830592
1830556182,0.416591,-0.222661,-9.813833
1830557373,0.481235,-0.275333,-9.672575
1830558561,0.471658,-0.208296,-9.660604
1830559742,0.507571,-0.186748,-9.665392
1830560927,0.543484,-0.181959,-9.718064
1830562113,0.507571,-0.169988,-9.691729
1830563303,0.560243,-0.193930,-9.773131
1830564485,0.466869,-0.177171,-9.701305
1830565672,0.435745,-0.076614,-9.667787
1830566870,0.497994,-0.155623,-9.713276
1830568067,0.442927,-0.186748,-9.739613
1830569253,0.517148,-0.222661,-9.744401
1830570434,0.541090,-0.186748,-9.880871
1830571616,0.519542,-0.131681,-9.945514
1830572805,0.533907,-0.148441,-9.935937
1830573987,0.545878,-0.146046,-9.770737
1830575171,0.603339,-0.098162,-9.864111
1830576356,0.565032,-0.169988,-9.955091
1830577536,0.591368,-0.189142,-9.971850
1830578714,0.457293,-0.158017,-10.072407
1830579910,0.466869,-0.229843,-10.189722
1830581091,0.411803,-0.244209,-10.287885
1830582278,0.474052,-0.225055,-10.297462
1830583454,0.447716,-0.260968,-10.261548
1830584638,0.440533,-0.227449,-10.273520
1830585825,0.407014,-0.268151,-10.259154
1830587021,0.356736,-0.263362,-10.271125
1830588208,0.383072,-0.244209,-10.218452
1830589389,0.416591,-0.215478,-10.225636
1830590574,0.368707,-0.208296,-10.323798
1830591757,0.426168,-0.248997,-10.388441
1830592941,0.411803,-0.306458,-10.474632
1830594128,0.323217,-0.282516,-10.450690
1830595315,0.306458,-0.193930,-10.340557
1830596502,0.351948,-0.213084,-10.261548
1830597687,0.277727,-0.186748,-10.340557
1830598892,0.380678,-0.225055,-10.275913
1830600077,0.385466,-0.244209,-10.213664
1830601270,0.409408,-0.215478,-10.101137
1830602445,0.335188,-0.313640,-10.115502
1830603634,0.294487,-0.332794,-10.134656
1830609517,0.299275,-0.287304,-9.727641
1830610710,0.294487,-0.251391,-9.698911
1830611905,0.313640,-0.318429,-9.708488
1830613091,0.299275,-0.354342,-9.631873
1830614274,0.253785,-0.387861,-9.667787
1830615455,0.284910,-0.325611,-9.583989
1830616637,0.237026,-0.325611,-9.682152
1830617828,0.268151,-0.363919,-9.631873
1830619020,0.167594,-0.354342,-9.586384
1830620211,0.213084,-0.351948,-9.593566
1830621388,0.275333,-0.450110,-9.572019
1830622574,0.220267,-0.454898,-9.636662
1830623752,0.193930,-0.399832,-9.734824
1830624939,0.225055,-0.418985,-9.765948
1830626119,0.220267,-0.462081,-9.734824
1830627309,0.217872,-0.397437,-9.749189
1830628493,0.201113,-0.411803,-9.842564
1830629683,0.210690,-0.397437,-9.854534
1830630882,0.179565,-0.438139,-9.868899
1830632078,0.162806,-0.450110,-9.854534
1830633262,0.162806,-0.464475,-9.761160
1830634440,0.241814,-0.486023,-9.957485
1830635618,0.256180,-0.469264,-10.036493
1830636806,0.246603,-0.462081,-10.043676
1830637988,0.191536,-0.533907,-10.070012
1830639172,0.239420,-0.610521,-10.108319
1830640357,0.270545,-0.600945,-10.062830
1830641543,0.287304,-0.596156,-10.053253
1830642727,0.299275,-0.605733,-10.065224
1830643919,0.258574,-0.632069,-10.170568
1830645105,0.304064,-0.639252,-10.153810
1830646288,0.265756,-0.610521,-10.101137
1830647472,0.339977,-0.557849,-10.206482
1830648660,0.335188,-0.646434,-10.108319
1830649856,0.265756,-0.639252,-10.101137
1830651050,0.313640,-0.636858,-10.163386
1830652233,0.304064,-0.656011,-10.105926
1830653412,0.237026,-0.634463,-10.134656
1830654599,0.251391,-0.615310,-10.060435
1830655782,0.258574,-0.667982,-10.062830
1830656965,0.227449,-0.715866,-10.139444
1830658156,0.222661,-0.691924,-10.175357
1830659342,0.320823,-0.691924,-10.070012
1830660522,0.272939,-0.701501,-10.036493
1830661700,0.272939,-0.751779,-10.105926
1830662900,0.277727,-0.725443,-10.139444
1830664084,0.316035,-0.687136,-10.201694
1830665276,0.272939,-0.687136,-10.163386
1830666453,0.258574,-0.723049,-10.105926
1830667644,0.251391,-0.732626,-10.230424
1830668834,0.251391,-0.735020,-10.213664
1830670030,0.256180,-0.735020,-10.165780
1830671214,0.268151,-0.744597,-10.113108
1830672396,0.280122,-0.804452,-10.067618
1830673578,0.263362,-0.718261,-10.110714
1830674762,0.263362,-0.775721,-10.103531
1830675945,0.306458,-0.794875,-10.139444
1830677133,0.347159,-0.746991,-10.151415
1830678324,0.263362,-0.770933,-10.036493
1830679516,0.304064,-0.804452,-10.005369
1830680702,0.351948,-0.744597,-10.079589
1830681902,0.328006,-0.711078,-10.014946
1830683083,0.342371,-0.735020,-10.019734
1830684274,0.368707,-0.684742,-10.002975
1830685450,0.354342,-0.715866,-10.050858
1830686633,0.328006,-0.689530,-9.902418
1830687818,0.404620,-0.754174,-9.983821
1830689013,0.347159,-0.780510,-10.022128
1830690195,0.354342,-0.737414,-10.103531
1830691383,0.457293,-0.653617,-10.187328
1830692560,0.459687,-0.622492,-10.285490
1830693748,0.430956,-0.699107,-10.151415
1830694930,0.375890,-0.639252,-10.038888
1830696120,0.371101,-0.627281,-9.979033
1830697305,0.416591,-0.624887,-10.101137
1830698493,0.407014,-0.624887,-10.149021
1830699676,0.409408,-0.565032,-10.120291
1830700877,0.418985,-0.634463,-9.986216
1830702067,0.335188,-0.658405,-9.988609
1830703256,0.342371,-0.658405,-10.172963
1830704431,0.416591,-0.615310,-9.897630
1830705613,0.354342,-0.651223,-9.928755
1830706797,0.399832,-0.617704,-9.931149
1830707984,0.442927,-0.651223,-9.971850
1830709171,0.435745,-0.644040,-10.084377
1830710360,0.313640,-0.603339,-10.031705
1830711537,0.244209,-0.579397,-10.081984
1830712727,0.301669,-0.533907,-9.947908
1830713911,0.311246,-0.483629,-9.830592
1830715098,0.366313,-0.483629,-9.921572
1830716281,0.363919,-0.462081,-9.926360
1830717474,0.330400,-0.323217,-9.746795
1830718655,0.313640,-0.339977,-9.718064
1830719854,0.270545,-0.430956,-9.442732
1830721042,0.227449,-0.447716,-9.572019
1830722229,0.361524,-0.438139,-9.639056
1830723415,0.495600,-0.440533,-9.665392
1830724605,0.438139,-0.296881,-9.591172
1830725789,0.299275,-0.292093,-9.327810
1830726980,0.323217,-0.292093,-9.157822
1830728168,0.385466,-0.265756,-9.244013
1830729358,0.320823,-0.268151,-9.325416
1830730536,0.488417,-0.246603,-9.093178
1830731725,0.500388,-0.193930,-8.781932
1830732911,0.469264,-0.150835,-8.937555
1830734098,0.428562,-0.193930,-9.028535
1830735279,0.433351,-0.210690,-9.002198
1830736458,0.421380,-0.282516,-9.124303
1830737644,0.452504,-0.220267,-9.198523
1830738836,0.438139,-0.143652,-9.033323
1830740030,0.411803,-0.146046,-8.906430
1830741217,0.462081,-0.193930,-9.112331
1830742393,0.466869,-0.215478,-9.224859
1830743581,0.488417,-0.265756,-9.320627
1830744760,0.442927,-0.237026,-9.217676
1830745946,0.442927,-0.155623,-9.260772
1830747128,0.450110,-0.148441,-9.339781
1830748317,0.426168,-0.119710,-9.394848
1830749501,0.435745,-0.141258,-9.528923
1830750693,0.497994,-0.167594,-9.572019
1830751887,0.531513,-0.158017,-9.588778
1830753078,0.507571,-0.165200,-9.572019
1830754262,0.524330,-0.117316,-9.598354
1830755443,0.512359,-0.129287,-9.665392
1830756622,0.488417,-0.105345,-9.722853
1830757813,0.486023,-0.117316,-9.797073
1830758995,0.519542,-0.169988,-9.842564
1830760182,0.574608,-0.203507,-9.799467
1830761371,0.524330,-0.246603,-9.794679
1830762557,0.524330,-0.220267,-9.926360
1830763738,0.565032,-0.258574,-9.909601
1830764929,0.581791,-0.270545,-9.890448
1830766111,0.596156,-0.244209,-9.952697
1830767301,0.588974,-0.272939,-9.943120
1830768483,0.562637,-0.270545,-9.895236
1830769666,0.567426,-0.215478,-9.928755
1830770864,0.569820,-0.234632,-9.938332
1830772057,0.569820,-0.239420,-9.983821
1830773239,0.478840,-0.256180,-9.871294
1830774419,0.541090,-0.275333,-9.964667
1830775605,0.478840,-0.237026,-10.093954
1830776792,0.452504,-0.280122,-10.060435
1830777972,0.486023,-0.301669,-9.979033
1830779160,0.438139,-0.277727,-9.902418
1830780343,0.373495,-0.306458,-9.919178
1830781529,0.387861,-0.320823,-9.926360
1830782706,0.359130,-0.323217,-9.892841
1830783905,0.359130,-0.387861,-9.806650
1830785086,0.363919,-0.442927,-9.816227
1830786272,0.311246,-0.469264,-9.842564
1830787449,0.265756,-0.438139,-9.655815
1830788632,0.284910,-0.383072,-9.619903
1830789818,0.368707,-0.371101,-9.545682
1830791013,0.335188,-0.390255,-9.411607
1830792195,0.272939,-0.421380,-9.423578
1830793386,0.308852,-0.462081,-9.540894
1830794562,0.311246,-0.526724,-9.552865
1830795748,0.253785,-0.517148,-9.538500
1830796929,0.241814,-0.545878,-9.572019
1830798119,0.222661,-0.545878,-9.619903
1830799305,0.229843,-0.562637,-9.581595
1830800493,0.177171,-0.581791,-9.641450
1830801674,0.296881,-0.495600,-9.662998
1830802876,0.186748,-0.555455,-9.730036
1830804066,0.143652,-0.505177,-9.710882
1830805256,0.282516,-0.569820,-9.732430
1830806432,0.208296,-0.624887,-9.749189
1830807620,0.193930,-0.687136,-9.852140
1830808802,0.136469,-0.691924,-9.698911
1830809987,0.153229,-0.629675,-9.737218
1830811175,0.196325,-0.715866,-9.866506
1830812365,0.246603,-0.715866,-9.801862
1830813542,0.203507,-0.684742,-9.876082
1830814733,0.153229,-0.699107,-10.022128
1830815919,0.210690,-0.711078,-10.007763
1830817107,0.153229,-0.713472,-10.053253
1830818290,0.167594,-0.792481,-9.995792
1830819478,0.119710,-0.715866,-10.070012
1830820660,0.155623,-0.806846,-10.002975
1830821859,0.179565,-0.794875,-10.067618
1830823045,0.193930,-0.735020,-10.067618
1830824231,0.148441,-0.756568,-10.093954
1830825418,0.136469,-0.787692,-10.108319
1830826610,0.105345,-0.749385,-10.014946
1830827794,0.126893,-0.732626,-10.026917
1830828981,0.138864,-0.751779,-9.931149
1830830169,0.117316,-0.823605,-9.828198
1830831359,0.160412,-0.792481,-9.844957
1830832537,0.119710,-0.799663,-9.832987
1830833726,0.081403,-0.787692,-9.785102
1830834911,0.131681,-0.785298,-9.787497
1830836098,0.086191,-0.809240,-9.749189
1830837276,0.138864,-0.857124,-9.696517
1830838457,0.126893,-0.837971,-9.615114
1830839640,0.090980,-0.809240,-9.524135
1830840828,0.146046,-0.792481,-9.545682
1830842020,0.146046,-0.773327,-9.555259
1830843210,0.141258,-0.790087,-9.574412
1830844397,0.100556,-0.806846,-9.550470
1830845582,0.090980,-0.775721,-9.500193
1830846757,0.129287,-0.778116,-9.569624
1830847945,0.090980,-0.852336,-9.538500
1830849124,0.153229,-0.816423,-9.603143
1830850314,0.119710,-0.787692,-9.533711
1830851495,0.172383,-0.787692,-9.579201
1830852686,0.122104,-0.756568,-9.576807
1830853882,0.112527,-0.739808,-9.562442
1830855078,0.165200,-0.751779,-9.536105
1830856263,0.189142,-0.718261,-9.476251
1830857444,0.222661,-0.749385,-9.540894
1830858623,0.241814,-0.775721,-9.624691
1830859814,0.306458,-0.746991,-9.579201
1830860996,0.277727,-0.727837,-9.581595
1830862180,0.280122,-0.787692,-9.564836
1830863371,0.265756,-0.713472,-9.567230
1830864557,0.272939,-0.770933,-9.598354
1830865739,0.277727,-0.775721,-9.775525
1830866932,0.306458,-0.770933,-9.746795
1830868114,0.323217,-0.742203,-9.801862
1830869303,0.313640,-0.758962,-9.835381
1830870486,0.323217,-0.768539,-9.804255
1830871674,0.368707,-0.754174,-9.859323
1830872872,0.378284,-0.684742,-9.883265
1830874066,0.445322,-0.706290,-9.818622
1830875247,0.438139,-0.725443,-9.809045
1830876428,0.397437,-0.672771,-9.885659
1830877612,0.380678,-0.706290,-9.940725
1830878798,0.454898,-0.598550,-9.971850
1830879980,0.435745,-0.646434,-10.012551
1830881171,0.478840,-0.634463,-10.060435
1830882355,0.466869,-0.675165,-10.031705
1830883544,0.418985,-0.694318,-10.079589
1830884732,0.450110,-0.672771,-10.103531
1830885921,0.459687,-0.639252,-10.065224
1830887107,0.430956,-0.636858,-10.060435
1830888294,0.392649,-0.620098,-10.046070
1830889475,0.445322,-0.608127,-9.950302
1830890662,0.462081,-0.579397,-9.964667
1830891856,0.474052,-0.521936,-9.947908
1830893049,0.414197,-0.579397,-9.902418
1830894231,0.433351,-0.509965,-9.852140
1830895421,0.462081,-0.505177,-9.895236
1830896597,0.426168,-0.565032,-9.804255
1830897783,0.469264,-0.531513,-9.897630
1830898968,0.421380,-0.497994,-9.832987
1830900158,0.433351,-0.502782,-9.756371
1830901344,0.452504,-0.483629,-9.753978
1830902531,0.363919,-0.471658,-9.890448
1830903710,0.418985,-0.440533,-9.751583
1830904909,0.469264,-0.428562,-9.818622
1830906092,0.457293,-0.378284,-9.627085
1830907278,0.380678,-0.430956,-9.696517
1830908454,0.433351,-0.442927,-9.622296
1830909641,0.390255,-0.457293,-9.852140
1830910828,0.404620,-0.354342,-9.574412
1830912024,0.354342,-0.423774,-9.792285
1830913210,0.407014,-0.462081,-9.885659
1830914393,0.397437,-0.409408,-9.593566
1830915575,0.421380,-0.373495,-9.610326
1830916757,0.459687,-0.481235,-9.890448
1830917939,0.411803,-0.414197,-9.811439
1830919124,0.428562,-0.313640,-9.713276
1830920310,0.490811,-0.320823,-9.696517
1830921497,0.577003,-0.296881,-9.835381
1830922683,0.517148,-0.397437,-9.828198
1830923888,0.462081,-0.282516,-10.007763
1830925077,0.464475,-0.330400,-9.883265
1830926263,0.457293,-0.299275,-9.835381
1830927440,0.524330,-0.306458,-9.883265
1830928623,0.541090,-0.335188,-9.844957
1830929805,0.572214,-0.306458,-9.888053
1830930991,0.567426,-0.351948,-9.844957
1830932170,0.577003,-0.371101,-9.844957
1830933358,0.509965,-0.349553,-9.859323
1830934537,0.459687,-0.301669,-9.902418
1830935725,0.450110,-0.332794,-9.880871
1830936911,0.486023,-0.294487,-9.799467
1830938095,0.457293,-0.294487,-9.866506
1830939277,0.509965,-0.335188,-9.940725
1830940456,0.481235,-0.251391,-9.830592
1830941635,0.466869,-0.258574,-9.837775
1830942827,0.447716,-0.260968,-9.842564
1830944018,0.452504,-0.316035,-9.868899
1830945208,0.450110,-0.306458,-9.866506
1830946393,0.481235,-0.337582,-9.852140
1830947581,0.478840,-0.339977,-9.737218
1830948759,0.418985,-0.301669,-9.854534
1830949946,0.435745,-0.328006,-9.689334
1830951127,0.440533,-0.330400,-9.708488
1830952315,0.445322,-0.356736,-9.739613
1830953499,0.454898,-0.383072,-9.727641
1830954690,0.495600,-0.306458,-9.631873
1830955888,0.450110,-0.299275,-9.631873
1830957080,0.495600,-0.328006,-9.560047
1830958260,0.414197,-0.304064,-9.665392
1830959441,0.426168,-0.361524,-9.677363
1830960625,0.380678,-0.368707,-9.538500
1830961811,0.332794,-0.342371,-9.469068
1830962993,0.380678,-0.313640,-9.627085
1830964178,0.423774,-0.349553,-9.615114
1830965369,0.404620,-0.373495,-9.550470
1830966554,0.426168,-0.395043,-9.497798
1830967743,0.445322,-0.452504,-9.627085
1830968927,0.428562,-0.241814,-9.493010
1830970112,0.426168,-0.275333,-9.495404
1830971299,0.347159,-0.423774,-9.425972
1830972483,0.407014,-0.418985,-9.461885
1830973667,0.328006,-0.390255,-9.349358
1830974861,0.397437,-0.418985,-9.567230
1830976051,0.414197,-0.351948,-9.758766
1830977231,0.347159,-0.332794,-9.301474
1830978411,0.335188,-0.383072,-9.524135
1830979598,0.380678,-0.399832,-9.574412
1830980784,0.349553,-0.474052,-9.588778
1830981967,0.416591,-0.375890,-9.449914
1830983157,0.373495,-0.351948,-9.471462
1830984343,0.359130,-0.438139,-9.574412
1830985524,0.383072,-0.414197,-9.414001
1830986701,0.385466,-0.421380,-9.490616
1830987900,0.354342,-0.545878,-9.667787
1830989080,0.383072,-0.488417,-9.758766
1830990271,0.347159,-0.428562,-9.646238
1830991445,0.323217,-0.478840,-9.787497
1830992625,0.316035,-0.507571,-9.698911
1830993808,0.296881,-0.507571,-9.861717
1830994995,0.299275,-0.521936,-10.041282
1830996178,0.282516,-0.493206,-10.074800
1830997366,0.248997,-0.457293,-9.959879
1830998545,0.263362,-0.392649,-10.014946
1830999739,0.325611,-0.442927,-10.108319
1831000926,0.177171,-0.507571,-10.012551
1831002117,0.270545,-0.497994,-9.998186
1831003302,0.244209,-0.514753,-10.074800
1831004489,0.284910,-0.423774,-10.086772
1831005672,0.282516,-0.565032,-9.979033
1831006874,0.172383,-0.565032,-9.789890
1831008065,0.208296,-0.543484,-9.777920
1831009254,0.366313,-0.495600,-10.012551
1831010430,0.196325,-0.605733,-9.976639
1831011611,0.177171,-0.519542,-9.967062
1831012795,0.191536,-0.497994,-9.639056
1831013977,0.239420,-0.567426,-9.557653
1831015162,0.237026,-0.579397,-9.883265
1831016352,0.237026,-0.634463,-9.844957
1831017530,0.311246,-0.644040,-9.919178
1831018713,0.241814,-0.581791,-9.809045
1831019906,0.272939,-0.543484,-9.900024
1831021092,0.265756,-0.586579,-9.868899
1831022275,0.217872,-0.577003,-9.797073
1831023454,0.126893,-0.507571,-9.787497
1831024632,0.155623,-0.588974,-9.775525
1831025824,0.253785,-0.565032,-9.852140
1831027015,0.074220,-0.557849,-10.225636
1831028203,0.167594,-0.533907,-10.244789
1831029380,0.215478,-0.565032,-10.163386
1831030567,0.296881,-0.622492,-10.010158
1831031748,0.316035,-0.442927,-10.460267
1831032935,0.189142,-0.514753,-9.682152
1831034120,0.112527,-0.620098,-9.483433
1831035309,0.225055,-0.572214,-9.837775
1831036493,0.287304,-0.409408,-10.493786
1831037679,0.083797,-0.569820,-9.847352
1831038876,0.181959,-0.656011,-9.797073
1831040072,0.450110,-0.706290,-10.417171
1831041256,0.191536,-0.622492,-10.675745
1831042438,-0.023942,-0.603339,-9.916783
1831043627,0.181959,-0.600945,-9.914390
1831044817,0.363919,-0.622492,-10.271125
1831046001,0.055067,-0.545878,-10.192117
1831047188,0.126893,-0.651223,-10.342952
1831048370,0.191536,-0.694318,-10.412383
1831049562,0.167594,-0.550666,-10.448297
1831050746,0.114922,-0.457293,-10.218452
1831051934,0.193930,-0.620098,-10.316615
1831053121,0.217872,-0.617704,-10.103531
1831054311,0.253785,-0.658405,-10.319010
1831055491,0.256180,-0.675165,-10.307038
1831056679,0.196325,-0.612916,-10.093954
1831057877,0.158017,-0.562637,-10.110714
1831059074,0.229843,-0.634463,-10.101137
1831060260,0.177171,-0.596156,-10.187328
1831061442,0.179565,-0.574608,-10.263943
1831062621,0.160412,-0.627281,-10.266336
1831063810,0.193930,-0.572214,-10.091560
1831064992,0.272939,-0.644040,-10.177752
1831066173,0.296881,-0.644040,-10.172963
1831067358,0.368707,-0.569820,-10.117896
1831068547,0.313640,-0.536301,-10.053253
1831069734,0.328006,-0.584185,-10.055647
1831070920,0.284910,-0.524330,-10.005369
1831072105,0.316035,-0.553061,-10.017340
1831073290,0.263362,-0.526724,-9.979033
1831074474,0.284910,-0.524330,-9.959879
1831075661,0.328006,-0.541090,-9.864111
1831076853,0.356736,-0.481235,-9.746795
1831078047,0.301669,-0.569820,-9.732430
1831079228,0.356736,-0.574608,-9.713276
1831080414,0.418985,-0.507571,-9.639056
1831081601,0.318429,-0.500388,-9.557653
1831082784,0.292093,-0.497994,-9.567230
1831083968,0.311246,-0.531513,-9.564836
1831085159,0.292093,-0.495600,-9.540894
1831086342,0.330400,-0.483629,-9.631873
1831087522,0.316035,-0.486023,-9.703699
1831088699,0.323217,-0.450110,-9.665392
1831089897,0.325611,-0.495600,-9.641450
1831091078,0.347159,-0.486023,-9.706094
1831092267,0.361524,-0.435745,-9.751583
1831093444,0.311246,-0.488417,-9.806650
1831094626,0.339977,-0.505177,-9.868899
1831095810,0.337582,-0.490811,-9.876082
1831096996,0.304064,-0.430956,-9.955091
1831098176,0.294487,-0.435745,-9.983821
1831099372,0.306458,-0.421380,-9.967062
1831100552,0.277727,-0.438139,-9.955091
1831101744,0.306458,-0.426168,-9.986216
1831102925,0.323217,-0.481235,-10.079589
1831104115,0.332794,-0.476446,-9.971850
1831105297,0.380678,-0.481235,-10.065224
1831106486,0.347159,-0.512359,-10.156203
1831107669,0.385466,-0.493206,-10.132261
1831108873,0.407014,-0.435745,-10.072407
1831110057,0.428562,-0.438139,-10.034100
1831111243,0.411803,-0.452504,-10.137050
1831112419,0.433351,-0.399832,-10.172963
1831113611,0.452504,-0.423774,-10.189722
1831114795,0.533907,-0.442927,-10.206482
1831115981,0.560243,-0.378284,-10.330980
1831117163,0.567426,-0.335188,-10.156203
1831118354,0.565032,-0.380678,-10.283096
1831119531,0.462081,-0.433351,-10.304645
1831120721,0.505177,-0.325611,-10.081984
1831121909,0.466869,-0.328006,-10.256760
1831123093,0.533907,-0.323217,-10.311827
1831124275,0.548272,-0.320823,-10.000581
1831125455,0.524330,-0.292093,-10.266336
1831126634,0.514753,-0.229843,-9.998186
1831127825,0.560243,-0.356736,-10.019734
1831129017,0.555455,-0.536301,-9.933543
1831130207,0.670376,-0.062249,-9.971850
1831131379,0.500388,-0.114922,-9.275137
1831132562,0.521936,-1.022324,-11.626244
1831133746,1.019930,0.672771,-9.270349
1831134924,0.452504,-1.072602,-9.548077
1831136108,0.600945,0.605733,-10.546458
1831137288,0.574608,-0.746991,-9.821015
1831138459,0.074220,-0.272939,-8.858546
1831139649,0.553061,0.634463,-9.481039
1831140831,0.919373,-1.137246,-11.037270
1831142028,0.172383,0.045490,-8.180987
1831143206,0.835576,-0.421380,-10.625467
1831144387,0.397437,-0.651223,-9.897630
1831145571,0.627281,-0.172383,-9.531317
1831146751,0.536301,-0.141258,-10.512939
1831147931,0.426168,-0.359130,-9.509769
1831149121,0.387861,-0.505177,-10.115502
1831150307,0.229843,-0.502782,-9.038112
1831151494,0.318429,-0.172383,-9.179369
1831152678,0.167594,-0.253785,-10.026917
1831153881,0.189142,-0.150835,-10.029311
1831155073,0.375890,-0.162806,-9.698911
1831156261,0.332794,-0.213084,-9.792285
1831157437,0.414197,-0.356736,-9.773131
1831158621,0.289698,-0.210690,-9.607931
1831159803,0.313640,-0.277727,-9.607931
1831160986,0.438139,-0.318429,-9.761160
1831162172,0.227449,-0.375890,-9.828198
1831163362,0.332794,-0.265756,-10.098742
1831164541,0.270545,-0.383072,-9.682152
1831165730,0.366313,-0.397437,-9.763555
1831166916,0.416591,-0.349553,-10.146626
1831168107,0.325611,-0.308852,-9.854534
1831169289,0.380678,-0.277727,-9.873688
1831170478,0.416591,-0.229843,-9.583989
1831171662,0.526724,-0.325611,-9.861717
1831172861,0.481235,-0.395043,-9.950302
1831174048,0.330400,-0.433351,-9.844957
1831175234,0.335188,-0.354342,-10.163386
1831176411,0.339977,-0.368707,-10.240001
1831177601,0.462081,-0.395043,-10.299856
1831178783,0.383072,-0.328006,-10.263943
1831179970,0.395043,-0.349553,-10.402806
1831181155,0.474052,-0.421380,-10.395624
1831182345,0.416591,-0.380678,-10.137050
1831183526,0.433351,-0.368707,-10.060435
1831184708,0.421380,-0.366313,-10.117896
1831185904,0.390255,-0.404620,-10.232818
1831187090,0.363919,-0.483629,-10.177752
1831188274,0.328006,-0.459687,-10.058042
1831189453,0.361524,-0.433351,-10.089166
1831190632,0.363919,-0.363919,-10.163386
1831191825,0.373495,-0.435745,-10.127473
1831193018,0.359130,-0.392649,-9.986216
1831194208,0.380678,-0.416591,-9.856929
1831195384,0.371101,-0.404620,-9.828198
1831196570,0.335188,-0.428562,-9.823410
1831197748,0.332794,-0.486023,-9.902418
1831198934,0.342371,-0.457293,-9.770737
1831200121,0.335188,-0.421380,-9.926360
1831201310,0.311246,-0.397437,-10.029311
1831202494,0.296881,-0.416591,-10.041282
1831203686,0.277727,-0.426168,-10.007763
1831204886,0.258574,-0.421380,-9.926360
1831206078,0.246603,-0.387861,-9.854534
1831207264,0.313640,-0.430956,-9.871294
1831208444,0.299275,-0.435745,-9.842564
1831209628,0.306458,-0.428562,-9.799467
1831210819,0.280122,-0.493206,-9.785102
1831212000,0.248997,-0.524330,-9.746795
1831213184,0.263362,-0.474052,-9.706094
1831214373,0.268151,-0.519542,-9.665392
1831215560,0.246603,-0.507571,-9.730036
1831216741,0.366313,-0.505177,-9.727641
1831217933,0.371101,-0.481235,-9.883265
1831219120,0.375890,-0.538695,-9.911995
1831220310,0.330400,-0.517148,-9.832987
1831221492,0.308852,-0.500388,-10.017340
1831222678,0.339977,-0.450110,-9.971850
1831223875,0.306458,-0.500388,-9.897630
1831225066,0.366313,-0.490811,-9.923966
1831226251,0.349553,-0.529119,-10.081984
1831227430,0.354342,-0.476446,-10.098742
1831228608,0.320823,-0.471658,-10.105926
1831229796,0.330400,-0.478840,-10.007763
1831230974,0.378284,-0.548272,-10.053253
1831232165,0.397437,-0.572214,-10.093954
1831233345,0.423774,-0.555455,-10.043676
1831234532,0.450110,-0.521936,-9.988609
1831235709,0.462081,-0.555455,-9.947908
1831236904,0.464475,-0.622492,-9.981427
1831238087,0.433351,-0.553061,-9.971850
1831239272,0.478840,-0.629675,-10.005369
1831240448,0.428562,-0.588974,-9.916783
1831241629,0.399832,-0.550666,-9.974244
1831242812,0.428562,-0.596156,-10.108319
1831243997,0.433351,-0.622492,-9.998186
1831245179,0.299275,-0.569820,-10.086772
1831246370,0.294487,-0.620098,-10.079589
1831247556,0.328006,-0.533907,-10.077195
1831248747,0.373495,-0.497994,-10.017340
1831249927,0.421380,-0.509965,-10.029311
1831251117,0.390255,-0.512359,-10.010158
1831252301,0.344765,-0.545878,-10.163386
1831253490,0.294487,-0.526724,-10.129868
1831254670,0.268151,-0.488417,-10.029311
1831255873,0.282516,-0.474052,-10.010158
1831257064,0.339977,-0.505177,-9.998186
1831258254,0.289698,-0.557849,-10.105926
1831259431,0.292093,-0.627281,-10.105926
1831260613,0.296881,-0.617704,-9.974244
1831261793,0.330400,-0.557849,-9.964667
1831262977,0.318429,-0.548272,-9.976639
1831264163,0.272939,-0.531513,-9.950302
1831265352,0.323217,-0.596156,-10.156203
1831266536,0.316035,-0.548272,-10.125079
1831267725,0.304064,-0.524330,-10.098742
1831268911,0.277727,-0.521936,-10.058042
1831270098,0.301669,-0.555455,-10.058042
1831271279,0.280122,-0.548272,-10.053253
1831272460,0.284910,-0.548272,-10.043676
1831273642,0.339977,-0.500388,-9.940725
1831274832,0.311246,-0.533907,-9.957485
1831276021,0.323217,-0.557849,-9.916783
1831277211,0.304064,-0.531513,-9.876082
1831278386,0.330400,-0.593762,-9.916783
1831279571,0.325611,-0.581791,-9.957485
1831280750,0.268151,-0.500388,-9.868899
1831281937,0.265756,-0.438139,-9.919178
1831283124,0.311246,-0.471658,-9.844957
1831284315,0.294487,-0.493206,-9.830592
1831285498,0.241814,-0.524330,-9.890448
1831286682,0.237026,-0.529119,-9.852140
1831287881,0.299275,-0.536301,-9.902418
1831289077,0.292093,-0.533907,-9.876082
1831290261,0.239420,-0.512359,-9.842564
1831291442,0.277727,-0.517148,-9.816227
1831292621,0.282516,-0.524330,-9.773131
1831293809,0.253785,-0.452504,-9.840169
1831294990,0.344765,-0.481235,-9.916783
1831296176,0.306458,-0.428562,-9.900024
1831297356,0.260968,-0.471658,-9.828198
1831298539,0.275333,-0.457293,-9.761160
1831299724,0.248997,-0.466869,-9.756371
1831300915,0.265756,-0.469264,-9.840169
1831302096,0.277727,-0.459687,-9.880871
1831303283,0.311246,-0.474052,-9.725247
1831304460,0.294487,-0.402226,-9.612720
1831305648,0.275333,-0.418985,-9.603143
1831306836,0.270545,-0.416591,-9.674969
1831308034,0.277727,-0.433351,-9.691729
1831309221,0.335188,-0.397437,-9.588778
1831310403,0.339977,-0.380678,-9.607931
1831311585,0.342371,-0.423774,-9.607931
1831312768,0.320823,-0.438139,-9.615114
1831313950,0.282516,-0.397437,-9.691729
1831315138,0.282516,-0.409408,-9.698911
1831316318,0.239420,-0.397437,-9.742006
1831317504,0.241814,-0.409408,-9.842564
1831318690,0.215478,-0.423774,-9.818622
1831319895,0.270545,-0.414197,-9.751583
1831321077,0.270545,-0.383072,-9.672575
1831322267,0.270545,-0.380678,-9.686940
1831323442,0.299275,-0.421380,-9.727641
1831324625,0.253785,-0.366313,-9.809045
1831325806,0.232238,-0.392649,-9.782708
1831326993,0.239420,-0.387861,-9.804255
1831328173,0.299275,-0.375890,-9.753978
1831329363,0.246603,-0.411803,-9.823410
1831330540,0.246603,-0.375890,-9.737218
1831331729,0.260968,-0.380678,-9.813833
1831332913,0.301669,-0.452504,-9.828198
1831334100,0.248997,-0.378284,-9.818622
1831335282,0.282516,-0.349553,-9.813833
1831336475,0.270545,-0.383072,-9.799467
1831337656,0.287304,-0.407014,-9.866506
1831338854,0.256180,-0.404620,-9.804255
1831340040,0.198719,-0.387861,-9.809045
1831341224,0.253785,-0.337582,-9.866506
1831342400,0.313640,-0.361524,-9.876082
1831343588,0.268151,-0.361524,-9.816227
1831344766,0.260968,-0.390255,-9.856929
1831345950,0.270545,-0.366313,-9.782708
1831347131,0.234632,-0.373495,-9.876082
1831348326,0.330400,-0.411803,-9.914390
1831349511,0.368707,-0.383072,-9.904813
1831350701,0.328006,-0.407014,-9.854534
1831351894,0.328006,-0.390255,-9.940725
1831353079,0.323217,-0.354342,-9.861717
1831354265,0.248997,-0.371101,-9.897630
1831355445,0.277727,-0.414197,-9.876082
1831356623,0.323217,-0.385466,-9.852140
1831357811,0.268151,-0.423774,-9.986216
1831358994,0.239420,-0.411803,-9.964667
1831360180,0.294487,-0.359130,-10.012551
1831361371,0.335188,-0.430956,-9.909601
1831362555,0.363919,-0.407014,-9.923966
1831363742,0.311246,-0.423774,-9.866506
1831364934,0.320823,-0.409408,-9.787497
1831366120,0.373495,-0.407014,-9.821015
1831367309,0.402226,-0.407014,-9.866506
1831368490,0.299275,-0.407014,-9.890448
1831369677,0.328006,-0.462081,-9.878476
1831370873,0.402226,-0.462081,-9.902418
1831372062,0.442927,-0.466869,-9.866506
1831373244,0.375890,-0.459687,-9.962274
1831374426,0.421380,-0.474052,-10.026917
1831375607,0.445322,-0.478840,-10.034100
1831376794,0.395043,-0.459687,-9.959879
1831377974,0.414197,-0.469264,-9.911995
1831379165,0.430956,-0.517148,-9.842564
1831380350,0.390255,-0.478840,-9.797073
1831381530,0.402226,-0.462081,-9.811439
1831382708,0.440533,-0.488417,-9.823410
1831383906,0.399832,-0.440533,-9.873688
1831385087,0.392649,-0.481235,-9.816227
1831386280,0.407014,-0.457293,-9.770737
1831387455,0.457293,-0.476446,-9.734824
1831388641,0.411803,-0.509965,-9.768343
1831389827,0.433351,-0.509965,-9.830592
1831391023,0.363919,-0.497994,-9.859323
1831392209,0.373495,-0.462081,-9.897630
1831393400,0.402226,-0.505177,-9.871294
1831394578,0.404620,-0.476446,-9.931149
1831395760,0.409408,-0.445322,-9.861717
1831396942,0.454898,-0.471658,-9.892841
1831398127,0.452504,-0.574608,-9.859323
1831399312,0.445322,-0.493206,-9.813833
1831400500,0.418985,-0.505177,-9.868899
1831401687,0.409408,-0.538695,-9.852140
1831402889,0.392649,-0.514753,-9.904813
1831404077,0.351948,-0.517148,-9.876082
1831405267,0.375890,-0.553061,-9.885659
1831406440,0.404620,-0.488417,-9.761160
1831407627,0.404620,-0.471658,-9.907207
1831408808,0.373495,-0.502782,-9.955091
1831409994,0.332794,-0.533907,-9.976639
1831411177,0.404620,-0.509965,-9.933543
1831412365,0.418985,-0.430956,-9.722853
1831413541,0.464475,-0.586579,-9.921572
1831414731,0.383072,-0.557849,-9.911995
1831415918,0.404620,-0.567426,-10.026917
1831417107,0.399832,-0.495600,-9.947908
1831418288,0.344765,-0.529119,-9.933543
1831419476,0.536301,-0.517148,-9.734824
1831420660,0.138864,-0.754174,-10.141838
1831421860,0.476446,-0.452504,-9.947908
1831423048,0.399832,-0.608127,-9.933543
1831424235,0.474052,-0.634463,-10.103531
1831425411,0.457293,-0.574608,-9.696517
1831426602,0.337582,-0.488417,-9.806650
1831427783,0.351948,-0.407014,-9.914390
1831428972,0.428562,-0.617704,-9.986216
1831430157,0.387861,-0.490811,-9.598354
1831431347,0.397437,-0.531513,-9.713276
1831432526,0.337582,-0.524330,-9.770737
1831433709,0.337582,-0.474052,-9.651027
1831434903,0.359130,-0.490811,-9.514558
1831436089,0.385466,-0.579397,-9.394848
1831437270,0.418985,-0.380678,-9.435549
1831438451,0.407014,-0.488417,-9.605537
1831439628,0.442927,-0.450110,-9.655815
1831440818,0.505177,-0.620098,-9.550470
1831441997,0.421380,-0.495600,-9.600749
1831443182,0.399832,-0.493206,-9.617508
1831444372,0.368707,-0.490811,-9.641450
1831445556,0.359130,-0.509965,-9.701305
1831446742,0.385466,-0.512359,-9.734824
1831447934,0.407014,-0.474052,-9.677363
1831449119,0.344765,-0.509965,-9.636662
1831450309,0.359130,-0.507571,-9.686940
1831451488,0.411803,-0.445322,-9.682152
1831452676,0.395043,-0.466869,-9.600749
1831453872,0.339977,-0.464475,-9.703699
1831455069,0.308852,-0.450110,-9.679757
1831456249,0.356736,-0.476446,-9.514558
1831457431,0.380678,-0.471658,-9.648633
1831458608,0.363919,-0.514753,-9.720459
1831459796,0.318429,-0.548272,-9.643845
1831460978,0.332794,-0.440533,-9.670180
1831462167,0.433351,-0.469264,-9.696517
1831463353,0.438139,-0.481235,-9.658210
1831464536,0.337582,-0.486023,-9.756371
1831465721,0.351948,-0.543484,-9.696517
1831466911,0.414197,-0.488417,-9.655815
1831468094,0.344765,-0.459687,-9.732430
1831469281,0.332794,-0.497994,-9.734824
1831470457,0.356736,-0.493206,-9.756371
1831471644,0.371101,-0.490811,-9.782708
1831472829,0.378284,-0.474052,-9.720459
1831474025,0.363919,-0.476446,-9.742006
1831475209,0.299275,-0.450110,-9.770737
1831476386,0.354342,-0.495600,-9.701305
1831477566,0.402226,-0.500388,-9.703699
1831478748,0.426168,-0.543484,-9.878476
1831479930,0.371101,-0.495600,-9.885659
1831481119,0.335188,-0.512359,-9.751583
1831482305,0.339977,-0.521936,-9.725247
1831483491,0.349553,-0.476446,-9.720459
1831484674,0.356736,-0.481235,-9.658210
1831485877,0.306458,-0.519542,-9.821015
1831487068,0.325611,-0.481235,-9.768343
1831488258,0.349553,-0.466869,-9.775525
1831489435,0.328006,-0.490811,-9.730036
1831490621,0.332794,-0.507571,-9.794679
1831491804,0.375890,-0.524330,-9.794679
1831492990,0.395043,-0.545878,-9.792285
1831494170,0.397437,-0.529119,-9.775525
1831495361,0.306458,-0.502782,-9.799467
1831496539,0.363919,-0.548272,-9.809045
1831497727,0.378284,-0.514753,-9.847352
1831498913,0.344765,-0.531513,-9.916783
1831500098,0.361524,-0.533907,-9.904813
1831501279,0.373495,-0.562637,-9.856929
1831502460,0.407014,-0.545878,-9.797073
1831503641,0.397437,-0.545878,-9.871294
1831504834,0.363919,-0.536301,-9.892841
1831506026,0.387861,-0.478840,-9.770737
1831507215,0.404620,-0.538695,-9.801862
1831508390,0.421380,-0.488417,-9.873688
1831509575,0.361524,-0.562637,-9.902418
1831510754,0.368707,-0.531513,-9.861717
1831511940,0.323217,-0.562637,-9.909601
1831513127,0.359130,-0.526724,-9.890448
1831514316,0.347159,-0.555455,-9.904813
1831515500,0.308852,-0.560243,-9.938332
1831516688,0.323217,-0.536301,-9.883265
1831517887,0.308852,-0.545878,-9.888053
1831519078,0.265756,-0.536301,-9.902418
1831520263,0.332794,-0.531513,-9.919178
1831521445,0.368707,-0.550666,-9.878476
1831522622,0.301669,-0.514753,-9.823410
1831523810,0.287304,-0.517148,-9.835381
1831524992,0.260968,-0.526724,-9.835381
1831526177,0.265756,-0.557849,-9.847352
1831527363,0.260968,-0.579397,-9.873688
1831528545,0.306458,-0.555455,-9.837775
1831529729,0.294487,-0.610521,-9.801862
1831530919,0.277727,-0.651223,-9.854534
1831532101,0.270545,-0.596156,-9.859323
1831533288,0.229843,-0.577003,-9.871294
1831534458,0.246603,-0.579397,-9.861717
1831535644,0.241814,-0.565032,-9.753978
1831536832,0.275333,-0.591368,-9.811439
1831538026,0.225055,-0.574608,-9.926360
1831539211,0.234632,-0.598550,-9.852140
1831540397,0.205901,-0.567426,-9.794679
1831541579,0.289698,-0.543484,-9.763555
1831542762,0.306458,-0.581791,-9.821015
1831543944,0.308852,-0.529119,-9.804255
1831545128,0.294487,-0.584185,-9.775525
1831546311,0.260968,-0.572214,-9.828198
1831547499,0.237026,-0.598550,-9.732430
1831548679,0.277727,-0.593762,-9.710882
1831549881,0.234632,-0.617704,-9.777920
1831551072,0.265756,-0.598550,-9.737218
1831552262,0.335188,-0.584185,-9.751583
1831553439,0.328006,-0.569820,-9.777920
1831554620,0.349553,-0.572214,-9.768343
1831555804,0.387861,-0.584185,-9.770737
1831556991,0.311246,-0.560243,-9.797073
1831558170,0.354342,-0.565032,-9.849746
1831559360,0.359130,-0.579397,-9.773131
1831560539,0.311246,-0.581791,-9.821015
1831561728,0.356736,-0.596156,-9.818622
1831562914,0.354342,-0.588974,-9.832987
1831564101,0.392649,-0.610521,-9.883265
1831565283,0.440533,-0.574608,-9.878476
1831566476,0.380678,-0.598550,-9.856929
1831567658,0.356736,-0.591368,-9.900024
1831568856,0.416591,-0.591368,-9.876082
1831570041,0.407014,-0.588974,-9.832987
1831571226,0.356736,-0.555455,-9.895236
1831572400,0.351948,-0.610521,-9.811439
1831573588,0.447716,-0.579397,-9.825804
1831574766,0.421380,-0.541090,-9.777920
1831575948,0.418985,-0.600945,-9.811439
1831577130,0.380678,-0.565032,-9.818622
1831578318,0.356736,-0.550666,-9.785102
1831579500,0.411803,-0.533907,-9.828198
1831580691,0.442927,-0.543484,-9.832987
1831581888,0.342371,-0.490811,-9.809045
1831583079,0.349553,-0.438139,-9.823410
1831584264,0.395043,-0.493206,-9.849746
1831585443,0.387861,-0.557849,-9.780313
1831586627,0.395043,-0.531513,-9.844957
1831587818,0.344765,-0.545878,-9.787497
1831589001,0.356736,-0.512359,-9.801862
1831590187,0.373495,-0.500388,-9.744401
1831591363,0.373495,-0.497994,-9.801862
1831592554,0.335188,-0.457293,-9.785102
1831593742,0.323217,-0.497994,-9.691729
1831594934,0.337582,-0.438139,-9.703699
1831596121,0.359130,-0.462081,-9.662998
1831597311,0.335188,-0.478840,-9.708488
1831598493,0.328006,-0.414197,-9.739613
1831599680,0.347159,-0.407014,-9.610326
1831600879,0.347159,-0.416591,-9.627085
1831602075,0.299275,-0.433351,-9.586384
1831603261,0.311246,-0.407014,-9.572019
1831604441,0.323217,-0.402226,-9.617508
1831605618,0.308852,-0.435745,-9.686940
1831606806,0.284910,-0.445322,-9.624691
1831607988,0.318429,-0.347159,-9.605537
1831609176,0.284910,-0.366313,-9.667787
1831610361,0.301669,-0.371101,-9.722853
1831611548,0.316035,-0.392649,-9.703699
1831612735,0.237026,-0.387861,-9.801862
1831613925,0.301669,-0.390255,-9.768343
1831615110,0.311246,-0.361524,-9.737218
1831616297,0.375890,-0.397437,-9.797073
1831617480,0.347159,-0.375890,-9.763555
1831618668,0.335188,-0.356736,-9.701305
1831619862,0.373495,-0.395043,-9.861717
1831621055,0.359130,-0.344765,-9.904813
1831622236,0.375890,-0.330400,-9.868899
1831623425,0.459687,-0.354342,-9.871294
1831624602,0.383072,-0.318429,-9.780313
1831625788,0.383072,-0.361524,-9.813833
1831626975,0.402226,-0.349553,-9.718064
1831628165,0.371101,-0.404620,-9.744401
1831629348,0.407014,-0.387861,-9.799467
1831630530,0.450110,-0.354342,-9.782708
1831631707,0.407014,-0.359130,-9.909601
1831632904,0.347159,-0.181959,-9.911995
1831634087,0.282516,-0.392649,-9.720459
1831635279,0.414197,-0.277727,-10.081984
1831636455,0.397437,-0.351948,-9.969456
1831637639,0.385466,-0.344765,-9.916783
1831638826,0.411803,-0.265756,-9.821015
1831640021,0.462081,-0.213084,-9.744401
1831641206,0.397437,-0.289698,-9.636662
1831642399,0.397437,-0.311246,-9.610326
1831643582,0.469264,-0.268151,-9.643845
1831644765,0.462081,-0.337582,-9.727641
1831645947,0.459687,-0.294487,-9.409213
1831647134,0.423774,-0.284910,-9.725247
1831648325,0.435745,-0.371101,-9.732430
1831649515,0.387861,-0.397437,-9.995792
1831650704,0.375890,-0.325611,-9.856929
1831651903,0.375890,-0.349553,-9.991004
1831653084,0.287304,-0.409408,-9.979033
1831654274,0.256180,-0.404620,-9.864111
1831655449,0.289698,-0.378284,-9.708488
1831656632,0.251391,-0.533907,-9.950302
1831657811,0.450110,-0.392649,-10.074800
1831658996,0.375890,-0.445322,-9.995792
1831660178,0.344765,-0.359130,-10.211270
1831661368,0.308852,-0.378284,-10.395624
1831662547,0.328006,-0.330400,-10.235212
1831663738,0.349553,-0.414197,-9.844957
1831664926,0.497994,-0.320823,-9.871294
1831666116,0.574608,-0.253785,-9.821015
1831667296,0.577003,-0.241814,-9.768343
1831668484,0.596156,-0.213084,-9.758766
1831669667,0.541090,-0.280122,-9.325416
1831670865,0.440533,-0.500388,-9.313444
1831672052,0.440533,-0.380678,-9.495404
1831673237,0.299275,-0.428562,-9.380483
1831674412,0.251391,-0.387861,-9.390059
1831675594,0.217872,-0.462081,-9.646238
1831676775,0.239420,-0.407014,-10.002975
1831677963,0.260968,-0.380678,-10.022128
1831679144,0.342371,-0.363919,-9.560047
1831680333,0.272939,-0.368707,-9.660604
1831681518,0.232238,-0.344765,-9.643845
1831682712,0.217872,-0.277727,-9.809045
1831683906,0.251391,-0.349553,-9.943120
1831685092,0.232238,-0.462081,-9.883265
1831686273,0.292093,-0.521936,-10.189722
1831687454,0.356736,-0.531513,-10.278308
1831688633,0.351948,-0.418985,-10.307038
1831689825,0.404620,-0.509965,-9.876082
1831691011,0.363919,-0.378284,-9.720459
1831692195,0.342371,-0.533907,-9.564836
1831693372,0.462081,-0.318429,-9.859323
1831694563,0.339977,-0.339977,-9.926360
1831695746,0.277727,-0.565032,-9.313444
1831696929,0.517148,-0.550666,-9.746795
1831698113,0.572214,-0.557849,-10.527305
1831699300,0.299275,-0.545878,-10.304645
1831700485,0.251391,-0.567426,-9.725247
1831701673,0.497994,-0.490811,-9.749189
1831702871,0.337582,-0.481235,-9.828198
1831704068,0.366313,-0.514753,-9.940725
1831705250,0.330400,-0.622492,-10.029311
1831706430,0.387861,-0.541090,-10.184934
1831707607,0.328006,-0.471658,-10.089166
1831708794,0.363919,-0.591368,-10.108319
1831709976,0.392649,-0.550666,-10.036493
1831711166,0.433351,-0.581791,-9.969456
1831712352,0.450110,-0.572214,-10.144233
1831713533,0.428562,-0.598550,-10.091560
1831714711,0.323217,-0.548272,-10.103531
1831715911,0.339977,-0.624887,-10.208876
1831717093,0.265756,-0.572214,-10.192117
1831718281,0.299275,-0.615310,-10.278308
1831719457,0.292093,-0.663194,-10.335769
1831720644,0.251391,-0.648829,-10.091560
1831721831,0.253785,-0.639252,-9.940725
1831723027,0.275333,-0.682347,-9.895236
1831724213,0.265756,-0.627281,-9.967062
1831725405,0.227449,-0.574608,-9.888053
1831726583,0.234632,-0.648829,-9.907207
1831727765,0.280122,-0.667982,-9.993398
1831728947,0.215478,-0.646434,-10.060435
1831730134,0.208296,-0.629675,-9.900024
1831731319,0.169988,-0.622492,-9.914390
1831732507,0.114922,-0.646434,-9.923966
1831733694,0.119710,-0.644040,-9.823410
1831734896,0.210690,-0.677559,-9.911995
1831736078,0.220267,-0.615310,-9.880871
1831737267,0.282516,-0.591368,-9.895236
1831738444,0.287304,-0.591368,-9.950302
1831739631,0.280122,-0.579397,-9.933543
1831740811,0.316035,-0.622492,-9.940725
1831741997,0.280122,-0.713472,-9.981427
1831743179,0.275333,-0.667982,-9.988609
1831744370,0.311246,-0.634463,-9.940725
1831745548,0.344765,-0.675165,-9.945514
1831746741,0.335188,-0.663194,-9.981427
1831747929,0.316035,-0.689530,-9.866506
1831749118,0.361524,-0.653617,-9.952697
1831750300,0.359130,-0.622492,-9.868899
1831751488,0.368707,-0.682347,-9.830592
1831752671,0.387861,-0.665588,-9.868899
1831753874,0.241814,-0.656011,-9.919178
1831755066,0.246603,-0.603339,-9.991004
1831756251,0.313640,-0.562637,-9.914390
1831757424,0.325611,-0.591368,-9.911995
1831758605,0.260968,-0.581791,-9.955091
1831759788,0.225055,-0.536301,-9.993398
1831760979,0.253785,-0.567426,-10.074800
1831762164,0.256180,-0.519542,-10.110714
1831763350,0.251391,-0.579397,-10.060435
1831764529,0.210690,-0.588974,-10.055647
1831765711,0.241814,-0.577003,-10.005369
1831766904,0.260968,-0.533907,-9.995792
1831768090,0.270545,-0.555455,-9.938332
1831769270,0.304064,-0.519542,-10.005369
1831770448,0.335188,-0.526724,-10.079589
1831771627,0.335188,-0.521936,-10.117896
1831772820,0.366313,-0.505177,-10.115502
1831774002,0.383072,-0.541090,-9.964667
1831775187,0.378284,-0.500388,-9.995792
1831776377,0.390255,-0.452504,-9.933543
1831777570,0.380678,-0.459687,-9.974244
1831778748,0.354342,-0.459687,-10.036493
1831779935,0.392649,-0.476446,-10.007763
1831781121,0.375890,-0.454898,-10.017340
1831782310,0.397437,-0.497994,-9.971850
1831783494,0.368707,-0.464475,-9.959879
1831784682,0.390255,-0.457293,-9.993398
1831785877,0.390255,-0.435745,-9.995792
1831787073,0.397437,-0.457293,-9.940725
1831788258,0.438139,-0.476446,-9.825804
1831789440,0.421380,-0.395043,-9.856929
1831790617,0.404620,-0.371101,-9.844957
1831791804,0.450110,-0.411803,-9.823410
1831792984,0.411803,-0.438139,-9.842564
1831794176,0.435745,-0.371101,-9.823410
1831795361,0.397437,-0.356736,-9.780313
1831796544,0.399832,-0.301669,-9.835381
1831797728,0.430956,-0.361524,-9.844957
1831798918,0.387861,-0.356736,-9.816227
1831800101,0.411803,-0.383072,-9.888053
1831801287,0.411803,-0.387861,-9.938332
1831802458,0.450110,-0.332794,-9.991004
1831803639,0.433351,-0.323217,-9.916783
1831804825,0.375890,-0.337582,-9.964667
1831806018,0.359130,-0.378284,-10.038888
1831807200,0.464475,-0.378284,-9.885659
1831808387,0.359130,-0.359130,-9.940725
1831809567,0.335188,-0.318429,-9.926360
1831810751,0.387861,-0.366313,-9.967062
1831811933,0.359130,-0.318429,-9.976639
1831813120,0.430956,-0.328006,-10.029311
1831814301,0.416591,-0.342371,-10.036493
1831815489,0.426168,-0.332794,-10.096349
1831816674,0.387861,-0.301669,-10.072407
1831817876,0.423774,-0.270545,-10.120291
1831819067,0.442927,-0.347159,-10.139444
1831820259,0.478840,-0.268151,-10.182540
1831821435,0.519542,-0.225055,-10.115502
1831822619,0.521936,-0.351948,-10.206482
1831823803,0.466869,-0.241814,-10.029311
1831824991,0.502782,-0.253785,-10.206482
1831826178,0.438139,-0.260968,-9.959879
1831827368,0.497994,-0.280122,-9.959879
1831828546,0.495600,-0.282516,-10.007763
1831829737,0.423774,-0.179565,-9.888053
1831830922,0.411803,-0.210690,-9.813833
1831832111,0.452504,-0.198719,-9.890448
1831833293,0.426168,-0.210690,-9.528923
1831834480,0.366313,-0.280122,-9.809045
1831835662,0.462081,-0.272939,-9.979033
1831836860,0.344765,-0.239420,-9.540894
1831838048,0.378284,-0.248997,-9.715671
1831839235,0.390255,-0.337582,-9.952697
1831840412,0.296881,-0.299275,-9.701305
1831841599,0.237026,-0.150835,-9.181764
1831842780,0.375890,-0.191536,-10.093954
1831843970,0.287304,-0.433351,-10.058042
1831845151,0.402226,-0.277727,-9.667787
1831846341,0.311246,-0.213084,-10.010158
1831847522,0.361524,-0.217872,-9.832987
1831848722,0.344765,-0.397437,-9.677363
1831849911,0.387861,-0.150835,-9.780313
1831851094,0.308852,-0.323217,-9.459491
1831852276,0.296881,-0.304064,-9.516952
1831853456,0.272939,-0.244209,-9.804255
1831854634,0.248997,-0.265756,-9.991004
1831855824,0.385466,-0.318429,-9.931149
1831857016,0.296881,-0.251391,-9.955091
1831858203,0.292093,-0.404620,-9.914390
1831859378,0.280122,-0.282516,-9.761160
1831860558,0.371101,-0.359130,-9.890448
1831861744,0.414197,-0.344765,-10.043676
1831862934,0.359130,-0.289698,-10.211270
1831864120,0.248997,-0.342371,-10.125079
1831865311,0.311246,-0.301669,-9.873688
1831866494,0.299275,-0.316035,-9.911995
1831867682,0.256180,-0.294487,-10.041282
1831868877,0.284910,-0.447716,-10.002975
1831870070,0.306458,-0.383072,-10.084377
1831871250,0.256180,-0.342371,-9.859323
1831872429,0.296881,-0.383072,-9.801862
1831873604,0.332794,-0.404620,-9.902418
1831874789,0.318429,-0.356736,-10.132261
1831875978,0.351948,-0.375890,-10.182540
1831877168,0.301669,-0.287304,-10.046070
1831878351,0.344765,-0.363919,-9.866506
1831879539,0.275333,-0.359130,-9.804255
1831880723,0.301669,-0.368707,-9.816227
1831881910,0.347159,-0.409408,-9.888053
1831883091,0.263362,-0.330400,-9.880871
1831884274,0.296881,-0.366313,-9.923966
1831885451,0.272939,-0.378284,-9.837775
1831886643,0.275333,-0.354342,-9.756371
1831887832,0.270545,-0.421380,-9.713276
1831889027,0.316035,-0.481235,-9.773131
1831890213,0.301669,-0.428562,-9.725247
1831891405,0.299275,-0.421380,-9.617508
1831892582,0.258574,-0.387861,-9.636662
1831893766,0.277727,-0.421380,-9.708488
1831894947,0.234632,-0.435745,-9.713276
1831896135,0.272939,-0.452504,-9.742006
1831897320,0.263362,-0.399832,-9.722853
1831898509,0.237026,-0.440533,-9.861717
1831899695,0.256180,-0.452504,-9.837775
1831900898,0.265756,-0.493206,-9.780313
1831902080,0.217872,-0.435745,-9.904813
1831903267,0.234632,-0.469264,-9.871294
1831904444,0.277727,-0.407014,-9.943120
1831905631,0.282516,-0.493206,-9.995792
1831906814,0.244209,-0.483629,-9.969456
1831908001,0.213084,-0.560243,-10.000581
1831909181,0.260968,-0.502782,-10.012551
1831910370,0.308852,-0.478840,-9.952697
1831911548,0.287304,-0.478840,-9.974244
1831912740,0.306458,-0.509965,-10.000581
1831913924,0.296881,-0.481235,-9.976639
1831915114,0.292093,-0.457293,-10.086772
1831916291,0.299275,-0.495600,-10.029311
1831917478,0.351948,-0.543484,-9.979033
1831918662,0.328006,-0.512359,-9.998186
1831919860,0.349553,-0.538695,-9.969456
1831921049,0.344765,-0.514753,-10.091560
1831922236,0.304064,-0.514753,-9.993398
1831923419,0.373495,-0.531513,-10.055647
1831924611,0.351948,-0.486023,-10.096349
1831925791,0.292093,-0.529119,-10.024523
1831926983,0.311246,-0.541090,-10.014946
1831928168,0.399832,-0.524330,-10.072407
1831929357,0.373495,-0.517148,-10.062830
1831930536,0.363919,-0.545878,-10.070012
1831931724,0.395043,-0.505177,-9.967062
1831932911,0.423774,-0.524330,-9.916783
1831934098,0.373495,-0.524330,-10.014946
1831935280,0.354342,-0.462081,-10.007763
1831936460,0.404620,-0.483629,-9.955091
1831937637,0.407014,-0.514753,-9.890448
1831938827,0.368707,-0.529119,-9.943120
1831940017,0.387861,-0.486023,-10.014946
1831941204,0.342371,-0.512359,-9.986216
1831942387,0.407014,-0.529119,-10.005369
1831943567,0.375890,-0.581791,-9.892841
1831944748,0.316035,-0.596156,-9.907207
1831945931,0.328006,-0.560243,-9.955091
1831947111,0.383072,-0.548272,-9.919178
1831948298,0.347159,-0.581791,-10.058042
1831949481,0.399832,-0.545878,-10.050858
1831950669,0.342371,-0.553061,-10.012551
1831951864,0.335188,-0.543484,-10.038888
1831953057,0.325611,-0.533907,-10.058042
1831954239,0.351948,-0.536301,-9.909601
1831955419,0.347159,-0.577003,-9.945514
1831956600,0.361524,-0.541090,-10.010158
1831957785,0.366313,-0.555455,-10.010158
1831958971,0.378284,-0.572214,-9.971850
1831960160,0.375890,-0.569820,-9.952697
1831961345,0.385466,-0.574608,-9.926360
1831962526,0.404620,-0.567426,-9.856929
1831963704,0.418985,-0.550666,-9.909601
1831964901,0.428562,-0.517148,-9.885659
1831966084,0.378284,-0.512359,-9.943120
1831967275,0.359130,-0.586579,-9.890448
1831968451,0.354342,-0.596156,-9.911995
1831969634,0.359130,-0.557849,-9.959879
1831970815,0.395043,-0.519542,-9.825804
1831972001,0.390255,-0.507571,-9.804255
1831973182,0.438139,-0.562637,-9.835381
1831974369,0.426168,-0.531513,-9.928755
1831975557,0.385466,-0.497994,-9.959879
1831976748,0.433351,-0.490811,-10.005369
1831977927,0.409408,-0.512359,-10.005369
1831979116,0.409408,-0.493206,-9.964667
1831980297,0.339977,-0.543484,-9.890448
1831981485,0.375890,-0.519542,-9.904813
1831982668,0.375890,-0.462081,-9.761160
1831983866,0.397437,-0.466869,-9.792285
1831985055,0.392649,-0.476446,-9.868899
1831986242,0.409408,-0.536301,-9.933543
1831987418,0.407014,-0.536301,-9.940725
1831988602,0.438139,-0.512359,-9.900024
1831989783,0.385466,-0.493206,-9.809045
1831990971,0.335188,-0.500388,-9.825804
1831992152,0.390255,-0.521936,-9.811439
1831993342,0.299275,-0.462081,-9.873688
1831994519,0.344765,-0.459687,-9.928755
1831995712,0.395043,-0.447716,-9.895236
1831996907,0.380678,-0.521936,-9.696517
1831998093,0.351948,-0.481235,-9.706094
1831999273,0.356736,-0.478840,-9.732430
1832000453,0.356736,-0.433351,-9.749189
1832001632,0.349553,-0.428562,-9.732430
1832002824,0.366313,-0.418985,-9.691729
1832004016,0.390255,-0.428562,-9.742006
1832005201,0.325611,-0.471658,-9.749189
1832006378,0.387861,-0.486023,-9.763555
1832007565,0.378284,-0.459687,-9.775525
1832008748,0.328006,-0.433351,-9.813833
1832009932,0.363919,-0.445322,-9.832987
1832011118,0.354342,-0.457293,-9.935937
1832012309,0.359130,-0.445322,-9.837775
1832013492,0.335188,-0.457293,-9.768343
1832014680,0.270545,-0.464475,-9.725247
1832015878,0.308852,-0.426168,-9.832987
1832017074,0.351948,-0.469264,-9.873688
1832018260,0.347159,-0.459687,-9.809045
1832019441,0.366313,-0.450110,-9.753978
1832020618,0.318429,-0.414197,-9.744401
1832021806,0.318429,-0.414197,-9.684546
1832022986,0.328006,-0.399832,-9.674969
1832024177,0.387861,-0.435745,-9.753978
1832025363,0.277727,-0.409408,-9.677363
1832026545,0.306458,-0.423774,-9.658210
1832027729,0.368707,-0.457293,-9.789890
1832028918,0.339977,-0.452504,-9.799467
1832030100,0.320823,-0.447716,-9.782708
1832031286,0.294487,-0.387861,-9.758766
1832032475,0.301669,-0.373495,-9.718064
1832033663,0.304064,-0.409408,-9.787497
1832034855,0.325611,-0.442927,-9.710882
1832036048,0.318429,-0.430956,-9.715671
1832037230,0.332794,-0.416591,-9.809045
1832038410,0.263362,-0.399832,-9.856929
1832039594,0.263362,-0.402226,-9.694122
1832040781,0.272939,-0.433351,-9.619903
1832041966,0.287304,-0.414197,-9.789890
1832043152,0.330400,-0.407014,-9.756371
1832044335,0.320823,-0.397437,-9.830592
1832045525,0.287304,-0.430956,-9.837775
1832046703,0.260968,-0.452504,-9.892841
1832047901,0.282516,-0.464475,-9.904813
1832049084,0.306458,-0.459687,-9.967062
1832050273,0.339977,-0.404620,-9.964667
1832051449,0.313640,-0.442927,-9.974244
1832052631,0.284910,-0.428562,-10.026917
1832053812,0.270545,-0.416591,-9.931149
1832054999,0.320823,-0.423774,-9.919178
1832056181,0.282516,-0.430956,-9.873688
1832057376,0.301669,-0.445322,-9.885659
1832058558,0.237026,-0.421380,-9.950302
1832059748,0.239420,-0.428562,-9.890448
1832060927,0.258574,-0.430956,-9.849746
1832062117,0.241814,-0.497994,-9.830592
1832063300,0.287304,-0.488417,-9.907207
1832064486,0.325611,-0.471658,-9.911995
1832065670,0.272939,-0.457293,-10.017340
1832066873,0.280122,-0.426168,-9.976639
1832068061,0.270545,-0.402226,-9.931149
1832069247,0.287304,-0.478840,-9.880871
1832070423,0.237026,-0.481235,-9.773131
1832071614,0.244209,-0.502782,-9.852140
1832072796,0.332794,-0.469264,-9.967062
1832073981,0.304064,-0.423774,-10.014946
1832075166,0.287304,-0.435745,-9.897630
1832076352,0.325611,-0.440533,-9.907207
1832077534,0.313640,-0.438139,-9.880871
1832078722,0.256180,-0.478840,-9.799467
1832079910,0.258574,-0.509965,-9.756371
1832081097,0.244209,-0.447716,-9.749189
1832082279,0.325611,-0.495600,-9.844957
1832083459,0.347159,-0.495600,-9.811439
1832084645,0.325611,-0.421380,-9.837775
1832085838,0.351948,-0.433351,-9.811439
1832087027,0.311246,-0.512359,-9.818622
1832088218,0.280122,-0.471658,-9.787497
1832089404,0.287304,-0.512359,-9.866506
1832090584,0.299275,-0.514753,-9.801862
1832091759,0.265756,-0.529119,-9.804255
1832092946,0.251391,-0.538695,-9.844957
1832094127,0.251391,-0.536301,-9.854534
1832095317,0.258574,-0.483629,-9.816227
1832096501,0.251391,-0.454898,-9.758766
1832097693,0.275333,-0.519542,-9.799467
1832098890,0.222661,-0.490811,-9.763555
1832100082,0.287304,-0.483629,-9.789890
1832101267,0.277727,-0.459687,-9.739613
1832102448,0.316035,-0.548272,-9.794679
1832103627,0.229843,-0.524330,-9.837775
1832104815,0.253785,-0.526724,-9.835381
1832105997,0.282516,-0.490811,-9.789890
1832107182,0.265756,-0.502782,-9.734824
1832108368,0.270545,-0.509965,-9.737218
1832109550,0.260968,-0.519542,-9.763555
1832110738,0.268151,-0.514753,-9.801862
1832111928,0.299275,-0.512359,-9.789890
1832113113,0.296881,-0.514753,-9.780313
1832114300,0.292093,-0.512359,-9.746795
1832115483,0.289698,-0.521936,-9.866506
1832116671,0.294487,-0.588974,-9.809045
1832117865,0.282516,-0.536301,-9.777920
1832119057,0.332794,-0.548272,-9.765948
1832120240,0.284910,-0.497994,-9.792285
1832121422,0.335188,-0.526724,-9.698911
1832122604,0.361524,-0.557849,-9.756371
1832123791,0.313640,-0.541090,-9.794679
1832124977,0.304064,-0.545878,-9.732430
1832126165,0.292093,-0.562637,-9.679757
1832127351,0.335188,-0.533907,-9.749189
1832128532,0.363919,-0.469264,-9.686940
1832129710,0.356736,-0.481235,-9.703699
1832130910,0.349553,-0.536301,-9.703699
1832132091,0.371101,-0.565032,-9.703699
1832133275,0.407014,-0.507571,-9.725247
1832134450,0.325611,-0.538695,-9.758766
1832135633,0.337582,-0.442927,-9.830592
1832136814,0.328006,-0.507571,-9.730036
1832137998,0.299275,-0.502782,-9.847352
1832139180,0.280122,-0.426168,-9.543288
1832140370,0.373495,-0.565032,-9.821015
1832141556,0.349553,-0.536301,-9.749189
1832142748,0.375890,-0.529119,-9.567230
1832143927,0.337582,-0.569820,-9.746795
1832145117,0.392649,-0.569820,-9.641450
1832146299,0.313640,-0.521936,-9.727641
1832147487,0.337582,-0.526724,-9.873688
1832148668,0.294487,-0.538695,-9.852140
1832149870,0.328006,-0.569820,-9.844957
1832151057,0.296881,-0.555455,-9.749189
1832152245,0.323217,-0.517148,-9.859323
1832153422,0.368707,-0.519542,-9.643845
1832154613,0.351948,-0.526724,-9.737218
1832155797,0.373495,-0.519542,-9.876082
1832156982,0.368707,-0.541090,-9.830592
1832158166,0.347159,-0.593762,-9.883265
1832159357,0.373495,-0.581791,-9.871294
1832160536,0.339977,-0.541090,-9.698911
1832161724,0.375890,-0.531513,-9.828198
1832162910,0.351948,-0.550666,-9.725247
1832164097,0.380678,-0.500388,-9.758766
1832165278,0.354342,-0.495600,-9.761160
1832166457,0.359130,-0.476446,-9.854534
1832167635,0.359130,-0.519542,-9.895236
1832168827,0.347159,-0.521936,-9.907207
1832170012,0.330400,-0.500388,-9.813833
1832171196,0.323217,-0.565032,-9.823410
1832172372,0.339977,-0.502782,-9.785102
1832173563,0.272939,-0.493206,-9.725247
1832174748,0.311246,-0.493206,-9.761160
1832175932,0.325611,-0.502782,-9.883265
1832177117,0.392649,-0.519542,-9.900024
1832178303,0.416591,-0.512359,-9.888053
1832179486,0.361524,-0.548272,-9.904813
1832180674,0.452504,-0.581791,-9.854534
1832181872,0.418985,-0.545878,-9.926360
1832183068,0.316035,-0.541090,-9.945514
1832184249,0.335188,-0.550666,-9.868899
1832185430,0.311246,-0.524330,-9.789890
1832186603,0.287304,-0.509965,-9.780313
1832187788,0.287304,-0.531513,-9.792285
1832188974,0.306458,-0.507571,-9.868899
1832190157,0.363919,-0.478840,-9.871294
1832191342,0.308852,-0.514753,-9.900024
1832192521,0.272939,-0.577003,-9.797073
1832193709,0.323217,-0.536301,-9.837775
1832194908,0.414197,-0.524330,-9.799467
1832196090,0.375890,-0.500388,-9.849746
1832197280,0.349553,-0.538695,-9.919178
1832198457,0.354342,-0.507571,-9.852140
1832199639,0.339977,-0.553061,-9.895236
1832200826,0.351948,-0.519542,-9.943120
1832202022,0.380678,-0.531513,-9.926360
1832203207,0.380678,-0.550666,-9.923966
1832204388,0.378284,-0.512359,-9.957485
1832205571,0.313640,-0.466869,-9.859323
1832206754,0.318429,-0.445322,-9.844957
1832207937,0.359130,-0.447716,-9.835381
1832209128,0.363919,-0.476446,-9.914390
1832210314,0.289698,-0.509965,-9.955091
1832211501,0.351948,-0.502782,-10.034100
1832212688,0.342371,-0.541090,-9.964667
1832213892,0.335188,-0.557849,-9.885659
1832215079,0.418985,-0.543484,-9.794679
1832216270,0.395043,-0.514753,-9.835381
1832217446,0.328006,-0.517148,-9.768343
1832218628,0.378284,-0.462081,-9.840169
1832219811,0.378284,-0.502782,-9.794679
1832220998,0.375890,-0.464475,-9.818622
1832222180,0.351948,-0.488417,-9.775525
1832223371,0.356736,-0.474052,-9.763555
1832224549,0.265756,-0.517148,-9.806650
1832225741,0.294487,-0.500388,-9.806650
1832226924,0.284910,-0.507571,-9.720459
1832228113,0.308852,-0.569820,-9.773131
1832229294,0.323217,-0.507571,-9.770737
1832230482,0.339977,-0.474052,-9.763555
1832231665,0.328006,-0.507571,-9.828198
1832232863,0.304064,-0.531513,-9.900024
1832234049,0.373495,-0.533907,-9.890448
1832235235,0.363919,-0.514753,-9.840169
1832236411,0.337582,-0.478840,-9.832987
1832237602,0.265756,-0.519542,-9.837775
1832238784,0.292093,-0.476446,-9.974244
1832239974,0.335188,-0.497994,-9.854534
1832241160,0.332794,-0.505177,-9.832987
1832242350,0.335188,-0.507571,-9.871294
1832243527,0.359130,-0.466869,-9.897630
1832244709,0.342371,-0.488417,-9.842564
1832245904,0.339977,-0.430956,-9.809045
1832247090,0.349553,-0.483629,-9.816227
1832248278,0.349553,-0.541090,-9.825804
1832249454,0.325611,-0.579397,-9.840169
1832250633,0.366313,-0.495600,-9.921572
1832251823,0.342371,-0.538695,-9.945514
1832253012,0.328006,-0.497994,-9.873688
1832254198,0.361524,-0.476446,-9.854534
1832255376,0.304064,-0.462081,-9.856929
1832256561,0.402226,-0.450110,-9.689334
1832257747,0.392649,-0.435745,-9.639056
1832258932,0.433351,-0.438139,-9.564836
1832260118,0.416591,-0.478840,-9.586384
1832261308,0.313640,-0.591368,-9.689334
1832262491,0.325611,-0.430956,-9.746795
1832263679,0.418985,-0.387861,-9.775525
1832264878,0.306458,-0.567426,-9.734824
1832266074,0.313640,-0.502782,-9.900024
1832267257,0.328006,-0.469264,-9.828198
1832268437,0.330400,-0.591368,-9.797073
1832269619,0.311246,-0.541090,-9.698911
1832270806,0.277727,-0.490811,-9.904813
1832271988,0.251391,-0.450110,-9.976639
1832273179,0.289698,-0.483629,-10.005369
1832274364,0.378284,-0.471658,-10.036493
1832275548,0.416591,-0.495600,-9.830592
1832276731,0.418985,-0.512359,-9.914390
1832277921,0.438139,-0.581791,-9.957485
1832279104,0.423774,-0.531513,-10.103531
1832280291,0.351948,-0.531513,-9.883265
1832281463,0.397437,-0.497994,-9.964667
1832282650,0.476446,-0.591368,-9.854534
1832283839,0.433351,-0.579397,-9.806650
1832285031,0.500388,-0.557849,-9.682152
1832286216,0.426168,-0.586579,-9.876082
1832287408,0.435745,-0.557849,-9.976639
1832288587,0.409408,-0.531513,-9.837775
1832289769,0.416591,-0.414197,-9.852140
1832290951,0.433351,-0.404620,-9.837775
1832292137,0.416591,-0.509965,-9.861717
1832293328,0.426168,-0.533907,-9.773131
1832294513,0.378284,-0.509965,-9.763555
1832295699,0.323217,-0.416591,-9.653421
1832296899,0.294487,-0.464475,-9.844957
1832298082,0.251391,-0.505177,-9.991004
1832299268,0.311246,-0.574608,-10.081984
1832300444,0.339977,-0.579397,-9.998186
1832301628,0.438139,-0.524330,-9.852140
1832302810,0.447716,-0.392649,-9.789890
1832303997,0.392649,-0.428562,-9.770737
1832305174,0.339977,-0.423774,-9.797073
1832306365,0.356736,-0.462081,-9.818622
1832307548,0.363919,-0.481235,-9.837775
1832308741,0.447716,-0.507571,-9.923966
1832309928,0.450110,-0.450110,-9.943120
1832311116,0.380678,-0.457293,-9.885659
1832312295,0.414197,-0.428562,-9.950302
1832313482,0.411803,-0.418985,-9.945514
1832314666,0.375890,-0.430956,-9.725247
1832315864,0.418985,-0.507571,-9.730036
1832317051,0.414197,-0.471658,-9.765948
1832318239,0.411803,-0.483629,-9.782708
1832319414,0.402226,-0.462081,-9.943120
1832320604,0.462081,-0.481235,-9.904813
1832321785,0.421380,-0.490811,-9.794679
1832322974,0.450110,-0.457293,-9.775525
1832324159,0.514753,-0.418985,-9.777920
1832325349,0.486023,-0.426168,-9.725247
1832326526,0.519542,-0.392649,-9.890448
1832327708,0.514753,-0.375890,-9.842564
1832328903,0.478840,-0.378284,-9.828198
1832330090,0.512359,-0.416591,-9.809045
1832331276,0.553061,-0.423774,-9.763555
1832332457,0.457293,-0.407014,-9.849746
1832333635,0.452504,-0.435745,-9.864111
1832334823,0.414197,-0.411803,-9.904813
1832336011,0.462081,-0.375890,-9.900024
1832337195,0.433351,-0.464475,-9.818622
1832338373,0.387861,-0.359130,-9.878476
1832339564,0.339977,-0.500388,-9.868899
1832340748,0.390255,-0.390255,-9.904813
1832341938,0.397437,-0.335188,-9.885659
1832343126,0.296881,-0.395043,-9.763555
1832344316,0.371101,-0.359130,-9.959879
1832345499,0.280122,-0.378284,-9.785102
1832346686,0.292093,-0.328006,-9.859323
1832347882,0.294487,-0.368707,-9.794679
1832349078,0.316035,-0.356736,-9.526528
1832350264,0.375890,-0.428562,-9.677363
1832351445,0.335188,-0.390255,-9.662998
1832352628,0.378284,-0.351948,-9.660604
1832353815,0.299275,-0.397437,-9.761160
1832354998,0.284910,-0.359130,-9.636662
1832356183,0.282516,-0.385466,-9.749189
1832357375,0.332794,-0.366313,-9.689334
1832358562,0.287304,-0.368707,-9.603143
1832359748,0.363919,-0.361524,-9.646238
1832360933,0.378284,-0.418985,-9.622296
1832362119,0.311246,-0.404620,-9.725247
1832363309,0.351948,-0.356736,-9.639056
1832364492,0.383072,-0.275333,-9.684546
1832365680,0.414197,-0.356736,-9.612720
1832366877,0.450110,-0.380678,-9.653421
1832368074,0.404620,-0.383072,-9.603143
1832369258,0.397437,-0.318429,-9.567230
1832370439,0.421380,-0.433351,-9.651027
1832371617,0.258574,-0.450110,-9.710882
1832372801,0.323217,-0.387861,-9.564836
1832373979,0.373495,-0.457293,-9.591172
1832375170,0.409408,-0.383072,-9.713276
1832376351,0.383072,-0.397437,-9.636662
1832377539,0.416591,-0.407014,-9.682152
1832378723,0.392649,-0.385466,-9.849746
1832379910,0.323217,-0.486023,-9.866506
1832381092,0.258574,-0.423774,-9.895236
1832382278,0.258574,-0.452504,-10.022128
1832383454,0.308852,-0.457293,-9.902418
1832384636,0.325611,-0.452504,-10.053253
1832385823,0.241814,-0.481235,-9.904813
1832387019,0.342371,-0.476446,-9.904813
1832388201,0.347159,-0.502782,-10.024523
1832389383,0.311246,-0.459687,-9.902418
1832390564,0.225055,-0.466869,-9.804255
1832391748,0.217872,-0.548272,-9.914390
1832392925,0.265756,-0.579397,-10.187328
1832394117,0.237026,-0.553061,-9.991004
1832395297,0.313640,-0.486023,-10.129868
1832396485,0.366313,-0.457293,-10.206482
1832397669,0.328006,-0.548272,-10.369287
1832398871,0.237026,-0.593762,-10.220847
1832400060,0.246603,-0.543484,-10.031705
1832401246,0.265756,-0.521936,-9.923966
1832402423,0.301669,-0.524330,-9.751583
1832403614,0.294487,-0.493206,-9.919178
1832404796,0.335188,-0.557849,-10.151415
1832405990,0.313640,-0.517148,-9.885659
1832407177,0.299275,-0.541090,-9.844957
1832408366,0.229843,-0.598550,-9.919178
1832409545,0.205901,-0.641646,-9.916783
1832410733,0.196325,-0.586579,-9.935937
1832411919,0.368707,-0.608127,-10.158598
1832413106,0.277727,-0.569820,-10.103531
1832414288,0.239420,-0.550666,-10.043676
1832415481,0.282516,-0.586579,-9.995792
1832416665,0.275333,-0.562637,-9.957485
1832417864,0.332794,-0.660800,-9.986216
1832419052,0.294487,-0.596156,-9.993398
1832420239,0.361524,-0.507571,-9.914390
1832421416,0.316035,-0.560243,-9.799467
1832422601,0.339977,-0.596156,-9.768343
1832423783,0.351948,-0.591368,-9.871294
1832424974,0.385466,-0.574608,-9.981427
1832426159,0.339977,-0.584185,-10.007763
1832427350,0.452504,-0.627281,-9.957485
1832428526,0.440533,-0.610521,-9.933543
1832429708,0.411803,-0.596156,-9.947908
1832430902,0.488417,-0.588974,-9.847352
1832432090,0.486023,-0.593762,-9.854534
1832433277,0.474052,-0.577003,-9.852140
1832434455,0.404620,-0.612916,-9.832987
1832435633,0.335188,-0.584185,-9.830592
1832436824,0.416591,-0.608127,-9.749189
1832438013,0.347159,-0.572214,-9.871294
1832439200,0.404620,-0.584185,-9.957485
1832440376,0.356736,-0.608127,-9.900024
1832441565,0.373495,-0.653617,-10.019734
1832442748,0.308852,-0.521936,-10.010158
1832443939,0.363919,-0.514753,-9.806650
1832445126,0.385466,-0.648829,-9.938332
1832446316,0.368707,-0.622492,-9.931149
1832447499,0.270545,-0.536301,-9.902418
1832448686,0.304064,-0.533907,-10.031705
1832449883,0.299275,-0.543484,-10.024523
1832451078,0.248997,-0.615310,-9.940725
1832452263,0.253785,-0.591368,-9.782708
1832453444,0.237026,-0.538695,-9.916783
1832454622,0.241814,-0.574608,-10.206482
1832455811,0.237026,-0.622492,-9.943120
1832456989,0.246603,-0.586579,-9.897630
1832458180,0.268151,-0.581791,-9.907207
1832459365,0.184354,-0.543484,-9.832987
1832460549,0.105345,-0.517148,-9.873688
1832461733,0.158017,-0.529119,-9.880871
1832462922,0.217872,-0.486023,-9.849746
1832464104,0.244209,-0.565032,-9.806650
1832465289,0.174777,-0.574608,-9.828198
1832466460,0.201113,-0.586579,-9.883265
1832467646,0.203507,-0.526724,-9.897630
1832468832,0.306458,-0.531513,-9.885659
1832470028,0.244209,-0.524330,-9.868899
1832471214,0.277727,-0.524330,-9.749189
1832472395,0.265756,-0.524330,-9.718064
1832473578,0.260968,-0.533907,-9.694122
1832474760,0.311246,-0.517148,-9.758766
1832475942,0.316035,-0.577003,-9.765948
1832477133,0.299275,-0.545878,-9.787497
1832478319,0.311246,-0.557849,-9.823410
1832479507,0.342371,-0.488417,-9.900024
1832480692,0.332794,-0.533907,-9.919178
1832481897,0.342371,-0.464475,-9.902418
1832483077,0.359130,-0.450110,-9.914390
1832484265,0.347159,-0.502782,-9.892841
1832485442,0.344765,-0.512359,-9.794679
1832486630,0.390255,-0.541090,-9.763555
1832487812,0.311246,-0.521936,-9.749189
1832489000,0.306458,-0.428562,-9.770737
1832490181,0.325611,-0.466869,-9.821015
1832491371,0.342371,-0.490811,-9.739613
1832492550,0.308852,-0.495600,-9.821015
1832493740,0.296881,-0.521936,-9.844957
1832494926,0.265756,-0.418985,-9.746795
1832496114,0.306458,-0.452504,-9.830592
1832497295,0.275333,-0.486023,-9.794679
1832498483,0.248997,-0.450110,-9.756371
1832499665,0.251391,-0.347159,-9.801862
1832500862,0.289698,-0.395043,-9.797073
1832502049,0.296881,-0.428562,-9.706094
1832503236,0.296881,-0.404620,-9.725247
1832504408,0.225055,-0.407014,-9.773131
1832505595,0.258574,-0.407014,-9.809045
1832506771,0.304064,-0.442927,-9.842564
1832507958,0.342371,-0.378284,-9.885659
1832509140,0.287304,-0.335188,-9.933543
1832510335,0.373495,-0.356736,-9.866506
1832511522,0.332794,-0.347159,-9.787497
1832512722,0.344765,-0.292093,-9.878476
1832513907,0.361524,-0.323217,-9.794679
1832515095,0.390255,-0.339977,-9.825804
1832516275,0.368707,-0.368707,-9.866506
1832517454,0.399832,-0.349553,-9.746795
1832518638,0.390255,-0.328006,-9.849746
1832519828,0.368707,-0.299275,-9.900024
1832521014,0.450110,-0.313640,-9.866506
1832522199,0.395043,-0.251391,-9.797073
1832523375,0.387861,-0.289698,-9.775525
1832524567,0.409408,-0.304064,-9.854534
1832525748,0.359130,-0.306458,-9.801862
1832526938,0.272939,-0.311246,-9.864111
1832528126,0.330400,-0.316035,-9.859323
1832529314,0.337582,-0.287304,-9.789890
1832530496,0.356736,-0.284910,-9.868899
1832531679,0.380678,-0.272939,-9.904813
1832532876,0.418985,-0.263362,-9.880871
1832534072,0.373495,-0.311246,-9.792285
1832535252,0.378284,-0.328006,-9.878476
1832536433,0.387861,-0.282516,-9.804255
1832537609,0.328006,-0.237026,-9.799467
1832538795,0.248997,-0.234632,-9.777920
1832539983,0.280122,-0.265756,-9.787497
1832541173,0.330400,-0.253785,-9.713276
1832542357,0.311246,-0.225055,-9.715671
1832543545,0.311246,-0.256180,-9.667787
1832544729,0.282516,-0.351948,-9.710882
1832545919,0.294487,-0.342371,-9.725247
1832547102,0.323217,-0.313640,-9.751583
1832548289,0.375890,-0.308852,-9.730036
1832549463,0.411803,-0.313640,-9.763555
1832550648,0.404620,-0.284910,-9.770737
1832551833,0.404620,-0.383072,-9.825804
1832553027,0.246603,-0.263362,-9.821015
1832554212,0.390255,-0.328006,-9.746795
1832555392,0.486023,-0.304064,-9.868899
1832556569,0.351948,-0.299275,-9.849746
1832557753,0.457293,-0.306458,-10.055647
1832558935,0.529119,-0.354342,-10.172963
1832560126,0.505177,-0.423774,-9.627085
1832561310,0.430956,-0.359130,-9.928755
1832562497,0.363919,-0.380678,-9.730036
1832563679,0.387861,-0.380678,-9.770737
1832564881,0.349553,-0.378284,-9.864111
1832566073,0.438139,-0.318429,-10.065224
1832567264,0.409408,-0.438139,-10.098742
1832568440,0.440533,-0.502782,-9.801862
1832569622,0.471658,-0.385466,-9.777920
1832570805,0.347159,-0.328006,-9.801862
1832571990,0.287304,-0.380678,-9.698911
1832573177,0.502782,-0.426168,-9.866506
1832574367,0.416591,-0.371101,-10.206482
1832575550,0.160412,-0.414197,-9.787497
1832576743,0.328006,-0.445322,-9.773131
1832577927,0.416591,-0.512359,-9.902418
1832579117,0.289698,-0.450110,-10.117896
1832580298,0.275333,-0.497994,-9.816227
1832581487,0.438139,-0.486023,-9.682152
1832582670,0.251391,-0.600945,-9.813833
1832583871,0.272939,-0.385466,-9.727641
1832585060,0.335188,-0.507571,-9.780313
1832586244,0.234632,-0.550666,-9.957485
1832587418,0.229843,-0.569820,-10.144233
1832588605,0.313640,-0.524330,-10.053253
1832589786,0.351948,-0.488417,-10.093954
1832590977,0.222661,-0.577003,-9.904813
1832592161,0.239420,-0.531513,-9.890448
1832593350,0.234632,-0.612916,-9.967062
1832594527,0.213084,-0.512359,-9.816227
1832595710,0.258574,-0.509965,-9.883265
1832596904,0.301669,-0.586579,-9.988609
1832598090,0.265756,-0.543484,-10.034100
1832599277,0.318429,-0.526724,-10.096349
1832600458,0.325611,-0.545878,-9.890448
1832601637,0.225055,-0.579397,-9.720459
1832602827,0.177171,-0.603339,-9.859323
1832604019,0.306458,-0.677559,-9.983821
1832605205,0.330400,-0.512359,-9.854534
1832610517,0.265756,-0.553061,-9.919178
1832611710,0.320823,-0.560243,-9.864111
1832612904,0.301669,-0.524330,-9.775525
1832614090,0.450110,-0.644040,-9.914390
1832615274,0.416591,-0.653617,-9.856929
1832616456,0.342371,-0.565032,-9.911995
1832617634,0.287304,-0.598550,-9.876082
1832618824,0.265756,-0.560243,-9.933543
1832620012,0.237026,-0.895431,-9.995792
1832621199,0.519542,-0.739808,-10.249578
1832622377,0.519542,-0.215478,-9.473856
1832623569,0.325611,-1.149217,-9.694122
1832624748,0.253785,-0.081403,-10.192117
1832625940,0.385466,-0.876278,-9.660604
1832627127,0.225055,-0.502782,-9.897630
1832628315,0.253785,-0.648829,-9.971850
1832629499,0.251391,-0.794875,-9.923966
1832630690,0.328006,-0.462081,-9.856929
1832631889,0.282516,-0.715866,-10.036493
1832633082,0.311246,-0.665588,-10.070012
1832634266,0.280122,-0.658405,-10.017340
1832635446,0.272939,-0.591368,-9.622296
1832636625,0.344765,-0.715866,-9.926360
1832637813,0.306458,-0.519542,-9.914390
1832638992,0.349553,-0.660800,-9.718064
1832640181,0.347159,-0.577003,-10.266336
1832641363,0.313640,-0.636858,-9.998186
1832642546,0.289698,-0.557849,-9.816227
1832643728,0.294487,-0.557849,-9.756371
1832644916,0.311246,-0.557849,-9.969456
1832646099,0.344765,-0.648829,-9.844957
1832647287,0.356736,-0.612916,-9.900024
1832648459,0.318429,-0.658405,-9.955091
1832649649,0.347159,-0.584185,-9.880871
1832650838,0.354342,-0.490811,-9.947908
1832652032,0.359130,-0.526724,-9.794679
1832653218,0.308852,-0.593762,-9.732430
1832654409,0.323217,-0.519542,-9.828198
1832655588,0.292093,-0.452504,-9.885659
1832656770,0.380678,-0.464475,-9.804255
1832657952,0.380678,-0.471658,-9.777920
1832659138,0.366313,-0.471658,-9.677363
1832660329,0.440533,-0.430956,-9.787497
1832661519,0.421380,-0.469264,-9.921572
1832662708,0.383072,-0.462081,-9.794679
1832663906,0.378284,-0.452504,-9.907207
1832665087,0.395043,-0.418985,-9.876082
1832666278,0.387861,-0.397437,-9.844957
1832667455,0.411803,-0.301669,-9.871294
1832668637,0.469264,-0.409408,-9.943120
1832669822,0.438139,-0.361524,-9.890448
1832671015,0.404620,-0.397437,-9.739613
1832672197,0.459687,-0.392649,-9.864111
1832673384,0.462081,-0.387861,-9.777920
1832674565,0.490811,-0.380678,-9.742006
1832675748,0.454898,-0.351948,-9.658210
1832676935,0.459687,-0.387861,-9.763555
1832678125,0.452504,-0.308852,-9.780313
1832679310,0.421380,-0.363919,-9.674969
1832680498,0.462081,-0.392649,-9.878476
1832681681,0.514753,-0.397437,-9.888053
1832682883,0.519542,-0.373495,-9.911995
1832684075,0.541090,-0.344765,-9.947908
1832685264,0.517148,-0.397437,-9.935937
1832686441,0.445322,-0.351948,-9.890448
1832687623,0.433351,-0.325611,-9.943120
1832688806,0.483629,-0.301669,-9.967062
1832689993,0.486023,-0.335188,-10.024523
1832691180,0.442927,-0.339977,-10.026917
1832692371,0.466869,-0.342371,-9.964667
1832693558,0.447716,-0.361524,-10.000581
1832694748,0.440533,-0.320823,-9.926360
1832695931,0.486023,-0.330400,-9.950302
1832697115,0.466869,-0.318429,-9.955091
1832698297,0.416591,-0.313640,-9.911995
1832699485,0.399832,-0.275333,-9.900024
1832700667,0.404620,-0.320823,-9.945514
1832701865,0.433351,-0.347159,-10.067618
1832703054,0.435745,-0.339977,-9.911995
1832704241,0.507571,-0.320823,-9.993398
1832705416,0.438139,-0.363919,-9.919178
1832706608,0.450110,-0.323217,-9.888053
1832707788,0.474052,-0.311246,-9.983821
1832708978,0.445322,-0.296881,-9.962274
1832710164,0.445322,-0.296881,-9.993398
1832711355,0.430956,-0.311246,-9.878476
1832712533,0.466869,-0.337582,-9.856929
1832713723,0.387861,-0.337582,-9.897630
1832714911,0.430956,-0.311246,-9.876082
1832716097,0.442927,-0.301669,-9.859323
1832717278,0.462081,-0.277727,-9.873688
1832718457,0.426168,-0.311246,-9.813833
1832719641,0.445322,-0.323217,-9.809045
1832720832,0.402226,-0.306458,-9.859323
1832722023,0.323217,-0.339977,-9.871294
1832723207,0.399832,-0.383072,-9.837775
1832724395,0.430956,-0.409408,-9.938332
1832725573,0.402226,-0.339977,-9.914390
1832726751,0.438139,-0.423774,-9.825804
1832727936,0.469264,-0.368707,-9.804255
1832729121,0.407014,-0.366313,-9.804255
1832730309,0.414197,-0.390255,-9.945514
1832731493,0.414197,-0.361524,-9.969456
1832732681,0.378284,-0.397437,-9.940725
1832733881,0.390255,-0.428562,-9.950302
1832735076,0.445322,-0.397437,-9.902418
1832736261,0.416591,-0.452504,-9.991004
1832737441,0.383072,-0.450110,-9.907207
1832738617,0.395043,-0.402226,-9.955091
1832739803,0.430956,-0.423774,-9.971850
1832740985,0.440533,-0.445322,-9.885659
1832742175,0.447716,-0.404620,-9.983821
1832743360,0.356736,-0.442927,-9.940725
1832744547,0.356736,-0.421380,-9.897630
1832745731,0.313640,-0.476446,-10.014946
1832746922,0.380678,-0.450110,-10.007763
1832748102,0.457293,-0.445322,-9.971850
1832749288,0.404620,-0.471658,-9.890448
1832750476,0.347159,-0.519542,-9.933543
1832751662,0.316035,-0.471658,-9.957485
1832752857,0.349553,-0.383072,-9.892841
1832754050,0.335188,-0.426168,-9.907207
1832755231,0.332794,-0.509965,-9.974244
1832756418,0.299275,-0.462081,-9.957485
1832757597,0.311246,-0.474052,-9.931149
1832758783,0.316035,-0.486023,-9.926360
1832759967,0.294487,-0.414197,-9.883265
1832761154,0.378284,-0.483629,-9.797073
1832762340,0.363919,-0.397437,-9.883265
1832763523,0.299275,-0.538695,-9.825804
1832764697,0.361524,-0.529119,-9.890448
1832765898,0.344765,-0.538695,-9.734824
1832767078,0.318429,-0.536301,-9.866506
1832768268,0.366313,-0.497994,-9.890448
1832769441,0.373495,-0.459687,-9.799467
1832770625,0.354342,-0.478840,-9.835381
1832771808,0.368707,-0.521936,-9.765948
1832772995,0.339977,-0.514753,-9.890448
1832774182,0.335188,-0.488417,-9.761160
1832775372,0.402226,-0.476446,-9.775525
1832776558,0.378284,-0.488417,-9.713276
1832777748,0.284910,-0.495600,-9.868899
1832778933,0.323217,-0.474052,-9.797073
1832780123,0.404620,-0.533907,-9.732430
1832781303,0.325611,-0.565032,-9.967062
1832782490,0.318429,-0.478840,-9.806650
1832783672,0.292093,-0.215478,-9.512163
1832784869,0.354342,-0.806846,-8.985439
1832786057,0.203507,-0.447716,-10.587160
1832787243,0.292093,-0.497994,-10.017340
1832788420,0.416591,-0.914585,-10.139444
1832789607,0.203507,-0.210690,-10.943896
1832790787,0.474052,-0.641646,-9.770737
1832791977,0.521936,-0.337582,-9.768343
1832793160,0.442927,-0.086191,-10.453085
1832794350,0.402226,-0.289698,-9.885659
1832795527,0.428562,-0.553061,-8.767567
1832796710,0.407014,-0.380678,-9.346964
1832797903,0.392649,-0.486023,-9.368511
1832799089,0.428562,-0.507571,-9.591172
1832800277,0.505177,-0.466869,-9.823410
1832801457,0.407014,-0.423774,-10.184934
1832802635,0.335188,-0.497994,-9.979033
1832803827,0.258574,-0.411803,-9.375694
1832805015,0.263362,-0.550666,-9.495404
1832806198,0.344765,-0.553061,-9.940725
1832807374,0.292093,-0.476446,-9.976639
1832808566,0.351948,-0.433351,-10.103531
1832809748,0.328006,-0.404620,-10.359711
1832810938,0.351948,-0.363919,-10.012551
1832812124,0.421380,-0.287304,-9.923966
1832813314,0.407014,-0.292093,-9.859323
1832814496,0.428562,-0.430956,-10.026917
1832815684,0.476446,-0.430956,-9.991004
1832816881,0.387861,-0.402226,-9.780313
1832818076,0.385466,-0.481235,-9.698911
1832819262,0.416591,-0.538695,-9.926360
1832820443,0.383072,-0.454898,-10.192117
1832821621,0.486023,-0.464475,-10.160992
1832822809,0.493206,-0.418985,-10.263943
1832823992,0.476446,-0.409408,-10.060435
1832825183,0.471658,-0.383072,-9.971850
1832826365,0.459687,-0.332794,-9.876082
1832827548,0.442927,-0.368707,-9.825804
1832828732,0.368707,-0.344765,-9.868899
1832829922,0.380678,-0.359130,-9.727641
1832831103,0.330400,-0.399832,-9.543288
1832832289,0.330400,-0.378284,-9.727641
1832833476,0.418985,-0.361524,-10.084377
1832834660,0.409408,-0.409408,-10.175357
1832835853,0.378284,-0.332794,-10.125079
1832837047,0.476446,-0.165200,-10.072407
1832838226,0.466869,-0.414197,-9.624691
1832839407,0.282516,-0.423774,-10.172963
1832840592,0.416591,-0.414197,-10.292673
1832841779,0.445322,-0.442927,-9.825804
1832842965,0.438139,-0.237026,-9.861717
1832844152,0.375890,-0.227449,-9.926360
1832845337,0.294487,-0.268151,-10.086772
1832846527,0.308852,-0.450110,-9.962274
1832847703,0.363919,-0.447716,-10.067618
1832848903,0.361524,-0.395043,-9.662998
1832850085,0.368707,-0.414197,-9.552865
1832851274,0.351948,-0.378284,-10.043676
1832852451,0.402226,-0.395043,-10.172963
1832853634,0.351948,-0.337582,-10.113108
1832854821,0.371101,-0.263362,-9.931149
1832856014,0.385466,-0.323217,-9.758766
1832857197,0.323217,-0.361524,-9.900024
1832858386,0.337582,-0.397437,-9.907207
1832859567,0.481235,-0.373495,-9.904813
1832860748,0.385466,-0.354342,-9.873688
1832861936,0.342371,-0.363919,-9.844957
1832863126,0.361524,-0.337582,-9.880871
1832864312,0.390255,-0.426168,-9.940725
1832865499,0.474052,-0.418985,-9.933543
1832866682,0.442927,-0.368707,-9.782708
1832867881,0.416591,-0.375890,-9.763555
1832869073,0.507571,-0.464475,-9.868899
1832870263,0.457293,-0.445322,-9.952697
1832871437,0.351948,-0.440533,-9.739613
1832872626,0.347159,-0.404620,-9.629479
1832873808,0.359130,-0.416591,-9.727641
1832874995,0.404620,-0.440533,-9.931149
1832876181,0.390255,-0.418985,-10.010158
1832877371,0.335188,-0.387861,-10.079589
1832878550,0.354342,-0.514753,-9.828198
1832879743,0.282516,-0.505177,-9.768343
1832880930,0.296881,-0.488417,-9.763555
1832882121,0.378284,-0.481235,-9.732430
1832883303,0.371101,-0.521936,-9.835381
1832884491,0.349553,-0.435745,-9.868899
1832885675,0.344765,-0.411803,-9.809045
1832886873,0.363919,-0.438139,-9.773131
1832888062,0.289698,-0.469264,-9.804255
1832889249,0.241814,-0.486023,-9.933543
1832890425,0.215478,-0.509965,-9.832987
1832891616,0.272939,-0.524330,-9.902418
1832892796,0.284910,-0.486023,-9.828198
1832893988,0.256180,-0.529119,-9.816227
1832895173,0.270545,-0.519542,-9.823410
1832896362,0.289698,-0.500388,-9.868899
1832897545,0.335188,-0.490811,-9.809045
1832898733,0.320823,-0.543484,-9.715671
1832899918,0.325611,-0.521936,-9.744401
1832901105,0.313640,-0.529119,-9.789890
1832902286,0.304064,-0.533907,-9.854534
1832903478,0.347159,-0.512359,-9.785102
1832904661,0.356736,-0.526724,-9.794679
1832905861,0.354342,-0.507571,-9.816227
1832907050,0.356736,-0.521936,-9.864111
1832908237,0.323217,-0.500388,-9.859323
1832909418,0.325611,-0.519542,-9.885659
1832910610,0.337582,-0.569820,-9.919178
1832911791,0.330400,-0.581791,-9.852140
1832912977,0.356736,-0.555455,-9.837775
1832914156,0.325611,-0.557849,-9.895236
1832915344,0.316035,-0.560243,-10.000581
1832916516,0.354342,-0.612916,-9.950302
1832917706,0.313640,-0.560243,-9.952697
1832918900,0.313640,-0.567426,-9.945514
1832920087,0.325611,-0.584185,-9.885659
1832921275,0.328006,-0.507571,-9.837775
1832922454,0.380678,-0.509965,-9.866506
1832923631,0.289698,-0.603339,-9.945514
1832924819,0.275333,-0.598550,-9.952697
1832925998,0.284910,-0.567426,-9.864111
1832927185,0.318429,-0.572214,-9.852140
1832928368,0.354342,-0.577003,-9.895236
1832929550,0.229843,-0.565032,-9.911995
1832930733,0.237026,-0.584185,-9.950302
1832931922,0.196325,-0.519542,-9.911995
1832933105,0.225055,-0.586579,-10.000581
1832934291,0.239420,-0.605733,-9.998186
1832935461,0.237026,-0.565032,-9.890448
1832936643,0.253785,-0.615310,-9.928755
1832937829,0.282516,-0.596156,-9.904813
1832939025,0.301669,-0.548272,-9.780313
1832940210,0.237026,-0.536301,-9.885659
1832941396,0.208296,-0.445322,-9.940725
1832942579,0.272939,-0.588974,-9.828198
1832943762,0.253785,-0.565032,-9.895236
1832944944,0.270545,-0.488417,-9.801862
1832946135,0.246603,-0.545878,-9.902418
1832947319,0.244209,-0.536301,-9.950302
1832948505,0.296881,-0.493206,-9.923966
1832949692,0.232238,-0.557849,-9.890448
1832950896,0.232238,-0.567426,-10.007763
1832952083,0.253785,-0.481235,-10.019734
1832953271,0.265756,-0.495600,-9.888053
1832954446,0.256180,-0.488417,-9.852140
1832955628,0.229843,-0.481235,-9.883265
1832956812,0.205901,-0.459687,-9.854534
1832957998,0.258574,-0.533907,-9.864111
1832959176,0.316035,-0.526724,-9.943120
1832960364,0.308852,-0.521936,-9.959879
1832961542,0.272939,-0.533907,-9.902418
1832962731,0.347159,-0.509965,-9.816227
1832963916,0.335188,-0.450110,-9.883265
1832965102,0.368707,-0.481235,-9.878476
1832966284,0.356736,-0.457293,-9.919178
1832967478,0.299275,-0.447716,-9.780313
1832968659,0.344765,-0.428562,-9.916783
1832969859,0.380678,-0.450110,-9.758766
1832971046,0.270545,-0.395043,-9.840169
1832972230,0.217872,-0.416591,-9.742006
1832973405,0.284910,-0.450110,-9.849746
1832974592,0.292093,-0.426168,-9.933543
1832975770,0.311246,-0.407014,-9.828198
1832976956,0.320823,-0.387861,-9.856929
1832978138,0.430956,-0.418985,-9.840169
1832979333,0.390255,-0.359130,-9.758766
1832980512,0.390255,-0.375890,-9.864111
1832981703,0.363919,-0.371101,-9.856929
1832982898,0.373495,-0.356736,-9.950302
1832984082,0.395043,-0.380678,-9.971850
1832985266,0.390255,-0.447716,-9.926360
1832986446,0.359130,-0.392649,-9.950302
1832987623,0.277727,-0.368707,-9.866506
1832988811,0.306458,-0.454898,-9.828198
1832989990,0.332794,-0.462081,-9.885659
1832991181,0.347159,-0.361524,-9.976639
1832992368,0.308852,-0.385466,-9.804255
1832993550,0.323217,-0.371101,-9.897630
1832994734,0.404620,-0.325611,-10.007763
1832995922,0.316035,-0.407014,-9.962274
1832997103,0.373495,-0.373495,-9.900024
1832998289,0.359130,-0.380678,-9.976639
1832999476,0.323217,-0.332794,-9.892841
1833000657,0.306458,-0.344765,-9.938332
1833001852,0.347159,-0.304064,-9.830592
1833003042,0.373495,-0.270545,-9.739613
1833004229,0.380678,-0.280122,-9.782708
1833005409,0.354342,-0.380678,-9.792285
1833006592,0.378284,-0.409408,-9.801862
1833007773,0.359130,-0.402226,-9.746795
1833008955,0.351948,-0.349553,-9.665392
1833010139,0.356736,-0.397437,-9.911995
1833011324,0.438139,-0.375890,-9.823410
1833012512,0.383072,-0.323217,-9.914390
1833013698,0.339977,-0.361524,-9.864111
1833014903,0.318429,-0.339977,-9.797073
1833016085,0.356736,-0.280122,-9.761160
1833017274,0.397437,-0.294487,-9.780313
1833018450,0.385466,-0.366313,-9.880871
1833019633,0.433351,-0.450110,-9.761160
1833020815,0.450110,-0.280122,-9.703699
1833022000,0.435745,-0.330400,-9.662998
1833023181,0.397437,-0.339977,-9.674969
1833024369,0.457293,-0.387861,-9.713276
1833025548,0.414197,-0.481235,-9.777920
1833026736,0.421380,-0.414197,-9.682152
1833027921,0.380678,-0.447716,-9.866506
1833029107,0.423774,-0.320823,-9.773131
1833030290,0.459687,-0.371101,-9.732430
1833031482,0.363919,-0.414197,-9.809045
1833032664,0.404620,-0.416591,-9.787497
1833033863,0.313640,-0.404620,-9.849746
1833035050,0.344765,-0.423774,-9.868899
1833036237,0.301669,-0.423774,-9.864111
1833037424,0.366313,-0.392649,-9.926360
1833038615,0.339977,-0.371101,-9.950302
1833039797,0.375890,-0.383072,-9.830592
1833040988,0.385466,-0.435745,-9.890448
1833042173,0.359130,-0.426168,-9.940725
1833043363,0.378284,-0.440533,-9.854534
1833044541,0.328006,-0.454898,-9.911995
1833045729,0.409408,-0.474052,-9.940725
1833046911,0.445322,-0.464475,-10.000581
1833048097,0.421380,-0.452504,-9.938332
1833049274,0.433351,-0.478840,-9.909601
1833050451,0.366313,-0.507571,-9.806650
1833051633,0.371101,-0.495600,-9.825804
1833052819,0.351948,-0.471658,-9.859323
1833054000,0.330400,-0.505177,-9.789890
1833055183,0.344765,-0.577003,-9.897630
1833056367,0.371101,-0.488417,-10.007763
1833057549,0.407014,-0.433351,-9.955091
1833058733,0.363919,-0.483629,-9.888053
1833059923,0.392649,-0.536301,-9.907207
1833061104,0.402226,-0.433351,-10.014946
1833062288,0.189142,-0.600945,-9.710882
1833063462,0.136469,-0.694318,-9.677363
1833064649,0.335188,-0.418985,-10.620679
1833065838,0.423774,-0.474052,-10.132261
1833067035,0.122104,-0.404620,-10.175357
1833068220,0.433351,-0.421380,-10.163386
1833069402,0.550666,-0.466869,-10.512939
1833070583,0.383072,0.021548,-9.512163
1833071759,-0.411803,-0.854730,-10.407595
1833072947,-0.205901,-0.732626,-9.811439
1833074144,0.488417,-0.976834,-10.168175
1833075336,0.715866,-0.656011,-10.433931
1833076528,0.385466,-0.663194,-10.350134
1833077707,0.565032,-1.699883,-10.295067
1833078904,0.438139,0.430956,-9.339781
1833080079,0.450110,-0.438139,-11.279084
1833081268,0.258574,-0.282516,-8.676587
1833082445,0.519542,-0.339977,-8.197746
1833083634,0.438139,-0.799663,-8.578424
1833084818,0.033519,-0.466869,-9.112331
1833086011,0.083797,-0.991199,-8.683769
1833087193,0.007183,-1.058237,-8.805874
1833088387,0.222661,-0.569820,-11.145009
1833089568,0.328006,-0.258574,-11.154586
1833090748,0.258574,-0.847547,-9.955091
1833091935,0.296881,-0.782904,-10.565612
1833093125,0.146046,-0.859518,-9.600749
1833094310,0.047884,-1.012747,-9.236830
1833095496,0.057461,-0.782904,-9.888053
1833096678,-0.076614,-0.440533,-10.158598
1833097887,0.225055,-0.486023,-10.527305
1833099077,0.469264,-0.275333,-10.314221
1833100269,0.433351,-0.457293,-10.096349
1833101446,0.260968,-0.612916,-10.089166
1833102626,0.155623,-0.909797,-9.615114
1833103809,0.311246,-0.524330,-8.834604
1833104995,0.402226,-0.667982,-9.581595
1833106183,0.466869,-0.591368,-10.091560
1833107373,0.464475,-0.541090,-10.002975
1833108555,0.440533,-0.519542,-10.007763
1833109748,0.387861,-0.569820,-10.254366
1833110936,0.411803,-0.663194,-9.361329
1833112126,0.359130,-0.641646,-9.464279
1833113311,0.323217,-0.517148,-9.722853
1833114500,0.244209,-0.577003,-9.449914
1833115682,0.270545,-0.531513,-9.567230
1833116883,0.148441,-0.500388,-10.019734
1833118071,0.129287,-0.545878,-9.742006
1833119257,0.239420,-0.529119,-9.737218
1833120433,0.342371,-0.299275,-9.861717
1833121615,0.371101,-0.289698,-9.895236
1833122798,0.253785,-0.351948,-10.117896
1833123992,0.275333,-0.392649,-9.998186
1833125179,0.270545,-0.550666,-9.813833
1833126369,0.284910,-0.533907,-9.720459
1833127546,0.368707,-0.610521,-9.550470
1833128733,0.280122,-0.466869,-9.617508
1833129918,0.313640,-0.428562,-10.019734
1833131104,0.169988,-0.356736,-9.856929
1833132287,0.205901,-0.375890,-9.751583
1833133479,0.292093,-0.438139,-9.538500
1833134659,0.289698,-0.569820,-9.478644
1833135858,0.215478,-0.560243,-9.447520
1833137046,0.174777,-0.483629,-9.454702
1833138231,0.167594,-0.507571,-9.382876
1833139417,0.215478,-0.447716,-9.476251
1833140609,0.220267,-0.454898,-9.658210
1833141787,0.225055,-0.543484,-9.593566
1833142977,0.155623,-0.500388,-9.696517
1833144159,0.162806,-0.414197,-9.842564
1833145349,0.124498,-0.347159,-9.952697
1833146526,0.102951,-0.397437,-10.129868
1833147726,0.093374,-0.495600,-10.074800
1833148911,0.251391,-0.469264,-10.074800
1833150097,0.328006,-0.471658,-10.120291
1833151277,0.385466,-0.464475,-10.077195
1833152458,0.404620,-0.445322,-9.974244
1833153641,0.407014,-0.392649,-10.019734
1833154832,0.428562,-0.433351,-10.038888
1833156024,0.500388,-0.524330,-9.900024
1833157208,0.466869,-0.524330,-9.816227
1833158395,0.457293,-0.495600,-9.847352
1833159575,0.438139,-0.421380,-9.943120
1833160753,0.380678,-0.337582,-10.000581
1833161937,0.392649,-0.383072,-10.189722
1833163123,0.435745,-0.368707,-10.149021
1833164313,0.421380,-0.380678,-10.149021
1833165496,0.459687,-0.359130,-10.053253
1833166684,0.454898,-0.423774,-9.976639
1833167883,0.495600,-0.524330,-9.895236
1833169078,0.414197,-0.514753,-9.876082
1833170263,0.414197,-0.500388,-9.919178
1833171443,0.320823,-0.512359,-9.967062
1833172626,0.287304,-0.445322,-9.967062
1833173813,0.275333,-0.421380,-9.998186
1833174995,0.284910,-0.421380,-9.890448
1833176185,0.311246,-0.390255,-9.892841
1833177370,0.284910,-0.380678,-9.816227
1833178553,0.366313,-0.356736,-9.809045
1833179737,0.371101,-0.371101,-9.801862
1833180925,0.426168,-0.402226,-9.792285
1833182107,0.383072,-0.438139,-9.734824
1833183294,0.390255,-0.440533,-9.646238
1833184477,0.359130,-0.450110,-9.567230
1833185661,0.347159,-0.411803,-9.550470
1833186854,0.371101,-0.330400,-9.404425
1833188043,0.347159,-0.397437,-9.260772
1833189230,0.373495,-0.462081,-9.217676
1833190411,0.404620,-0.457293,-9.344569
1833191591,0.375890,-0.440533,-9.318233
1833192770,0.342371,-0.454898,-9.392453
1833193953,0.392649,-0.450110,-9.533711
1833195139,0.385466,-0.440533,-9.610326
1833196326,0.409408,-0.423774,-9.641450
1833197512,0.404620,-0.476446,-9.756371
1833198698,0.397437,-0.445322,-9.679757
1833199903,0.414197,-0.524330,-9.777920
1833201084,0.387861,-0.529119,-9.794679
1833202272,0.404620,-0.488417,-9.703699
1833203448,0.416591,-0.457293,-9.734824
1833204631,0.423774,-0.466869,-9.830592
1833205814,0.433351,-0.433351,-9.689334
1833207002,0.433351,-0.462081,-9.641450
1833208183,0.380678,-0.497994,-9.679757
1833209373,0.421380,-0.495600,-9.773131
1833210547,0.397437,-0.486023,-9.792285
1833211736,0.445322,-0.502782,-9.828198
1833212924,0.411803,-0.490811,-9.993398
1833214110,0.368707,-0.521936,-10.014946
1833215292,0.392649,-0.541090,-9.979033
1833216484,0.414197,-0.562637,-10.029311
1833217667,0.373495,-0.608127,-10.041282
1833218867,0.392649,-0.593762,-10.137050
1833220055,0.332794,-0.586579,-10.122684
1833221243,0.332794,-0.591368,-10.098742
1833222421,0.368707,-0.588974,-10.081984
1833223607,0.380678,-0.627281,-9.981427
1833224789,0.339977,-0.577003,-9.861717
1833225978,0.378284,-0.579397,-9.883265
1833227158,0.361524,-0.574608,-9.866506
1833228348,0.339977,-0.572214,-9.876082
1833229524,0.368707,-0.567426,-9.861717
1833230723,0.428562,-0.591368,-9.753978
1833231911,0.390255,-0.567426,-9.804255
1833233097,0.409408,-0.562637,-9.840169
1833234276,0.383072,-0.555455,-9.888053
1833235456,0.378284,-0.488417,-9.883265
1833236635,0.385466,-0.474052,-9.804255
1833237826,0.318429,-0.497994,-9.804255
1833239014,0.320823,-0.521936,-9.780313
1833240200,0.366313,-0.514753,-9.794679
1833241383,0.306458,-0.512359,-9.758766
1833242574,0.304064,-0.524330,-9.811439
1833243749,0.306458,-0.512359,-9.756371
1833244941,0.311246,-0.531513,-9.667787
1833246129,0.167594,-0.533907,-9.701305
1833247317,0.181959,-0.505177,-9.708488
1833248500,0.179565,-0.543484,-9.691729
1833249688,0.174777,-0.569820,-9.653421
1833250886,0.160412,-0.560243,-9.674969
1833252078,0.148441,-0.600945,-9.720459
1833253262,0.153229,-0.567426,-9.710882
1833254444,0.136469,-0.567426,-9.715671
1833255623,0.167594,-0.531513,-9.727641
1833256811,0.169988,-0.507571,-9.710882
1833257992,0.162806,-0.543484,-9.631873
1833259184,0.222661,-0.545878,-9.696517
1833260370,0.268151,-0.490811,-9.749189
1833261550,0.275333,-0.548272,-9.713276
1833262735,0.229843,-0.560243,-9.816227
1833263925,0.265756,-0.572214,-9.849746
1833265108,0.167594,-0.555455,-9.976639
1833266293,0.227449,-0.612916,-9.967062
1833267461,0.263362,-0.620098,-10.029311
1833268643,0.282516,-0.588974,-10.010158
1833269830,0.325611,-0.541090,-10.084377
1833271023,0.385466,-0.488417,-10.141838
1833272206,0.359130,-0.509965,-10.103531
1833273390,0.287304,-0.536301,-10.081984
1833274566,0.308852,-0.529119,-10.026917
1833275752,0.313640,-0.500388,-9.962274
1833276931,0.265756,-0.519542,-9.938332
1833278122,0.260968,-0.543484,-10.000581
1833279303,0.232238,-0.584185,-9.988609
1833280491,0.284910,-0.569820,-9.945514
1833281673,0.263362,-0.529119,-9.880871
1833282876,0.222661,-0.514753,-9.900024
1833284063,0.155623,-0.519542,-9.871294
1833285250,0.093374,-0.567426,-9.880871
1833286426,0.112527,-0.577003,-9.825804
1833287616,0.114922,-0.519542,-9.787497
1833288800,0.100556,-0.519542,-9.859323
1833289991,0.026336,-0.481235,-9.840169
1833291178,0.119710,-0.509965,-9.794679
1833292367,0.062249,-0.476446,-9.801862
1833293545,0.045490,-0.509965,-9.787497
1833294733,-0.057461,-0.517148,-9.801862
1833295924,-0.019154,-0.533907,-9.823410
1833297119,-0.021548,-0.529119,-9.763555
1833298310,-0.023942,-0.524330,-9.753978
1833299504,0.038307,-0.531513,-9.725247
1833300686,0.093374,-0.553061,-9.765948
1833301886,0.055067,-0.490811,-9.751583
1833303076,0.055067,-0.541090,-9.773131
1833304264,0.114922,-0.481235,-9.835381
1833305441,0.146046,-0.505177,-9.753978
1833306621,0.244209,-0.486023,-9.780313
1833307804,0.191536,-0.454898,-9.768343
1833308989,0.191536,-0.447716,-9.734824
1833310175,0.258574,-0.466869,-9.730036
1833311365,0.253785,-0.524330,-9.761160
1833312547,0.292093,-0.497994,-9.679757
1833313736,0.287304,-0.474052,-9.751583
1833314921,0.296881,-0.411803,-9.792285
1833316105,0.280122,-0.474052,-9.773131
1833317287,0.387861,-0.471658,-9.773131
1833318480,0.457293,-0.495600,-9.883265
1833319661,0.426168,-0.488417,-9.871294
1833320861,0.490811,-0.519542,-9.816227
1833322049,0.476446,-0.526724,-9.818622
1833323237,0.445322,-0.514753,-9.806650
1833324423,0.541090,-0.445322,-9.744401
1833325613,0.596156,-0.469264,-9.763555
1833326797,0.557849,-0.478840,-9.787497
1833327988,0.557849,-0.500388,-9.911995
1833329173,0.632069,-0.526724,-9.900024
1833330361,0.605733,-0.545878,-9.888053
1833331539,0.641646,-0.500388,-9.777920
1833332727,0.624887,-0.478840,-9.856929
1833333911,0.632069,-0.514753,-9.816227
1833335098,0.641646,-0.500388,-9.813833
1833336278,0.670376,-0.560243,-9.873688
1833337458,0.644040,-0.572214,-9.849746
1833338635,0.689530,-0.536301,-9.888053
1833339825,0.684742,-0.519542,-9.902418
1833341014,0.670376,-0.526724,-9.900024
1833342198,0.634463,-0.562637,-9.897630
1833343376,0.636858,-0.598550,-9.914390
1833344566,0.617704,-0.603339,-9.916783
1833345748,0.636858,-0.627281,-9.730036
1833346939,0.653617,-0.620098,-9.749189
1833348123,0.689530,-0.567426,-9.809045
1833349312,0.727837,-0.533907,-9.816227
1833350495,0.689530,-0.574608,-9.823410
1833351682,0.715866,-0.615310,-9.892841
1833352880,0.679953,-0.651223,-9.868899
1833354074,0.713472,-0.687136,-9.861717
1833355257,0.778116,-0.711078,-9.856929
1833356438,0.763750,-0.711078,-9.832987
1833357614,0.806846,-0.725443,-9.868899
1833358802,0.830788,-0.718261,-9.840169
1833359982,0.780510,-0.687136,-9.928755
1833361171,0.725443,-0.699107,-9.957485
1833362357,0.727837,-0.679953,-9.940725
1833363540,0.723049,-0.646434,-10.031705
1833364724,0.794875,-0.620098,-10.031705
1833365911,0.727837,-0.632069,-9.998186
1833367093,0.754174,-0.694318,-10.017340
1833368285,0.804452,-0.792481,-10.048465
1833369461,0.684742,-0.823605,-9.914390
1833370643,0.689530,-0.797269,-9.856929
1833371830,0.617704,-0.751779,-9.909601
1833373025,0.548272,-0.735020,-10.103531
1833374206,0.474052,-0.876278,-10.326192
1833375393,0.459687,-0.794875,-10.163386
1833376571,0.474052,-0.727837,-9.967062
1833377749,0.392649,-0.713472,-10.048465
1833378937,0.325611,-0.634463,-10.108319
1833380128,0.344765,-0.622492,-9.859323
1833381314,0.404620,-0.622492,-9.964667
1833382500,0.500388,-0.802058,-10.182540
1833383676,0.543484,-0.840365,-10.156203
1833384879,0.596156,-0.780510,-10.259154
1833386071,0.545878,-0.708684,-10.144233
1833387258,0.454898,-0.711078,-9.823410
1833388434,0.404620,-0.675165,-9.809045
1833389613,0.308852,-0.620098,-9.947908
1833390793,0.287304,-0.629675,-9.902418
1833391982,0.253785,-0.567426,-10.002975
1833393168,0.201113,-0.550666,-10.000581
1833394356,0.256180,-0.560243,-9.852140
1833395533,0.299275,-0.596156,-9.742006
1833396721,0.287304,-0.584185,-9.706094
1833397908,0.294487,-0.536301,-9.624691
1833399095,0.339977,-0.536301,-9.574412
1833400282,0.339977,-0.560243,-9.507375
1833401462,0.330400,-0.598550,-9.600749
1833402637,0.304064,-0.524330,-9.718064
1833403827,0.311246,-0.514753,-9.789890
1833405015,0.308852,-0.545878,-9.679757
1833406202,0.201113,-0.438139,-9.643845
1833407378,0.179565,-0.462081,-9.572019
1833408569,0.184354,-0.428562,-9.560047
1833409748,0.201113,-0.440533,-9.461885
1833410939,0.248997,-0.411803,-9.471462
1833412124,0.263362,-0.385466,-9.488221
1833413315,0.272939,-0.287304,-9.651027
1833414498,0.280122,-0.337582,-9.591172
1833415685,0.299275,-0.375890,-9.497798
1833416883,0.253785,-0.392649,-9.418790
1833418078,0.198719,-0.430956,-9.457097
1833419265,0.193930,-0.383072,-9.598354
1833420445,0.155623,-0.325611,-9.703699
1833421624,0.201113,-0.323217,-9.718064
1833422811,0.141258,-0.339977,-9.751583
1833423994,0.186748,-0.306458,-9.749189
1833425185,0.150835,-0.260968,-9.696517
1833426370,0.181959,-0.246603,-9.646238
1833427553,0.184354,-0.213084,-9.600749
1833428737,0.174777,-0.215478,-9.660604
1833429926,0.177171,-0.208296,-9.667787
1833431108,0.220267,-0.191536,-9.591172
1833432295,0.217872,-0.248997,-9.662998
1833433479,0.181959,-0.215478,-9.706094
1833434664,0.201113,-0.260968,-9.715671
1833435858,0.172383,-0.272939,-9.646238
1833437052,0.189142,-0.299275,-9.550470
1833438233,0.105345,-0.265756,-9.665392
1833439420,0.189142,-0.241814,-9.617508
1833440607,0.162806,-0.241814,-9.595961
1833441793,0.189142,-0.263362,-9.639056
1833442978,0.198719,-0.201113,-9.579201
1833444167,0.237026,-0.179565,-9.576807
1833445352,0.263362,-0.177171,-9.576807
1833446533,0.284910,-0.213084,-9.586384
1833447711,0.359130,-0.270545,-9.641450
1833448909,0.328006,-0.244209,-9.662998
1833450090,0.311246,-0.263362,-9.749189
1833451282,0.301669,-0.246603,-9.935937
1833452458,0.373495,-0.181959,-9.940725
1833453640,0.402226,-0.203507,-10.005369
1833454825,0.318429,-0.246603,-10.046070
1833456017,0.272939,-0.296881,-10.058042
1833457196,0.244209,-0.234632,-10.007763
1833458378,0.296881,-0.284910,-9.967062
1833459564,0.294487,-0.256180,-9.911995
1833460750,0.328006,-0.232238,-10.067618
1833461937,0.435745,-0.287304,-9.955091
1833463126,0.411803,-0.313640,-9.935937
1833464311,0.397437,-0.363919,-9.938332
1833465497,0.416591,-0.397437,-9.878476
1833466680,0.411803,-0.462081,-9.835381
1833467882,0.373495,-0.411803,-9.878476
1833469074,0.363919,-0.471658,-9.986216
1833470265,0.354342,-0.531513,-10.084377
1833471442,0.383072,-0.476446,-10.058042
1833472629,0.414197,-0.481235,-10.079589
1833473813,0.395043,-0.478840,-10.091560
1833474999,0.330400,-0.462081,-10.041282
1833476177,0.330400,-0.466869,-9.959879
1833477366,0.325611,-0.452504,-10.067618
1833478544,0.277727,-0.509965,-10.141838
1833479734,0.251391,-0.507571,-10.232818
1833480920,0.337582,-0.550666,-10.338163
1833482107,0.284910,-0.560243,-10.362105
1833483289,0.318429,-0.526724,-10.299856
1833484484,0.248997,-0.567426,-10.309433
1833485668,0.217872,-0.624887,-10.292673
1833486868,0.234632,-0.603339,-10.347740
1833488057,0.203507,-0.622492,-10.354922
1833489244,0.237026,-0.600945,-10.378864
1833490420,0.181959,-0.584185,-10.378864
1833491608,0.177171,-0.622492,-10.371682
1833492791,0.198719,-0.605733,-10.376471
1833493981,0.179565,-0.562637,-10.316615
1833495167,0.110133,-0.608127,-10.225636
1833496358,0.146046,-0.648829,-10.280702
1833497535,0.196325,-0.648829,-10.242394
1833498726,0.189142,-0.632069,-10.237606
1833499911,0.165200,-0.691924,-10.302250
1833501094,0.282516,-0.670376,-10.295067
1833502281,0.287304,-0.639252,-10.285490
1833503462,0.227449,-0.682347,-10.295067
1833504641,0.189142,-0.658405,-10.287885
1833505833,0.198719,-0.641646,-10.220847
1833507026,0.203507,-0.622492,-10.192117
1833508216,0.179565,-0.600945,-10.218452
1833509398,0.162806,-0.588974,-10.295067
1833510586,0.167594,-0.644040,-10.251971
1833511765,0.165200,-0.663194,-10.254366
1833512949,0.198719,-0.624887,-10.218452
1833514137,0.225055,-0.672771,-10.091560
1833515327,0.193930,-0.677559,-10.031705
1833516510,0.253785,-0.615310,-10.029311
1833517701,0.248997,-0.644040,-9.981427
1833518900,0.277727,-0.663194,-9.876082
1833520085,0.196325,-0.615310,-9.902418
1833521270,0.186748,-0.636858,-9.854534
1833522451,0.198719,-0.653617,-9.835381
1833523633,0.196325,-0.624887,-9.730036
1833524820,0.179565,-0.596156,-9.718064
1833526002,0.174777,-0.555455,-9.672575
1833527190,0.241814,-0.620098,-9.679757
1833528379,0.258574,-0.586579,-9.519346
1833529566,0.260968,-0.586579,-9.516952
1833530748,0.244209,-0.608127,-9.526528
1833531939,0.241814,-0.581791,-9.437943
1833533122,0.304064,-0.529119,-9.418790
1833534307,0.292093,-0.543484,-9.478644
1833535491,0.248997,-0.584185,-9.485827
1833536679,0.277727,-0.574608,-9.428367
1833537877,0.318429,-0.577003,-9.476251
1833539073,0.397437,-0.519542,-9.421184
1833540255,0.421380,-0.507571,-9.406818
1833541436,0.430956,-0.560243,-9.279925
1833542612,0.418985,-0.596156,-9.392453
1833543796,0.409408,-0.584185,-9.344569
1833544980,0.476446,-0.495600,-9.373300
1833546169,0.478840,-0.521936,-9.361329
1833547354,0.464475,-0.543484,-9.368511
1833548537,0.581791,-0.553061,-9.358934
1833549722,0.545878,-0.497994,-9.430760
1833550910,0.588974,-0.495600,-9.459491
1833552092,0.579397,-0.495600,-9.478644
1833553283,0.557849,-0.478840,-9.483433
1833554459,0.584185,-0.507571,-9.493010
1833555641,0.577003,-0.464475,-9.576807
1833556820,0.553061,-0.462081,-9.548077
1833558012,0.543484,-0.517148,-9.557653
1833559195,0.615310,-0.454898,-9.595961
1833560377,0.598550,-0.531513,-9.562442
1833561555,0.512359,-0.433351,-9.629479
1833562742,0.565032,-0.471658,-9.667787
1833563927,0.624887,-0.416591,-9.615114
1833565118,0.648829,-0.464475,-9.686940
1833566300,0.574608,-0.462081,-9.674969
1833567487,0.560243,-0.486023,-9.624691
1833568670,0.565032,-0.445322,-9.658210
1833569866,0.529119,-0.450110,-9.725247
1833571054,0.447716,-0.447716,-9.809045
1833572239,0.442927,-0.395043,-9.914390
1833573415,0.457293,-0.392649,-9.923966
1833574607,0.572214,-0.577003,-10.048465
1833575788,0.538695,-0.529119,-9.859323
1833576978,0.502782,-0.471658,-9.770737
1833578163,0.526724,-0.430956,-9.873688
1833579353,0.471658,-0.356736,-9.892841
1833580537,0.459687,-0.514753,-9.832987
1833581724,0.478840,-0.495600,-9.876082
1833582910,0.414197,-0.454898,-9.900024
1833584096,0.497994,-0.438139,-9.737218
1833585284,0.567426,-0.476446,-9.775525
1833586462,0.548272,-0.440533,-9.799467
1833587641,0.526724,-0.450110,-9.976639
1833588831,0.514753,-0.481235,-9.947908
1833590023,0.483629,-0.481235,-9.916783
1833591210,0.454898,-0.469264,-9.952697
1833592387,0.486023,-0.505177,-9.955091
1833593572,0.483629,-0.493206,-10.024523
1833594749,0.426168,-0.404620,-10.091560
1833595939,0.399832,-0.426168,-10.079589
1833597126,0.375890,-0.423774,-9.928755
1833598310,0.361524,-0.457293,-10.055647
1833599494,0.383072,-0.416591,-9.919178
1833600682,0.390255,-0.407014,-10.048465
1833601878,0.378284,-0.383072,-10.005369
1833603074,0.296881,-0.454898,-9.974244
1833604257,0.239420,-0.459687,-9.955091
1833605437,0.275333,-0.447716,-10.043676
1833606620,0.234632,-0.452504,-10.158598
1833607809,0.248997,-0.440533,-10.156203
1833608991,0.296881,-0.450110,-10.177752
1833610183,0.234632,-0.483629,-10.098742
1833611369,0.177171,-0.557849,-10.182540
1833612552,0.155623,-0.500388,-10.187328
1833613736,0.169988,-0.512359,-10.038888
1833614927,0.229843,-0.466869,-10.036493
1833616110,0.193930,-0.435745,-10.129868
1833617297,0.179565,-0.411803,-10.287885
1833618481,0.213084,-0.529119,-10.273520
1833619669,0.265756,-0.478840,-10.237606
1833620864,0.181959,-0.495600,-10.211270
1833622056,0.100556,-0.426168,-10.048465
1833623238,0.119710,-0.486023,-10.132261
1833624415,0.110133,-0.466869,-10.251971
1833625599,0.131681,-0.488417,-10.096349
1833626786,0.055067,-0.497994,-10.058042
1833627971,0.114922,-0.500388,-10.046070
1833629156,0.090980,-0.447716,-10.005369
1833630339,0.083797,-0.399832,-10.043676
1833631530,0.126893,-0.354342,-10.077195
1833632709,0.131681,-0.397437,-9.979033
1833633908,0.131681,-0.459687,-10.024523
1833635091,0.172383,-0.450110,-9.964667
1833636282,0.153229,-0.474052,-9.892841
1833637458,0.134075,-0.474052,-9.935937
1833638641,0.181959,-0.414197,-9.931149
1833639828,0.234632,-0.373495,-10.014946
1833641025,0.193930,-0.375890,-10.005369
1833642206,0.215478,-0.447716,-9.907207
1833643386,0.234632,-0.524330,-9.823410
1833644567,0.253785,-0.490811,-9.876082
1833645753,0.239420,-0.555455,-9.830592
1833646939,0.208296,-0.488417,-9.852140
1833648129,0.153229,-0.383072,-9.715671
1833649314,0.136469,-0.402226,-9.775525
1833650502,0.184354,-0.466869,-9.708488
1833651685,0.064643,-0.457293,-9.852140
1833652887,0.047884,-0.478840,-9.686940
1833654077,0.002394,-0.433351,-9.550470
1833655265,0.019154,-0.385466,-9.504981
1833656441,0.071826,-0.349553,-9.555259
1833657622,0.160412,-0.469264,-9.655815
1833658805,0.193930,-0.447716,-9.667787
1833659992,0.225055,-0.502782,-9.694122
1833661179,0.270545,-0.495600,-9.775525
1833662368,0.234632,-0.500388,-9.734824
1833663545,0.237026,-0.507571,-9.622296
1833664734,0.234632,-0.440533,-9.612720
1833665919,0.220267,-0.435745,-9.698911
1833667103,0.237026,-0.445322,-9.734824
1833668285,0.184354,-0.476446,-9.734824
1833669472,0.198719,-0.457293,-9.564836
1833670654,0.148441,-0.421380,-9.583989
1833671854,0.181959,-0.430956,-9.536105
1833673039,0.225055,-0.442927,-9.440337
1833674229,0.301669,-0.428562,-9.370906
1833675407,0.356736,-0.452504,-9.516952
1833676594,0.344765,-0.529119,-9.572019
1833677773,0.375890,-0.569820,-9.528923
1833678959,0.347159,-0.567426,-9.646238
1833680141,0.306458,-0.548272,-9.722853
1833681337,0.282516,-0.526724,-9.610326
1833682523,0.186748,-0.471658,-9.698911
1833683723,0.244209,-0.565032,-9.682152
1833684910,0.287304,-0.524330,-9.708488
1833686096,0.277727,-0.476446,-9.665392
1833687284,0.306458,-0.541090,-9.725247
1833688463,0.277727,-0.574608,-9.876082
1833689641,0.311246,-0.531513,-9.734824
1833690833,0.287304,-0.490811,-9.646238
1833692024,0.339977,-0.509965,-9.689334
1833693214,0.361524,-0.591368,-9.811439
1833694402,0.373495,-0.579397,-9.849746
1833695584,0.371101,-0.612916,-9.847352
1833696762,0.356736,-0.543484,-9.911995
1833697950,0.359130,-0.632069,-9.979033
1833699135,0.347159,-0.610521,-10.072407
1833700324,0.363919,-0.577003,-10.005369
1833701506,0.351948,-0.517148,-9.928755
1833702698,0.335188,-0.553061,-9.816227
1833703897,0.397437,-0.579397,-9.911995
1833705090,0.359130,-0.588974,-10.055647
1833706275,0.363919,-0.557849,-9.971850
1833707456,0.390255,-0.545878,-9.916783
1833708634,0.311246,-0.572214,-10.046070
1833709822,0.328006,-0.577003,-10.005369
1833711001,0.289698,-0.548272,-9.900024
1833712185,0.339977,-0.565032,-9.895236
1833713370,0.284910,-0.617704,-9.923966
1833714553,0.256180,-0.603339,-9.988609
1833715736,0.282516,-0.562637,-9.897630
1833716923,0.366313,-0.608127,-9.959879
1833718105,0.337582,-0.579397,-10.002975
1833719293,0.356736,-0.565032,-9.995792
1833720480,0.426168,-0.533907,-9.825804
1833721661,0.275333,-0.586579,-9.753978
1833722853,0.306458,-0.562637,-9.809045
1833724043,0.342371,-0.555455,-9.873688
1833725231,0.313640,-0.593762,-9.907207
1833726421,0.342371,-0.610521,-9.959879
1833727608,0.368707,-0.586579,-9.947908
1833728793,0.227449,-0.586579,-9.969456
1833729979,0.248997,-0.620098,-10.026917
1833731166,0.294487,-0.605733,-9.967062
1833732350,0.332794,-0.610521,-10.012551
1833733531,0.349553,-0.550666,-10.014946
1833734710,0.304064,-0.514753,-9.907207
1833735907,0.311246,-0.507571,-9.940725
1833737088,0.373495,-0.519542,-10.024523
1833738279,0.368707,-0.517148,-10.108319
1833739455,0.318429,-0.565032,-10.101137
1833740638,0.335188,-0.584185,-9.983821
1833741825,0.354342,-0.567426,-9.998186
1833743019,0.399832,-0.579397,-9.969456
1833744202,0.474052,-0.565032,-9.950302
1833745387,0.466869,-0.538695,-9.926360
1833746573,0.404620,-0.488417,-10.005369
1833747760,0.337582,-0.560243,-10.089166
1833748942,0.440533,-0.569820,-10.101137
1833750132,0.497994,-0.514753,-10.038888
1833751318,0.536301,-0.565032,-10.043676
1833752505,0.464475,-0.514753,-10.041282
1833753689,0.409408,-0.502782,-9.947908
1833754890,0.440533,-0.529119,-9.959879
1833756077,0.378284,-0.505177,-9.928755
1833757267,0.404620,-0.538695,-9.880871
1833758443,0.399832,-0.512359,-9.979033
1833759624,0.418985,-0.524330,-9.971850
1833760804,0.442927,-0.418985,-9.861717
1833761989,0.483629,-0.445322,-9.811439
1833763174,0.380678,-0.517148,-9.780313
1833764364,0.428562,-0.572214,-9.895236
1833765543,0.445322,-0.517148,-9.852140
1833766732,0.445322,-0.474052,-9.914390
1833767913,0.404620,-0.493206,-9.897630
1833769098,0.433351,-0.478840,-9.797073
1833770278,0.387861,-0.423774,-9.825804
1833771459,0.354342,-0.483629,-9.777920
1833772637,0.428562,-0.517148,-9.720459
1833773828,0.428562,-0.488417,-9.777920
1833775016,0.359130,-0.478840,-9.696517
1833776202,0.418985,-0.469264,-9.713276
1833777380,0.423774,-0.478840,-9.684546
1833778571,0.426168,-0.474052,-9.579201
1833779748,0.418985,-0.490811,-9.710882
1833780938,0.428562,-0.452504,-9.682152
1833782124,0.418985,-0.471658,-9.682152
1833783314,0.399832,-0.486023,-9.667787
1833784498,0.423774,-0.509965,-9.713276
1833785686,0.380678,-0.512359,-9.765948
1833786883,0.361524,-0.450110,-9.768343
1833788078,0.397437,-0.426168,-9.787497
1833789262,0.445322,-0.466869,-9.744401
1833790443,0.380678,-0.495600,-9.639056
1833791618,0.363919,-0.466869,-9.765948
1833792806,0.418985,-0.469264,-9.770737
1833793988,0.395043,-0.488417,-9.797073
1833795178,0.387861,-0.514753,-9.730036
1833796357,0.347159,-0.478840,-9.809045
1833797540,0.339977,-0.486023,-9.780313
1833798724,0.349553,-0.486023,-9.718064
1833799911,0.328006,-0.454898,-9.655815
1833801092,0.349553,-0.447716,-9.694122
1833802284,0.318429,-0.488417,-9.751583
1833803461,0.311246,-0.464475,-9.720459
1833804644,0.328006,-0.476446,-9.612720
1833805829,0.313640,-0.486023,-9.761160
1833807021,0.308852,-0.474052,-9.749189
1833808202,0.308852,-0.512359,-9.701305
1833809383,0.308852,-0.421380,-9.682152
1833810563,0.304064,-0.423774,-9.691729
1833811749,0.284910,-0.471658,-9.773131
1833812936,0.349553,-0.464475,-9.821015
1833814126,0.304064,-0.471658,-9.756371
1833815307,0.306458,-0.514753,-9.816227
1833816495,0.325611,-0.471658,-9.730036
1833817678,0.313640,-0.500388,-9.799467
1833818879,0.323217,-0.497994,-9.797073
1833820067,0.320823,-0.488417,-9.770737
1833821253,0.299275,-0.493206,-9.689334
1833822430,0.301669,-0.517148,-9.710882
1833823621,0.325611,-0.490811,-9.758766
1833824804,0.332794,-0.497994,-9.768343
1833825989,0.368707,-0.531513,-9.773131
1833827175,0.366313,-0.490811,-9.789890
1833828364,0.316035,-0.447716,-9.775525
1833829542,0.328006,-0.471658,-9.847352
1833830731,0.294487,-0.476446,-9.823410
1833831913,0.316035,-0.459687,-9.868899
1833833097,0.351948,-0.505177,-9.876082
1833834283,0.347159,-0.457293,-9.892841
1833835471,0.282516,-0.488417,-9.842564
1833836653,0.342371,-0.500388,-9.809045
1833837850,0.332794,-0.481235,-9.780313
1833839043,0.275333,-0.490811,-9.792285
1833840235,0.356736,-0.517148,-9.804255
1833841417,0.375890,-0.567426,-9.907207
1833842607,0.440533,-0.548272,-9.859323
1833843789,0.366313,-0.493206,-9.809045
1833844977,0.426168,-0.459687,-9.864111
1833846160,0.380678,-0.442927,-9.854534
1833847350,0.342371,-0.442927,-9.943120
1833848527,0.301669,-0.512359,-9.878476
1833849726,0.304064,-0.493206,-9.859323
1833850911,0.287304,-0.428562,-9.959879
1833852098,0.342371,-0.418985,-9.928755
1833853286,0.337582,-0.483629,-9.888053
1833854473,0.280122,-0.457293,-9.928755
1833855654,0.306458,-0.418985,-9.981427
1833856854,0.387861,-0.469264,-9.971850
1833858040,0.397437,-0.421380,-9.928755
1833859227,0.361524,-0.464475,-9.938332
1833860415,0.411803,-0.464475,-9.969456
1833861598,0.464475,-0.466869,-9.940725
1833862776,0.349553,-0.497994,-9.876082
1833863963,0.402226,-0.457293,-9.849746
1833865145,0.361524,-0.502782,-9.902418
1833866340,0.363919,-0.445322,-9.943120
1833867526,0.354342,-0.445322,-9.935937
1833868723,0.351948,-0.507571,-9.883265
1833869911,0.414197,-0.466869,-9.967062
1833871098,0.289698,-0.509965,-9.907207
1833872277,0.385466,-0.438139,-9.957485
1833873458,0.390255,-0.409408,-9.993398
1833874640,0.409408,-0.454898,-10.055647
1833875831,0.356736,-0.459687,-9.940725
1833877020,0.428562,-0.466869,-9.854534
1833878207,0.395043,-0.483629,-9.895236
1833879389,0.457293,-0.464475,-9.919178
1833880571,0.418985,-0.433351,-9.897630
1833881748,0.418985,-0.459687,-9.797073
1833882939,0.411803,-0.457293,-9.859323
1833884124,0.438139,-0.490811,-9.904813
1833885314,0.445322,-0.447716,-9.873688
1833886498,0.407014,-0.486023,-9.885659
1833887684,0.375890,-0.486023,-9.864111
1833888882,0.445322,-0.555455,-9.945514
1833890078,0.596156,-0.452504,-9.809045
1833891259,0.572214,-0.229843,-9.804255
1833892440,0.395043,-0.610521,-9.533711
1833893616,0.797269,-0.605733,-10.046070
1833894803,0.761356,-0.579397,-10.101137
1833895984,0.474052,-0.318429,-9.653421
1833897174,0.395043,-0.591368,-9.275137
1833898359,0.464475,-0.545878,-9.821015
1833899547,0.519542,-0.519542,-10.398018
1833900733,0.450110,-0.780510,-10.228029
1833901921,0.378284,-0.318429,-9.361329
1833903104,0.323217,-0.414197,-9.141062
1833904290,0.371101,-0.426168,-9.844957
1833905470,0.426168,-0.459687,-9.988609
1833906656,0.476446,-0.574608,-9.437943
1833907851,0.584185,-0.438139,-9.828198
1833909046,0.478840,-0.538695,-9.651027
1833910233,0.519542,-0.672771,-9.737218
1833911420,0.521936,-0.778116,-10.134656
1833912605,0.457293,-0.670376,-10.201694
1833913791,0.402226,-0.593762,-9.952697
1833914977,0.342371,-0.526724,-9.897630
1833916166,0.270545,-0.545878,-9.943120
1833917351,0.251391,-0.474052,-9.933543
1833918532,0.337582,-0.490811,-9.768343
1833919711,0.306458,-0.462081,-9.794679
1833920909,0.304064,-0.581791,-10.055647
1833922091,0.296881,-0.545878,-9.531317
1833923283,0.368707,-0.519542,-9.469068
1833924459,0.361524,-0.553061,-9.538500
1833925646,0.347159,-0.524330,-9.749189
1833926832,0.397437,-0.572214,-9.825804
1833928028,0.421380,-0.584185,-9.967062
1833929210,0.392649,-0.615310,-10.079589
1833930399,0.378284,-0.541090,-9.931149
1833931575,0.409408,-0.569820,-9.859323
1833932755,0.339977,-0.543484,-9.895236
1833933936,0.292093,-0.536301,-10.072407
1833935125,0.330400,-0.514753,-9.818622
1833936306,0.339977,-0.569820,-9.737218
1833937494,0.328006,-0.541090,-9.706094
1833938674,0.304064,-0.519542,-9.698911
1833939873,0.328006,-0.524330,-9.679757
1833941059,0.289698,-0.519542,-9.751583
1833942247,0.356736,-0.517148,-9.825804
1833943424,0.363919,-0.577003,-9.799467
1833944610,0.296881,-0.596156,-9.761160
1833945791,0.335188,-0.644040,-9.799467
1833946980,0.416591,-0.593762,-9.998186
1833948167,0.373495,-0.553061,-9.873688
1833949356,0.359130,-0.562637,-9.902418
1833950538,0.313640,-0.512359,-9.892841
1833951727,0.282516,-0.553061,-9.876082
1833952911,0.320823,-0.519542,-9.852140
1833954097,0.232238,-0.497994,-9.816227
1833955285,0.292093,-0.464475,-9.720459
1833956462,0.335188,-0.512359,-9.749189
1833957641,0.363919,-0.521936,-9.756371
1833958833,0.356736,-0.524330,-9.746795
1833960025,0.347159,-0.529119,-9.856929
1833961215,0.378284,-0.555455,-9.931149
1833962404,0.347159,-0.610521,-9.926360
1833963584,0.356736,-0.519542,-9.832987
1833964763,0.387861,-0.476446,-9.902418
1833965950,0.411803,-0.454898,-9.967062
1833967136,0.356736,-0.509965,-9.928755
1833968326,0.349553,-0.507571,-9.825804
1833969509,0.330400,-0.509965,-9.794679
1833970698,0.318429,-0.447716,-9.828198
1833971899,0.270545,-0.423774,-9.782708
1833973090,0.320823,-0.495600,-9.878476
1833974274,0.344765,-0.519542,-9.885659
1833975455,0.385466,-0.543484,-9.916783
1833976634,0.392649,-0.533907,-9.943120
1833977822,0.392649,-0.545878,-9.928755
1833979002,0.371101,-0.471658,-9.895236
1833980187,0.363919,-0.459687,-9.928755
1833981373,0.342371,-0.488417,-9.921572
1833982565,0.313640,-0.526724,-9.897630
1833983748,0.325611,-0.526724,-9.871294
1833984940,0.342371,-0.545878,-9.909601
1833986122,0.325611,-0.462081,-9.921572
1833987309,0.359130,-0.418985,-9.813833
1833988489,0.328006,-0.428562,-9.761160
1833989676,0.258574,-0.474052,-9.837775
1833990871,0.256180,-0.430956,-9.878476
1833992063,0.282516,-0.454898,-9.794679
1833993246,0.241814,-0.440533,-9.821015
1833994437,0.220267,-0.407014,-9.885659
1833995612,0.263362,-0.361524,-9.854534
1833996799,0.270545,-0.452504,-9.950302
1833997984,0.301669,-0.440533,-9.921572
1833999174,0.270545,-0.459687,-9.938332
1834000356,0.258574,-0.450110,-9.876082
1834001542,0.265756,-0.450110,-9.883265
1834002726,0.275333,-0.462081,-9.765948
1834003913,0.311246,-0.445322,-9.804255
1834005095,0.306458,-0.411803,-9.799467
1834006286,0.277727,-0.392649,-9.727641
1834007463,0.292093,-0.399832,-9.691729
1834008655,0.395043,-0.414197,-9.991004
1834009840,0.354342,-0.426168,-9.919178
1834011037,0.373495,-0.428562,-9.818622
1834012223,0.318429,-0.404620,-9.734824
1834013403,0.260968,-0.418985,-9.761160
1834014586,0.320823,-0.399832,-9.787497
1834015769,0.318429,-0.359130,-9.809045
1834016950,0.272939,-0.509965,-9.840169
1834018141,0.239420,-0.373495,-9.959879
1834019325,0.215478,-0.351948,-9.864111
1834020514,0.253785,-0.380678,-9.847352
1834021701,0.256180,-0.407014,-9.878476
1834022903,0.217872,-0.356736,-10.122684
1834024085,0.270545,-0.411803,-9.797073
1834025274,0.272939,-0.356736,-9.861717
1834026451,0.287304,-0.351948,-9.785102
1834027633,0.246603,-0.414197,-9.756371
1834028816,0.277727,-0.466869,-9.706094
1834030002,0.253785,-0.407014,-9.840169
1834031179,0.246603,-0.359130,-10.036493
1834032368,0.237026,-0.351948,-9.979033
1834033546,0.282516,-0.284910,-9.967062
1834034734,0.306458,-0.354342,-9.883265
1834035920,0.275333,-0.387861,-9.768343
1834037107,0.222661,-0.385466,-9.911995
1834038290,0.294487,-0.402226,-9.873688
1834039483,0.265756,-0.399832,-9.868899
1834040666,0.256180,-0.466869,-9.993398
1834041865,0.318429,-0.464475,-10.029311
1834043051,0.165200,-0.521936,-9.995792
1834044233,0.426168,-0.459687,-9.861717
1834045410,0.421380,-0.196325,-10.139444
1834046598,0.337582,-0.263362,-10.235212
1834047778,0.383072,-0.407014,-10.249578
1834048964,0.292093,-0.521936,-10.034100
1834050145,0.280122,-0.426168,-9.624691
1834051340,0.272939,-0.447716,-9.967062
1834052527,0.256180,-0.502782,-9.991004
1834053724,0.225055,-0.426168,-9.871294
1834054911,0.215478,-0.452504,-9.988609
1834056097,0.284910,-0.404620,-10.024523
1834057283,0.311246,-0.418985,-9.658210
1834058464,0.256180,-0.526724,-9.773131
1834059642,0.265756,-0.454898,-10.019734
1834060834,0.311246,-0.438139,-9.804255
1834062026,0.320823,-0.495600,-9.818622
1834063211,0.311246,-0.359130,-9.751583
1834064388,0.328006,-0.354342,-9.742006
1834065572,0.272939,-0.447716,-9.816227
1834066749,0.289698,-0.500388,-9.935937
1834067939,0.277727,-0.474052,-9.911995
1834069125,0.272939,-0.474052,-9.911995
1834070315,0.316035,-0.476446,-9.775525
1834071498,0.316035,-0.421380,-9.835381
1834072686,0.304064,-0.383072,-9.890448
1834073881,0.397437,-0.397437,-9.770737
1834075078,0.323217,-0.399832,-9.813833
1834076261,0.114922,-0.533907,-9.461885
1834077442,0.208296,-0.634463,-9.488221
1834078626,0.160412,-0.565032,-9.770737
1834079812,0.179565,-0.490811,-10.237606
1834080991,0.330400,-0.450110,-10.172963
1834082179,0.330400,-0.220267,-10.223241
1834083363,0.330400,-0.316035,-9.981427
1834084544,0.308852,-0.541090,-9.773131
1834085727,0.296881,-0.658405,-9.595961
1834086912,0.301669,-0.624887,-9.703699
1834088093,0.256180,-0.418985,-9.789890
1834089284,0.213084,-0.363919,-9.679757
1834090460,0.258574,-0.339977,-9.852140
1834091640,0.284910,-0.495600,-10.177752
1834092823,0.421380,-0.579397,-10.120291
1834094016,0.450110,-0.617704,-9.837775
1834095196,0.375890,-0.562637,-9.804255
1834096391,0.304064,-0.454898,-9.763555
1834097572,0.282516,-0.284910,-9.837775
1834098753,0.339977,-0.311246,-9.926360
1834099940,0.294487,-0.505177,-10.022128
1834101130,0.311246,-0.550666,-9.900024
1834102314,0.260968,-0.536301,-9.950302
1834103500,0.347159,-0.519542,-9.775525
1834104684,0.325611,-0.466869,-9.677363
1834105887,0.294487,-0.497994,-9.818622
1834107077,0.308852,-0.488417,-9.969456
1834108267,0.399832,-0.428562,-9.768343
1834109442,0.392649,-0.502782,-9.770737
1834110622,0.435745,-0.644040,-9.854534
1834111805,0.392649,-0.615310,-9.821015
1834112989,0.363919,-0.572214,-9.706094
1834114174,0.306458,-0.507571,-9.789890
1834115360,0.390255,-0.459687,-9.933543
1834116543,0.328006,-0.553061,-10.062830
1834117730,0.268151,-0.579397,-10.201694
1834118913,0.337582,-0.533907,-10.141838
1834120100,0.304064,-0.426168,-9.959879
1834121280,0.237026,-0.497994,-9.818622
1834122461,0.232238,-0.548272,-9.801862
1834123639,0.294487,-0.490811,-9.818622
1834124831,0.438139,-0.421380,-9.849746
1834126019,0.493206,-0.268151,-10.122684
1834127206,0.306458,-0.553061,-9.239224
1834128380,0.387861,-0.873884,-9.074024
1834129568,0.253785,-0.785298,-9.639056
1834130749,0.222661,-0.462081,-10.050858
1834131940,0.237026,-0.234632,-10.081984
1834133126,0.282516,-0.268151,-9.794679
1834134316,0.392649,-0.450110,-10.299856
1834135499,0.433351,-0.524330,-10.285490
1834136688,0.378284,-0.560243,-9.847352
1834137885,0.351948,-0.536301,-9.457097
1834139078,0.229843,-0.531513,-9.651027
1834140261,0.191536,-0.272939,-9.794679
1834141442,0.241814,-0.251391,-9.837775
1834142620,0.260968,-0.306458,-9.727641
1834143807,0.225055,-0.464475,-9.727641
1834144987,0.248997,-0.579397,-9.909601
1834146177,0.258574,-0.608127,-10.060435
1834147358,0.225055,-0.344765,-9.674969
1834148546,0.222661,-0.306458,-9.531317
1834149730,0.208296,-0.280122,-9.742006
1834150915,0.225055,-0.337582,-9.911995
1834152092,0.325611,-0.409408,-9.957485
1834153281,0.414197,-0.577003,-10.055647
1834154457,0.332794,-0.579397,-10.204087
1834155640,0.251391,-0.462081,-10.060435
1834156822,0.251391,-0.363919,-9.761160
1834158015,0.335188,-0.416591,-9.744401
1834159197,0.375890,-0.383072,-9.835381
1834160392,0.316035,-0.385466,-9.770737
1834161573,0.318429,-0.459687,-9.732430
1834162754,0.335188,-0.459687,-9.701305
1834163940,0.342371,-0.490811,-9.756371
1834165130,0.248997,-0.466869,-9.900024
1834166314,0.248997,-0.407014,-10.081984
1834167501,0.287304,-0.452504,-10.026917
1834168684,0.292093,-0.469264,-10.034100
1834169885,0.287304,-0.512359,-10.053253
1834171077,0.292093,-0.469264,-10.017340
1834172266,0.328006,-0.459687,-9.933543
1834173442,0.287304,-0.447716,-9.962274
1834174630,0.258574,-0.457293,-9.986216
1834175814,0.342371,-0.474052,-9.952697
1834177001,0.335188,-0.457293,-9.897630
1834178181,0.304064,-0.464475,-9.816227
1834179371,0.383072,-0.493206,-9.880871
1834180548,0.366313,-0.462081,-9.979033
1834181736,0.344765,-0.450110,-9.998186
1834182915,0.323217,-0.517148,-9.971850
1834184101,0.299275,-0.533907,-9.959879
1834185284,0.301669,-0.533907,-9.969456
1834186464,0.328006,-0.478840,-9.916783
1834187641,0.306458,-0.447716,-9.892841
1834188832,0.294487,-0.450110,-9.981427
1834190020,0.318429,-0.450110,-9.952697
1834191206,0.342371,-0.462081,-9.943120
1834192382,0.275333,-0.440533,-9.859323
1834193573,0.239420,-0.462081,-9.923966
1834194749,0.217872,-0.464475,-9.914390
1834195941,0.225055,-0.478840,-9.844957
1834197126,0.215478,-0.459687,-9.832987
1834198317,0.270545,-0.447716,-9.837775
1834199500,0.263362,-0.452504,-9.890448
1834200687,0.244209,-0.490811,-9.816227
1834201884,0.272939,-0.526724,-9.763555
1834203078,0.325611,-0.481235,-9.835381
1834204265,0.308852,-0.486023,-9.835381
1834205442,0.301669,-0.486023,-9.797073
1834206617,0.323217,-0.450110,-9.847352
1834207805,0.294487,-0.407014,-9.828198
1834208984,0.277727,-0.438139,-9.859323
1834210175,0.301669,-0.447716,-9.861717
1834211357,0.256180,-0.464475,-9.952697
1834212545,0.270545,-0.493206,-9.904813
1834213728,0.313640,-0.505177,-9.734824
1834214914,0.323217,-0.502782,-9.739613
1834216096,0.335188,-0.462081,-9.734824
1834217288,0.306458,-0.509965,-9.792285
1834218469,0.294487,-0.543484,-9.933543
1834219661,0.287304,-0.497994,-10.029311
1834220856,0.359130,-0.493206,-9.983821
1834222047,0.402226,-0.462081,-9.957485
1834223233,0.387861,-0.462081,-9.888053
1834224424,0.390255,-0.418985,-9.809045
1834225609,0.421380,-0.481235,-9.868899
1834226796,0.371101,-0.497994,-9.902418
1834227978,0.409408,-0.452504,-9.868899
1834229163,0.378284,-0.517148,-9.828198
1834230349,0.363919,-0.529119,-9.976639
1834231531,0.371101,-0.466869,-9.981427
1834232725,0.402226,-0.495600,-9.919178
1834233911,0.366313,-0.505177,-9.902418
1834235092,0.399832,-0.481235,-9.840169
1834236284,0.335188,-0.500388,-9.844957
1834237460,0.383072,-0.512359,-9.895236
1834238642,0.397437,-0.512359,-9.911995
1834239824,0.447716,-0.562637,-9.844957
1834241017,0.418985,-0.545878,-9.813833
1834242200,0.414197,-0.533907,-9.900024
1834243382,0.397437,-0.476446,-9.811439
1834244571,0.423774,-0.505177,-9.789890
1834245751,0.416591,-0.490811,-9.744401
1834246938,0.399832,-0.474052,-9.816227
1834248128,0.399832,-0.550666,-9.883265
1834249310,0.423774,-0.493206,-9.864111
1834250498,0.414197,-0.509965,-9.890448
1834251681,0.378284,-0.495600,-9.849746
1834252883,0.366313,-0.543484,-9.842564
1834254075,0.392649,-0.500388,-9.794679
1834255261,0.404620,-0.507571,-9.828198
1834256436,0.407014,-0.560243,-9.856929
1834257616,0.387861,-0.519542,-9.902418
1834258800,0.363919,-0.495600,-9.916783
1834259991,0.380678,-0.541090,-9.895236
1834261175,0.397437,-0.533907,-9.914390
1834262364,0.409408,-0.493206,-9.816227
1834263541,0.397437,-0.533907,-9.751583
1834264730,0.428562,-0.529119,-9.725247
1834265913,0.366313,-0.464475,-9.761160
1834267097,0.349553,-0.442927,-9.813833
1834268284,0.378284,-0.507571,-9.926360
1834269471,0.335188,-0.495600,-9.840169
1834270645,0.421380,-0.505177,-9.830592
1834271835,0.337582,-0.476446,-9.837775
1834273027,0.339977,-0.493206,-9.811439
1834274214,0.392649,-0.466869,-9.761160
1834275400,0.368707,-0.457293,-9.880871
1834276581,0.407014,-0.433351,-9.856929
1834277758,0.409408,-0.488417,-9.835381
1834278943,0.440533,-0.440533,-9.844957
1834280127,0.430956,-0.445322,-9.871294
1834281317,0.347159,-0.481235,-9.895236
1834282501,0.421380,-0.488417,-9.864111
1834283689,0.411803,-0.490811,-9.935937
1834284887,0.481235,-0.505177,-9.868899
1834286078,0.435745,-0.521936,-9.940725
1834287261,0.387861,-0.533907,-9.830592
1834288441,0.450110,-0.478840,-9.830592
1834289615,0.450110,-0.457293,-9.816227
1834290800,0.411803,-0.478840,-9.797073
1834291986,0.421380,-0.469264,-9.885659
1834293176,0.435745,-0.533907,-9.811439
1834294361,0.378284,-0.500388,-9.825804
1834295543,0.497994,-0.433351,-9.909601
1834296727,0.416591,-0.450110,-9.921572
1834297913,0.411803,-0.452504,-9.919178
1834299094,0.447716,-0.462081,-9.859323
1834300286,0.430956,-0.426168,-9.909601
1834301461,0.497994,-0.457293,-9.885659
1834302645,0.438139,-0.517148,-9.785102
1834303831,0.435745,-0.466869,-9.797073
1834305027,0.469264,-0.445322,-9.768343
1834306210,0.497994,-0.428562,-9.847352
1834307392,0.521936,-0.464475,-9.919178
1834308574,0.497994,-0.387861,-9.911995
1834309753,0.474052,-0.457293,-9.842564
1834310940,0.445322,-0.483629,-9.816227
1834312131,0.402226,-0.438139,-9.816227
1834313316,0.383072,-0.423774,-9.804255
1834314504,0.411803,-0.454898,-9.940725
1834315686,0.416591,-0.390255,-9.856929
1834316889,0.375890,-0.351948,-9.809045
1834318077,0.347159,-0.371101,-9.813833
1834319267,0.416591,-0.414197,-9.883265
1834320444,0.397437,-0.457293,-9.911995
1834321628,0.375890,-0.469264,-9.890448
1834322811,0.397437,-0.428562,-9.811439
1834323998,0.402226,-0.423774,-9.864111
1834325185,0.339977,-0.418985,-9.861717
1834326376,0.368707,-0.421380,-9.849746
1834327554,0.418985,-0.409408,-9.818622
1834328742,0.414197,-0.450110,-9.828198
1834329927,0.428562,-0.445322,-9.878476
1834331114,0.409408,-0.423774,-9.830592
1834332295,0.380678,-0.433351,-9.756371
1834333488,0.337582,-0.411803,-9.849746
1834334670,0.392649,-0.378284,-9.890448
1834335869,0.354342,-0.411803,-9.952697
1834337058,0.342371,-0.433351,-9.964667
1834338245,0.325611,-0.397437,-9.825804
1834339421,0.342371,-0.373495,-9.866506
1834340612,0.304064,-0.421380,-9.935937
1834341792,0.323217,-0.395043,-9.818622
1834342982,0.328006,-0.407014,-9.864111
1834344163,0.301669,-0.452504,-9.933543
1834345352,0.330400,-0.411803,-9.974244
1834346526,0.318429,-0.373495,-9.873688
1834347725,0.387861,-0.390255,-10.005369
1834348911,0.426168,-0.387861,-9.806650
1834350097,0.421380,-0.478840,-9.713276
1834351284,0.407014,-0.462081,-9.684546
1834352463,0.359130,-0.459687,-9.907207
1834353639,0.351948,-0.418985,-9.782708
1834354829,0.392649,-0.438139,-9.861717
1834356018,0.397437,-0.414197,-9.964667
1834357206,0.366313,-0.454898,-9.888053
1834358391,0.354342,-0.404620,-9.931149
1834359577,0.351948,-0.521936,-9.916783
1834360755,0.361524,-0.457293,-9.907207
1834361944,0.380678,-0.440533,-9.921572
1834363129,0.354342,-0.447716,-9.866506
1834364319,0.363919,-0.407014,-9.883265
1834365501,0.414197,-0.469264,-10.010158
1834366687,0.361524,-0.457293,-9.928755
1834367885,0.335188,-0.481235,-9.890448
1834369078,0.371101,-0.440533,-9.856929
1834370260,0.359130,-0.438139,-9.890448
1834371441,0.349553,-0.474052,-9.804255
1834372617,0.311246,-0.380678,-9.907207
1834373801,0.347159,-0.392649,-9.868899
1834374989,0.330400,-0.493206,-9.852140
1834376177,0.344765,-0.512359,-9.823410
1834377362,0.323217,-0.502782,-9.938332
1834378545,0.349553,-0.500388,-9.904813
1834379728,0.258574,-0.474052,-9.873688
1834380915,0.284910,-0.471658,-9.907207
1834382096,0.335188,-0.445322,-9.864111
1834383288,0.330400,-0.462081,-9.837775
1834384462,0.337582,-0.486023,-9.830592
1834385650,0.311246,-0.543484,-9.883265
1834386837,0.304064,-0.478840,-9.940725
1834388031,0.287304,-0.483629,-9.911995
1834389217,0.299275,-0.577003,-9.859323
1834390408,0.318429,-0.543484,-9.883265
1834391587,0.263362,-0.469264,-9.782708
1834392770,0.301669,-0.505177,-9.787497
1834393951,0.318429,-0.557849,-9.895236
1834395144,0.342371,-0.529119,-9.895236
1834396335,0.251391,-0.495600,-9.926360
1834397522,0.277727,-0.509965,-9.945514
1834398708,0.270545,-0.507571,-9.938332
1834399907,0.318429,-0.550666,-9.871294
1834401089,0.311246,-0.502782,-9.926360
1834402278,0.258574,-0.474052,-9.993398
1834403454,0.239420,-0.493206,-9.873688
1834404637,0.289698,-0.464475,-9.854534
1834405821,0.251391,-0.478840,-9.852140
1834407013,0.280122,-0.464475,-9.835381
1834408195,0.316035,-0.450110,-9.883265
1834409389,0.306458,-0.450110,-9.876082
1834410569,0.342371,-0.519542,-9.864111
1834411756,0.318429,-0.555455,-9.856929
1834412943,0.399832,-0.526724,-9.828198
1834414134,0.344765,-0.517148,-9.835381
1834415320,0.320823,-0.464475,-9.861717
1834416508,0.306458,-0.474052,-9.890448
1834417690,0.339977,-0.502782,-9.751583
1834418893,0.371101,-0.514753,-9.832987
1834420078,0.354342,-0.514753,-9.888053
1834421268,0.380678,-0.493206,-9.904813
1834422443,0.361524,-0.478840,-9.861717
1834423624,0.361524,-0.529119,-9.873688
1834424808,0.399832,-0.555455,-9.866506
1834425995,0.392649,-0.531513,-9.847352
1834427183,0.387861,-0.517148,-9.890448
1834428372,0.395043,-0.521936,-9.883265
1834429550,0.373495,-0.569820,-9.840169
1834430735,0.378284,-0.529119,-9.885659
1834431921,0.378284,-0.555455,-9.859323
1834433109,0.428562,-0.495600,-9.806650
1834434286,0.392649,-0.490811,-9.842564
1834435473,0.356736,-0.502782,-9.849746
1834436655,0.442927,-0.505177,-9.859323
1834437854,0.433351,-0.529119,-9.890448
1834439047,0.371101,-0.526724,-9.876082
1834440238,0.344765,-0.507571,-9.868899
1834441426,0.363919,-0.514753,-9.900024
1834442616,0.339977,-0.502782,-9.868899
1834443797,0.316035,-0.591368,-9.890448
1834444986,0.320823,-0.574608,-9.854534
1834446171,0.363919,-0.541090,-9.825804
1834447360,0.287304,-0.488417,-9.777920
1834448538,0.359130,-0.507571,-9.849746
1834449726,0.342371,-0.517148,-9.844957
1834450911,0.320823,-0.538695,-9.868899
1834452098,0.287304,-0.529119,-9.806650
1834453284,0.351948,-0.543484,-9.797073
1834454471,0.282516,-0.471658,-9.816227
1834455653,0.239420,-0.500388,-9.742006
1834456848,0.313640,-0.505177,-9.852140
1834458038,0.239420,-0.507571,-9.832987
1834459227,0.299275,-0.543484,-9.873688
1834460416,0.337582,-0.533907,-9.847352
1834461599,0.294487,-0.529119,-9.955091
1834462777,0.282516,-0.553061,-9.897630
1834463963,0.284910,-0.493206,-9.900024
1834465143,0.294487,-0.471658,-9.900024
1834466331,0.313640,-0.450110,-9.856929
1834467514,0.287304,-0.469264,-9.811439
1834468705,0.301669,-0.457293,-9.900024
1834469896,0.282516,-0.411803,-9.868899
1834471086,0.251391,-0.483629,-9.878476
1834472272,0.258574,-0.476446,-9.902418
1834473453,0.251391,-0.507571,-9.832987
1834474631,0.205901,-0.476446,-9.799467
1834475818,0.253785,-0.447716,-9.859323
1834476998,0.294487,-0.493206,-9.844957
1834478190,0.304064,-0.486023,-9.849746
1834479374,0.237026,-0.462081,-9.761160
1834480561,0.275333,-0.497994,-9.730036
1834481748,0.229843,-0.442927,-9.792285
1834482938,0.270545,-0.514753,-9.828198
1834484124,0.277727,-0.500388,-9.919178
1834485310,0.193930,-0.418985,-9.897630
1834486493,0.217872,-0.430956,-9.876082
1834487680,0.280122,-0.476446,-9.835381
1834488874,0.229843,-0.387861,-9.732430
1834490067,0.237026,-0.450110,-9.818622
1834491248,0.258574,-0.457293,-9.809045
1834492428,0.289698,-0.462081,-9.706094
1834493613,0.237026,-0.474052,-9.809045
1834494798,0.253785,-0.469264,-9.847352
1834495984,0.241814,-0.440533,-9.909601
1834497170,0.248997,-0.430956,-9.770737
1834498354,0.198719,-0.464475,-9.777920
1834499536,0.282516,-0.478840,-9.859323
1834500714,0.308852,-0.440533,-9.813833
1834501910,0.239420,-0.469264,-9.830592
1834503092,0.239420,-0.409408,-9.847352
1834504281,0.222661,-0.418985,-9.835381
1834505457,0.248997,-0.426168,-9.892841
1834506640,0.284910,-0.411803,-9.864111
1834507823,0.239420,-0.385466,-9.856929
1834509016,0.186748,-0.426168,-9.801862
1834510198,0.196325,-0.385466,-9.813833
1834511394,0.268151,-0.409408,-9.847352
1834512574,0.237026,-0.430956,-9.856929
1834513762,0.244209,-0.385466,-9.842564
1834514944,0.277727,-0.433351,-9.897630
1834516134,0.234632,-0.466869,-9.933543
1834517320,0.220267,-0.430956,-9.859323
1834518506,0.167594,-0.409408,-9.919178
1834519684,0.244209,-0.452504,-9.852140
1834520885,0.229843,-0.397437,-9.811439
1834522075,0.241814,-0.435745,-9.842564
1834523262,0.253785,-0.373495,-9.844957
1834524439,0.227449,-0.407014,-9.830592
1834525619,0.198719,-0.411803,-9.885659
1834526802,0.191536,-0.430956,-9.825804
1834527993,0.203507,-0.471658,-9.837775
1834529175,0.213084,-0.442927,-9.816227
1834530365,0.220267,-0.490811,-9.811439
1834531543,0.210690,-0.512359,-9.823410
1834532731,0.203507,-0.490811,-9.931149
1834533912,0.253785,-0.476446,-9.832987
1834535099,0.217872,-0.447716,-9.880871
1834536286,0.237026,-0.469264,-9.868899
1834537473,0.299275,-0.411803,-9.931149
1834538655,0.248997,-0.414197,-9.911995
1834539850,0.222661,-0.428562,-9.883265
1834541044,0.237026,-0.407014,-9.895236
1834542233,0.294487,-0.416591,-9.895236
1834543421,0.270545,-0.445322,-9.897630
1834544603,0.215478,-0.452504,-9.955091
1834545780,0.225055,-0.430956,-9.919178
1834546967,0.284910,-0.502782,-9.780313
1834548147,0.246603,-0.488417,-9.792285
1834549342,0.306458,-0.414197,-9.830592
1834550528,0.280122,-0.442927,-9.852140
1834551727,0.241814,-0.488417,-9.883265
1834552911,0.323217,-0.512359,-9.849746
1834554098,0.335188,-0.486023,-9.890448
1834555285,0.359130,-0.500388,-9.916783
1834556471,0.320823,-0.521936,-9.864111
1834557649,0.335188,-0.493206,-9.909601
1834558839,0.292093,-0.521936,-9.849746
1834560031,0.299275,-0.517148,-9.847352
1834561221,0.289698,-0.490811,-9.907207
1834562397,0.292093,-0.469264,-9.852140
1834563582,0.335188,-0.440533,-9.837775
1834564760,0.301669,-0.430956,-9.852140
1834565944,0.354342,-0.450110,-9.768343
1834567129,0.337582,-0.490811,-9.835381
1834568319,0.251391,-0.517148,-9.823410
1834569502,0.311246,-0.478840,-9.844957
1834570690,0.287304,-0.464475,-9.782708
1834571887,0.320823,-0.493206,-9.923966
1834573078,0.356736,-0.497994,-9.947908
1834574261,0.337582,-0.476446,-9.828198
1834575443,0.380678,-0.493206,-9.821015
1834576623,0.363919,-0.471658,-9.785102
1834577811,0.404620,-0.454898,-9.837775
1834578993,0.294487,-0.445322,-9.811439
1834580181,0.289698,-0.426168,-9.777920
1834581366,0.294487,-0.471658,-9.854534
1834582550,0.299275,-0.488417,-9.907207
1834583734,0.311246,-0.481235,-9.955091
1834584924,0.344765,-0.481235,-9.854534
1834586107,0.356736,-0.500388,-9.856929
1834587293,0.337582,-0.517148,-9.775525
1834588482,0.335188,-0.538695,-9.878476
1834589669,0.373495,-0.562637,-9.787497
1834590864,0.371101,-0.490811,-9.847352
1834592056,0.275333,-0.493206,-9.804255
1834593238,0.294487,-0.519542,-9.926360
1834594429,0.359130,-0.524330,-9.964667
1834595615,0.387861,-0.553061,-9.897630
1834596801,0.332794,-0.519542,-9.878476
1834597988,0.335188,-0.572214,-9.816227
1834599178,0.409408,-0.531513,-9.792285
1834600363,0.351948,-0.505177,-9.828198
1834601546,0.296881,-0.519542,-9.849746
1834602731,0.404620,-0.457293,-9.859323
1834603917,0.371101,-0.565032,-9.935937
1834605099,0.354342,-0.555455,-9.900024
1834606289,0.359130,-0.488417,-9.859323
1834611517,0.435745,-0.442927,-9.859323
1834612709,0.409408,-0.507571,-9.868899
1834613902,0.423774,-0.490811,-9.813833
1834615094,0.318429,-0.438139,-9.804255
1834616279,0.323217,-0.450110,-9.892841
1834617460,0.335188,-0.445322,-9.907207
1834618637,0.442927,-0.488417,-9.864111
1834619826,0.404620,-0.533907,-9.868899
1834621013,0.323217,-0.469264,-9.852140
1834622200,0.356736,-0.476446,-9.830592
1834623377,0.366313,-0.464475,-9.816227
1834624569,0.349553,-0.459687,-9.821015
1834625750,0.332794,-0.416591,-9.847352
1834626942,0.296881,-0.409408,-9.868899
1834628127,0.344765,-0.375890,-9.921572
1834629317,0.421380,-0.464475,-9.876082
1834630500,0.397437,-0.421380,-9.945514
1834631688,0.392649,-0.471658,-9.871294
1834632886,0.407014,-0.471658,-9.914390
1834634078,0.328006,-0.435745,-9.825804
1834635259,0.337582,-0.416591,-9.837775
1834636441,0.342371,-0.457293,-9.823410
1834637618,0.335188,-0.421380,-9.823410
1834638805,0.354342,-0.469264,-9.923966
1834639993,0.363919,-0.440533,-9.852140
1834641182,0.354342,-0.423774,-9.852140
1834642368,0.330400,-0.466869,-9.947908
1834643554,0.366313,-0.478840,-10.002975
1834644735,0.335188,-0.438139,-9.900024
1834645920,0.387861,-0.430956,-10.060435
1834647096,0.275333,-0.450110,-9.686940
1834648287,0.387861,-0.450110,-9.720459
1834649459,0.375890,-0.430956,-9.888053
1834650640,0.280122,-0.469264,-9.579201
1834651823,0.253785,-0.414197,-9.516952
1834653016,0.399832,-0.476446,-9.914390
1834654199,0.289698,-0.414197,-10.031705
1834655393,0.237026,-0.397437,-9.715671
1834656575,0.397437,-0.426168,-9.655815
1834657757,0.445322,-0.421380,-9.770737
1834658943,0.308852,-0.387861,-9.897630
1834660133,0.304064,-0.390255,-9.921572
1834661311,0.330400,-0.380678,-9.909601
1834662496,0.294487,-0.351948,-10.081984
1834663679,0.323217,-0.373495,-9.981427
1834664882,0.416591,-0.404620,-9.746795
1834666070,0.179565,-0.483629,-9.871294
1834667257,0.347159,-0.371101,-9.770737
1834668433,0.380678,-0.397437,-9.823410
1834669623,0.430956,-0.459687,-9.950302
1834670805,0.232238,-0.414197,-9.911995
1834671996,0.418985,-0.435745,-9.734824
1834673184,0.399832,-0.404620,-9.765948
1834674373,0.316035,-0.464475,-10.055647
1834675552,0.292093,-0.411803,-10.134656
1834676741,0.284910,-0.457293,-9.988609
1834677926,0.407014,-0.481235,-9.710882
1834679111,0.253785,-0.373495,-10.153810
1834680294,0.351948,-0.330400,-9.890448
1834681485,0.289698,-0.383072,-9.742006
1834682663,0.239420,-0.502782,-9.806650
1834683860,0.270545,-0.440533,-10.182540
1834685048,0.311246,-0.402226,-9.969456
1834686240,0.304064,-0.488417,-9.945514
1834687423,0.308852,-0.462081,-9.981427
1834688614,0.248997,-0.356736,-9.883265
1834689796,0.186748,-0.373495,-9.830592
1834690983,0.189142,-0.447716,-9.926360
1834692169,0.332794,-0.409408,-9.871294
1834693358,0.330400,-0.354342,-9.821015
1834694533,0.363919,-0.404620,-9.907207
1834695730,0.339977,-0.464475,-9.890448
1834696912,0.284910,-0.435745,-9.732430
1834698099,0.308852,-0.435745,-9.878476
1834699286,0.335188,-0.440533,-9.955091
1834700463,0.294487,-0.349553,-9.876082
1834701641,0.253785,-0.308852,-9.830592
1834702832,0.177171,-0.380678,-9.909601
1834704019,0.474052,-0.203507,-9.849746
1834705204,0.407014,-0.454898,-10.163386
1834706381,0.172383,-0.375890,-9.761160
1834707571,-0.237026,-0.478840,-8.803479
1834708760,0.215478,-0.560243,-9.799467
1834709945,0.497994,-0.471658,-9.445126
1834711128,0.165200,-0.378284,-10.388441
1834712318,-0.112527,-0.155623,-9.179369
1834713508,0.162806,-0.134075,-10.081984
1834714695,0.378284,-0.270545,-9.332599
1834715895,0.246603,-0.782904,-9.248801
1834717084,0.129287,-0.363919,-10.467450
1834718263,0.102951,-0.081403,-10.081984
1834719444,0.313640,-0.423774,-9.971850
1834720619,0.497994,-0.517148,-9.423578
1834721808,0.543484,-0.632069,-9.502586
1834722988,0.531513,-0.679953,-9.536105
1834724178,-0.153229,0.100556,-10.103531
1834725362,-0.359130,0.150835,-9.634268
1834726545,-0.344765,-0.146046,-9.883265
1834727736,-0.038307,-0.447716,-10.479421
1834728932,0.265756,-0.617704,-10.623073
1834730114,0.567426,-0.897826,-10.773908
1834731302,0.373495,-0.579397,-10.500969
1834732485,0.629675,-0.220267,-10.093954
1834733673,0.490811,-0.404620,-9.052477
1834734863,0.409408,-0.526724,-8.726865
1834736055,0.244209,-0.471658,-9.239224
1834737237,0.004788,-0.294487,-9.844957
1834738428,-0.086191,-0.208296,-9.981427
1834739620,0.045490,-0.407014,-10.110714
1834740806,0.198719,-0.677559,-10.328587
1834741992,0.330400,-0.600945,-10.237606
1834743179,0.572214,-0.474052,-9.732430
1834744364,0.497994,-0.488417,-9.593566
1834745548,0.457293,-0.493206,-9.308656
1834746731,0.328006,-0.462081,-9.445126
1834747917,0.373495,-0.435745,-9.447520
1834749099,0.395043,-0.524330,-9.782708
1834750290,0.438139,-0.557849,-10.302250
1834751472,0.320823,-0.569820,-10.443508
1834752663,0.306458,-0.447716,-10.168175
1834753858,0.349553,-0.447716,-10.206482
1834755050,0.306458,-0.435745,-10.036493
1834756237,0.342371,-0.509965,-9.457097
1834757428,0.356736,-0.531513,-9.270349
1834758614,0.371101,-0.507571,-9.342175
1834759800,0.390255,-0.524330,-9.931149
1834760982,0.433351,-0.505177,-10.249578
1834762170,0.435745,-0.565032,-9.964667
1834763355,0.258574,-0.629675,-10.230424
1834764537,0.323217,-0.459687,-9.873688
1834765722,0.378284,-0.474052,-10.079589
1834766910,0.294487,-0.548272,-10.163386
1834768094,0.265756,-0.562637,-9.971850
1834769281,0.375890,-0.660800,-9.758766
1834770456,0.361524,-0.545878,-9.801862
1834771638,0.447716,-0.620098,-9.916783
1834772821,0.416591,-0.790087,-10.048465
1834774013,0.447716,-0.301669,-9.914390
1834775195,0.342371,-0.234632,-10.098742
1834776390,0.418985,-0.426168,-9.694122
1834777577,0.521936,-0.828394,-9.830592
1834778759,0.380678,-0.814029,-10.089166
1834779938,0.371101,-0.744597,-10.242394
1834781129,0.308852,-0.404620,-9.742006
1834782309,0.316035,-0.418985,-9.804255
1834783496,0.435745,-0.481235,-9.794679
1834784680,0.574608,-0.706290,-10.611102
1834785881,0.572214,-0.840365,-10.484209
1834787070,0.476446,-0.775721,-9.732430
1834788256,0.402226,-0.217872,-8.990228
1834789432,0.308852,-0.241814,-8.858546
1834790624,0.560243,-0.615310,-9.780313
1834791806,0.550666,-0.905008,-10.737994
1834792996,0.409408,-0.512359,-11.044453
1834794181,0.493206,-0.251391,-9.500193
1834795366,0.596156,-0.541090,-9.054871
1834796543,0.756568,-0.873884,-9.141062
1834797733,0.706290,-0.900220,-9.617508
1834798910,0.433351,-0.538695,-10.096349
1834800098,0.474052,-0.438139,-9.892841
1834801285,0.603339,-0.617704,-9.727641
1834802472,0.387861,-0.612916,-10.081984
1834803654,0.457293,-0.462081,-10.326192
1834804852,0.596156,-0.430956,-10.036493
1834806046,0.541090,-0.337582,-10.086772
1834807237,0.371101,-0.395043,-9.155427
1834808423,0.581791,-0.141258,-10.326192
1834809615,0.531513,-0.426168,-11.401189
1834810797,0.316035,-0.591368,-11.803414
1834811988,0.442927,-0.562637,-9.325416
1834813174,0.466869,-0.280122,-9.088389
1834814360,0.699107,-0.502782,-10.536881
1834815537,0.600945,-1.283292,-10.115502
1834816726,0.308852,-0.950498,-9.607931
1834817911,0.474052,-0.569820,-10.065224
1834819097,0.347159,-0.600945,-9.892841
1834820284,0.577003,-0.371101,-7.915231
1834821463,0.701501,-0.689530,-9.617508
1834822640,0.660800,-0.600945,-10.678140
1834823822,0.694318,-0.486023,-11.073183
1834825011,0.632069,-0.538695,-10.515334
1834826198,0.306458,-0.351948,-9.507375
1834827388,0.459687,-0.442927,-9.497798
1834828575,0.497994,-0.519542,-9.631873
1834829752,0.658405,-0.481235,-10.014946
1834830944,0.509965,-0.670376,-10.359711
1834832129,0.351948,-0.689530,-10.613496
1834833320,0.464475,-0.397437,-10.395624
1834834505,0.433351,-0.289698,-10.180145
1834835690,0.457293,-0.253785,-9.947908
1834836888,0.505177,-0.354342,-9.684546
1834838078,0.478840,-0.392649,-9.923966
1834839260,0.445322,-0.407014,-9.883265
1834840441,0.308852,-0.363919,-9.464279
1834841618,0.225055,-0.476446,-9.454702
1834842803,0.318429,-0.445322,-9.809045
1834843990,0.366313,-0.359130,-10.084377
1834845180,0.454898,-0.292093,-10.070012
1834846361,0.380678,-0.447716,-9.947908
1834847548,0.344765,-0.457293,-9.823410
1834848733,0.378284,-0.457293,-9.835381
1834849920,0.354342,-0.387861,-9.806650
1834851102,0.342371,-0.313640,-9.713276
1834852293,0.248997,-0.402226,-10.002975
1834853475,0.265756,-0.414197,-10.134656
1834854662,0.270545,-0.493206,-10.247183
1834855857,0.280122,-0.440533,-10.232818
1834857047,0.265756,-0.375890,-10.081984
1834858235,0.201113,-0.371101,-10.168175
1834859415,0.256180,-0.385466,-10.316615
1834860599,0.251391,-0.411803,-10.314221
1834861783,0.294487,-0.378284,-10.177752
1834862966,0.208296,-0.351948,-9.988609
1834864152,0.208296,-0.351948,-9.832987
1834865332,0.313640,-0.256180,-9.720459
1834866519,0.239420,-0.229843,-9.775525
1834867706,0.191536,-0.339977,-9.809045
1834868904,0.227449,-0.512359,-9.828198
1834870092,0.225055,-0.421380,-9.674969
1834871282,0.258574,-0.318429,-9.591172
1834872459,0.335188,-0.359130,-9.780313
1834873641,0.265756,-0.368707,-10.012551
1834874824,0.258574,-0.363919,-9.871294
1834876018,0.272939,-0.356736,-9.684546
1834877200,0.275333,-0.361524,-9.718064
1834878382,0.272939,-0.392649,-9.861717
1834879569,0.246603,-0.356736,-9.837775
1834880756,0.241814,-0.237026,-9.885659
1834881943,0.232238,-0.220267,-9.928755
1834883130,0.275333,-0.253785,-9.895236
1834884313,0.189142,-0.313640,-10.000581
1834885500,0.146046,-0.280122,-10.081984
1834886683,0.198719,-0.296881,-10.081984
1834887883,0.155623,-0.272939,-10.029311
1834889072,0.071826,-0.239420,-10.000581
1834890257,0.126893,-0.251391,-10.070012
1834891434,0.189142,-0.342371,-9.983821
1834892626,0.308852,-0.478840,-9.962274
1834893808,0.318429,-0.471658,-10.043676
1834894994,0.320823,-0.407014,-9.981427
1834896178,0.299275,-0.411803,-9.864111
1834897368,0.347159,-0.450110,-9.703699
1834898545,0.282516,-0.385466,-9.600749
1834899733,0.268151,-0.356736,-9.610326
1834900915,0.265756,-0.351948,-9.660604
1834902101,0.225055,-0.320823,-9.806650
1834903287,0.196325,-0.328006,-9.734824
1834904473,0.172383,-0.390255,-9.883265
1834905651,0.102951,-0.268151,-9.947908
1834906848,0.143652,-0.237026,-10.058042
1834908039,0.134075,-0.368707,-9.995792
1834909228,0.122104,-0.445322,-10.019734
1834910405,0.172383,-0.402226,-9.974244
1834911593,0.165200,-0.337582,-9.837775
1834912770,0.055067,-0.265756,-9.694122
1834913956,0.114922,-0.241814,-9.600749
1834915136,0.196325,-0.258574,-9.907207
1834916325,0.268151,-0.383072,-9.995792
1834917509,0.320823,-0.430956,-9.928755
1834918696,0.282516,-0.308852,-9.890448
1834919891,0.272939,-0.402226,-9.682152
1834921081,0.306458,-0.390255,-9.536105
1834922262,0.404620,-0.426168,-9.507375
1834923442,0.383072,-0.371101,-9.605537
1834924617,0.318429,-0.399832,-9.600749
1834925801,0.304064,-0.418985,-9.543288
1834926988,0.251391,-0.478840,-9.545682
1834928178,0.258574,-0.414197,-9.742006
1834929363,0.368707,-0.407014,-9.876082
1834930544,0.383072,-0.486023,-9.909601
1834931724,0.339977,-0.531513,-9.935937
1834932911,0.284910,-0.452504,-9.883265
1834934092,0.328006,-0.447716,-9.868899
1834935282,0.371101,-0.450110,-9.823410
1834936456,0.287304,-0.383072,-9.773131
1834937638,0.351948,-0.404620,-9.871294
1834938821,0.440533,-0.435745,-9.919178
1834940014,0.438139,-0.395043,-9.945514
1834941196,0.404620,-0.414197,-9.914390
1834942385,0.385466,-0.490811,-9.809045
1834943570,0.402226,-0.464475,-9.758766
1834944756,0.368707,-0.459687,-9.794679
1834945943,0.430956,-0.488417,-9.734824
1834947133,0.402226,-0.517148,-9.698911
1834948319,0.366313,-0.514753,-9.684546
1834949507,0.421380,-0.502782,-10.012551
1834950685,0.435745,-0.445322,-9.974244
1834951888,0.397437,-0.430956,-9.909601
1834953072,0.399832,-0.438139,-9.892841
1834954260,0.387861,-0.474052,-9.988609
1834955433,0.347159,-0.507571,-10.046070
1834956623,0.359130,-0.521936,-9.950302
1834957805,0.380678,-0.493206,-9.931149
1834958996,0.423774,-0.493206,-9.976639
1834960181,0.433351,-0.517148,-9.950302
1834961371,0.387861,-0.538695,-10.014946
1834962550,0.423774,-0.572214,-9.983821
1834963740,0.392649,-0.548272,-9.976639
1834964926,0.397437,-0.553061,-9.933543
1834966112,0.387861,-0.476446,-9.852140
1834967294,0.347159,-0.486023,-9.830592
1834968487,0.390255,-0.519542,-9.935937
1834969670,0.304064,-0.533907,-9.904813
1834970867,0.356736,-0.557849,-9.873688
1834972056,0.395043,-0.565032,-9.792285
1834973235,0.311246,-0.541090,-9.844957
1834974422,0.383072,-0.505177,-9.744401
1834975608,0.452504,-0.474052,-9.768343
1834976789,0.380678,-0.517148,-9.868899
1834977979,0.380678,-0.596156,-9.799467
1834979158,0.375890,-0.569820,-9.821015
1834980347,0.344765,-0.574608,-9.758766
1834981531,0.311246,-0.545878,-9.897630
1834982727,0.359130,-0.454898,-9.878476
1834983911,0.454898,-0.521936,-9.945514
1834985099,0.505177,-0.593762,-10.007763
1834986285,0.397437,-0.644040,-9.892841
1834987463,0.445322,-0.418985,-10.062830
1834988646,0.471658,-0.497994,-10.194510
1834989838,0.292093,-0.624887,-9.880871
1834991023,0.383072,-0.507571,-9.763555
1834992209,0.275333,-0.445322,-9.402030
1834993393,0.397437,-0.435745,-9.847352
1834994580,0.287304,-0.531513,-10.350134
1834995759,0.284910,-0.483629,-10.086772
1834996944,0.316035,-0.462081,-10.180145
1834998129,0.426168,-0.560243,-9.979033
1834999315,0.409408,-0.584185,-9.691729
1835000497,0.375890,-0.543484,-9.928755
1835001685,0.294487,-0.497994,-9.991004
1835002876,0.373495,-0.588974,-9.866506
1835004069,0.361524,-0.423774,-10.034100
1835005251,0.316035,-0.452504,-9.868899
1835006432,0.349553,-0.488417,-9.727641
1835007614,0.402226,-0.509965,-10.163386
1835008800,0.332794,-0.512359,-10.160992
1835009986,0.402226,-0.593762,-10.117896
1835011177,0.373495,-0.476446,-9.844957
1835012363,0.289698,-0.483629,-9.682152
1835013552,0.213084,-0.469264,-9.806650
1835014735,0.294487,-0.514753,-10.125079
1835015922,0.318429,-0.490811,-10.230424
1835017104,0.287304,-0.586579,-10.216059
1835018290,0.244209,-0.538695,-10.077195
1835019472,0.277727,-0.545878,-9.684546
1835020659,0.325611,-0.514753,-9.686940
1835021854,0.248997,-0.462081,-9.770737
1835023051,0.215478,-0.423774,-9.763555
1835024239,0.167594,-0.438139,-9.830592
1835025420,0.222661,-0.505177,-9.885659
1835026603,0.193930,-0.567426,-9.832987
1835027789,0.119710,-0.483629,-9.792285
1835028975,0.143652,-0.435745,-9.655815
1835030162,0.258574,-0.430956,-9.775525
1835031346,0.241814,-0.421380,-9.931149
1835032538,0.241814,-0.416591,-9.811439
1835033723,0.193930,-0.435745,-9.674969
1835034910,0.150835,-0.490811,-9.679757
1835036092,0.153229,-0.519542,-9.758766
1835037282,0.100556,-0.486023,-9.885659
1835038457,0.205901,-0.459687,-9.955091
1835039639,0.172383,-0.390255,-9.655815
1835040822,0.136469,-0.395043,-9.708488
1835042012,0.126893,-0.392649,-9.773131
1835043194,0.114922,-0.438139,-9.737218
1835044390,0.126893,-0.409408,-9.698911
1835045575,0.124498,-0.392649,-9.811439
1835046763,0.186748,-0.371101,-9.706094
1835047942,0.201113,-0.390255,-9.660604
1835049130,0.193930,-0.356736,-9.880871
1835050312,0.189142,-0.373495,-9.950302
1835051496,0.205901,-0.407014,-9.861717
1835052678,0.208296,-0.507571,-9.756371
1835053873,0.213084,-0.416591,-9.734824
1835055062,0.114922,-0.368707,-9.581595
1835056248,0.201113,-0.375890,-9.595961
1835057431,0.177171,-0.483629,-9.864111
1835058623,0.215478,-0.462081,-9.883265
1835059806,0.205901,-0.435745,-9.852140
1835060997,0.174777,-0.344765,-9.878476
1835062180,0.143652,-0.356736,-9.816227
1835063371,0.172383,-0.277727,-9.773131
1835064550,0.234632,-0.514753,-10.122684
1835065740,0.198719,-0.371101,-10.120291
1835066920,0.119710,-0.330400,-9.832987
1835068105,0.138864,-0.390255,-9.794679
1835069285,0.225055,-0.421380,-9.763555
1835070471,0.268151,-0.447716,-9.780313
1835071649,0.148441,-0.418985,-9.569624
1835072848,0.342371,-0.454898,-9.955091
1835074039,0.373495,-0.354342,-10.007763
1835075229,0.191536,-0.313640,-9.521740
1835076402,0.423774,-0.495600,-9.813833
1835077590,0.275333,-0.284910,-9.993398
1835078768,0.289698,-0.316035,-9.155427
1835079954,0.306458,-0.292093,-9.718064
1835081140,0.253785,-0.325611,-9.794679
1835082331,0.246603,-0.543484,-10.390836
1835083515,0.213084,-0.344765,-10.165780
1835084703,0.335188,-0.332794,-9.947908
1835085903,0.407014,-0.383072,-9.794679
1835087093,0.251391,-0.306458,-9.955091
1835088278,0.203507,-0.313640,-9.895236
1835089455,0.220267,-0.316035,-9.832987
1835090633,0.296881,-0.430956,-9.706094
1835091819,0.213084,-0.481235,-9.761160
1835093001,0.268151,-0.411803,-9.734824
1835094192,0.294487,-0.356736,-9.840169
1835095378,0.344765,-0.478840,-10.132261
1835096561,0.263362,-0.435745,-10.000581
1835097745,0.282516,-0.397437,-9.931149
1835098935,0.282516,-0.395043,-9.763555
1835100121,0.311246,-0.347159,-9.828198
1835101308,0.265756,-0.335188,-9.962274
1835102492,0.311246,-0.344765,-9.933543
1835103681,0.342371,-0.404620,-10.012551
1835104875,0.311246,-0.438139,-9.801862
1835106068,0.390255,-0.483629,-9.890448
1835107249,0.380678,-0.457293,-9.926360
1835108429,0.356736,-0.418985,-9.911995
1835109617,0.347159,-0.366313,-9.667787
1835110804,0.356736,-0.466869,-9.744401
1835111991,0.371101,-0.435745,-9.871294
1835113181,0.430956,-0.481235,-9.892841
1835114366,0.397437,-0.411803,-9.835381
1835115549,0.399832,-0.395043,-9.852140
1835116733,0.442927,-0.411803,-10.043676
1835117920,0.428562,-0.392649,-9.959879
1835119102,0.442927,-0.445322,-9.991004
1835120293,0.428562,-0.447716,-9.964667
1835121476,0.505177,-0.387861,-9.911995
1835122662,0.459687,-0.387861,-9.768343
1835123858,0.433351,-0.462081,-9.859323
1835125049,0.476446,-0.493206,-9.813833
1835126236,0.462081,-0.474052,-9.861717
1835127427,0.466869,-0.421380,-9.888053
1835128613,0.438139,-0.490811,-9.665392
1835129799,0.474052,-0.469264,-9.828198
1835130984,0.399832,-0.399832,-9.933543
1835132172,0.383072,-0.373495,-9.773131
1835133358,0.445322,-0.526724,-10.019734
1835134540,0.421380,-0.550666,-9.981427
1835135724,0.387861,-0.462081,-9.919178
1835136910,0.452504,-0.418985,-9.674969
1835138092,0.462081,-0.462081,-9.777920
1835139281,0.438139,-0.543484,-9.907207
1835140457,0.414197,-0.486023,-9.761160
1835141644,0.464475,-0.517148,-9.854534
1835142828,0.519542,-0.579397,-9.940725
1835144017,0.452504,-0.466869,-9.861717
1835145200,0.445322,-0.426168,-9.763555
1835146395,0.474052,-0.426168,-9.844957
1835147577,0.490811,-0.500388,-10.000581
1835148756,0.416591,-0.447716,-9.703699
1835149943,0.488417,-0.488417,-9.653421
1835151133,0.447716,-0.445322,-9.653421
1835152319,0.466869,-0.474052,-9.734824
1835153507,0.474052,-0.457293,-9.900024
1835154689,0.430956,-0.545878,-9.842564
1835155891,0.457293,-0.502782,-9.801862
1835157077,0.495600,-0.481235,-9.761160
1835158263,0.464475,-0.450110,-9.703699
1835159436,0.464475,-0.538695,-9.840169
1835160627,0.454898,-0.488417,-9.821015
1835161810,0.450110,-0.452504,-9.904813
1835162993,0.464475,-0.486023,-9.818622
1835164179,0.502782,-0.567426,-9.725247
1835165369,0.466869,-0.560243,-9.708488
1835166546,0.380678,-0.550666,-9.691729
1835167735,0.387861,-0.517148,-9.809045
1835168916,0.447716,-0.497994,-9.694122
1835170101,0.416591,-0.507571,-9.679757
1835171288,0.363919,-0.497994,-9.670180
1835172474,0.409408,-0.524330,-9.732430
1835173651,0.435745,-0.555455,-9.852140
1835174848,0.438139,-0.538695,-9.902418
1835176037,0.438139,-0.502782,-9.919178
1835177227,0.423774,-0.474052,-9.756371
1835178411,0.454898,-0.459687,-9.670180
1835179598,0.423774,-0.493206,-9.643845
1835180777,0.359130,-0.481235,-9.756371
1835181963,0.366313,-0.438139,-9.706094
1835183145,0.409408,-0.438139,-9.756371
1835184334,0.378284,-0.502782,-9.809045
1835185516,0.371101,-0.545878,-9.828198
1835186708,0.414197,-0.493206,-9.794679
1835187902,0.466869,-0.529119,-9.902418
1835189094,0.409408,-0.545878,-9.900024
1835190276,0.373495,-0.500388,-9.866506
1835191456,0.337582,-0.478840,-9.907207
1835192633,0.359130,-0.478840,-9.873688
1835193820,0.402226,-0.478840,-9.765948
1835195002,0.339977,-0.512359,-9.722853
1835196194,0.359130,-0.483629,-9.749189
1835197385,0.368707,-0.490811,-9.892841
1835198570,0.366313,-0.521936,-9.801862
1835199752,0.383072,-0.538695,-9.715671
1835200944,0.313640,-0.519542,-9.801862
1835202129,0.332794,-0.476446,-9.801862
1835203315,0.354342,-0.490811,-9.849746
1835204496,0.373495,-0.471658,-9.883265
1835205684,0.296881,-0.450110,-9.909601
1835206877,0.296881,-0.490811,-9.806650
1835208066,0.301669,-0.478840,-9.792285
1835209248,0.316035,-0.493206,-9.900024
1835210436,0.270545,-0.476446,-9.871294
1835211620,0.258574,-0.502782,-9.832987
1835212808,0.368707,-0.462081,-9.866506
1835213994,0.330400,-0.493206,-9.868899
1835215179,0.282516,-0.442927,-9.895236
1835216366,0.277727,-0.500388,-9.883265
1835217548,0.229843,-0.514753,-9.878476
1835218733,0.323217,-0.533907,-9.909601
1835219918,0.313640,-0.440533,-9.806650
1835221099,0.246603,-0.438139,-9.983821
1835222291,0.280122,-0.478840,-9.926360
1835223472,0.316035,-0.462081,-9.876082
1835224653,0.316035,-0.440533,-9.892841
1835225839,0.280122,-0.450110,-9.876082
1835227033,0.292093,-0.481235,-9.832987
1835228216,0.344765,-0.478840,-9.842564
1835229408,0.287304,-0.505177,-9.818622
1835230584,0.320823,-0.435745,-9.880871
1835231766,0.287304,-0.476446,-9.904813
1835232947,0.256180,-0.462081,-9.890448
1835234135,0.282516,-0.454898,-9.797073
1835235314,0.347159,-0.440533,-9.871294
1835236502,0.306458,-0.447716,-9.785102
1835237685,0.330400,-0.452504,-9.849746
1835238886,0.330400,-0.416591,-9.861717
1835240073,0.308852,-0.387861,-9.959879
1835241259,0.332794,-0.409408,-9.931149
1835242435,0.347159,-0.416591,-9.866506
1835243627,0.294487,-0.447716,-9.837775
1835244808,0.311246,-0.433351,-9.861717
1835246000,0.361524,-0.462081,-9.885659
1835247188,0.337582,-0.414197,-9.933543
1835248378,0.328006,-0.438139,-9.864111
1835249561,0.320823,-0.418985,-9.816227
1835250748,0.313640,-0.445322,-9.835381
1835251933,0.363919,-0.380678,-9.868899
1835253123,0.366313,-0.414197,-9.880871
1835254305,0.328006,-0.428562,-9.861717
1835255493,0.349553,-0.378284,-9.832987
1835256677,0.351948,-0.380678,-9.797073
1835257875,0.320823,-0.445322,-9.861717
1835259064,0.361524,-0.452504,-9.756371
1835260250,0.335188,-0.447716,-9.749189
1835261427,0.306458,-0.395043,-9.926360
1835262617,0.289698,-0.375890,-9.916783
1835263796,0.337582,-0.430956,-9.746795
1835264986,0.359130,-0.411803,-9.835381
1835266170,0.368707,-0.430956,-9.821015
1835267359,0.328006,-0.423774,-9.876082
1835268535,0.387861,-0.380678,-9.852140
1835269733,0.402226,-0.385466,-9.911995
1835270915,0.392649,-0.430956,-9.847352
1835272102,0.318429,-0.371101,-9.883265
1835273289,0.318429,-0.416591,-9.871294
1835274477,0.366313,-0.445322,-9.919178
1835275664,0.383072,-0.378284,-9.938332
1835276863,0.313640,-0.418985,-9.871294
1835278052,0.330400,-0.380678,-9.859323
1835279242,0.351948,-0.454898,-9.919178
1835280419,0.392649,-0.438139,-9.888053
1835281607,0.375890,-0.450110,-9.844957
1835282783,0.344765,-0.447716,-9.856929
1835283971,0.354342,-0.450110,-9.864111
1835285152,0.361524,-0.407014,-9.897630
1835286346,0.339977,-0.402226,-9.856929
1835287533,0.342371,-0.430956,-9.844957
1835288732,0.337582,-0.459687,-9.921572
1835289914,0.339977,-0.414197,-9.847352
1835291102,0.342371,-0.399832,-9.823410
1835292289,0.311246,-0.395043,-9.799467
1835293476,0.342371,-0.418985,-9.840169
1835294658,0.404620,-0.447716,-9.864111
1835295855,0.349553,-0.466869,-9.892841
1835297049,0.361524,-0.452504,-9.837775
1835298240,0.387861,-0.426168,-9.830592
1835299427,0.380678,-0.457293,-9.835381
1835300619,0.395043,-0.514753,-9.844957
1835301800,0.339977,-0.483629,-9.859323
1835302991,0.387861,-0.411803,-9.818622
1835304176,0.387861,-0.464475,-9.821015
1835305366,0.392649,-0.493206,-9.842564
1835306545,0.380678,-0.462081,-9.878476
1835307733,0.414197,-0.457293,-9.852140
1835308913,0.397437,-0.507571,-9.852140
1835310099,0.459687,-0.452504,-9.873688
1835311286,0.483629,-0.457293,-9.880871
1835312473,0.397437,-0.399832,-9.840169
1835313651,0.378284,-0.407014,-9.892841
1835314848,0.397437,-0.474052,-9.995792
1835316040,0.550666,-0.553061,-9.787497
1835317229,0.505177,-0.579397,-9.768343
1835318405,0.617704,-0.634463,-9.806650
1835319592,0.509965,-0.387861,-9.770737
1835320770,0.464475,-0.311246,-9.694122
1835321957,0.457293,-0.560243,-10.036493
1835323138,0.445322,-0.622492,-9.888053
1835324328,0.433351,-0.608127,-9.648633
1835325511,0.454898,-0.572214,-9.579201
1835326702,0.368707,-0.423774,-9.773131
1835327901,0.287304,-0.404620,-9.797073
1835329089,0.347159,-0.430956,-9.818622
1835330274,0.371101,-0.514753,-10.034100
1835331454,0.416591,-0.557849,-10.000581
1835332632,0.366313,-0.550666,-9.777920
1835333819,0.375890,-0.445322,-9.634268
1835335002,0.380678,-0.385466,-9.907207
1835336192,0.344765,-0.390255,-9.943120
1835337377,0.301669,-0.471658,-9.964667
1835338557,0.363919,-0.545878,-9.835381
1835339742,0.371101,-0.555455,-9.878476
1835340932,0.248997,-0.509965,-9.952697
1835342115,0.311246,-0.445322,-9.969456
1835343302,0.284910,-0.438139,-10.012551
1835344486,0.371101,-0.462081,-9.940725
1835345677,0.457293,-0.521936,-9.837775
1835346872,0.529119,-0.495600,-9.811439
1835348065,0.608127,-0.543484,-9.646238
1835349247,0.574608,-0.471658,-9.842564
1835350427,0.447716,-0.471658,-9.902418
1835351607,0.371101,-0.442927,-9.888053
1835352793,0.440533,-0.452504,-9.770737
1835353971,0.248997,-0.531513,-10.129868
1835355159,0.167594,-0.553061,-10.172963
1835356345,0.088585,-0.500388,-10.000581
1835357533,0.105345,-0.404620,-9.933543
1835358727,0.191536,-0.328006,-10.029311
1835359913,0.287304,-0.409408,-10.010158
1835361093,0.325611,-0.440533,-9.878476
1835362284,0.280122,-0.418985,-9.897630
1835363459,0.328006,-0.294487,-9.801862
1835364640,0.354342,-0.330400,-9.818622
1835365822,0.335188,-0.414197,-9.890448
1835367015,0.349553,-0.545878,-10.199299
1835368196,0.280122,-0.521936,-10.192117
1835369391,0.282516,-0.481235,-10.170568
1835370573,0.253785,-0.426168,-10.000581
1835371759,0.306458,-0.402226,-9.979033
1835372945,0.320823,-0.344765,-9.792285
1835374135,0.339977,-0.402226,-9.809045
1835375319,0.359130,-0.402226,-9.998186
1835376507,0.397437,-0.500388,-9.952697
1835377689,0.335188,-0.418985,-9.962274
1835378893,0.361524,-0.378284,-9.842564
1835380079,0.373495,-0.459687,-9.993398
1835381266,0.342371,-0.466869,-9.979033
1835382442,0.335188,-0.457293,-9.979033
1835383624,0.351948,-0.450110,-10.005369
1835384806,0.313640,-0.416591,-9.945514
1835385997,0.268151,-0.354342,-9.914390
1835387183,0.284910,-0.373495,-9.892841
1835388373,0.270545,-0.392649,-9.890448
1835389556,0.287304,-0.385466,-9.847352
1835390745,0.299275,-0.414197,-9.758766
1835391931,0.318429,-0.435745,-9.689334
1835393119,0.320823,-0.359130,-9.940725
1835394299,0.359130,-0.390255,-10.024523
1835395491,0.361524,-0.430956,-10.036493
1835396674,0.289698,-0.390255,-10.125079
1835397873,0.325611,-0.383072,-10.108319
1835399059,0.260968,-0.399832,-9.957485
1835400245,0.258574,-0.383072,-9.885659
1835401421,0.265756,-0.409408,-9.818622
1835402609,0.241814,-0.390255,-9.852140
1835403790,0.237026,-0.351948,-9.804255
1835404979,0.282516,-0.383072,-9.801862
1835406161,0.265756,-0.440533,-9.816227
1835407353,0.311246,-0.428562,-9.828198
1835408527,0.284910,-0.375890,-9.732430
1835409723,0.253785,-0.426168,-9.801862
1835410911,0.241814,-0.457293,-9.835381
1835412099,0.227449,-0.404620,-9.876082
1835413283,0.248997,-0.462081,-9.871294
1835414461,0.232238,-0.435745,-9.871294
1835415645,0.248997,-0.411803,-9.976639
1835416836,0.318429,-0.404620,-9.979033
1835418023,0.328006,-0.459687,-9.861717
1835419209,0.356736,-0.409408,-9.871294
1835420385,0.392649,-0.373495,-9.895236
1835421577,0.328006,-0.433351,-9.818622
1835422753,0.342371,-0.411803,-9.789890
1835423944,0.304064,-0.385466,-9.835381
1835425129,0.351948,-0.416591,-9.823410
1835426316,0.330400,-0.407014,-9.864111
1835427497,0.371101,-0.440533,-9.780313
1835428683,0.342371,-0.418985,-9.782708
1835429878,0.375890,-0.435745,-9.746795
1835431071,0.328006,-0.399832,-9.744401
1835432251,0.339977,-0.390255,-9.751583
1835433432,0.375890,-0.404620,-9.832987
1835434617,0.359130,-0.404620,-9.763555
1835435802,0.304064,-0.383072,-9.751583
1835436988,0.306458,-0.383072,-9.753978
1835438177,0.294487,-0.325611,-9.746795
1835439364,0.320823,-0.407014,-9.758766
1835440550,0.342371,-0.497994,-9.885659
1835441736,0.366313,-0.526724,-9.883265
1835442923,0.337582,-0.469264,-9.816227
1835444106,0.306458,-0.354342,-9.732430
1835445290,0.373495,-0.409408,-9.900024
1835446470,0.347159,-0.466869,-9.916783
1835447653,0.296881,-0.490811,-9.935937
1835448840,0.380678,-0.404620,-9.787497
1835450029,0.313640,-0.418985,-9.715671
1835451211,0.251391,-0.440533,-9.816227
1835452397,0.359130,-0.414197,-9.892841
1835453578,0.287304,-0.407014,-10.055647
1835454758,0.258574,-0.466869,-9.928755
1835455946,0.339977,-0.452504,-9.813833
1835457136,0.239420,-0.450110,-9.911995
1835458320,0.215478,-0.454898,-9.914390
1835459505,0.265756,-0.430956,-9.859323
1835460689,0.275333,-0.445322,-9.923966
1835461892,0.275333,-0.557849,-9.801862
1835463077,0.268151,-0.466869,-9.742006
1835464264,0.253785,-0.397437,-9.689334
1835465440,0.277727,-0.452504,-9.674969
1835466622,0.258574,-0.407014,-9.969456
1835467804,0.313640,-0.440533,-10.010158
1835468995,0.232238,-0.553061,-9.950302
1835470179,0.196325,-0.447716,-9.969456
1835471370,0.222661,-0.416591,-9.708488
1835472548,0.265756,-0.474052,-9.945514
1835473737,0.244209,-0.481235,-9.916783
1835474919,0.248997,-0.500388,-9.873688
1835476105,0.335188,-0.440533,-9.921572
1835477286,0.375890,-0.447716,-9.897630
1835478472,0.332794,-0.581791,-10.048465
1835479651,0.220267,-0.462081,-9.878476
1835480848,0.337582,-0.397437,-9.873688
1835482040,0.217872,-0.454898,-10.024523
1835483231,0.306458,-0.627281,-9.986216
1835484407,0.289698,-0.605733,-9.665392
1835485595,0.335188,-0.579397,-9.830592
1835486773,0.337582,-0.493206,-9.763555
1835487960,0.270545,-0.363919,-9.840169
1835489140,0.296881,-0.378284,-9.758766
1835490330,0.380678,-0.450110,-9.900024
1835491510,0.366313,-0.476446,-9.983821
1835492702,0.397437,-0.555455,-9.787497
1835493901,0.265756,-0.663194,-9.823410
1835495093,0.241814,-0.524330,-9.849746
1835496278,0.318429,-0.426168,-9.856929
1835497460,0.237026,-0.502782,-10.172963
1835498638,0.325611,-0.565032,-10.304645
1835499826,0.323217,-0.545878,-10.125079
1835501015,0.282516,-0.438139,-9.821015
1835502202,0.220267,-0.543484,-9.801862
1835503394,0.217872,-0.433351,-9.816227
1835504576,0.203507,-0.399832,-9.962274
1835505751,0.280122,-0.368707,-9.967062
1835506937,0.392649,-0.486023,-9.983821
1835508119,0.375890,-0.574608,-9.998186
1835509302,0.385466,-0.466869,-9.832987
1835510491,0.356736,-0.521936,-9.813833
1835511679,0.359130,-0.505177,-9.878476
1835512873,0.335188,-0.526724,-9.797073
1835514063,0.306458,-0.495600,-9.677363
1835515244,0.292093,-0.464475,-9.926360
1835516431,0.265756,-0.457293,-9.883265
1835517619,0.213084,-0.452504,-9.969456
1835518804,0.217872,-0.392649,-9.919178
1835519992,0.351948,-0.404620,-10.046070
1835521179,0.277727,-0.395043,-9.753978
1835522364,0.289698,-0.332794,-9.569624
1835523548,0.296881,-0.447716,-9.476251
1835524733,0.289698,-0.512359,-9.593566
1835525920,0.277727,-0.541090,-9.765948
1835527102,0.328006,-0.471658,-9.971850
1835528292,0.287304,-0.411803,-9.979033
1835529473,0.294487,-0.430956,-10.108319
1835530660,0.342371,-0.490811,-9.981427
1835531854,0.385466,-0.430956,-9.670180
1835533051,0.407014,-0.450110,-9.742006
1835534233,0.385466,-0.457293,-9.677363
1835535412,0.438139,-0.486023,-9.780313
1835536594,0.411803,-0.442927,-9.821015
1835537776,0.354342,-0.421380,-9.792285
1835538959,0.313640,-0.497994,-10.070012
1835540142,0.282516,-0.598550,-9.878476
1835541328,0.263362,-0.502782,-9.787497
1835542516,0.213084,-0.435745,-9.775525
1835543703,0.239420,-0.531513,-9.751583
1835544907,0.268151,-0.529119,-9.674969
1835546095,0.232238,-0.447716,-9.751583
1835547285,0.203507,-0.478840,-9.777920
1835548460,0.167594,-0.507571,-9.866506
1835549642,0.189142,-0.550666,-9.904813
1835550825,0.100556,-0.531513,-9.832987
1835552017,0.062249,-0.450110,-9.852140
1835553197,0.143652,-0.421380,-9.765948
1835554392,0.134075,-0.545878,-9.840169
1835555578,0.155623,-0.524330,-9.701305
1835556764,0.119710,-0.447716,-9.902418
1835557941,0.067038,-0.414197,-9.864111
1835559130,0.102951,-0.493206,-9.885659
1835560311,0.158017,-0.555455,-10.007763
1835561496,0.323217,-0.521936,-9.950302
1835562678,0.349553,-0.483629,-9.976639
1835563877,0.385466,-0.459687,-9.897630
1835565065,0.289698,-0.433351,-9.931149
1835566253,0.148441,-0.565032,-9.780313
1835567428,0.246603,-0.548272,-9.892841
1835568619,0.347159,-0.610521,-10.316615
1835569801,0.328006,-0.560243,-10.170568
1835570990,0.387861,-0.488417,-10.070012
1835572175,0.246603,-0.430956,-9.880871
1835573364,0.160412,-0.337582,-9.703699
1835574540,0.268151,-0.442927,-9.646238
1835575730,0.220267,-0.608127,-10.230424
1835576911,0.227449,-0.529119,-9.971850
1835578096,0.323217,-0.375890,-9.938332
1835579282,0.162806,-0.414197,-9.847352
1835580463,0.225055,-0.418985,-9.835381
1835581646,0.342371,-0.502782,-10.149021
1835582837,0.375890,-0.593762,-10.172963
1835584026,0.383072,-0.519542,-10.060435
1835585213,0.416591,-0.371101,-9.809045
1835586388,0.277727,-0.287304,-9.548077
1835587578,0.320823,-0.529119,-9.651027
1835588755,0.287304,-0.483629,-9.689334
1835589946,0.330400,-0.495600,-9.876082
1835591128,0.258574,-0.390255,-9.672575
1835592315,0.332794,-0.428562,-9.921572
1835593499,0.325611,-0.277727,-9.804255
1835594687,0.272939,-0.392649,-9.643845
1835595879,0.304064,-0.457293,-9.694122
1835597072,0.387861,-0.474052,-9.818622
1835598254,0.347159,-0.526724,-9.849746
1835599435,0.328006,-0.332794,-9.718064
1835600621,0.244209,-0.366313,-9.821015
1835601806,0.225055,-0.421380,-9.991004
1835602991,0.237026,-0.390255,-10.000581
1835604180,0.232238,-0.407014,-9.897630
1835605363,0.356736,-0.359130,-9.923966
1835606546,0.318429,-0.354342,-9.933543
1835607729,0.378284,-0.354342,-9.828198
1835608916,0.282516,-0.380678,-9.847352
1835610098,0.316035,-0.409408,-9.911995
1835611287,0.306458,-0.378284,-9.782708
1835612463,0.397437,-0.316035,-9.811439
1835613646,0.373495,-0.416591,-9.890448
1835614829,0.363919,-0.490811,-9.959879
1835616022,0.404620,-0.459687,-9.971850
1835617203,0.339977,-0.418985,-9.969456
1835618398,0.421380,-0.397437,-9.809045
1835619579,0.385466,-0.380678,-9.782708
1835620759,0.440533,-0.383072,-9.734824
1835621946,0.497994,-0.387861,-9.770737
1835623136,0.471658,-0.402226,-9.844957
1835624321,0.435745,-0.385466,-9.964667
1835625510,0.404620,-0.330400,-9.849746
1835626691,0.378284,-0.385466,-9.813833
1835627894,0.390255,-0.354342,-9.919178
1835629079,0.407014,-0.399832,-9.821015
1835630265,0.457293,-0.411803,-9.801862
1835631440,0.478840,-0.361524,-9.914390
1835632621,0.509965,-0.368707,-9.919178
1835633802,0.490811,-0.409408,-9.883265
1835634991,0.490811,-0.404620,-9.859323
1835636175,0.466869,-0.421380,-9.789890
1835637364,0.459687,-0.383072,-9.746795
1835638543,0.471658,-0.385466,-9.816227
1835639732,0.423774,-0.409408,-9.856929
1835640914,0.416591,-0.426168,-9.876082
1835642101,0.459687,-0.351948,-9.897630
1835643288,0.438139,-0.390255,-9.809045
1835644474,0.421380,-0.421380,-9.785102
1835645651,0.416591,-0.471658,-9.873688
1835646849,0.407014,-0.469264,-9.794679
1835648039,0.404620,-0.433351,-9.785102
1835649225,0.402226,-0.397437,-9.828198
1835650402,0.407014,-0.428562,-9.718064
1835651584,0.359130,-0.474052,-9.801862
1835652761,0.328006,-0.514753,-9.832987
1835653949,0.330400,-0.488417,-9.818622
1835655134,0.375890,-0.452504,-9.777920
1835656322,0.347159,-0.390255,-9.789890
1835657505,0.385466,-0.373495,-9.725247
1835658694,0.311246,-0.368707,-9.799467
1835659892,0.306458,-0.423774,-9.842564
1835661082,0.371101,-0.402226,-9.794679
1835662263,0.354342,-0.430956,-9.761160
1835663444,0.363919,-0.466869,-9.818622
1835664621,0.397437,-0.442927,-9.809045
1835665809,0.354342,-0.459687,-9.861717
1835666997,0.371101,-0.430956,-9.804255
1835668185,0.308852,-0.421380,-9.825804
1835669370,0.330400,-0.476446,-9.801862
1835670551,0.356736,-0.505177,-9.861717
1835671735,0.380678,-0.423774,-9.890448
1835672921,0.407014,-0.387861,-9.840169
1835674101,0.351948,-0.380678,-9.780313
1835675292,0.383072,-0.409408,-9.765948
1835676473,0.428562,-0.490811,-9.959879
1835677664,0.397437,-0.521936,-9.991004
1835678858,0.399832,-0.474052,-9.809045
1835680055,0.397437,-0.493206,-9.837775
1835681239,0.354342,-0.433351,-9.895236
1835682421,0.368707,-0.459687,-9.885659
1835683604,0.426168,-0.507571,-9.861717
1835684787,0.368707,-0.524330,-9.888053
1835685968,0.328006,-0.500388,-9.907207
1835687151,0.359130,-0.454898,-9.873688
1835688342,0.368707,-0.399832,-9.852140
1835689532,0.282516,-0.442927,-9.797073
1835690727,0.289698,-0.488417,-9.856929
1835691914,0.330400,-0.514753,-9.967062
1835693095,0.378284,-0.572214,-9.919178
1835694282,0.371101,-0.565032,-9.864111
1835695458,0.330400,-0.474052,-9.818622
1835696639,0.328006,-0.529119,-9.859323
1835697822,0.301669,-0.493206,-9.773131
1835699013,0.330400,-0.483629,-9.844957
1835700194,0.373495,-0.481235,-9.825804
1835701384,0.351948,-0.488417,-9.804255
1835702562,0.378284,-0.440533,-9.849746
1835703748,0.339977,-0.428562,-9.816227
1835704933,0.318429,-0.423774,-9.885659
1835706124,0.344765,-0.421380,-9.830592
1835707306,0.328006,-0.440533,-9.859323
1835708492,0.287304,-0.433351,-9.775525
1835709676,0.335188,-0.459687,-9.811439
1835710875,0.373495,-0.505177,-9.849746
1835712058,0.397437,-0.497994,-9.816227
1835713244,0.363919,-0.476446,-9.811439
1835714421,0.356736,-0.502782,-9.794679
1835715608,0.347159,-0.442927,-9.825804
1835716784,0.304064,-0.462081,-9.813833
1835717970,0.361524,-0.452504,-9.909601
1835719150,0.397437,-0.447716,-9.849746
1835720346,0.366313,-0.497994,-9.911995
1835721533,0.356736,-0.447716,-9.832987
1835722732,0.354342,-0.457293,-9.904813
1835723912,0.335188,-0.483629,-9.921572
1835725099,0.356736,-0.440533,-9.945514
1835726286,0.318429,-0.529119,-9.895236
1835727474,0.320823,-0.493206,-9.856929
1835728652,0.356736,-0.478840,-9.864111
1835729849,0.318429,-0.514753,-9.890448
1835731041,0.320823,-0.471658,-9.919178
1835732231,0.308852,-0.452504,-9.885659
1835733406,0.294487,-0.445322,-9.866506
1835734594,0.318429,-0.462081,-9.900024
1835735771,0.342371,-0.495600,-9.854534
1835736957,0.356736,-0.486023,-9.909601
1835738143,0.361524,-0.488417,-9.916783
1835739334,0.339977,-0.445322,-9.909601
1835740516,0.306458,-0.502782,-9.904813
1835741706,0.359130,-0.459687,-9.940725
1835742898,0.366313,-0.450110,-9.897630
1835744087,0.349553,-0.430956,-9.876082
1835745272,0.361524,-0.488417,-9.904813
1835746453,0.325611,-0.497994,-9.911995
1835747637,0.349553,-0.474052,-9.969456
1835748825,0.351948,-0.466869,-9.955091
1835750013,0.407014,-0.450110,-9.904813
1835751197,0.387861,-0.459687,-9.926360
1835752380,0.426168,-0.433351,-9.943120
1835753563,0.387861,-0.497994,-9.964667
1835754748,0.375890,-0.418985,-9.876082
1835755937,0.380678,-0.421380,-9.900024
1835757115,0.371101,-0.421380,-9.868899
1835758302,0.337582,-0.493206,-9.890448
1835759489,0.347159,-0.435745,-9.938332
1835760678,0.409408,-0.500388,-9.916783
1835761871,0.399832,-0.435745,-9.947908
1835763063,0.371101,-0.457293,-9.847352
1835764245,0.373495,-0.438139,-9.823410
1835765437,0.392649,-0.435745,-9.842564
1835766623,0.387861,-0.450110,-9.931149
1835767810,0.356736,-0.416591,-9.888053
1835768998,0.390255,-0.459687,-9.923966
1835770188,0.390255,-0.421380,-9.818622
1835771372,0.375890,-0.462081,-9.888053
1835772554,0.363919,-0.493206,-9.737218
1835773738,0.433351,-0.486023,-9.643845
1835774928,0.430956,-0.423774,-9.734824
1835776110,0.474052,-0.414197,-9.696517
1835777297,0.445322,-0.440533,-9.892841
1835778479,0.359130,-0.438139,-9.950302
1835779664,0.378284,-0.404620,-9.780313
1835780857,0.423774,-0.572214,-9.933543
1835782056,0.366313,-0.591368,-10.014946
1835783244,0.378284,-0.466869,-9.765948
1835784425,0.404620,-0.337582,-9.816227
1835785608,0.399832,-0.339977,-9.828198
1835786795,0.469264,-0.471658,-9.818622
1835787981,0.454898,-0.543484,-9.871294
1835789168,0.457293,-0.548272,-9.861717
1835790354,0.407014,-0.533907,-9.967062
1835791534,0.311246,-0.466869,-9.926360
1835792728,0.325611,-0.418985,-9.789890
1835793915,0.404620,-0.414197,-9.890448
1835795096,0.414197,-0.450110,-9.952697
1835796285,0.433351,-0.471658,-9.955091
1835797462,0.347159,-0.462081,-9.830592
1835798644,0.318429,-0.418985,-9.837775
1835799828,0.387861,-0.430956,-9.904813
1835801020,0.387861,-0.447716,-9.904813
1835802202,0.373495,-0.490811,-10.043676
1835803397,0.380678,-0.495600,-10.036493
1835804578,0.323217,-0.469264,-9.840169
1835805759,0.306458,-0.404620,-9.797073
1835806944,0.337582,-0.390255,-9.789890
1835808133,0.320823,-0.462081,-9.835381
1835809315,0.344765,-0.459687,-9.969456
1835810501,0.404620,-0.471658,-9.945514
1835811683,0.395043,-0.440533,-9.835381
1835812882,0.371101,-0.469264,-9.835381
1835814070,0.371101,-0.519542,-9.821015
1835815256,0.366313,-0.486023,-9.888053
1835816432,0.361524,-0.474052,-9.892841
1835817624,0.438139,-0.450110,-9.876082
1835818806,0.421380,-0.423774,-9.849746
1835819998,0.368707,-0.421380,-9.792285
1835821182,0.332794,-0.466869,-9.821015
1835822373,0.418985,-0.512359,-9.914390
1835823547,0.351948,-0.512359,-9.914390
1835824733,0.433351,-0.378284,-9.763555
1835825913,0.440533,-0.426168,-9.718064
1835827099,0.325611,-0.383072,-9.811439
1835828287,0.304064,-0.423774,-9.840169
1835829472,0.347159,-0.428562,-9.878476
1835830652,0.392649,-0.598550,-9.852140
1835831848,0.418985,-0.577003,-9.799467
1835833039,0.395043,-0.474052,-9.914390
1835834228,0.402226,-0.351948,-9.603143
1835835415,0.335188,-0.318429,-9.737218
1835836598,0.299275,-0.380678,-9.749189
1835837776,0.375890,-0.572214,-9.933543
1835838962,0.363919,-0.543484,-9.991004
1835840141,0.373495,-0.493206,-9.876082
1835841331,0.375890,-0.404620,-9.667787
1835842513,0.354342,-0.404620,-9.933543
1835843700,0.349553,-0.462081,-9.885659
1835844900,0.323217,-0.469264,-9.818622
1835846091,0.361524,-0.433351,-9.837775
1835847277,0.390255,-0.476446,-9.770737
1835848457,0.363919,-0.509965,-9.792285
1835849635,0.292093,-0.445322,-9.773131
1835850823,0.385466,-0.466869,-9.773131
1835852012,0.430956,-0.495600,-9.876082
1835853192,0.476446,-0.521936,-10.019734
1835854379,0.349553,-0.548272,-9.974244
1835855567,0.349553,-0.462081,-9.753978
1835856749,0.325611,-0.421380,-9.878476
1835857939,0.292093,-0.478840,-9.799467
1835859123,0.335188,-0.509965,-9.885659
1835860310,0.337582,-0.466869,-9.830592
1835861493,0.320823,-0.471658,-9.945514
1835862681,0.320823,-0.423774,-9.969456
1835863876,0.330400,-0.466869,-9.947908
1835865067,0.363919,-0.464475,-10.053253
1835866250,0.323217,-0.486023,-10.062830
1835867430,0.344765,-0.495600,-9.837775
1835868616,0.392649,-0.356736,-9.629479
1835869803,0.311246,-0.416591,-9.832987
1835870989,0.328006,-0.471658,-9.940725
1835872177,0.330400,-0.442927,-9.926360
1835873361,0.299275,-0.435745,-9.981427
1835874543,0.351948,-0.416591,-10.014946
1835875728,0.390255,-0.462081,-9.797073
1835876913,0.332794,-0.385466,-9.904813
1835878094,0.368707,-0.368707,-9.859323
1835879283,0.316035,-0.399832,-9.864111
1835880460,0.294487,-0.445322,-9.864111
1835881648,0.328006,-0.411803,-9.943120
1835882830,0.368707,-0.466869,-9.856929
1835884023,0.335188,-0.483629,-9.890448
1835885205,0.275333,-0.469264,-9.900024
1835886399,0.308852,-0.469264,-9.928755
1835887585,0.260968,-0.471658,-9.926360
1835888767,0.270545,-0.433351,-9.816227
1835889949,0.232238,-0.430956,-9.864111
1835891139,0.244209,-0.447716,-9.981427
1835892322,0.263362,-0.423774,-9.890448
1835893510,0.318429,-0.457293,-9.825804
1835894693,0.368707,-0.428562,-9.801862
1835895894,0.282516,-0.445322,-9.646238
1835897080,0.251391,-0.404620,-9.615114
1835898267,0.248997,-0.409408,-9.821015
1835899439,0.232238,-0.421380,-10.002975
1835900630,0.229843,-0.368707,-10.115502
1835901813,0.287304,-0.445322,-9.988609
1835902997,0.308852,-0.459687,-9.895236
1835904183,0.287304,-0.433351,-9.866506
1835905372,0.217872,-0.426168,-9.658210
1835906551,0.196325,-0.416591,-9.737218
1835907740,0.239420,-0.380678,-9.926360
1835908921,0.237026,-0.445322,-9.902418
1835910107,0.241814,-0.423774,-9.895236
1835911287,0.258574,-0.445322,-9.914390
1835912471,0.258574,-0.459687,-9.947908
1835913655,0.196325,-0.493206,-9.935937
1835914852,0.227449,-0.399832,-10.000581
1835916043,0.253785,-0.332794,-9.876082
1835917233,0.229843,-0.332794,-9.739613
1835918411,0.251391,-0.368707,-9.713276
1835919599,0.270545,-0.411803,-9.830592
1835920775,0.311246,-0.452504,-10.031705
1835921962,0.418985,-0.421380,-9.914390
1835923141,0.483629,-0.363919,-10.019734
1835924332,0.543484,-0.277727,-9.923966
1835925516,0.452504,-0.395043,-9.878476
1835926706,0.428562,-0.373495,-9.849746
1835927906,0.246603,-0.440533,-9.639056
1835929097,0.208296,-0.541090,-9.911995
1835930281,0.100556,-0.624887,-9.931149
1835931459,0.081403,-0.514753,-9.957485
1835932636,0.074220,-0.330400,-9.940725
1835933821,0.119710,-0.263362,-10.117896
1835935004,0.213084,-0.330400,-9.933543
1835936194,0.344765,-0.440533,-9.641450
1835937378,0.397437,-0.392649,-9.662998
1835938567,0.411803,-0.330400,-9.722853
1835939748,0.462081,-0.481235,-9.603143
1835940937,0.617704,-0.433351,-9.971850
1835942118,0.600945,-0.474052,-10.132261
1835943305,0.763750,-0.356736,-10.247183
1835944480,0.653617,-0.395043,-9.998186
1835945671,0.509965,-0.541090,-9.557653
1835946864,0.304064,-0.620098,-9.653421
1835948053,0.251391,-0.553061,-9.969456
1835949240,0.191536,-0.407014,-9.983821
1835950421,0.186748,-0.323217,-9.864111
1835951602,0.148441,-0.201113,-9.787497
1835952782,0.287304,-0.428562,-9.904813
1835953963,0.318429,-0.478840,-9.785102
1835955150,0.409408,-0.462081,-9.662998
1835956333,0.378284,-0.445322,-9.703699
1835957520,0.292093,-0.325611,-9.528923
1835958707,0.366313,-0.366313,-9.605537
1835959905,0.519542,-0.464475,-9.888053
1835961092,0.469264,-0.600945,-10.031705
1835962280,0.404620,-0.658405,-10.170568
1835963456,0.323217,-0.562637,-10.160992
1835964638,0.294487,-0.476446,-10.048465
1835965822,0.277727,-0.356736,-9.595961
1835967015,0.248997,-0.373495,-9.447520
1835968197,0.344765,-0.306458,-9.418790
1835969387,0.375890,-0.282516,-9.670180
1835970564,0.421380,-0.407014,-9.813833
1835971748,0.397437,-0.445322,-9.830592
1835972934,0.308852,-0.459687,-10.127473
1835974121,0.320823,-0.476446,-9.935937
1835975303,0.287304,-0.567426,-9.799467
1835976491,0.347159,-0.620098,-9.878476
1835977672,0.316035,-0.598550,-10.029311
1835978871,0.339977,-0.435745,-9.885659
1835980060,0.306458,-0.497994,-9.804255
1835981244,0.323217,-0.481235,-9.780313
1835982426,0.299275,-0.438139,-9.785102
1835983617,0.277727,-0.471658,-9.816227
1835984799,0.265756,-0.512359,-9.744401
1835985989,0.292093,-0.457293,-9.615114
1835987169,0.339977,-0.512359,-9.665392
1835988359,0.330400,-0.481235,-9.801862
1835989534,0.371101,-0.447716,-9.856929
1835990733,0.371101,-0.562637,-9.981427
1835991914,0.330400,-0.598550,-9.998186
1835993097,0.349553,-0.591368,-10.050858
1835994283,0.366313,-0.545878,-10.031705
1835995464,0.409408,-0.445322,-10.038888
1835996642,0.426168,-0.495600,-10.029311
1835997826,0.514753,-0.486023,-9.770737
1835999014,0.395043,-0.483629,-9.725247
1836000201,0.332794,-0.531513,-9.502586
1836001391,0.349553,-0.660800,-9.876082
1836002573,0.258574,-0.706290,-9.991004
1836003749,0.222661,-0.593762,-9.746795
1836004940,0.169988,-0.481235,-9.770737
1836006119,0.122104,-0.411803,-9.840169
1836007302,0.210690,-0.469264,-9.933543
1836008490,0.260968,-0.603339,-9.976639
1836009682,0.258574,-0.615310,-10.177752
1836010877,0.287304,-0.569820,-10.058042
1836012069,0.217872,-0.536301,-10.055647
1836013251,0.237026,-0.476446,-9.921572
1836014443,0.280122,-0.409408,-9.840169
1836015617,0.272939,-0.481235,-10.034100
1836016803,0.313640,-0.658405,-10.187328
1836017986,0.256180,-0.533907,-9.950302
1836019171,0.268151,-0.445322,-9.785102
1836020356,0.265756,-0.466869,-9.799467
1836021540,0.287304,-0.495600,-9.955091
1836022721,0.304064,-0.526724,-10.034100
1836023910,0.294487,-0.517148,-9.935937
1836025092,0.316035,-0.553061,-9.964667
1836026281,0.237026,-0.586579,-9.957485
1836027457,0.229843,-0.526724,-9.943120
1836028640,0.229843,-0.529119,-9.868899
1836029824,0.272939,-0.555455,-9.895236
1836031015,0.294487,-0.569820,-10.067618
1836032197,0.241814,-0.565032,-10.067618
1836033387,0.277727,-0.500388,-9.919178
1836034565,0.270545,-0.560243,-9.955091
1836035750,0.292093,-0.634463,-9.849746
1836036935,0.241814,-0.538695,-9.758766
1836038126,0.229843,-0.557849,-9.667787
1836039309,0.323217,-0.517148,-9.689334
1836040497,0.306458,-0.550666,-9.674969
1836041680,0.311246,-0.512359,-9.662998
1836042878,0.316035,-0.462081,-9.823410
1836044066,0.349553,-0.519542,-9.935937
1836045253,0.311246,-0.519542,-10.074800
1836046428,0.299275,-0.581791,-10.060435
1836047620,0.323217,-0.531513,-10.081984
1836048799,0.359130,-0.512359,-10.127473
1836049990,0.270545,-0.505177,-10.084377
1836051175,0.337582,-0.505177,-9.955091
1836052364,0.311246,-0.497994,-9.856929
1836053548,0.313640,-0.474052,-9.868899
1836054737,0.363919,-0.512359,-9.892841
1836055917,0.397437,-0.421380,-9.804255
1836057103,0.335188,-0.418985,-9.830592
1836058290,0.347159,-0.481235,-9.888053
1836059477,0.375890,-0.447716,-9.957485
1836060655,0.335188,-0.459687,-9.974244
1836061854,0.316035,-0.490811,-10.005369
1836063044,0.294487,-0.548272,-9.986216
1836064235,0.318429,-0.514753,-9.981427
1836065412,0.287304,-0.514753,-9.940725
1836066599,0.287304,-0.490811,-9.974244
1836067777,0.292093,-0.452504,-9.904813
1836068959,0.347159,-0.390255,-9.825804
1836070139,0.375890,-0.392649,-9.811439
1836071329,0.383072,-0.454898,-9.775525
1836072512,0.375890,-0.435745,-9.866506
1836073700,0.368707,-0.407014,-9.964667
1836074896,0.308852,-0.478840,-9.883265
1836076085,0.318429,-0.452504,-9.785102
1836077267,0.270545,-0.428562,-9.787497
1836078448,0.335188,-0.337582,-9.751583
1836079633,0.385466,-0.301669,-9.660604
1836080819,0.289698,-0.359130,-9.701305
1836082000,0.265756,-0.399832,-9.770737
1836083190,0.256180,-0.375890,-9.662998
1836084374,0.351948,-0.351948,-9.701305
1836085557,0.378284,-0.366313,-9.737218
1836086742,0.304064,-0.390255,-9.567230
1836087924,0.299275,-0.435745,-9.524135
1836089104,0.260968,-0.349553,-9.562442
1836090296,0.239420,-0.304064,-9.490616
1836091476,0.289698,-0.234632,-9.593566
1836092663,0.294487,-0.275333,-9.684546
1836093858,0.268151,-0.313640,-9.636662
1836095053,0.301669,-0.260968,-9.763555
1836096240,0.277727,-0.289698,-9.701305
1836097431,0.237026,-0.270545,-9.612720
1836098616,0.251391,-0.287304,-9.691729
1836099802,0.275333,-0.311246,-9.686940
1836100985,0.237026,-0.308852,-9.612720
1836102170,0.268151,-0.301669,-9.648633
1836103355,0.225055,-0.330400,-9.725247
1836104534,0.244209,-0.282516,-9.651027
1836105728,0.263362,-0.320823,-9.646238
1836106915,0.306458,-0.265756,-9.658210
1836108097,0.282516,-0.342371,-9.710882
1836109287,0.265756,-0.351948,-9.789890
1836110469,0.277727,-0.335188,-9.792285
1836111655,0.294487,-0.292093,-9.801862
1836112847,0.284910,-0.265756,-9.777920
1836114043,0.311246,-0.330400,-9.955091
1836115226,0.308852,-0.320823,-9.976639
1836116407,0.265756,-0.339977,-9.856929
1836117591,0.320823,-0.356736,-9.854534
1836118774,0.342371,-0.325611,-9.962274
1836119957,0.354342,-0.330400,-9.964667
1836121144,0.344765,-0.411803,-9.864111
1836122330,0.390255,-0.342371,-9.938332
1836123518,0.423774,-0.304064,-9.964667
1836124704,0.414197,-0.304064,-9.955091
1836125907,0.442927,-0.318429,-9.986216
1836127095,0.407014,-0.402226,-9.916783
1836128283,0.414197,-0.371101,-10.055647
1836129460,0.421380,-0.387861,-10.113108
1836130643,0.380678,-0.385466,-10.014946
1836131826,0.423774,-0.380678,-9.931149
1836133019,0.387861,-0.392649,-10.014946
1836134199,0.428562,-0.418985,-9.914390
1836135394,0.469264,-0.385466,-9.940725
1836136572,0.428562,-0.339977,-9.837775
1836137758,0.392649,-0.402226,-9.823410
1836138945,0.397437,-0.356736,-9.835381
1836140135,0.392649,-0.452504,-9.868899
1836141318,0.361524,-0.447716,-9.880871
1836142505,0.368707,-0.407014,-9.864111
1836143687,0.347159,-0.426168,-9.773131
1836144884,0.347159,-0.433351,-9.854534
1836146073,0.347159,-0.409408,-9.962274
1836147259,0.395043,-0.457293,-9.907207
1836148435,0.351948,-0.457293,-9.849746
1836149628,0.296881,-0.423774,-9.988609
1836150811,0.325611,-0.430956,-10.014946
1836152003,0.308852,-0.450110,-9.976639
1836153187,0.325611,-0.481235,-9.866506
1836154377,0.296881,-0.488417,-9.878476
1836155556,0.335188,-0.469264,-9.801862
1836156745,0.349553,-0.483629,-9.823410
1836157928,0.318429,-0.464475,-9.888053
1836159114,0.356736,-0.509965,-9.888053
1836160296,0.339977,-0.521936,-9.945514
1836161489,0.282516,-0.483629,-9.943120
1836162671,0.280122,-0.497994,-10.043676
1836163870,0.292093,-0.459687,-10.050858
1836165058,0.248997,-0.481235,-9.971850
1836166244,0.359130,-0.471658,-10.019734
1836167420,0.375890,-0.512359,-10.062830
1836168606,0.359130,-0.505177,-10.105926
1836169783,0.397437,-0.507571,-10.050858
1836170970,0.426168,-0.488417,-10.026917
1836172152,0.323217,-0.524330,-9.900024
1836173345,0.380678,-0.531513,-9.878476
1836174529,0.409408,-0.519542,-10.043676
1836175725,0.442927,-0.524330,-9.979033
1836176911,0.423774,-0.490811,-9.964667
1836178096,0.373495,-0.495600,-10.007763
1836179280,0.450110,-0.565032,-9.957485
1836180460,0.450110,-0.569820,-9.933543
1836181637,0.385466,-0.610521,-9.947908
1836182824,0.433351,-0.569820,-9.911995
1836184012,0.423774,-0.577003,-9.844957
1836185199,0.354342,-0.533907,-9.904813
1836186381,0.363919,-0.517148,-9.888053
1836187568,0.416591,-0.541090,-9.911995
1836188749,0.368707,-0.490811,-9.837775
1836189939,0.392649,-0.464475,-9.876082
1836191118,0.320823,-0.591368,-9.847352
1836192305,0.371101,-0.541090,-9.799467
1836193481,0.390255,-0.593762,-9.876082
1836194666,0.397437,-0.629675,-9.885659
1836195862,0.308852,-0.572214,-9.789890
1836197059,0.320823,-0.538695,-9.751583
1836198239,0.306458,-0.572214,-9.847352
1836199431,0.277727,-0.567426,-9.727641
1836200610,0.280122,-0.548272,-9.715671
1836201796,0.320823,-0.553061,-9.823410
1836202980,0.248997,-0.550666,-9.768343
1836204167,0.260968,-0.569820,-9.794679
1836205352,0.263362,-0.569820,-9.780313
1836206542,0.270545,-0.529119,-9.785102
1836207726,0.248997,-0.502782,-9.765948
1836208913,0.263362,-0.524330,-9.720459
1836210093,0.287304,-0.610521,-9.890448
1836211281,0.220267,-0.565032,-9.801862
1836212456,0.244209,-0.572214,-9.775525
1836213639,0.263362,-0.497994,-9.770737
1836214823,0.186748,-0.495600,-9.739613
1836216012,0.241814,-0.533907,-9.871294
1836217192,0.332794,-0.526724,-9.794679
1836218383,0.280122,-0.507571,-9.777920
1836219565,0.237026,-0.560243,-9.789890
1836220750,0.227449,-0.505177,-9.773131
1836221935,0.234632,-0.478840,-9.792285
1836223122,0.313640,-0.447716,-9.751583
1836224304,0.339977,-0.517148,-9.861717
1836225493,0.335188,-0.560243,-9.801862
1836226675,0.323217,-0.517148,-9.806650
1836227874,0.222661,-0.414197,-9.667787
1836229063,0.316035,-0.555455,-9.907207
1836230248,0.387861,-0.581791,-10.002975
1836231424,0.385466,-0.517148,-9.732430
1836232612,0.471658,-0.385466,-9.806650
1836233793,0.497994,-0.428562,-9.907207
1836234983,0.541090,-0.560243,-10.034100
1836236162,0.409408,-0.512359,-9.809045
1836237350,0.354342,-0.488417,-9.890448
1836238537,0.339977,-0.497994,-9.629479
1836239737,0.380678,-0.598550,-9.703699
1836240918,0.409408,-0.550666,-9.739613
1836242103,0.351948,-0.438139,-9.607931
1836243290,0.371101,-0.452504,-10.036493
1836244477,0.328006,-0.445322,-9.959879
1836245662,0.344765,-0.450110,-9.868899
1836246857,0.332794,-0.442927,-9.859323
1836248051,0.332794,-0.531513,-9.868899
1836249243,0.371101,-0.505177,-9.713276
1836250429,0.325611,-0.447716,-9.832987
1836251621,0.390255,-0.474052,-9.873688
1836252802,0.380678,-0.500388,-9.842564
1836253991,0.313640,-0.507571,-9.670180
1836255171,0.325611,-0.337582,-9.900024
1836256359,0.359130,-0.438139,-10.017340
1836257540,0.445322,-0.656011,-10.388441
1836258730,0.411803,-0.557849,-10.060435
1836259912,0.339977,-0.407014,-9.500193
1836261095,0.457293,-0.418985,-9.466674
1836262281,0.306458,-0.373495,-9.883265
1836263462,0.282516,-0.481235,-9.727641
1836264641,0.347159,-0.478840,-9.945514
1836265828,0.363919,-0.416591,-10.072407
1836267017,0.282516,-0.344765,-9.713276
1836268204,0.344765,-0.378284,-9.576807
1836269395,0.375890,-0.397437,-9.785102
1836270580,0.378284,-0.488417,-9.706094
1836271756,0.375890,-0.476446,-10.134656
1836272949,0.246603,-0.344765,-9.825804
1836274131,0.289698,-0.292093,-9.574412
1836275318,0.318429,-0.469264,-9.844957
1836276502,0.397437,-0.486023,-10.115502
1836277689,0.459687,-0.418985,-10.024523
1836278888,0.361524,-0.474052,-10.012551
1836280079,0.375890,-0.399832,-9.866506
1836281260,0.383072,-0.383072,-9.806650
1836282440,0.390255,-0.464475,-9.622296
1836283622,0.452504,-0.392649,-9.806650
1836284807,0.433351,-0.361524,-9.787497
1836285994,0.363919,-0.390255,-9.636662
1836287185,0.328006,-0.316035,-9.449914
1836288365,0.404620,-0.325611,-9.821015
1836289551,0.359130,-0.351948,-9.773131
1836290735,0.385466,-0.339977,-9.880871
1836291922,0.402226,-0.380678,-10.101137
1836293104,0.361524,-0.395043,-9.933543
1836294296,0.418985,-0.486023,-9.832987
1836295478,0.318429,-0.426168,-9.562442
1836296662,0.433351,-0.339977,-9.679757
1836297857,0.433351,-0.368707,-10.077195
1836299055,0.344765,-0.438139,-9.892841
1836300243,0.375890,-0.507571,-10.098742
1836301423,0.222661,-0.268151,-9.830592
1836302606,0.339977,-0.335188,-9.545682
1836303793,0.404620,-0.483629,-9.931149
1836304974,0.378284,-0.375890,-10.271125
1836306162,0.280122,-0.433351,-9.746795
1836307347,0.268151,-0.371101,-10.127473
1836308539,0.246603,-0.378284,-9.909601
1836309728,0.335188,-0.445322,-9.643845
1836310915,0.294487,-0.466869,-10.079589
1836312094,0.270545,-0.435745,-10.297462
1836313285,0.318429,-0.476446,-9.825804
1836314461,0.196325,-0.423774,-10.012551
1836315650,0.301669,-0.450110,-9.727641
1836316832,0.363919,-0.418985,-9.603143
1836318025,0.258574,-0.531513,-9.797073
1836319207,0.237026,-0.502782,-10.022128
1836320388,0.292093,-0.344765,-9.957485
1836321575,0.253785,-0.438139,-9.804255
1836322763,0.328006,-0.550666,-9.923966
1836323949,0.299275,-0.418985,-10.053253
1836325139,0.181959,-0.445322,-9.722853
1836326319,0.265756,-0.541090,-10.053253
1836327504,0.201113,-0.572214,-10.048465
1836328687,0.260968,-0.596156,-9.878476
1836329890,0.246603,-0.457293,-9.849746
1836331077,0.256180,-0.423774,-9.916783
1836332264,0.260968,-0.488417,-10.074800
1836333440,0.229843,-0.464475,-9.871294
1836334631,0.263362,-0.464475,-9.933543
1836335815,0.313640,-0.533907,-9.916783
1836337000,0.356736,-0.495600,-9.873688
1836338185,0.234632,-0.462081,-9.773131
1836339374,0.287304,-0.466869,-9.849746
1836340553,0.268151,-0.524330,-9.926360
1836341741,0.292093,-0.538695,-10.050858
1836342923,0.260968,-0.471658,-9.890448
1836344109,0.263362,-0.541090,-9.933543
1836345289,0.284910,-0.483629,-9.818622
1836346476,0.282516,-0.483629,-9.852140
1836347654,0.306458,-0.629675,-9.890448
1836348851,0.292093,-0.639252,-10.010158
1836350042,0.292093,-0.500388,-10.017340
1836351230,0.277727,-0.438139,-9.646238
1836352410,0.282516,-0.517148,-10.079589
1836353598,0.277727,-0.536301,-9.911995
1836354777,0.237026,-0.490811,-9.662998
1836355962,0.268151,-0.495600,-9.955091
1836357142,0.275333,-0.462081,-10.050858
1836358331,0.306458,-0.445322,-9.806650
1836359513,0.306458,-0.524330,-9.916783
1836360695,0.337582,-0.478840,-9.919178
1836361893,0.332794,-0.502782,-9.713276
1836363083,0.296881,-0.526724,-9.844957
1836364266,0.306458,-0.531513,-9.979033
1836365447,0.349553,-0.481235,-9.797073
1836366623,0.328006,-0.514753,-9.797073
1836367805,0.351948,-0.457293,-9.809045
1836368990,0.404620,-0.428562,-9.873688
1836370179,0.433351,-0.416591,-9.959879
1836371362,0.354342,-0.457293,-9.749189
1836372544,0.313640,-0.450110,-9.588778
1836373727,0.351948,-0.440533,-9.701305
1836374910,0.325611,-0.435745,-9.816227
1836376098,0.344765,-0.387861,-9.885659
1836377289,0.371101,-0.411803,-9.957485
1836378471,0.258574,-0.447716,-9.895236
1836379654,0.361524,-0.454898,-9.780313
1836380847,0.387861,-0.390255,-9.792285
1836382043,0.318429,-0.392649,-9.617508
1836383229,0.378284,-0.462081,-9.809045
1836384409,0.301669,-0.354342,-9.686940
1836385587,0.251391,-0.411803,-9.500193
1836386768,0.270545,-0.450110,-9.658210
1836387947,0.361524,-0.464475,-9.816227
1836389139,0.407014,-0.466869,-9.761160
1836390323,0.351948,-0.471658,-9.660604
1836391511,0.287304,-0.409408,-9.787497
1836392693,0.335188,-0.438139,-9.591172
1836393895,0.272939,-0.433351,-9.655815
1836395081,0.256180,-0.416591,-9.832987
1836396268,0.270545,-0.414197,-9.852140
1836397444,0.308852,-0.421380,-9.878476
1836398624,0.320823,-0.416591,-9.804255
1836399805,0.248997,-0.378284,-9.856929
1836400998,0.268151,-0.426168,-9.859323
1836402184,0.292093,-0.442927,-9.861717
1836403374,0.299275,-0.366313,-9.892841
1836404553,0.347159,-0.423774,-9.794679
1836405743,0.289698,-0.445322,-9.842564
1836406923,0.260968,-0.466869,-9.921572
1836408110,0.292093,-0.356736,-9.883265
1836409287,0.335188,-0.332794,-9.761160
1836410474,0.227449,-0.426168,-9.871294
1836411661,0.263362,-0.440533,-9.871294
1836412859,0.270545,-0.359130,-9.761160
1836414051,0.311246,-0.328006,-9.770737
1836415240,0.275333,-0.411803,-9.976639
1836416416,0.328006,-0.447716,-9.763555
1836417603,0.335188,-0.399832,-9.835381
1836418781,0.373495,-0.313640,-10.034100
1836419967,0.299275,-0.421380,-9.931149
1836421149,0.387861,-0.476446,-9.897630
1836422339,0.363919,-0.395043,-9.878476
1836423522,0.390255,-0.421380,-9.876082
1836424712,0.402226,-0.397437,-10.043676
1836425902,0.351948,-0.409408,-9.998186
1836427092,0.418985,-0.387861,-9.962274
1836428278,0.385466,-0.368707,-9.902418
1836429453,0.426168,-0.505177,-9.878476
1836430630,0.407014,-0.462081,-9.900024
1836431814,0.378284,-0.409408,-9.900024
1836432992,0.385466,-0.421380,-9.950302
1836434181,0.435745,-0.457293,-9.938332
1836435367,0.454898,-0.447716,-9.900024
1836436547,0.392649,-0.452504,-9.923966
1836437731,0.359130,-0.397437,-9.952697
1836438918,0.323217,-0.469264,-9.981427
1836440101,0.294487,-0.462081,-9.940725
1836441292,0.330400,-0.421380,-9.950302
1836442471,0.311246,-0.471658,-10.014946
1836443663,0.349553,-0.500388,-9.931149
1836444855,0.373495,-0.507571,-9.962274
1836446051,0.375890,-0.428562,-10.005369
1836447234,0.368707,-0.469264,-9.988609
1836448414,0.380678,-0.447716,-10.043676
1836449597,0.265756,-0.495600,-9.983821
1836450780,0.287304,-0.483629,-9.935937
1836451962,0.380678,-0.500388,-9.983821
1836453146,0.339977,-0.433351,-9.900024
1836454330,0.287304,-0.457293,-9.878476
1836455515,0.268151,-0.478840,-9.979033
1836456697,0.292093,-0.476446,-10.005369
1836457897,0.311246,-0.466869,-9.986216
1836459083,0.323217,-0.509965,-9.976639
1836460269,0.330400,-0.490811,-9.926360
1836461443,0.368707,-0.529119,-9.947908
1836462624,0.349553,-0.462081,-10.010158
1836463805,0.258574,-0.483629,-9.971850
1836464995,0.284910,-0.450110,-9.971850
1836466178,0.287304,-0.486023,-9.945514
1836467368,0.313640,-0.478840,-9.914390
1836468543,0.311246,-0.471658,-9.732430
1836469732,0.347159,-0.478840,-9.801862
1836470914,0.342371,-0.519542,-9.895236
1836472099,0.308852,-0.464475,-9.962274
1836473284,0.292093,-0.414197,-9.919178
1836474472,0.306458,-0.450110,-9.952697
1836475649,0.304064,-0.450110,-9.813833
1836476838,0.306458,-0.476446,-9.734824
1836478026,0.287304,-0.450110,-9.730036
1836479210,0.304064,-0.447716,-9.722853
1836480390,0.292093,-0.486023,-9.739613
1836481580,0.272939,-0.495600,-9.787497
1836482761,0.282516,-0.481235,-9.749189
1836483954,0.272939,-0.452504,-9.835381
1836485141,0.313640,-0.497994,-9.943120
1836486330,0.330400,-0.553061,-9.943120
1836487511,0.292093,-0.490811,-9.983821
1836488695,0.263362,-0.481235,-9.904813
1836489893,0.253785,-0.466869,-9.840169
1836491083,0.294487,-0.507571,-9.880871
1836492259,0.337582,-0.507571,-9.828198
1836493441,0.280122,-0.507571,-9.837775
1836494622,0.292093,-0.488417,-9.813833
1836495808,0.277727,-0.488417,-9.751583
1836496995,0.280122,-0.502782,-9.746795
1836498184,0.339977,-0.512359,-9.849746
1836499370,0.294487,-0.466869,-9.832987
1836500554,0.294487,-0.483629,-9.837775
1836501739,0.318429,-0.469264,-9.859323
1836502926,0.320823,-0.481235,-9.928755
1836504108,0.253785,-0.488417,-9.907207
1836505297,0.306458,-0.524330,-9.849746
1836506476,0.294487,-0.497994,-9.706094
1836507658,0.339977,-0.474052,-9.888053
1836508850,0.318429,-0.481235,-9.785102
1836510046,0.229843,-0.493206,-9.864111
1836511231,0.227449,-0.488417,-9.856929
1836512421,0.222661,-0.531513,-9.871294
1836513600,0.196325,-0.488417,-9.919178
1836514784,0.217872,-0.512359,-9.885659
1836515966,0.287304,-0.483629,-9.873688
1836517153,0.292093,-0.474052,-9.809045
1836518337,0.263362,-0.529119,-9.854534
1836519522,0.282516,-0.490811,-9.926360
1836520708,0.306458,-0.418985,-9.897630
1836521910,0.344765,-0.469264,-9.770737
1836523098,0.284910,-0.497994,-9.785102
1836524287,0.323217,-0.476446,-9.761160
1836525470,0.217872,-0.474052,-9.708488
1836526652,0.265756,-0.502782,-9.734824
1836527837,0.220267,-0.514753,-9.708488
1836529030,0.256180,-0.500388,-9.737218
1836530210,0.268151,-0.399832,-9.794679
1836531401,0.280122,-0.445322,-9.789890
1836532582,0.311246,-0.452504,-9.763555
1836533763,0.299275,-0.454898,-9.785102
1836534950,0.339977,-0.495600,-9.770737
1836536139,0.263362,-0.464475,-9.804255
1836537324,0.282516,-0.488417,-9.811439
1836538513,0.258574,-0.445322,-9.787497
1836539697,0.205901,-0.385466,-9.832987
1836540899,0.277727,-0.428562,-9.828198
1836542085,0.270545,-0.507571,-9.861717
1836543268,0.284910,-0.488417,-9.959879
1836544441,0.277727,-0.464475,-9.926360
1836545633,0.292093,-0.409408,-9.895236
1836546815,0.270545,-0.438139,-9.856929
1836548000,0.339977,-0.385466,-9.883265
1836549183,0.301669,-0.402226,-9.890448
1836550369,0.299275,-0.469264,-9.883265
1836551553,0.306458,-0.385466,-9.902418
1836552741,0.292093,-0.486023,-9.897630
1836553921,0.292093,-0.428562,-9.864111
1836555108,0.265756,-0.407014,-9.847352
1836556295,0.308852,-0.440533,-9.770737
1836557480,0.289698,-0.411803,-9.806650
1836558657,0.287304,-0.390255,-9.852140
1836559853,0.320823,-0.402226,-9.832987
1836561044,0.272939,-0.387861,-9.904813
1836562234,0.342371,-0.383072,-9.900024
1836563409,0.392649,-0.390255,-9.868899
1836564597,0.368707,-0.409408,-9.909601
1836565773,0.339977,-0.375890,-9.895236
1836566959,0.299275,-0.426168,-9.904813
1836568146,0.390255,-0.411803,-9.897630
1836569335,0.363919,-0.390255,-9.837775
1836570516,0.385466,-0.354342,-9.816227
1836571707,0.335188,-0.421380,-9.794679
1836572907,0.351948,-0.385466,-9.837775
1836574098,0.347159,-0.428562,-9.866506
1836575284,0.323217,-0.395043,-9.837775
1836576471,0.289698,-0.351948,-9.897630
1836577654,0.337582,-0.359130,-9.852140
1836578851,0.375890,-0.361524,-9.864111
1836580043,0.342371,-0.363919,-9.916783
1836581231,0.373495,-0.421380,-9.962274
1836582407,0.335188,-0.407014,-9.840169
1836583592,0.349553,-0.435745,-9.871294
1836584771,0.328006,-0.395043,-9.933543
1836585956,0.277727,-0.332794,-9.947908
1836587144,0.294487,-0.354342,-9.950302
1836588333,0.299275,-0.399832,-9.864111
1836589517,0.270545,-0.435745,-9.876082
1836590708,0.380678,-0.363919,-9.780313
1836591907,0.356736,-0.407014,-9.900024
1836593094,0.318429,-0.423774,-9.852140
1836594279,0.380678,-0.474052,-9.907207
1836595458,0.409408,-0.486023,-9.943120
1836596633,0.373495,-0.452504,-9.902418
1836597820,0.328006,-0.457293,-9.823410
1836599001,0.268151,-0.464475,-9.835381
1836600189,0.378284,-0.459687,-9.916783
1836601375,0.368707,-0.430956,-9.943120
1836602554,0.380678,-0.407014,-9.900024
1836603735,0.409408,-0.421380,-9.909601
1836604919,0.363919,-0.440533,-9.876082
1836606101,0.363919,-0.397437,-9.880871
1836607291,0.387861,-0.438139,-9.763555
1836612517,0.301669,-0.383072,-9.892841
1836613707,0.452504,-0.543484,-10.038888
1836614907,0.414197,-0.490811,-9.792285
1836616098,0.438139,-0.440533,-9.837775
1836617283,0.411803,-0.342371,-10.108319
1836618469,0.426168,-0.411803,-10.038888
1836619645,0.442927,-0.471658,-9.923966
1836620833,0.299275,-0.495600,-9.713276
1836622021,0.313640,-0.565032,-9.737218
1836623207,0.251391,-0.457293,-9.888053
1836624398,0.143652,-0.351948,-9.852140
1836625584,0.270545,-0.395043,-9.938332
1836626760,0.672771,-0.418985,-10.235212
1836627952,0.502782,-0.691924,-9.708488
1836629134,0.433351,-0.689530,-10.117896
1836630325,0.483629,-0.646434,-10.182540
1836631509,0.457293,-0.483629,-9.411607
1836632697,0.469264,-0.591368,-8.748413
1836633896,0.423774,-0.507571,-10.275913
1836635086,0.363919,-0.428562,-9.373300
1836636268,0.375890,-0.385466,-9.397242
1836637449,0.349553,-0.318429,-9.605537
1836638625,0.395043,-0.390255,-9.567230
1836639812,0.404620,-0.459687,-9.734824
1836640999,0.390255,-0.529119,-9.830592
1836642188,0.457293,-0.502782,-9.868899
1836643371,0.497994,-0.524330,-9.979033
1836644558,0.387861,-0.529119,-9.749189
1836645743,0.418985,-0.397437,-9.761160
1836646933,0.442927,-0.610521,-9.976639
1836648113,0.474052,-0.624887,-10.156203
1836649298,0.421380,-0.505177,-10.081984
1836650480,0.380678,-0.452504,-9.971850
1836651665,0.368707,-0.445322,-9.763555
1836652855,0.387861,-0.411803,-9.825804
1836654050,0.411803,-0.502782,-9.775525
1836655235,0.397437,-0.514753,-9.579201
1836656416,0.354342,-0.466869,-9.483433
1836657600,0.320823,-0.514753,-9.583989
1836658783,0.366313,-0.505177,-9.923966
1836659965,0.296881,-0.512359,-10.108319
1836661153,0.354342,-0.478840,-10.081984
1836662339,0.275333,-0.474052,-10.079589
1836663527,0.282516,-0.529119,-9.911995
1836664714,0.328006,-0.526724,-9.952697
1836665910,0.304064,-0.430956,-10.086772
1836667096,0.270545,-0.462081,-9.983821
1836668285,0.275333,-0.476446,-9.871294
1836669462,0.256180,-0.505177,-9.868899
1836670644,0.337582,-0.466869,-9.981427
1836671828,0.301669,-0.500388,-10.031705
1836673019,0.248997,-0.493206,-9.952697
1836674201,0.280122,-0.481235,-9.890448
1836675394,0.306458,-0.502782,-9.883265
1836676575,0.304064,-0.557849,-9.835381
1836677760,0.342371,-0.500388,-9.868899
1836678947,0.363919,-0.509965,-9.909601
1836680135,0.354342,-0.529119,-9.830592
1836681317,0.378284,-0.507571,-9.856929
1836682505,0.354342,-0.495600,-9.823410
1836683687,0.368707,-0.490811,-9.830592
1836684885,0.316035,-0.404620,-9.914390
1836686071,0.308852,-0.402226,-9.844957
1836687257,0.335188,-0.421380,-9.935937
1836688435,0.335188,-0.430956,-9.955091
1836689620,0.304064,-0.404620,-10.005369
1836690799,0.225055,-0.493206,-9.926360
1836691988,0.227449,-0.497994,-9.837775
1836693171,0.299275,-0.433351,-9.859323
1836694362,0.292093,-0.481235,-9.890448
1836695538,0.316035,-0.483629,-9.895236
1836696737,0.306458,-0.476446,-9.892841
1836697919,0.292093,-0.526724,-9.773131
1836699106,0.215478,-0.517148,-9.933543
1836700293,0.148441,-0.500388,-9.967062
1836701479,0.227449,-0.421380,-9.995792
1836702657,0.225055,-0.399832,-10.072407
1836703854,0.232238,-0.433351,-9.974244
1836705046,0.246603,-0.435745,-9.952697
1836706237,0.237026,-0.392649,-9.955091
1836707412,0.260968,-0.383072,-9.919178
1836708597,0.268151,-0.366313,-9.952697
1836709776,0.246603,-0.387861,-9.852140
1836710962,0.277727,-0.478840,-9.914390
1836712148,0.229843,-0.457293,-9.967062
1836713338,0.253785,-0.418985,-10.007763
1836714522,0.263362,-0.435745,-10.029311
1836715711,0.272939,-0.440533,-9.967062
1836716903,0.251391,-0.442927,-9.897630
1836718093,0.260968,-0.397437,-9.921572
1836719279,0.292093,-0.395043,-9.861717
1836720459,0.263362,-0.375890,-9.861717
1836721637,0.217872,-0.373495,-9.844957
1836722826,0.203507,-0.395043,-9.895236
1836724013,0.282516,-0.421380,-9.840169
1836725197,0.244209,-0.433351,-9.900024
1836726381,0.270545,-0.402226,-9.844957
1836727563,0.260968,-0.380678,-9.873688
1836728747,0.256180,-0.354342,-9.811439
1836729937,0.282516,-0.392649,-9.830592
1836731116,0.308852,-0.347159,-9.813833
1836732303,0.318429,-0.383072,-9.840169
1836733491,0.308852,-0.347159,-9.749189
1836734677,0.301669,-0.380678,-9.722853
1836735871,0.284910,-0.380678,-9.742006
1836737062,0.225055,-0.368707,-9.756371
1836738242,0.189142,-0.335188,-9.804255
1836739433,0.260968,-0.337582,-9.753978
1836740612,0.282516,-0.335188,-9.753978
1836741799,0.263362,-0.395043,-9.689334
1836742984,0.287304,-0.383072,-9.844957
1836744170,0.251391,-0.304064,-9.797073
1836745354,0.217872,-0.347159,-9.749189
1836746546,0.253785,-0.335188,-9.698911
1836747731,0.296881,-0.351948,-9.718064
1836748918,0.237026,-0.328006,-9.761160
1836750097,0.251391,-0.397437,-9.744401
1836751287,0.239420,-0.397437,-9.806650
1836752462,0.282516,-0.399832,-9.804255
1836753645,0.289698,-0.387861,-9.792285
1836754826,0.373495,-0.411803,-9.785102
1836756018,0.299275,-0.287304,-9.770737
1836757200,0.335188,-0.351948,-9.617508
1836758390,0.296881,-0.411803,-9.641450
1836759568,0.308852,-0.414197,-9.775525
1836760754,0.328006,-0.397437,-9.775525
1836761939,0.282516,-0.407014,-9.825804
1836763124,0.296881,-0.404620,-9.761160
1836764302,0.275333,-0.392649,-9.782708
1836765495,0.363919,-0.392649,-9.828198
1836766679,0.337582,-0.395043,-9.806650
1836767877,0.272939,-0.395043,-9.816227
1836769065,0.263362,-0.395043,-9.825804
1836770252,0.270545,-0.383072,-9.823410
1836771426,0.375890,-0.402226,-9.797073
1836772613,0.330400,-0.464475,-9.698911
1836773790,0.292093,-0.433351,-9.770737
1836774976,0.277727,-0.440533,-9.799467
1836776158,0.232238,-0.414197,-9.818622
1836777354,0.306458,-0.445322,-9.816227
1836778541,0.342371,-0.454898,-9.789890
1836779740,0.349553,-0.486023,-9.761160
1836780922,0.368707,-0.476446,-9.830592
1836782107,0.373495,-0.471658,-9.832987
1836783295,0.378284,-0.464475,-9.821015
1836784482,0.335188,-0.490811,-9.811439
1836785664,0.318429,-0.464475,-9.854534
1836786864,0.306458,-0.493206,-9.856929
1836788056,0.237026,-0.447716,-9.854534
1836789248,0.210690,-0.409408,-9.852140
1836790428,0.227449,-0.450110,-9.883265
1836791615,0.237026,-0.469264,-9.919178
1836792796,0.241814,-0.490811,-9.902418
1836793983,0.284910,-0.526724,-9.897630
1836795165,0.277727,-0.524330,-9.931149
1836796355,0.265756,-0.507571,-9.878476
1836797541,0.282516,-0.507571,-9.888053
1836798740,0.263362,-0.524330,-9.799467
1836799922,0.287304,-0.550666,-9.916783
1836801108,0.282516,-0.457293,-9.888053
1836802295,0.311246,-0.490811,-10.029311
1836803482,0.253785,-0.557849,-10.139444
1836804665,0.229843,-0.512359,-10.060435
1836805864,0.196325,-0.507571,-9.885659
1836807052,0.270545,-0.536301,-9.883265
1836808241,0.275333,-0.560243,-9.916783
1836809428,0.323217,-0.529119,-10.014946
1836810612,0.282516,-0.560243,-9.981427
1836811790,0.282516,-0.572214,-9.928755
1836812977,0.292093,-0.509965,-9.998186
1836814159,0.275333,-0.509965,-9.962274
1836815354,0.287304,-0.509965,-9.923966
1836816540,0.296881,-0.469264,-9.861717
1836817740,0.268151,-0.584185,-9.935937
1836818923,0.258574,-0.550666,-10.022128
1836820109,0.229843,-0.497994,-10.067618
1836821297,0.203507,-0.653617,-9.844957
1836822484,0.294487,-0.378284,-9.995792
1836823671,0.122104,-0.816423,-9.662998
1836824870,0.658405,-0.684742,-10.237606
1836826059,0.361524,-0.687136,-9.476251
1836827251,0.136469,-0.409408,-9.241618
1836828437,-0.040701,0.227449,-9.722853
1836829627,-0.256180,-0.160412,-9.038112
1836830815,0.251391,-0.294487,-10.548853
1836832001,0.148441,-0.670376,-10.596737
1836833185,0.114922,-0.565032,-10.036493
1836834375,0.148441,-0.706290,-9.794679
1836835552,0.418985,-0.711078,-10.062830
1836836741,0.361524,-0.732626,-9.402030
1836837922,0.560243,-0.634463,-9.538500
1836839107,0.670376,-0.603339,-10.354922
1836840294,0.421380,-0.316035,-10.096349
1836841481,0.251391,-0.402226,-9.926360
1836842658,0.208296,-0.435745,-9.583989
1836843856,0.167594,-0.567426,-9.519346
1836845048,0.114922,-0.581791,-10.187328
1836846239,0.227449,-0.586579,-9.957485
1836847416,0.304064,-0.519542,-9.734824
1836848604,0.375890,-0.567426,-9.521740
1836849781,0.277727,-0.505177,-9.339781
1836850968,0.284910,-0.466869,-9.552865
1836852150,0.294487,-0.507571,-9.859323
1836853340,0.248997,-0.574608,-9.952697
1836854524,0.229843,-0.545878,-10.283096
1836855722,0.220267,-0.567426,-10.338163
1836856911,0.215478,-0.450110,-10.263943
1836858103,0.160412,-0.495600,-10.184934
1836859288,0.258574,-0.488417,-9.883265
1836860476,0.299275,-0.521936,-9.708488
1836861654,0.323217,-0.514753,-9.552865
1836862852,0.390255,-0.493206,-9.689334
1836864043,0.359130,-0.519542,-9.624691
1836865230,0.450110,-0.454898,-9.686940
1836866416,0.380678,-0.445322,-9.737218
1836867597,0.387861,-0.488417,-9.794679
1836868776,0.395043,-0.574608,-9.933543
1836869962,0.375890,-0.567426,-10.024523
1836871149,0.335188,-0.567426,-9.864111
1836872340,0.351948,-0.502782,-9.770737
1836873523,0.347159,-0.481235,-9.732430
1836874721,0.435745,-0.478840,-9.758766
1836875909,0.433351,-0.488417,-9.864111
1836877101,0.380678,-0.675165,-9.562442
1836878286,0.390255,-0.718261,-9.409213
1836879472,0.275333,-0.644040,-9.500193
1836880648,0.136469,-0.409408,-9.548077
1836881835,0.126893,-0.062249,-9.646238
1836883023,0.150835,0.071826,-9.998186
1836884203,0.375890,-0.299275,-10.448297
1836885394,0.414197,-0.440533,-10.338163
1836886581,0.217872,-0.502782,-9.914390
1836887762,0.196325,-0.490811,-9.698911
1836888954,0.191536,-0.474052,-9.519346
1836890136,0.339977,-0.596156,-10.165780
1836891327,0.385466,-0.708684,-10.606314
1836892511,0.428562,-0.768539,-10.206482
1836893699,0.514753,-0.651223,-10.053253
1836894898,0.495600,-0.486023,-9.710882
1836896086,0.351948,-0.390255,-9.655815
1836897268,0.311246,-0.392649,-9.643845
1836898450,0.328006,-0.342371,-9.780313
1836899625,0.289698,-0.308852,-9.967062
1836900808,0.296881,-0.380678,-9.957485
1836901995,0.225055,-0.466869,-9.794679
1836903185,0.296881,-0.452504,-9.959879
1836904371,0.227449,-0.383072,-10.000581
1836905548,0.251391,-0.426168,-9.897630
1836906732,0.294487,-0.476446,-9.811439
1836907920,0.320823,-0.584185,-9.768343
1836909102,0.304064,-0.500388,-9.892841
1836910290,0.378284,-0.251391,-10.122684
1836911474,0.409408,-0.241814,-10.304645
1836912656,0.328006,-0.239420,-10.225636
1836913849,0.318429,-0.330400,-9.976639
1836915043,0.332794,-0.380678,-9.780313
1836916228,0.363919,-0.383072,-9.667787
1836917410,0.466869,-0.332794,-9.543288
1836918593,0.531513,-0.359130,-9.622296
1836919776,0.593762,-0.361524,-9.603143
1836920958,0.562637,-0.337582,-9.619903
1836922150,0.517148,-0.351948,-9.844957
1836923336,0.500388,-0.351948,-9.809045
1836924522,0.502782,-0.402226,-9.758766
1836925708,0.565032,-0.426168,-9.753978
1836926910,0.521936,-0.447716,-9.770737
1836928097,0.505177,-0.414197,-9.830592
1836929287,0.442927,-0.378284,-9.737218
1836930470,0.495600,-0.402226,-9.780313
1836931651,0.514753,-0.438139,-9.799467
1836932838,0.486023,-0.411803,-9.916783
1836934031,0.481235,-0.409408,-10.084377
1836935212,0.387861,-0.347159,-10.122684
1836936395,0.371101,-0.356736,-10.225636
1836937577,0.368707,-0.330400,-10.103531
1836938761,0.433351,-0.373495,-10.120291
1836939949,0.402226,-0.330400,-10.110714
1836941137,0.387861,-0.368707,-10.029311
1836942320,0.328006,-0.378284,-10.002975
1836943506,0.375890,-0.397437,-10.060435
1836944688,0.507571,-0.497994,-10.127473
1836945891,0.550666,-0.462081,-10.074800
1836947077,0.476446,-0.414197,-9.837775
1836948265,0.284910,-0.380678,-9.911995
1836949441,0.304064,-0.457293,-9.983821
1836950632,0.363919,-0.442927,-10.086772
1836951816,0.378284,-0.399832,-10.115502
1836953001,0.373495,-0.368707,-9.945514
1836954187,0.289698,-0.356736,-9.686940
1836955377,0.354342,-0.349553,-9.725247
1836956561,0.378284,-0.342371,-9.653421
1836957748,0.390255,-0.375890,-9.595961
1836958932,0.339977,-0.438139,-9.770737
1836960119,0.395043,-0.435745,-9.902418
1836961301,0.428562,-0.442927,-9.947908
1836962494,0.414197,-0.430956,-9.868899
1836963675,0.402226,-0.486023,-9.809045
1836964872,0.344765,-0.533907,-9.840169
1836966060,0.308852,-0.426168,-9.842564
1836967252,0.351948,-0.306458,-9.825804
1836968427,0.435745,-0.325611,-9.734824
1836969615,0.440533,-0.328006,-9.686940
1836970795,0.486023,-0.354342,-9.576807
1836971985,0.514753,-0.414197,-9.634268
1836973167,0.464475,-0.493206,-9.809045
1836974356,0.445322,-0.502782,-9.785102
1836975529,0.452504,-0.481235,-9.780313
1836976726,0.407014,-0.430956,-9.813833
1836977911,0.430956,-0.457293,-9.935937
1836979103,0.440533,-0.464475,-9.904813
1836980288,0.464475,-0.447716,-9.868899
1836981475,0.447716,-0.493206,-9.763555
1836982654,0.392649,-0.481235,-9.713276
1836983852,0.409408,-0.402226,-9.737218
1836985042,0.426168,-0.454898,-9.818622
1836986233,0.407014,-0.517148,-9.811439
1836987419,0.392649,-0.497994,-9.840169
1836988607,0.316035,-0.517148,-9.916783
1836989785,0.301669,-0.517148,-9.904813
1836990971,0.347159,-0.569820,-9.933543
1836992154,0.323217,-0.502782,-10.036493
1836993348,0.397437,-0.464475,-10.024523
1836994532,0.375890,-0.514753,-9.995792
1836995730,0.356736,-0.464475,-9.991004
1836996911,0.316035,-0.452504,-9.907207
1836998101,0.282516,-0.531513,-9.878476
1836999287,0.263362,-0.457293,-9.976639
1837000475,0.265756,-0.469264,-9.947908
1837001653,0.311246,-0.486023,-9.945514
1837002848,0.347159,-0.474052,-9.914390
1837004039,0.299275,-0.466869,-9.928755
1837005229,0.318429,-0.471658,-9.933543
1837006417,0.260968,-0.486023,-9.921572
1837007598,0.323217,-0.550666,-9.938332
1837008776,0.337582,-0.517148,-9.825804
1837009963,0.306458,-0.541090,-9.732430
1837011148,0.265756,-0.514753,-9.761160
1837012338,0.325611,-0.505177,-9.761160
1837013521,0.246603,-0.502782,-9.830592
1837014710,0.222661,-0.567426,-9.813833
1837015911,0.272939,-0.502782,-9.849746
1837017102,0.270545,-0.507571,-9.828198
1837018287,0.311246,-0.514753,-9.821015
1837019474,0.320823,-0.543484,-9.801862
1837020652,0.280122,-0.517148,-9.734824
1837021849,0.351948,-0.541090,-9.806650
1837023039,0.368707,-0.574608,-9.837775
1837024225,0.404620,-0.646434,-9.847352
1837025401,0.430956,-0.560243,-9.837775
1837026587,0.373495,-0.512359,-9.835381
1837027764,0.375890,-0.490811,-9.852140
1837028954,0.308852,-0.512359,-9.777920
1837030139,0.323217,-0.471658,-9.801862
1837031329,0.270545,-0.509965,-9.911995
1837032512,0.289698,-0.538695,-9.926360
1837033700,0.328006,-0.545878,-10.067618
1837034897,0.265756,-0.524330,-10.067618
1837036087,0.277727,-0.529119,-10.062830
1837037269,0.277727,-0.483629,-9.919178
1837038451,0.234632,-0.488417,-9.823410
1837039627,0.280122,-0.536301,-9.840169
1837040814,0.308852,-0.577003,-9.926360
1837041999,0.385466,-0.641646,-10.005369
1837043190,0.433351,-0.708684,-10.084377
1837044375,0.416591,-0.610521,-10.017340
1837045557,0.421380,-0.553061,-9.955091
1837046741,0.423774,-0.483629,-9.859323
1837047928,0.464475,-0.483629,-9.873688
1837049111,0.433351,-0.536301,-9.909601
1837050301,0.428562,-0.488417,-9.892841
1837051484,0.354342,-0.476446,-9.981427
1837052676,0.428562,-0.574608,-10.129868
1837053872,0.404620,-0.636858,-10.213664
1837055065,0.466869,-0.603339,-10.199299
1837056246,0.471658,-0.538695,-10.168175
1837057428,0.409408,-0.469264,-9.900024
1837058609,0.438139,-0.466869,-9.859323
1837059792,0.469264,-0.426168,-9.799467
1837060975,0.399832,-0.423774,-9.895236
1837062163,0.363919,-0.507571,-9.945514
1837063343,0.404620,-0.471658,-10.117896
1837064531,0.325611,-0.426168,-10.108319
1837065725,0.248997,-0.416591,-9.904813
1837066911,0.234632,-0.447716,-9.962274
1837068099,0.275333,-0.421380,-9.940725
1837069289,0.256180,-0.339977,-9.847352
1837070471,0.284910,-0.289698,-9.904813
1837071653,0.244209,-0.328006,-9.813833
1837072835,0.217872,-0.318429,-9.876082
1837074028,0.268151,-0.337582,-9.950302
1837075207,0.268151,-0.409408,-9.969456
1837076401,0.256180,-0.395043,-9.861717
1837077582,0.253785,-0.469264,-9.770737
1837078768,0.418985,-0.553061,-9.844957
1837079949,0.502782,-0.644040,-9.921572
1837081137,0.438139,-0.507571,-9.914390
1837082319,0.502782,-0.474052,-9.749189
1837083505,0.462081,-0.435745,-9.792285
1837084688,0.507571,-0.442927,-9.854534
1837085890,0.404620,-0.399832,-9.866506
1837087077,0.466869,-0.380678,-9.878476
1837088264,0.421380,-0.411803,-9.876082
1837089439,0.483629,-0.457293,-10.043676
1837090631,0.428562,-0.423774,-10.113108
1837091815,0.430956,-0.397437,-10.160992
1837093013,0.351948,-0.363919,-10.127473
1837094195,0.308852,-0.337582,-10.175357
1837095385,0.272939,-0.339977,-10.031705
1837096564,0.275333,-0.433351,-9.926360
1837097748,0.337582,-0.411803,-9.904813
1837098932,0.392649,-0.402226,-9.907207
1837100118,0.380678,-0.368707,-9.988609
1837101299,0.344765,-0.435745,-9.909601
1837102485,0.462081,-0.418985,-9.880871
1837103666,0.397437,-0.466869,-9.734824
1837104866,0.433351,-0.517148,-9.832987
1837106053,0.440533,-0.548272,-9.871294
1837107243,0.421380,-0.524330,-9.825804
1837108429,0.313640,-0.404620,-9.926360
1837109610,0.335188,-0.399832,-9.952697
1837110789,0.318429,-0.392649,-10.096349
1837111976,0.325611,-0.363919,-10.055647
1837113159,0.323217,-0.373495,-10.110714
1837114355,0.366313,-0.380678,-10.125079
1837115542,0.263362,-0.414197,-9.988609
1837116741,0.292093,-0.359130,-9.962274
1837117922,0.299275,-0.380678,-9.909601
1837119108,0.323217,-0.378284,-9.823410
1837120295,0.304064,-0.380678,-9.883265
1837121480,0.282516,-0.328006,-9.801862
1837122665,0.301669,-0.404620,-9.643845
1837123861,0.222661,-0.435745,-9.543288
1837125055,0.277727,-0.378284,-9.500193
1837126241,0.311246,-0.445322,-9.610326
1837127428,0.282516,-0.409408,-9.684546
1837128611,0.296881,-0.323217,-9.749189
1837129790,0.263362,-0.316035,-9.756371
1837130976,0.239420,-0.363919,-9.751583
1837132158,0.248997,-0.347159,-9.773131
1837133354,0.210690,-0.306458,-9.720459
1837134539,0.174777,-0.371101,-9.627085
1837135737,0.174777,-0.368707,-9.727641
1837136917,0.186748,-0.347159,-9.765948
1837138104,0.268151,-0.311246,-9.713276
1837139292,0.268151,-0.316035,-9.744401
1837140478,0.186748,-0.325611,-9.691729
1837141657,0.229843,-0.356736,-9.710882
1837142854,0.253785,-0.375890,-9.758766
1837144046,0.251391,-0.354342,-9.715671
1837145234,0.260968,-0.308852,-9.751583
1837146409,0.241814,-0.332794,-9.634268
1837147598,0.208296,-0.359130,-9.670180
1837148774,0.292093,-0.325611,-9.758766
1837149961,0.311246,-0.287304,-9.758766
1837151148,0.284910,-0.304064,-9.710882
1837152336,0.232238,-0.339977,-9.806650
1837153518,0.292093,-0.385466,-9.739613
1837154706,0.239420,-0.423774,-9.828198
1837155905,0.251391,-0.409408,-9.782708
1837157094,0.251391,-0.366313,-9.742006
1837158279,0.253785,-0.392649,-9.933543
1837159460,0.277727,-0.387861,-9.931149
1837160639,0.277727,-0.373495,-9.991004
1837161827,0.296881,-0.363919,-9.952697
1837163016,0.289698,-0.387861,-9.883265
1837164203,0.320823,-0.390255,-9.864111
1837165393,0.330400,-0.447716,-9.868899
1837166578,0.301669,-0.450110,-9.883265
1837167758,0.342371,-0.481235,-9.986216
1837168948,0.313640,-0.407014,-9.964667
1837170133,0.351948,-0.524330,-10.072407
1837171319,0.335188,-0.545878,-10.034100
1837172501,0.289698,-0.493206,-9.974244
1837173689,0.375890,-0.457293,-9.945514
1837174884,0.349553,-0.426168,-9.950302
1837176076,0.349553,-0.464475,-9.950302
1837177258,0.344765,-0.476446,-9.911995
1837178439,0.335188,-0.500388,-9.933543
1837179625,0.323217,-0.457293,-9.911995
1837180811,0.263362,-0.545878,-9.854534
1837181998,0.344765,-0.553061,-9.928755
1837183189,0.349553,-0.502782,-10.014946
1837184374,0.395043,-0.462081,-10.074800
1837185555,0.344765,-0.478840,-9.993398
1837186740,0.383072,-0.541090,-9.928755
1837187922,0.418985,-0.505177,-9.871294
1837189104,0.390255,-0.526724,-9.885659
1837190296,0.366313,-0.560243,-9.969456
1837191479,0.375890,-0.536301,-9.979033
1837192669,0.423774,-0.550666,-9.974244
1837193863,0.423774,-0.541090,-10.026917
1837195061,0.421380,-0.574608,-10.007763
1837196246,0.399832,-0.545878,-9.993398
1837197428,0.347159,-0.505177,-10.007763
1837198611,0.280122,-0.497994,-9.986216
1837199797,0.356736,-0.519542,-10.077195
1837200977,0.337582,-0.624887,-10.070012
1837202162,0.387861,-0.624887,-10.081984
1837203343,0.469264,-0.536301,-10.079589
1837204531,0.411803,-0.598550,-10.050858
1837205723,0.459687,-0.605733,-10.038888
1837206910,0.421380,-0.565032,-9.967062
1837208095,0.430956,-0.553061,-9.959879
1837209285,0.397437,-0.572214,-10.014946
1837210462,0.392649,-0.567426,-10.146626
1837211646,0.411803,-0.550666,-10.029311
1837212827,0.423774,-0.624887,-9.976639
1837214021,0.433351,-0.639252,-9.993398
1837215203,0.509965,-0.560243,-9.979033
1837216392,0.457293,-0.555455,-9.974244
1837217579,0.339977,-0.584185,-9.935937
1837218766,0.435745,-0.565032,-9.969456
1837219953,0.454898,-0.553061,-10.038888
1837221143,0.404620,-0.574608,-9.969456
1837222327,0.368707,-0.538695,-10.000581
1837223514,0.402226,-0.529119,-9.923966
1837224697,0.347159,-0.553061,-10.036493
1837225900,0.399832,-0.545878,-10.048465
1837227086,0.418985,-0.588974,-9.959879
1837228273,0.397437,-0.608127,-9.940725
1837229449,0.378284,-0.572214,-10.034100
1837230630,0.397437,-0.569820,-9.947908
1837231812,0.342371,-0.543484,-9.931149
1837233010,0.320823,-0.526724,-9.871294
1837234197,0.308852,-0.517148,-9.873688
1837235387,0.323217,-0.579397,-9.854534
1837236563,0.299275,-0.584185,-9.876082
1837237748,0.270545,-0.550666,-9.935937
1837238929,0.265756,-0.529119,-10.077195
1837240117,0.292093,-0.519542,-10.084377
1837241299,0.339977,-0.543484,-10.053253
1837242487,0.356736,-0.610521,-10.000581
1837243667,0.316035,-0.569820,-9.818622
1837244866,0.299275,-0.598550,-9.828198
1837246059,0.318429,-0.605733,-9.816227
1837247251,0.351948,-0.490811,-9.713276
1837248438,0.289698,-0.560243,-9.777920
1837249629,0.306458,-0.600945,-9.926360
1837250808,0.296881,-0.577003,-9.998186
1837251998,0.306458,-0.531513,-9.821015
1837253182,0.320823,-0.588974,-9.603143
1837254371,0.363919,-0.553061,-9.840169
1837255547,0.423774,-0.502782,-10.060435
1837256735,0.213084,-0.531513,-9.914390
1837257917,0.210690,-0.548272,-9.998186
1837259101,0.246603,-0.538695,-9.768343
1837260287,0.179565,-0.567426,-9.593566
1837261474,0.248997,-0.584185,-9.904813
1837262653,0.253785,-0.447716,-9.672575
1837263851,0.268151,-0.536301,-9.866506
1837265042,0.282516,-0.509965,-9.861717
1837266231,0.258574,-0.445322,-9.662998
1837267419,0.277727,-0.519542,-9.682152
1837268603,0.241814,-0.500388,-9.768343
1837269781,0.232238,-0.399832,-9.622296
1837270968,0.265756,-0.450110,-9.581595
1837272148,0.217872,-0.493206,-9.581595
1837273338,0.248997,-0.459687,-9.579201
1837274521,0.306458,-0.447716,-9.615114
1837275712,0.239420,-0.411803,-9.445126
1837276911,0.258574,-0.418985,-9.538500
1837278102,0.217872,-0.397437,-9.629479
1837279285,0.248997,-0.404620,-9.624691
1837280472,0.229843,-0.368707,-9.768343
1837281650,0.289698,-0.359130,-9.660604
1837282837,0.222661,-0.428562,-9.521740
1837284025,0.229843,-0.409408,-9.409213
1837285211,0.246603,-0.344765,-9.299079
1837286400,0.213084,-0.347159,-9.586384
1837287592,0.304064,-0.323217,-9.730036
1837288768,0.203507,-0.356736,-9.287108
1837289952,0.323217,-0.421380,-9.452309
1837291136,0.323217,-0.414197,-9.550470
1837292323,0.347159,-0.399832,-9.555259
1837293505,0.292093,-0.407014,-9.646238
1837294687,0.215478,-0.402226,-9.667787
1837295881,0.287304,-0.380678,-9.782708
1837297073,0.246603,-0.354342,-9.763555
1837298255,0.258574,-0.356736,-9.734824
1837299447,0.256180,-0.414197,-9.730036
1837300622,0.258574,-0.385466,-9.789890
1837301808,0.272939,-0.409408,-9.852140
1837302992,0.232238,-0.385466,-9.943120
1837304182,0.215478,-0.404620,-9.880871
1837305367,0.248997,-0.414197,-9.873688
1837306548,0.275333,-0.414197,-9.864111
1837307734,0.241814,-0.407014,-9.818622
1837308919,0.275333,-0.418985,-9.773131
1837310102,0.282516,-0.404620,-9.756371
1837311291,0.248997,-0.344765,-9.830592
1837312474,0.272939,-0.296881,-9.823410
1837313662,0.265756,-0.366313,-9.859323
1837314855,0.308852,-0.373495,-9.842564
1837316052,0.323217,-0.337582,-9.935937
1837317238,0.294487,-0.387861,-10.043676
1837318419,0.304064,-0.378284,-9.938332
1837319602,0.246603,-0.397437,-10.043676
1837320785,0.277727,-0.342371,-10.014946
1837321968,0.292093,-0.316035,-10.007763
1837323152,0.330400,-0.318429,-9.919178
1837324336,0.275333,-0.337582,-9.923966
1837325522,0.253785,-0.330400,-9.842564
1837326704,0.272939,-0.418985,-9.806650
1837327906,0.277727,-0.426168,-9.816227
1837329088,0.272939,-0.404620,-9.753978
1837330274,0.268151,-0.418985,-9.751583
1837331451,0.328006,-0.452504,-9.725247
1837332631,0.241814,-0.421380,-9.732430
1837333813,0.225055,-0.433351,-9.643845
1837335011,0.246603,-0.464475,-9.639056
1837336198,0.270545,-0.457293,-9.545682
1837337388,0.203507,-0.478840,-9.528923
1837338565,0.275333,-0.476446,-9.665392
1837339748,0.174777,-0.462081,-9.646238
1837340928,0.244209,-0.433351,-9.658210
1837342114,0.253785,-0.459687,-9.713276
1837343295,0.237026,-0.488417,-9.876082
1837344481,0.205901,-0.486023,-9.818622
1837345667,0.186748,-0.529119,-9.801862
1837346864,0.265756,-0.495600,-9.720459
1837348056,0.244209,-0.548272,-9.763555
1837349246,0.205901,-0.543484,-9.761160
1837350421,0.215478,-0.536301,-9.794679
1837351609,0.277727,-0.531513,-9.823410
1837352784,0.277727,-0.521936,-9.866506
1837353971,0.246603,-0.474052,-9.837775
1837355152,0.258574,-0.524330,-9.844957
1837356339,0.287304,-0.577003,-9.854534
1837357521,0.253785,-0.565032,-9.892841
1837358713,0.256180,-0.586579,-9.940725
1837359907,0.311246,-0.600945,-9.969456
1837361093,0.292093,-0.629675,-9.878476
1837362278,0.316035,-0.603339,-9.914390
1837363458,0.311246,-0.593762,-9.888053
1837364637,0.308852,-0.603339,-9.950302
1837365817,0.253785,-0.603339,-10.043676
1837367004,0.275333,-0.574608,-10.113108
1837368194,0.280122,-0.567426,-10.038888
1837369380,0.272939,-0.596156,-10.070012
1837370562,0.299275,-0.627281,-10.110714
1837371745,0.306458,-0.658405,-10.019734
1837372934,0.304064,-0.629675,-9.945514
1837374116,0.316035,-0.586579,-9.979033
1837375302,0.311246,-0.636858,-9.986216
1837376485,0.316035,-0.641646,-9.847352
1837377671,0.301669,-0.648829,-9.761160
1837378865,0.344765,-0.624887,-9.813833
1837380063,0.299275,-0.600945,-9.832987
1837381250,0.251391,-0.636858,-9.785102
1837382436,0.229843,-0.624887,-9.823410
1837383623,0.253785,-0.608127,-9.804255
1837384809,0.306458,-0.634463,-9.727641
1837385994,0.311246,-0.610521,-9.665392
1837387184,0.277727,-0.646434,-9.698911
1837388370,0.330400,-0.639252,-9.756371
1837389551,0.363919,-0.658405,-9.780313
1837390735,0.263362,-0.632069,-9.715671
1837391922,0.313640,-0.670376,-9.761160
1837393103,0.337582,-0.660800,-9.789890
1837394291,0.342371,-0.612916,-9.761160
1837395473,0.289698,-0.596156,-9.639056
1837396653,0.313640,-0.605733,-9.672575
1837397836,0.351948,-0.605733,-9.730036
1837399028,0.337582,-0.629675,-9.698911
1837400210,0.363919,-0.648829,-9.722853
1837401406,0.332794,-0.608127,-9.684546
1837402585,0.292093,-0.665588,-9.631873
1837403766,0.289698,-0.672771,-9.636662
1837404954,0.339977,-0.639252,-9.674969
1837406144,0.351948,-0.660800,-9.708488
1837407328,0.339977,-0.634463,-9.794679
1837408516,0.342371,-0.646434,-9.749189
1837409700,0.368707,-0.636858,-9.662998
1837410903,0.416591,-0.620098,-9.660604
1837412086,0.380678,-0.624887,-9.708488
1837413269,0.351948,-0.605733,-9.792285
1837414446,0.323217,-0.622492,-9.792285
1837415638,0.387861,-0.574608,-9.856929
1837416821,0.447716,-0.663194,-9.835381
1837418015,0.466869,-0.634463,-9.880871
1837419196,0.421380,-0.632069,-9.837775
1837420384,0.399832,-0.646434,-9.897630
1837421562,0.462081,-0.562637,-9.878476
1837422748,0.457293,-0.538695,-9.799467
1837423934,0.390255,-0.634463,-9.751583
1837425120,0.445322,-0.612916,-9.742006
1837426299,0.450110,-0.538695,-9.811439
1837427485,0.399832,-0.536301,-9.844957
1837428667,0.440533,-0.574608,-9.878476
1837429864,0.402226,-0.615310,-9.794679
1837431056,0.459687,-0.574608,-9.811439
1837432244,0.414197,-0.560243,-9.768343
1837433431,0.414197,-0.567426,-9.751583
1837434614,0.459687,-0.548272,-9.804255
1837435792,0.409408,-0.512359,-9.880871
1837436975,0.447716,-0.574608,-9.818622
1837438157,0.414197,-0.543484,-9.804255
1837439352,0.442927,-0.584185,-9.842564
1837440539,0.450110,-0.555455,-9.818622
1837441738,0.404620,-0.579397,-9.818622
1837442919,0.368707,-0.481235,-9.816227
1837444104,0.404620,-0.502782,-9.780313
1837445288,0.356736,-0.509965,-9.777920
1837446474,0.380678,-0.509965,-9.801862
1837447651,0.428562,-0.505177,-9.813833
1837448848,0.438139,-0.478840,-9.730036
1837450033,0.426168,-0.474052,-9.818622
1837451219,0.414197,-0.462081,-9.813833
1837452401,0.390255,-0.440533,-9.799467
1837453591,0.407014,-0.433351,-9.715671
1837454769,0.435745,-0.471658,-9.789890
1837455956,0.490811,-0.452504,-9.823410
1837457140,0.471658,-0.490811,-9.844957
1837458330,0.421380,-0.445322,-9.792285
1837459513,0.483629,-0.466869,-9.763555
1837460702,0.414197,-0.466869,-9.775525
1837461900,0.486023,-0.476446,-9.832987
1837463090,0.462081,-0.447716,-9.816227
1837464272,0.397437,-0.426168,-9.785102
1837465454,0.402226,-0.418985,-9.768343
1837466630,0.416591,-0.416591,-9.775525
1837467819,0.411803,-0.409408,-9.859323
1837468997,0.471658,-0.442927,-9.914390
1837470186,0.418985,-0.447716,-9.895236
1837471372,0.438139,-0.466869,-9.952697
1837472551,0.457293,-0.466869,-9.809045
1837473735,0.488417,-0.426168,-9.993398
1837474921,0.452504,-0.397437,-9.871294
1837476103,0.428562,-0.363919,-9.876082
1837477293,0.397437,-0.390255,-9.849746
1837478476,0.433351,-0.418985,-9.856929
1837479668,0.440533,-0.438139,-9.907207
1837480859,0.395043,-0.433351,-9.842564
1837482055,0.474052,-0.414197,-9.883265
1837483238,0.474052,-0.421380,-9.876082
1837484418,0.457293,-0.488417,-9.902418
1837485601,0.409408,-0.493206,-9.969456
1837486782,0.395043,-0.409408,-9.940725
1837487963,0.399832,-0.430956,-9.919178
1837489155,0.418985,-0.371101,-9.938332
1837490337,0.428562,-0.373495,-9.947908
1837491525,0.440533,-0.404620,-9.926360
1837492710,0.457293,-0.404620,-9.928755
1837493910,0.454898,-0.442927,-9.928755
1837495098,0.457293,-0.368707,-9.832987
1837496288,0.426168,-0.390255,-9.823410
1837497470,0.433351,-0.373495,-9.825804
1837498653,0.404620,-0.368707,-9.761160
1837499835,0.390255,-0.337582,-9.837775
1837501027,0.430956,-0.421380,-9.933543
1837502209,0.416591,-0.445322,-9.780313
1837503404,0.445322,-0.435745,-9.742006
1837504585,0.409408,-0.466869,-9.825804
1837505765,0.349553,-0.414197,-9.742006
1837506951,0.366313,-0.445322,-9.830592
1837508141,0.339977,-0.462081,-9.801862
1837509326,0.414197,-0.450110,-9.770737
1837510513,0.354342,-0.476446,-9.806650
1837511695,0.423774,-0.430956,-9.730036
1837512893,0.337582,-0.438139,-9.765948
1837514077,0.351948,-0.414197,-9.816227
1837515265,0.380678,-0.486023,-9.825804
1837516438,0.375890,-0.440533,-9.746795
1837517623,0.380678,-0.395043,-9.780313
1837518803,0.423774,-0.435745,-9.782708
1837519993,0.330400,-0.505177,-9.842564
1837521174,0.366313,-0.495600,-9.823410
1837522362,0.320823,-0.483629,-9.780313
1837523543,0.344765,-0.450110,-9.742006
1837524740,0.363919,-0.452504,-9.787497
1837525922,0.399832,-0.493206,-9.864111
1837527109,0.328006,-0.471658,-9.813833
1837528296,0.371101,-0.531513,-9.761160
1837529482,0.332794,-0.521936,-9.792285
1837530661,0.363919,-0.490811,-9.809045
1837531857,0.354342,-0.505177,-9.854534
1837533049,0.380678,-0.533907,-9.775525
1837534238,0.342371,-0.488417,-9.775525
1837535415,0.361524,-0.519542,-9.821015
1837536601,0.265756,-0.517148,-9.761160
1837537779,0.272939,-0.509965,-9.763555
1837538965,0.416591,-0.497994,-9.797073
1837540146,0.349553,-0.445322,-9.852140
1837541336,0.363919,-0.560243,-9.804255
1837542519,0.373495,-0.596156,-9.773131
1837543710,0.371101,-0.538695,-9.818622
1837544910,0.356736,-0.538695,-9.890448
1837546097,0.387861,-0.541090,-9.770737
1837547281,0.366313,-0.581791,-9.761160
1837548462,0.323217,-0.581791,-9.876082
1837549645,0.313640,-0.557849,-9.876082
1837550830,0.284910,-0.541090,-9.876082
1837552016,0.260968,-0.524330,-9.818622
1837553201,0.287304,-0.488417,-9.801862
1837554385,0.306458,-0.502782,-9.801862
1837555567,0.335188,-0.538695,-9.885659
1837556748,0.268151,-0.495600,-9.940725
1837557936,0.332794,-0.514753,-9.952697
1837559119,0.265756,-0.512359,-9.773131
1837560306,0.258574,-0.543484,-9.718064
1837561495,0.304064,-0.548272,-9.691729
1837562680,0.313640,-0.495600,-9.756371
1837563873,0.325611,-0.533907,-9.713276
1837565066,0.335188,-0.514753,-9.737218
1837566249,0.335188,-0.526724,-9.737218
1837567430,0.318429,-0.529119,-9.739613
1837568614,0.296881,-0.471658,-9.643845
1837569801,0.301669,-0.481235,-9.732430
1837570983,0.308852,-0.533907,-9.742006
1837572168,0.282516,-0.565032,-9.746795
1837573353,0.272939,-0.548272,-9.864111
1837574546,0.323217,-0.533907,-9.876082
1837575728,0.371101,-0.533907,-9.911995
1837576914,0.371101,-0.572214,-9.900024
1837578100,0.299275,-0.507571,-9.859323
1837579290,0.342371,-0.502782,-9.907207
1837580471,0.308852,-0.541090,-9.880871
1837581657,0.332794,-0.529119,-9.844957
1837582850,0.316035,-0.493206,-9.859323
1837584046,0.280122,-0.550666,-9.871294
1837585231,0.332794,-0.555455,-9.957485
1837586412,0.342371,-0.543484,-9.971850
1837587591,0.335188,-0.560243,-9.991004
1837588773,0.272939,-0.548272,-10.019734
1837589956,0.311246,-0.519542,-10.048465
1837591145,0.318429,-0.488417,-10.026917
1837592329,0.339977,-0.505177,-10.081984
1837593517,0.296881,-0.466869,-10.170568
1837594701,0.337582,-0.493206,-10.067618
1837595903,0.304064,-0.529119,-10.170568
1837597088,0.332794,-0.507571,-10.156203
1837598275,0.378284,-0.521936,-10.072407
1837599452,0.383072,-0.505177,-10.146626
1837600633,0.371101,-0.531513,-10.199299
1837601817,0.363919,-0.519542,-10.170568
1837603016,0.375890,-0.481235,-10.117896
1837604197,0.337582,-0.486023,-10.098742
1837605388,0.385466,-0.474052,-10.086772
1837606566,0.368707,-0.545878,-10.132261
1837607750,0.337582,-0.557849,-10.122684
1837608937,0.359130,-0.505177,-10.105926
1837610123,0.363919,-0.481235,-9.945514
1837611306,0.375890,-0.486023,-10.007763
1837612497,0.356736,-0.459687,-9.955091
1837613680,0.356736,-0.474052,-9.945514
1837614879,0.344765,-0.524330,-9.931149
1837616067,0.380678,-0.490811,-9.947908
1837617251,0.325611,-0.519542,-9.844957
1837618434,0.351948,-0.478840,-9.856929
1837619625,0.368707,-0.464475,-9.983821
1837620806,0.366313,-0.536301,-9.900024
1837621995,0.344765,-0.488417,-9.871294
1837623177,0.308852,-0.493206,-9.809045
1837624366,0.304064,-0.490811,-9.785102
1837625540,0.258574,-0.488417,-9.854534
1837626740,0.308852,-0.553061,-9.804255
1837627921,0.299275,-0.533907,-9.742006
1837629106,0.323217,-0.476446,-9.734824
1837630294,0.339977,-0.416591,-9.751583
1837631482,0.363919,-0.478840,-9.665392
1837632660,0.258574,-0.519542,-9.639056
1837633857,0.258574,-0.478840,-9.710882
1837635048,0.311246,-0.478840,-9.763555
1837636238,0.323217,-0.502782,-9.737218
1837637425,0.253785,-0.447716,-9.770737
1837638608,0.284910,-0.466869,-9.835381
1837639786,0.328006,-0.459687,-9.806650
1837640971,0.287304,-0.466869,-9.753978
1837642153,0.241814,-0.497994,-9.895236
1837643341,0.253785,-0.466869,-9.911995
1837644525,0.282516,-0.430956,-9.945514
1837645713,0.272939,-0.433351,-9.991004
1837646911,0.335188,-0.428562,-10.007763
1837648103,0.282516,-0.457293,-10.017340
1837649286,0.284910,-0.452504,-9.955091
1837650471,0.313640,-0.481235,-9.964667
1837651650,0.272939,-0.474052,-9.955091
1837652837,0.313640,-0.488417,-9.943120
1837654025,0.301669,-0.500388,-9.890448
1837655209,0.328006,-0.481235,-10.067618
1837656399,0.332794,-0.486023,-10.098742
1837657591,0.359130,-0.464475,-10.041282
1837658767,0.323217,-0.478840,-10.072407
1837659958,0.373495,-0.488417,-10.103531
1837661142,0.311246,-0.505177,-10.046070
1837662330,0.316035,-0.447716,-9.967062
1837663513,0.363919,-0.469264,-9.962274
1837664702,0.320823,-0.435745,-9.923966
1837665900,0.344765,-0.466869,-9.976639
1837667090,0.378284,-0.500388,-10.034100
1837668270,0.368707,-0.490811,-9.964667
1837669451,0.361524,-0.452504,-9.957485
1837670628,0.330400,-0.445322,-9.986216
1837671812,0.282516,-0.462081,-10.007763
1837672999,0.296881,-0.440533,-9.962274
1837674189,0.366313,-0.474052,-10.070012
1837675373,0.289698,-0.462081,-9.986216
1837676556,0.339977,-0.476446,-9.940725
1837677741,0.304064,-0.454898,-9.988609
1837678926,0.339977,-0.505177,-9.952697
1837680108,0.316035,-0.464475,-9.892841
1837681295,0.301669,-0.500388,-9.900024
1837682475,0.292093,-0.486023,-9.909601
1837683653,0.258574,-0.471658,-9.904813
1837684836,0.234632,-0.469264,-9.926360
1837686026,0.225055,-0.430956,-9.873688
1837687208,0.306458,-0.474052,-9.837775
1837688402,0.272939,-0.509965,-9.785102
1837689588,0.287304,-0.507571,-9.799467
1837690769,0.306458,-0.514753,-9.799467
1837691956,0.248997,-0.541090,-9.835381
1837693146,0.251391,-0.536301,-9.828198
1837694331,0.318429,-0.512359,-9.768343
1837695520,0.287304,-0.502782,-9.742006
1837696701,0.251391,-0.471658,-9.842564
1837697904,0.296881,-0.421380,-9.713276
1837699089,0.325611,-0.474052,-9.744401
1837700275,0.325611,-0.469264,-9.828198
1837701453,0.299275,-0.445322,-9.844957
1837702634,0.292093,-0.371101,-9.849746
1837703817,0.325611,-0.471658,-9.746795
1837705016,0.294487,-0.514753,-9.821015
1837706196,0.282516,-0.502782,-9.859323
1837707386,0.270545,-0.476446,-9.840169
1837708564,0.282516,-0.435745,-9.844957
1837709748,0.351948,-0.442927,-9.902418
1837710930,0.311246,-0.478840,-9.854534
1837712114,0.265756,-0.524330,-9.902418
1837713300,0.318429,-0.493206,-9.888053
1837714487,0.320823,-0.507571,-9.979033
1837715672,0.349553,-0.486023,-9.895236
1837716870,0.323217,-0.493206,-9.842564
1837718055,0.287304,-0.507571,-9.895236
1837719245,0.313640,-0.486023,-9.892841
1837720432,0.280122,-0.538695,-9.909601
1837721613,0.299275,-0.505177,-10.053253
1837722791,0.311246,-0.466869,-10.010158
1837723978,0.325611,-0.521936,-10.017340
1837725160,0.378284,-0.500388,-9.959879
1837726355,0.328006,-0.529119,-10.019734
1837727541,0.332794,-0.507571,-10.062830
1837728739,0.351948,-0.505177,-10.060435
1837729918,0.330400,-0.526724,-10.036493
1837731102,0.313640,-0.502782,-10.048465
1837732286,0.335188,-0.529119,-10.113108
1837733474,0.339977,-0.529119,-10.058042
1837734653,0.380678,-0.490811,-10.103531
1837735849,0.335188,-0.447716,-10.120291
1837737042,0.335188,-0.483629,-10.029311
1837738233,0.337582,-0.519542,-10.012551
1837739410,0.368707,-0.500388,-10.074800
1837740594,0.373495,-0.474052,-10.043676
1837741772,0.459687,-0.519542,-10.084377
1837742960,0.430956,-0.474052,-10.062830
1837744141,0.397437,-0.483629,-9.955091
1837745331,0.289698,-0.490811,-10.089166
1837746515,0.332794,-0.531513,-10.005369
1837747700,0.289698,-0.478840,-9.979033
1837748897,0.337582,-0.438139,-10.017340
1837750086,0.380678,-0.438139,-9.979033
1837751265,0.349553,-0.493206,-9.940725
1837752443,0.284910,-0.469264,-9.830592
1837753624,0.349553,-0.476446,-9.909601
1837754810,0.306458,-0.507571,-9.904813
1837755994,0.375890,-0.545878,-9.830592
1837757177,0.361524,-0.481235,-9.878476
1837758363,0.320823,-0.466869,-9.832987
1837759544,0.351948,-0.423774,-9.876082
1837760739,0.337582,-0.466869,-9.859323
1837761923,0.395043,-0.490811,-9.765948
1837763105,0.368707,-0.462081,-9.713276
1837764291,0.366313,-0.426168,-9.780313
1837765474,0.368707,-0.474052,-9.746795
1837766662,0.368707,-0.488417,-9.744401
1837767853,0.335188,-0.512359,-9.730036
1837769049,0.387861,-0.538695,-9.670180
1837770234,0.375890,-0.464475,-9.720459
1837771425,0.332794,-0.471658,-9.746795
1837772604,0.337582,-0.469264,-9.744401
1837773786,0.248997,-0.521936,-9.821015
1837774969,0.265756,-0.555455,-9.742006
1837776153,0.287304,-0.512359,-9.806650
1837777337,0.316035,-0.454898,-9.804255
1837778524,0.289698,-0.418985,-9.758766
1837779711,0.325611,-0.466869,-9.698911
1837780910,0.311246,-0.445322,-9.672575
1837782097,0.277727,-0.476446,-9.698911
1837783288,0.308852,-0.490811,-9.679757
1837784461,0.359130,-0.476446,-9.821015
1837785648,0.268151,-0.426168,-9.799467
1837786832,0.330400,-0.445322,-9.703699
1837788023,0.375890,-0.481235,-9.751583
1837789205,0.330400,-0.442927,-9.837775
1837790394,0.339977,-0.430956,-9.844957
1837791572,0.344765,-0.409408,-9.806650
1837792750,0.339977,-0.421380,-9.880871
1837793935,0.416591,-0.442927,-9.911995
1837795122,0.378284,-0.447716,-9.866506
1837796304,0.339977,-0.462081,-9.859323
1837797497,0.397437,-0.462081,-9.907207
1837798675,0.378284,-0.452504,-9.914390
1837799873,0.385466,-0.483629,-9.849746
1837801062,0.368707,-0.469264,-9.840169
1837802253,0.349553,-0.414197,-9.835381
1837803441,0.292093,-0.380678,-9.835381
1837804628,0.368707,-0.399832,-9.840169
1837805806,0.356736,-0.421380,-9.923966
1837806995,0.330400,-0.452504,-9.866506
1837808175,0.361524,-0.418985,-9.837775
1837809366,0.351948,-0.469264,-9.837775
1837810542,0.325611,-0.490811,-9.761160
1837811741,0.359130,-0.462081,-9.782708
1837812922,0.390255,-0.457293,-9.756371
1837814109,0.390255,-0.500388,-9.749189
1837815294,0.351948,-0.507571,-9.758766
1837816482,0.316035,-0.493206,-9.734824
1837817659,0.308852,-0.548272,-9.780313
1837818856,0.363919,-0.548272,-9.734824
1837820048,0.320823,-0.541090,-9.727641
1837821237,0.294487,-0.502782,-9.744401
1837822413,0.328006,-0.478840,-9.701305
1837823596,0.368707,-0.435745,-9.782708
1837824774,0.380678,-0.452504,-9.600749
1837825957,0.375890,-0.474052,-9.646238
1837827142,0.337582,-0.459687,-9.708488
1837828332,0.316035,-0.464475,-9.742006
1837829514,0.263362,-0.418985,-9.782708
1837830699,0.325611,-0.490811,-9.761160
1837831896,0.306458,-0.486023,-9.794679
1837833086,0.272939,-0.495600,-9.787497
1837834267,0.299275,-0.493206,-9.804255
1837835448,0.337582,-0.459687,-9.871294
1837836625,0.308852,-0.478840,-9.835381
1837837810,0.296881,-0.493206,-9.801862
1837838992,0.301669,-0.505177,-9.825804
1837840178,0.347159,-0.490811,-9.876082
1837841362,0.325611,-0.478840,-9.866506
1837842543,0.318429,-0.538695,-9.852140
1837843737,0.296881,-0.543484,-9.892841
1837844925,0.296881,-0.572214,-9.911995
1837846108,0.299275,-0.565032,-9.871294
1837847298,0.282516,-0.500388,-9.847352
1837848479,0.270545,-0.543484,-9.794679
1837849662,0.275333,-0.543484,-9.859323
1837850856,0.311246,-0.565032,-9.832987
1837852052,0.339977,-0.536301,-9.864111
1837853237,0.323217,-0.567426,-9.844957
1837854430,0.316035,-0.608127,-9.876082
1837855612,0.328006,-0.538695,-9.861717
1837856794,0.311246,-0.567426,-9.868899
1837857973,0.287304,-0.565032,-9.871294
1837859159,0.342371,-0.545878,-9.821015
1837860350,0.282516,-0.565032,-9.950302
1837861534,0.339977,-0.562637,-9.880871
1837862726,0.270545,-0.584185,-9.919178
1837863913,0.256180,-0.581791,-9.890448
1837865100,0.270545,-0.639252,-9.900024
1837866288,0.320823,-0.574608,-9.861717
1837867470,0.306458,-0.533907,-9.890448
1837868651,0.289698,-0.519542,-9.847352
1837869835,0.313640,-0.538695,-9.816227
1837871028,0.268151,-0.493206,-9.770737
1837872209,0.284910,-0.521936,-9.782708
1837873404,0.316035,-0.536301,-9.801862
1837874584,0.313640,-0.588974,-9.639056
1837875770,0.328006,-0.586579,-9.718064
1837876955,0.294487,-0.600945,-9.651027
1837878144,0.282516,-0.581791,-9.749189
1837879330,0.282516,-0.586579,-9.742006
1837880518,0.284910,-0.577003,-9.809045
1837881698,0.256180,-0.562637,-9.775525
1837882901,0.282516,-0.600945,-9.780313
1837884085,0.232238,-0.577003,-9.713276
1837885268,0.234632,-0.553061,-9.751583
1837886445,0.241814,-0.591368,-9.773131
1837887636,0.301669,-0.617704,-9.794679
1837888819,0.258574,-0.622492,-9.847352
1837890018,0.306458,-0.572214,-9.809045
1837891197,0.313640,-0.596156,-9.703699
1837892386,0.258574,-0.588974,-9.828198
1837893570,0.277727,-0.584185,-9.868899
1837894757,0.289698,-0.608127,-9.825804
1837895942,0.294487,-0.598550,-9.794679
1837897129,0.282516,-0.577003,-9.864111
1837898311,0.265756,-0.567426,-9.830592
1837899498,0.265756,-0.565032,-9.825804
1837900679,0.296881,-0.529119,-9.801862
1837901878,0.253785,-0.531513,-9.923966
1837903067,0.296881,-0.608127,-9.916783
1837904253,0.308852,-0.591368,-9.909601
1837905435,0.311246,-0.593762,-9.914390
1837906626,0.363919,-0.596156,-9.883265
1837907808,0.366313,-0.610521,-9.804255
1837908998,0.354342,-0.574608,-9.890448
1837910182,0.390255,-0.603339,-9.876082
1837911371,0.435745,-0.624887,-9.840169
1837912545,0.392649,-0.531513,-10.014946
1837913745,0.423774,-0.593762,-9.919178
1837914925,0.423774,-0.627281,-9.823410
1837916112,0.423774,-0.560243,-9.828198
1837917299,0.409408,-0.565032,-9.840169
1837918484,0.395043,-0.579397,-9.911995
1837919662,0.335188,-0.533907,-9.804255
1837920859,0.318429,-0.533907,-9.777920
1837922050,0.359130,-0.557849,-9.770737
1837923239,0.390255,-0.584185,-9.780313
1837924415,0.395043,-0.591368,-9.852140
1837925602,0.311246,-0.529119,-9.823410
1837926781,0.375890,-0.531513,-9.825804
1837927967,0.349553,-0.531513,-9.809045
1837929153,0.332794,-0.543484,-9.828198
1837930344,0.351948,-0.598550,-9.801862
1837931527,0.375890,-0.553061,-9.763555
1837932723,0.423774,-0.531513,-9.825804
1837933910,0.426168,-0.512359,-9.825804
1837935102,0.433351,-0.512359,-9.844957
1837936288,0.442927,-0.507571,-9.868899
1837937475,0.414197,-0.543484,-9.852140
1837938652,0.416591,-0.521936,-9.765948
1837939850,0.383072,-0.533907,-9.799467
1837941041,0.387861,-0.536301,-9.758766
1837942228,0.387861,-0.536301,-9.789890
1837943414,0.371101,-0.536301,-9.837775
1837944595,0.440533,-0.574608,-9.794679
1837945773,0.404620,-0.529119,-9.782708
1837946956,0.433351,-0.462081,-9.799467
1837948142,0.466869,-0.526724,-9.758766
1837949332,0.426168,-0.529119,-9.715671
1837950516,0.383072,-0.490811,-9.758766
1837951704,0.454898,-0.430956,-9.823410
1837952901,0.430956,-0.478840,-9.892841
1837954090,0.462081,-0.495600,-9.888053
1837955268,0.421380,-0.541090,-9.878476
1837956448,0.385466,-0.538695,-9.842564
1837957635,0.418985,-0.438139,-9.797073
1837958823,0.387861,-0.474052,-9.859323
1837960011,0.385466,-0.459687,-9.916783
1837961204,0.363919,-0.519542,-9.933543
1837962387,0.416591,-0.450110,-9.907207
1837963568,0.447716,-0.502782,-9.856929
1837964748,0.411803,-0.478840,-9.811439
1837965937,0.430956,-0.409408,-9.842564
1837967118,0.459687,-0.459687,-9.859323
1837968305,0.418985,-0.462081,-9.895236
1837969487,0.445322,-0.497994,-9.823410
1837970674,0.457293,-0.466869,-9.852140
1837971868,0.454898,-0.490811,-9.823410
1837973065,0.442927,-0.481235,-9.809045
1837974252,0.440533,-0.438139,-9.856929
1837975433,0.409408,-0.435745,-9.832987
1837976615,0.433351,-0.521936,-9.828198
1837977802,0.387861,-0.526724,-9.753978
1837978989,0.397437,-0.505177,-9.777920
1837980175,0.442927,-0.478840,-9.763555
1837981357,0.428562,-0.512359,-9.844957
1837982549,0.445322,-0.466869,-9.849746
1837983734,0.383072,-0.430956,-9.727641
1837984920,0.395043,-0.488417,-9.770737
1837986100,0.423774,-0.462081,-9.787497
1837987289,0.478840,-0.486023,-9.823410
1837988470,0.418985,-0.440533,-9.777920
1837989657,0.356736,-0.488417,-9.828198
1837990851,0.397437,-0.450110,-9.787497
1837992046,0.328006,-0.404620,-9.849746
1837993227,0.363919,-0.411803,-9.811439
1837994418,0.351948,-0.416591,-9.742006
1837995594,0.380678,-0.383072,-9.749189
1837996777,0.368707,-0.447716,-9.830592
1837997958,0.399832,-0.471658,-9.844957
1837999149,0.395043,-0.488417,-9.818622
1838000334,0.409408,-0.462081,-9.847352
1838001521,0.385466,-0.481235,-9.849746
1838002705,0.404620,-0.445322,-9.878476
1838003907,0.411803,-0.426168,-9.907207
1838005088,0.342371,-0.411803,-9.823410
1838006275,0.378284,-0.404620,-9.907207
1838007449,0.390255,-0.447716,-9.928755
1838008630,0.438139,-0.438139,-9.907207
1838009808,0.375890,-0.435745,-9.916783
1838010998,0.380678,-0.459687,-9.907207
1838012179,0.363919,-0.447716,-9.904813
1838013369,0.351948,-0.466869,-9.866506
1838014546,0.351948,-0.409408,-9.907207
1838015743,0.344765,-0.450110,-9.983821
1838016925,0.368707,-0.500388,-9.976639
1838018110,0.363919,-0.471658,-9.971850
1838019297,0.361524,-0.462081,-9.974244
1838020484,0.316035,-0.450110,-9.955091
1838021669,0.385466,-0.462081,-9.900024
1838022862,0.409408,-0.445322,-9.945514
1838024050,0.440533,-0.471658,-9.866506
1838025239,0.418985,-0.500388,-9.849746
1838026426,0.351948,-0.493206,-9.811439
1838027606,0.385466,-0.495600,-9.890448
1838028783,0.318429,-0.497994,-9.871294
1838029971,0.337582,-0.514753,-9.888053
1838031153,0.349553,-0.450110,-9.799467
1838032342,0.368707,-0.464475,-9.854534
1838033525,0.347159,-0.493206,-9.830592
1838034713,0.335188,-0.555455,-9.885659
1838035911,0.323217,-0.560243,-9.883265
1838037103,0.363919,-0.500388,-9.844957
1838038288,0.316035,-0.497994,-9.813833
1838039475,0.306458,-0.481235,-9.861717
1838040659,0.268151,-0.433351,-9.909601
1838041855,0.351948,-0.505177,-9.914390
1838043046,0.335188,-0.478840,-9.897630
1838044236,0.316035,-0.533907,-9.861717
1838045411,0.296881,-0.514753,-9.830592
1838046598,0.296881,-0.517148,-9.842564
1838047776,0.330400,-0.557849,-9.935937
1838048962,0.304064,-0.541090,-9.847352
1838050145,0.311246,-0.574608,-9.859323
1838051335,0.299275,-0.574608,-9.818622
1838052516,0.277727,-0.531513,-9.753978
1838053704,0.296881,-0.531513,-9.797073
1838054902,0.318429,-0.565032,-9.830592
1838056091,0.282516,-0.550666,-9.797073
1838057273,0.263362,-0.572214,-9.909601
1838058454,0.265756,-0.550666,-9.847352
1838059636,0.308852,-0.569820,-9.897630
1838060822,0.296881,-0.550666,-9.895236
1838062003,0.304064,-0.500388,-9.947908
1838063190,0.268151,-0.502782,-9.888053
1838064375,0.289698,-0.505177,-9.830592
1838065557,0.316035,-0.512359,-9.809045
1838066737,0.258574,-0.562637,-9.916783
1838067925,0.316035,-0.581791,-9.964667
1838069107,0.313640,-0.569820,-9.986216
1838070296,0.296881,-0.529119,-9.952697
1838071479,0.275333,-0.541090,-9.933543
1838072659,0.284910,-0.557849,-9.911995
1838073839,0.296881,-0.490811,-9.878476
1838075032,0.265756,-0.538695,-9.844957
1838076215,0.275333,-0.541090,-9.840169
1838077395,0.313640,-0.538695,-9.890448
1838078575,0.292093,-0.486023,-9.866506
1838079759,0.198719,-0.524330,-9.801862
1838080944,0.287304,-0.524330,-9.842564
1838082130,0.275333,-0.512359,-9.878476
1838083313,0.229843,-0.524330,-9.797073
1838084505,0.280122,-0.569820,-9.832987
1838085687,0.241814,-0.529119,-9.734824
1838086887,0.335188,-0.512359,-9.825804
1838088073,0.258574,-0.557849,-9.737218
1838089260,0.280122,-0.543484,-9.746795
1838090447,0.342371,-0.548272,-9.837775
1838091638,0.339977,-0.567426,-9.763555
1838092822,0.308852,-0.512359,-9.816227
1838094013,0.248997,-0.509965,-9.835381
1838095201,0.241814,-0.524330,-9.900024
1838096389,0.253785,-0.536301,-9.780313
1838097564,0.320823,-0.507571,-9.811439
1838098748,0.275333,-0.483629,-9.770737
1838099930,0.308852,-0.476446,-9.780313
1838101116,0.282516,-0.519542,-9.909601
1838102296,0.339977,-0.486023,-9.895236
1838103483,0.318429,-0.495600,-9.890448
1838104659,0.306458,-0.502782,-9.909601
1838105855,0.323217,-0.557849,-9.775525
1838107047,0.323217,-0.497994,-9.880871
1838108237,0.335188,-0.536301,-10.007763
1838109424,0.318429,-0.526724,-9.974244
1838110608,0.296881,-0.474052,-9.945514
1838111786,0.284910,-0.514753,-9.866506
1838112972,0.349553,-0.543484,-9.935937
1838114155,0.287304,-0.538695,-9.919178
1838115342,0.301669,-0.533907,-9.945514
1838116525,0.356736,-0.486023,-9.928755
1838117722,0.320823,-0.464475,-9.895236
1838118909,0.289698,-0.505177,-9.947908
1838120098,0.277727,-0.505177,-9.904813
1838121283,0.351948,-0.541090,-9.897630
1838122463,0.292093,-0.509965,-9.955091
1838123639,0.318429,-0.469264,-9.844957
1838124827,0.342371,-0.459687,-9.935937
1838126016,0.304064,-0.519542,-9.931149
1838127207,0.339977,-0.486023,-9.902418
1838128392,0.296881,-0.512359,-9.943120
1838129575,0.289698,-0.505177,-9.931149
1838130756,0.301669,-0.471658,-9.904813
1838131946,0.277727,-0.509965,-10.010158
1838133127,0.306458,-0.438139,-9.947908
1838134310,0.270545,-0.502782,-9.861717
1838135495,0.344765,-0.505177,-9.883265
1838136682,0.356736,-0.474052,-9.959879
1838137873,0.380678,-0.502782,-9.897630
1838139065,0.316035,-0.445322,-9.868899
1838140252,0.272939,-0.457293,-9.914390
1838141433,0.339977,-0.481235,-9.849746
1838142617,0.328006,-0.464475,-9.876082
1838143801,0.361524,-0.490811,-9.809045
1838144986,0.311246,-0.531513,-9.971850
1838146172,0.308852,-0.543484,-9.895236
1838147358,0.335188,-0.545878,-9.813833
1838148550,0.344765,-0.486023,-9.876082
1838149733,0.332794,-0.509965,-9.832987
1838150920,0.330400,-0.524330,-9.859323
1838152098,0.411803,-0.442927,-9.847352
1838153288,0.383072,-0.471658,-9.856929
1838154471,0.375890,-0.481235,-9.861717
1838155659,0.359130,-0.517148,-9.883265
1838156852,0.289698,-0.519542,-9.974244
1838158048,0.282516,-0.512359,-9.871294
1838159232,0.325611,-0.486023,-9.883265
1838160424,0.332794,-0.476446,-9.931149
1838161603,0.399832,-0.490811,-9.967062
1838162785,0.373495,-0.481235,-10.014946
1838163965,0.359130,-0.507571,-10.017340
1838165156,0.294487,-0.454898,-9.947908
1838166342,0.328006,-0.459687,-9.950302
1838167528,0.320823,-0.440533,-9.926360
1838168713,0.299275,-0.512359,-9.883265
1838169912,0.296881,-0.469264,-9.947908
1838171097,0.277727,-0.519542,-9.981427
1838172288,0.256180,-0.514753,-9.974244
1838173470,0.277727,-0.497994,-10.000581
1838174653,0.320823,-0.509965,-9.955091
1838175835,0.356736,-0.486023,-9.938332
1838177028,0.325611,-0.507571,-9.947908
1838178209,0.308852,-0.545878,-10.005369
1838179398,0.337582,-0.584185,-10.029311
1838180585,0.313640,-0.445322,-9.955091
1838181771,0.342371,-0.469264,-9.923966
1838182959,0.308852,-0.486023,-9.947908
1838184148,0.339977,-0.502782,-9.947908
1838185332,0.387861,-0.509965,-9.854534
1838186520,0.335188,-0.538695,-9.873688
1838187704,0.313640,-0.505177,-9.892841
1838188906,0.299275,-0.493206,-9.801862
1838190091,0.306458,-0.502782,-9.885659
1838191277,0.306458,-0.519542,-9.854534
1838192453,0.313640,-0.531513,-9.837775
1838193634,0.344765,-0.548272,-9.880871
1838194817,0.385466,-0.505177,-9.935937
1838196015,0.208296,-0.541090,-9.830592
1838197200,0.265756,-0.497994,-9.864111
1838198391,0.289698,-0.486023,-9.892841
1838199569,0.316035,-0.474052,-9.921572
1838200751,0.342371,-0.481235,-9.768343
1838201937,0.289698,-0.478840,-9.830592
1838203124,0.313640,-0.493206,-9.837775
1838204305,0.332794,-0.545878,-9.799467
1838205498,0.277727,-0.512359,-9.835381
1838206681,0.272939,-0.562637,-9.868899
1838207880,0.270545,-0.550666,-9.816227
1838209068,0.308852,-0.519542,-9.787497
1838210253,0.320823,-0.457293,-9.864111
1838211429,0.282516,-0.435745,-9.794679
1838212618,0.294487,-0.481235,-9.763555
1838213797,0.378284,-0.505177,-9.727641
1838214983,0.361524,-0.471658,-9.821015
1838216163,0.378284,-0.490811,-9.787497
1838217358,0.299275,-0.478840,-9.861717
1838218545,0.306458,-0.507571,-9.900024
1838219738,0.253785,-0.536301,-9.856929
1838220921,0.282516,-0.505177,-9.873688
1838222106,0.328006,-0.538695,-9.909601
1838223286,0.385466,-0.474052,-9.902418
1838224473,0.366313,-0.502782,-9.931149
1838225656,0.361524,-0.514753,-9.821015
1838226854,0.347159,-0.495600,-9.890448
1838228044,0.375890,-0.526724,-9.947908
1838229233,0.368707,-0.474052,-9.895236
1838230409,0.375890,-0.490811,-9.888053
1838231594,0.344765,-0.541090,-9.876082
1838232769,0.356736,-0.529119,-9.823410
1838233961,0.354342,-0.521936,-9.859323
1838235147,0.337582,-0.474052,-9.832987
1838236337,0.313640,-0.531513,-9.844957
1838237520,0.368707,-0.507571,-9.780313
1838238707,0.368707,-0.462081,-9.830592
1838239903,0.335188,-0.469264,-9.873688
1838241094,0.287304,-0.464475,-9.943120
1838242275,0.311246,-0.476446,-9.876082
1838243457,0.361524,-0.421380,-9.849746
1838244633,0.397437,-0.469264,-9.914390
1838245821,0.368707,-0.478840,-9.883265
1838247001,0.335188,-0.411803,-9.763555
1838248191,0.359130,-0.421380,-9.792285
1838249375,0.299275,-0.445322,-9.797073
1838250558,0.313640,-0.459687,-9.883265
1838251743,0.320823,-0.488417,-9.900024
1838252928,0.260968,-0.519542,-9.890448
1838254109,0.351948,-0.452504,-9.804255
1838255298,0.349553,-0.450110,-9.765948
1838256480,0.344765,-0.490811,-9.811439
1838257663,0.368707,-0.478840,-9.799467
1838258855,0.375890,-0.505177,-9.794679
1838260051,0.339977,-0.483629,-9.727641
1838261237,0.359130,-0.474052,-9.773131
1838262428,0.351948,-0.454898,-9.828198
1838263607,0.373495,-0.459687,-9.873688
1838264791,0.371101,-0.433351,-9.753978
1838265972,0.351948,-0.438139,-9.742006
1838267159,0.284910,-0.521936,-9.842564
1838268340,0.306458,-0.471658,-9.792285
1838269528,0.339977,-0.476446,-9.773131
1838270712,0.335188,-0.450110,-9.789890
1838271910,0.296881,-0.450110,-9.825804
1838273092,0.373495,-0.454898,-9.797073
1838274279,0.332794,-0.481235,-9.830592
1838275455,0.330400,-0.488417,-9.813833
1838276635,0.318429,-0.462081,-9.866506
1838277817,0.335188,-0.411803,-9.923966
1838279015,0.272939,-0.464475,-9.890448
1838280202,0.359130,-0.478840,-9.876082
1838281391,0.368707,-0.514753,-9.952697
1838282570,0.363919,-0.519542,-9.849746
1838283753,0.371101,-0.478840,-9.852140
1838284934,0.375890,-0.483629,-9.914390
1838286117,0.402226,-0.500388,-9.897630
1838287296,0.332794,-0.502782,-9.794679
1838288483,0.337582,-0.447716,-9.854534
1838289662,0.339977,-0.438139,-9.933543
1838290860,0.344765,-0.531513,-9.907207
1838292051,0.332794,-0.490811,-9.852140
1838293240,0.335188,-0.526724,-9.861717
1838294417,0.332794,-0.514753,-9.861717
1838295606,0.354342,-0.466869,-9.921572
1838296785,0.351948,-0.519542,-9.878476
1838297972,0.371101,-0.550666,-9.904813
1838299151,0.363919,-0.466869,-9.868899
1838300341,0.308852,-0.474052,-9.900024
1838301522,0.311246,-0.490811,-9.852140
1838302709,0.378284,-0.545878,-9.835381
1838303905,0.361524,-0.500388,-9.825804
1838305093,0.339977,-0.555455,-9.844957
1838306276,0.337582,-0.474052,-9.830592
1838307457,0.318429,-0.478840,-9.852140
1838308633,0.330400,-0.512359,-9.799467
1838309819,0.299275,-0.502782,-9.770737
1838311012,0.316035,-0.497994,-9.813833
1838312204,0.294487,-0.517148,-9.727641
1838313387,0.339977,-0.517148,-9.777920
1838314570,0.328006,-0.581791,-9.756371
1838315748,0.335188,-0.521936,-9.761160
1838316934,0.318429,-0.524330,-9.749189
1838318116,0.339977,-0.488417,-9.809045
1838319308,0.335188,-0.500388,-9.789890
1838320486,0.287304,-0.474052,-9.758766
1838321672,0.323217,-0.505177,-9.782708
1838322861,0.301669,-0.519542,-9.780313
1838324054,0.296881,-0.512359,-9.785102
1838325239,0.344765,-0.543484,-9.789890
1838326420,0.323217,-0.553061,-9.775525
1838327603,0.263362,-0.536301,-9.830592
1838328785,0.237026,-0.612916,-9.804255
1838329967,0.287304,-0.584185,-9.756371
1838331159,0.282516,-0.548272,-9.777920
1838332346,0.275333,-0.543484,-9.871294
1838333534,0.260968,-0.526724,-9.821015
1838334726,0.234632,-0.538695,-9.780313
1838335912,0.237026,-0.579397,-9.782708
1838337097,0.359130,-0.550666,-9.818622
1838338283,0.318429,-0.543484,-9.888053
1838339460,0.294487,-0.562637,-9.921572
1838340644,0.294487,-0.617704,-9.758766
1838341827,0.308852,-0.553061,-9.861717
1838343019,0.299275,-0.598550,-9.866506
1838344199,0.311246,-0.524330,-9.900024
1838345387,0.320823,-0.481235,-9.864111
1838346570,0.304064,-0.543484,-9.876082
1838347749,0.306458,-0.512359,-9.859323
1838348931,0.265756,-0.562637,-9.926360
1838350118,0.210690,-0.569820,-9.900024
1838351295,0.311246,-0.574608,-9.787497
1838352482,0.323217,-0.557849,-9.878476
1838353666,0.304064,-0.598550,-9.878476
1838354862,0.270545,-0.569820,-9.794679
1838356053,0.289698,-0.541090,-9.722853
1838357242,0.339977,-0.567426,-9.722853
1838358418,0.306458,-0.586579,-9.813833
1838359606,0.318429,-0.596156,-9.837775
1838360785,0.289698,-0.591368,-9.770737
1838361971,0.301669,-0.596156,-9.758766
1838363151,0.241814,-0.545878,-9.806650
1838364340,0.268151,-0.553061,-9.770737
1838365523,0.313640,-0.557849,-9.818622
1838366714,0.313640,-0.524330,-9.801862
1838367911,0.306458,-0.567426,-9.770737
1838369101,0.258574,-0.550666,-9.813833
1838370286,0.289698,-0.569820,-9.787497
1838371473,0.311246,-0.531513,-9.780313
1838372648,0.289698,-0.550666,-9.792285
1838373836,0.251391,-0.577003,-9.710882
1838375020,0.308852,-0.600945,-9.689334
1838376204,0.304064,-0.600945,-9.780313
1838377387,0.323217,-0.593762,-9.794679
1838378571,0.354342,-0.562637,-9.837775
1838379749,0.299275,-0.526724,-9.916783
1838380940,0.260968,-0.569820,-9.911995
1838382122,0.241814,-0.553061,-9.861717
1838383308,0.268151,-0.610521,-9.785102
1838384490,0.306458,-0.543484,-9.828198
1838385676,0.318429,-0.536301,-9.849746
1838386871,0.304064,-0.505177,-9.792285
1838388061,0.308852,-0.517148,-9.900024
1838389244,0.339977,-0.545878,-9.830592
1838390425,0.294487,-0.591368,-9.902418
1838391608,0.323217,-0.560243,-9.864111
1838392791,0.320823,-0.529119,-9.902418
1838393972,0.282516,-0.557849,-9.885659
1838395160,0.311246,-0.555455,-9.938332
1838396351,0.301669,-0.543484,-9.907207
1838397538,0.292093,-0.533907,-9.852140
1838398729,0.301669,-0.543484,-9.809045
1838399915,0.351948,-0.567426,-9.902418
1838401102,0.339977,-0.543484,-9.926360
1838402292,0.402226,-0.490811,-9.935937
1838403474,0.351948,-0.567426,-9.971850
1838404657,0.351948,-0.521936,-9.916783
1838405841,0.363919,-0.581791,-9.837775
1838407034,0.347159,-0.586579,-9.890448
1838408216,0.316035,-0.524330,-9.890448
1838409397,0.306458,-0.490811,-9.868899
1838410583,0.328006,-0.500388,-9.852140
1838411767,0.351948,-0.514753,-9.828198
1838412950,0.349553,-0.514753,-9.897630
1838414140,0.359130,-0.524330,-9.849746
1838415321,0.356736,-0.488417,-9.900024
1838416508,0.380678,-0.495600,-9.852140
1838417689,0.392649,-0.500388,-9.900024
1838418886,0.418985,-0.533907,-9.871294
1838420074,0.390255,-0.495600,-9.878476
1838421260,0.380678,-0.454898,-9.854534
1838422435,0.392649,-0.471658,-9.811439
1838423627,0.442927,-0.521936,-9.876082
1838424809,0.392649,-0.512359,-9.909601
1838425998,0.414197,-0.500388,-9.921572
1838427180,0.354342,-0.478840,-9.880871
1838428369,0.483629,-0.550666,-9.859323
1838429546,0.421380,-0.478840,-9.789890
1838430744,0.390255,-0.430956,-9.859323
1838431925,0.433351,-0.462081,-9.864111
1838433112,0.378284,-0.481235,-9.844957
1838434300,0.457293,-0.452504,-9.909601
1838435485,0.418985,-0.452504,-9.916783
1838436664,0.361524,-0.447716,-9.880871
1838437861,0.404620,-0.500388,-9.859323
1838439053,0.445322,-0.454898,-9.825804
1838440243,0.402226,-0.447716,-9.821015
1838441418,0.421380,-0.421380,-9.890448
1838442605,0.464475,-0.502782,-9.804255
1838443783,0.450110,-0.471658,-9.868899
1838444969,0.363919,-0.438139,-9.878476
1838446157,0.371101,-0.452504,-9.943120
1838447346,0.375890,-0.447716,-9.938332
1838448529,0.385466,-0.450110,-9.907207
1838449724,0.366313,-0.447716,-9.806650
1838450910,0.380678,-0.471658,-9.842564
1838452100,0.347159,-0.445322,-9.904813
1838453286,0.462081,-0.464475,-9.852140
1838454460,0.426168,-0.497994,-9.864111
1838455637,0.440533,-0.481235,-9.828198
1838456825,0.368707,-0.512359,-9.876082
1838458011,0.351948,-0.490811,-9.952697
1838459203,0.402226,-0.426168,-9.907207
1838460387,0.414197,-0.392649,-9.871294
1838461570,0.392649,-0.428562,-9.852140
1838462748,0.371101,-0.495600,-9.928755
1838463934,0.435745,-0.471658,-9.868899
1838465117,0.450110,-0.462081,-9.825804
1838466300,0.392649,-0.497994,-9.885659
1838467483,0.323217,-0.500388,-9.847352
1838468665,0.380678,-0.514753,-9.840169
1838469857,0.395043,-0.450110,-9.816227
1838471052,0.390255,-0.452504,-9.794679
1838472237,0.411803,-0.440533,-9.816227
1838473417,0.392649,-0.462081,-9.806650
1838474597,0.399832,-0.442927,-9.885659
1838475781,0.407014,-0.512359,-9.895236
1838476963,0.416591,-0.500388,-9.868899
1838478153,0.404620,-0.464475,-9.864111
1838479338,0.380678,-0.464475,-9.854534
1838480526,0.399832,-0.493206,-9.821015
1838481709,0.380678,-0.476446,-9.789890
1838482908,0.385466,-0.466869,-9.816227
1838484094,0.383072,-0.488417,-9.847352
1838485281,0.435745,-0.497994,-9.854534
1838486458,0.390255,-0.474052,-9.955091
1838487643,0.361524,-0.481235,-9.880871
1838488826,0.363919,-0.464475,-9.885659
1838490020,0.335188,-0.440533,-9.919178
1838491201,0.316035,-0.447716,-9.902418
1838492390,0.380678,-0.440533,-9.895236
1838493567,0.430956,-0.411803,-9.830592
1838494749,0.311246,-0.423774,-9.849746
1838495932,0.373495,-0.469264,-9.897630
1838497119,0.387861,-0.502782,-9.876082
1838498300,0.423774,-0.447716,-9.902418
1838499487,0.316035,-0.486023,-9.914390
1838500664,0.316035,-0.497994,-9.926360
1838501861,0.387861,-0.478840,-9.904813
1838503052,0.414197,-0.490811,-9.888053
1838504241,0.354342,-0.471658,-9.895236
1838505429,0.411803,-0.505177,-9.859323
1838506612,0.339977,-0.517148,-9.825804
1838507790,0.351948,-0.519542,-9.830592
1838508976,0.366313,-0.493206,-9.890448
1838510158,0.383072,-0.509965,-9.897630
1838511346,0.366313,-0.533907,-9.940725
1838512528,0.330400,-0.471658,-9.895236
1838513724,0.332794,-0.500388,-9.923966
1838514910,0.402226,-0.536301,-9.991004
1838516098,0.399832,-0.555455,-9.938332
1838517284,0.373495,-0.538695,-9.926360
1838518472,0.373495,-0.483629,-9.861717
1838519651,0.318429,-0.481235,-9.964667
1838520839,0.371101,-0.514753,-10.017340
1838522027,0.383072,-0.497994,-9.969456
1838523214,0.380678,-0.500388,-9.854534
1838524403,0.347159,-0.486023,-9.864111
1838525589,0.284910,-0.517148,-9.883265
1838526765,0.328006,-0.541090,-9.883265
1838527954,0.395043,-0.500388,-9.847352
1838529138,0.378284,-0.445322,-9.840169
1838530324,0.311246,-0.502782,-9.830592
1838531507,0.320823,-0.481235,-9.871294
1838532695,0.342371,-0.440533,-9.983821
1838533890,0.306458,-0.500388,-9.890448
1838535078,0.351948,-0.519542,-9.979033
1838536261,0.368707,-0.486023,-9.991004
1838537450,0.392649,-0.505177,-10.019734
1838538627,0.421380,-0.512359,-10.034100
1838539812,0.387861,-0.493206,-9.873688
1838540997,0.356736,-0.478840,-9.861717
1838542187,0.339977,-0.524330,-9.871294
1838543370,0.323217,-0.490811,-9.844957
1838544551,0.323217,-0.471658,-9.816227
1838545736,0.299275,-0.488417,-9.811439
1838546923,0.328006,-0.533907,-9.866506
1838548099,0.313640,-0.524330,-9.835381
1838549288,0.256180,-0.519542,-9.876082
1838550470,0.342371,-0.505177,-9.868899
1838551650,0.294487,-0.519542,-9.916783
1838552834,0.272939,-0.543484,-9.844957
1838554028,0.318429,-0.521936,-9.911995
1838555211,0.299275,-0.497994,-9.957485
1838556406,0.282516,-0.497994,-9.914390
1838557592,0.308852,-0.517148,-9.923966
1838558780,0.323217,-0.474052,-9.928755
1838559963,0.308852,-0.481235,-9.854534
1838561154,0.294487,-0.466869,-9.830592
1838562340,0.275333,-0.507571,-9.914390
1838563527,0.308852,-0.500388,-9.907207
1838564708,0.284910,-0.502782,-9.955091
1838565909,0.258574,-0.493206,-9.962274
1838567094,0.335188,-0.488417,-9.995792
1838568285,0.351948,-0.519542,-9.909601
1838569461,0.277727,-0.543484,-9.969456
1838570643,0.294487,-0.560243,-9.933543
1838571826,0.289698,-0.517148,-9.919178
1838573019,0.306458,-0.500388,-9.866506
1838574198,0.284910,-0.543484,-9.926360
1838575387,0.313640,-0.524330,-9.854534
1838576565,0.380678,-0.514753,-9.902418
1838577748,0.349553,-0.495600,-9.923966
1838578929,0.313640,-0.490811,-9.926360
1838580114,0.375890,-0.505177,-9.816227
1838581301,0.359130,-0.476446,-9.852140
1838582487,0.351948,-0.471658,-9.823410
1838583674,0.311246,-0.497994,-9.768343
1838584874,0.380678,-0.514753,-9.847352
1838586060,0.308852,-0.519542,-9.890448
1838587251,0.299275,-0.521936,-9.842564
1838588428,0.320823,-0.517148,-9.792285
1838589616,0.244209,-0.505177,-9.825804
1838590793,0.289698,-0.541090,-9.799467
1838591979,0.344765,-0.502782,-9.761160
1838593161,0.301669,-0.500388,-9.758766
1838594349,0.251391,-0.519542,-9.880871
1838595532,0.277727,-0.512359,-9.794679
1838596730,0.316035,-0.502782,-9.708488
1838597912,0.342371,-0.445322,-9.761160
1838599101,0.277727,-0.454898,-9.780313
1838600287,0.272939,-0.486023,-9.813833
1838601471,0.287304,-0.457293,-9.832987
1838602650,0.342371,-0.478840,-9.897630
1838603837,0.328006,-0.509965,-9.809045
1838605023,0.316035,-0.517148,-9.832987
1838606210,0.335188,-0.572214,-9.844957
1838607401,0.328006,-0.553061,-9.787497
1838613520,0.258574,-0.500388,-9.861717
1838614703,0.282516,-0.557849,-9.828198
1838615906,0.294487,-0.493206,-9.789890
1838617091,0.215478,-0.433351,-9.794679
1838618278,0.260968,-0.426168,-9.856929
1838619454,0.313640,-0.505177,-9.876082
1838620634,0.287304,-0.474052,-9.835381
1838621817,0.237026,-0.490811,-9.763555
1838623014,0.304064,-0.488417,-9.844957
1838624201,0.320823,-0.495600,-9.825804
1838625389,0.347159,-0.478840,-9.813833
1838626572,0.272939,-0.502782,-9.809045
1838627754,0.289698,-0.497994,-9.813833
1838628940,0.258574,-0.500388,-9.816227
1838630126,0.306458,-0.512359,-9.828198
1838631308,0.304064,-0.529119,-9.756371
1838632500,0.272939,-0.471658,-9.737218
1838633682,0.325611,-0.476446,-9.837775
1838634882,0.263362,-0.509965,-9.816227
1838636071,0.313640,-0.478840,-9.825804
1838637254,0.287304,-0.517148,-9.797073
1838638441,0.313640,-0.517148,-9.801862
1838639631,0.275333,-0.457293,-9.742006
1838640812,0.280122,-0.476446,-9.806650
1838642001,0.284910,-0.514753,-9.945514
1838643186,0.277727,-0.445322,-9.890448
1838644376,0.299275,-0.454898,-9.897630
1838645550,0.311246,-0.505177,-9.775525
1838646737,0.265756,-0.521936,-9.797073
1838647920,0.280122,-0.507571,-9.837775
1838649111,0.301669,-0.517148,-9.904813
1838650294,0.318429,-0.531513,-9.904813
1838651481,0.277727,-0.502782,-9.816227
1838652665,0.237026,-0.533907,-9.888053
1838653861,0.234632,-0.577003,-9.883265
1838655052,0.282516,-0.553061,-9.842564
1838656242,0.308852,-0.481235,-9.864111
1838657418,0.311246,-0.507571,-9.900024
1838658604,0.349553,-0.447716,-9.907207
1838659782,0.313640,-0.519542,-9.955091
1838660968,0.294487,-0.581791,-9.943120
1838662155,0.282516,-0.505177,-9.871294
1838663345,0.280122,-0.483629,-9.878476
1838664526,0.270545,-0.512359,-9.933543
1838665723,0.289698,-0.550666,-9.967062
1838666910,0.316035,-0.521936,-10.002975
1838668098,0.344765,-0.507571,-9.907207
1838669282,0.328006,-0.486023,-9.892841
1838670462,0.268151,-0.452504,-9.885659
1838671639,0.299275,-0.493206,-9.933543
1838672827,0.335188,-0.526724,-9.919178
1838674016,0.323217,-0.536301,-9.964667
1838675208,0.280122,-0.509965,-9.926360
1838676392,0.337582,-0.486023,-9.943120
1838677574,0.339977,-0.514753,-9.931149
1838678753,0.380678,-0.526724,-9.844957
1838679943,0.366313,-0.536301,-9.828198
1838681122,0.354342,-0.526724,-9.900024
1838682308,0.335188,-0.521936,-9.878476
1838683490,0.320823,-0.493206,-9.888053
1838684675,0.342371,-0.517148,-9.856929
1838685871,0.351948,-0.505177,-9.854534
1838687069,0.366313,-0.519542,-9.844957
1838688256,0.296881,-0.543484,-9.842564
1838689448,0.325611,-0.577003,-9.844957
1838690634,0.289698,-0.512359,-9.883265
1838691823,0.308852,-0.519542,-9.871294
1838693003,0.325611,-0.486023,-9.789890
1838694192,0.308852,-0.488417,-9.806650
1838695376,0.311246,-0.519542,-9.804255
1838696559,0.328006,-0.555455,-9.768343
1838697743,0.304064,-0.572214,-9.844957
1838698929,0.292093,-0.545878,-9.813833
1838700111,0.351948,-0.526724,-9.919178
1838701303,0.368707,-0.545878,-9.892841
1838702485,0.318429,-0.579397,-9.792285
1838703672,0.380678,-0.464475,-9.840169
1838704863,0.347159,-0.476446,-9.876082
1838706060,0.330400,-0.536301,-9.797073
1838707242,0.323217,-0.536301,-9.816227
1838708434,0.371101,-0.560243,-9.770737
1838709611,0.328006,-0.574608,-9.842564
1838710793,0.332794,-0.529119,-9.840169
1838711975,0.359130,-0.531513,-9.849746
1838713162,0.335188,-0.553061,-9.856929
1838714349,0.375890,-0.533907,-9.897630
1838715536,0.323217,-0.531513,-9.933543
1838716729,0.332794,-0.543484,-9.902418
1838717915,0.354342,-0.550666,-9.813833
1838719103,0.342371,-0.509965,-9.895236
1838720293,0.368707,-0.560243,-9.878476
1838721475,0.332794,-0.555455,-9.825804
1838722657,0.337582,-0.550666,-9.892841
1838723847,0.378284,-0.553061,-9.816227
1838725040,0.366313,-0.529119,-9.878476
1838726223,0.373495,-0.531513,-9.828198
1838727405,0.337582,-0.569820,-9.773131
1838728586,0.339977,-0.581791,-9.801862
1838729773,0.349553,-0.536301,-9.876082
1838730959,0.368707,-0.555455,-9.818622
1838732149,0.328006,-0.493206,-9.797073
1838733332,0.332794,-0.500388,-9.782708
1838734519,0.359130,-0.493206,-9.856929
1838735699,0.373495,-0.512359,-9.777920
1838736901,0.363919,-0.514753,-9.828198
1838738081,0.308852,-0.488417,-9.844957
1838739268,0.306458,-0.490811,-9.806650
1838740443,0.318429,-0.529119,-9.813833
1838741630,0.371101,-0.505177,-9.787497
1838742811,0.375890,-0.497994,-9.804255
1838744001,0.366313,-0.497994,-9.789890
1838745186,0.375890,-0.476446,-9.809045
1838746375,0.308852,-0.509965,-9.837775
1838747557,0.292093,-0.538695,-9.732430
1838748743,0.373495,-0.500388,-9.777920
1838749924,0.361524,-0.517148,-9.818622
1838751109,0.347159,-0.486023,-9.825804
1838752294,0.328006,-0.476446,-9.768343
1838753481,0.366313,-0.459687,-9.861717
1838754660,0.344765,-0.464475,-9.842564
1838755858,0.339977,-0.502782,-9.902418
1838757049,0.363919,-0.529119,-9.861717
1838758239,0.332794,-0.476446,-9.868899
1838759422,0.351948,-0.507571,-9.943120
1838760609,0.404620,-0.507571,-9.947908
1838761786,0.339977,-0.483629,-9.830592
1838762973,0.354342,-0.481235,-9.818622
1838764154,0.359130,-0.474052,-9.782708
1838765342,0.356736,-0.478840,-9.816227
1838766526,0.344765,-0.514753,-9.852140
1838767723,0.399832,-0.462081,-9.821015
1838768911,0.311246,-0.454898,-9.777920
1838770101,0.378284,-0.457293,-9.868899
1838771287,0.395043,-0.447716,-9.888053
1838772474,0.256180,-0.505177,-9.837775
1838773651,0.270545,-0.505177,-9.813833
1838774839,0.387861,-0.447716,-9.900024
1838776026,0.342371,-0.488417,-9.907207
1838777212,0.282516,-0.478840,-9.897630
1838778402,0.323217,-0.471658,-9.806650
1838779587,0.354342,-0.466869,-9.871294
1838780770,0.361524,-0.452504,-9.919178
1838781962,0.342371,-0.466869,-9.847352
1838783145,0.337582,-0.509965,-9.885659
1838784331,0.337582,-0.440533,-9.883265
1838785515,0.363919,-0.488417,-9.830592
1838786703,0.292093,-0.507571,-9.801862
1838787899,0.320823,-0.502782,-9.837775
1838789089,0.332794,-0.533907,-9.801862
1838790270,0.363919,-0.481235,-9.902418
1838791452,0.361524,-0.488417,-9.864111
1838792639,0.318429,-0.500388,-9.832987
1838793826,0.318429,-0.512359,-9.823410
1838795013,0.371101,-0.553061,-9.835381
1838796204,0.363919,-0.512359,-9.830592
1838797389,0.299275,-0.500388,-9.840169
1838798571,0.361524,-0.459687,-9.813833
1838799750,0.368707,-0.481235,-9.816227
1838800940,0.313640,-0.529119,-9.859323
1838802122,0.308852,-0.526724,-9.864111
1838803309,0.313640,-0.493206,-9.763555
1838804490,0.294487,-0.483629,-9.816227
1838805677,0.354342,-0.438139,-9.923966
1838806872,0.366313,-0.486023,-9.825804
1838808063,0.387861,-0.490811,-9.842564
1838809250,0.342371,-0.459687,-9.854534
1838810442,0.347159,-0.459687,-9.813833
1838811629,0.371101,-0.495600,-9.880871
1838812814,0.344765,-0.478840,-9.847352
1838813999,0.380678,-0.502782,-9.768343
1838815189,0.287304,-0.495600,-9.852140
1838816372,0.383072,-0.562637,-9.943120
1838817559,0.320823,-0.584185,-9.916783
1838818744,0.332794,-0.531513,-9.897630
1838819931,0.347159,-0.538695,-9.835381
1838821113,0.411803,-0.509965,-9.926360
1838822304,0.330400,-0.509965,-9.967062
1838823484,0.275333,-0.507571,-9.926360
1838824667,0.397437,-0.469264,-9.794679
1838825860,0.392649,-0.490811,-9.907207
1838827055,0.407014,-0.521936,-9.907207
1838828238,0.354342,-0.493206,-9.818622
1838829430,0.366313,-0.502782,-9.770737
1838830608,0.323217,-0.519542,-9.773131
1838831791,0.351948,-0.519542,-9.751583
1838832974,0.363919,-0.521936,-9.868899
1838834162,0.363919,-0.543484,-9.780313
1838835348,0.320823,-0.521936,-9.847352
1838836541,0.316035,-0.531513,-9.847352
1838837729,0.318429,-0.553061,-9.878476
1838838916,0.320823,-0.550666,-9.885659
1838840102,0.323217,-0.505177,-9.885659
1838841292,0.313640,-0.553061,-9.830592
1838842474,0.349553,-0.541090,-9.780313
1838843655,0.304064,-0.519542,-9.794679
1838844836,0.284910,-0.557849,-9.844957
1838846030,0.282516,-0.550666,-9.907207
1838847210,0.299275,-0.529119,-9.892841
1838848406,0.282516,-0.521936,-9.844957
1838849588,0.359130,-0.550666,-9.868899
1838850771,0.366313,-0.553061,-9.880871
1838851957,0.325611,-0.505177,-9.837775
1838853147,0.320823,-0.560243,-9.849746
1838854329,0.270545,-0.541090,-9.818622
1838855512,0.316035,-0.512359,-9.763555
1838856696,0.361524,-0.550666,-9.751583
1838857898,0.323217,-0.588974,-9.859323
1838859081,0.306458,-0.538695,-9.923966
1838860267,0.313640,-0.526724,-9.856929
1838861444,0.316035,-0.486023,-9.871294
1838862630,0.268151,-0.524330,-9.864111
1838863811,0.256180,-0.538695,-9.902418
1838865001,0.328006,-0.538695,-9.938332
1838866186,0.361524,-0.567426,-9.895236
1838867376,0.308852,-0.543484,-9.883265
1838868553,0.332794,-0.529119,-9.849746
1838869738,0.320823,-0.519542,-9.811439
1838870920,0.308852,-0.488417,-9.873688
1838872112,0.330400,-0.541090,-9.955091
1838873294,0.335188,-0.569820,-9.957485
1838874481,0.351948,-0.572214,-9.952697
1838875660,0.318429,-0.521936,-9.904813
1838876858,0.313640,-0.490811,-9.794679
1838878049,0.347159,-0.514753,-9.856929
1838879239,0.342371,-0.519542,-9.854534
1838880416,0.339977,-0.529119,-9.801862
1838881603,0.328006,-0.536301,-9.830592
1838882779,0.299275,-0.493206,-9.816227
1838883966,0.337582,-0.550666,-9.844957
1838885153,0.316035,-0.519542,-9.840169
1838886342,0.280122,-0.493206,-9.911995
1838887525,0.320823,-0.497994,-9.888053
1838888712,0.299275,-0.490811,-9.823410
1838889907,0.373495,-0.541090,-9.852140
1838891096,0.311246,-0.538695,-9.878476
1838892279,0.270545,-0.541090,-9.849746
1838893459,0.268151,-0.517148,-9.890448
1838894635,0.354342,-0.466869,-9.880871
1838895823,0.359130,-0.519542,-9.880871
1838897003,0.330400,-0.440533,-9.849746
1838898191,0.347159,-0.459687,-9.852140
1838899377,0.313640,-0.502782,-9.787497
1838900554,0.308852,-0.536301,-9.823410
1838901737,0.328006,-0.490811,-9.873688
1838902923,0.306458,-0.476446,-9.885659
1838904103,0.311246,-0.488417,-9.806650
1838905293,0.301669,-0.464475,-9.847352
1838906475,0.304064,-0.464475,-9.873688
1838907658,0.359130,-0.512359,-9.849746
1838908847,0.332794,-0.521936,-9.811439
1838910041,0.349553,-0.509965,-9.883265
1838911223,0.330400,-0.517148,-9.909601
1838912402,0.323217,-0.505177,-9.911995
1838913588,0.328006,-0.442927,-9.830592
1838914770,0.375890,-0.442927,-9.871294
1838915957,0.323217,-0.509965,-9.813833
1838917147,0.287304,-0.466869,-9.945514
1838918330,0.351948,-0.507571,-9.914390
1838919517,0.390255,-0.464475,-9.859323
1838920700,0.363919,-0.483629,-9.809045
1838921902,0.363919,-0.531513,-9.773131
1838923082,0.347159,-0.469264,-9.916783
1838924267,0.347159,-0.497994,-9.878476
1838925443,0.344765,-0.538695,-9.866506
1838926634,0.387861,-0.497994,-9.880871
1838927818,0.392649,-0.447716,-9.864111
1838929016,0.339977,-0.481235,-9.864111
1838930204,0.359130,-0.466869,-9.938332
1838931394,0.375890,-0.445322,-9.933543
1838932573,0.397437,-0.481235,-9.928755
1838933760,0.375890,-0.474052,-9.923966
1838934944,0.383072,-0.490811,-9.878476
1838936131,0.359130,-0.433351,-9.866506
1838937309,0.306458,-0.517148,-9.883265
1838938501,0.344765,-0.533907,-9.890448
1838939682,0.356736,-0.505177,-9.871294
1838940881,0.392649,-0.435745,-9.900024
1838942068,0.304064,-0.474052,-9.885659
1838943259,0.308852,-0.483629,-9.825804
1838944445,0.339977,-0.476446,-9.890448
1838945636,0.351948,-0.478840,-9.902418
1838946819,0.368707,-0.454898,-9.945514
1838948015,0.354342,-0.495600,-9.876082
1838949199,0.392649,-0.486023,-9.885659
1838950389,0.356736,-0.493206,-9.967062
1838951572,0.366313,-0.493206,-9.859323
1838952755,0.387861,-0.481235,-9.892841
1838953941,0.361524,-0.514753,-9.967062
1838955128,0.349553,-0.469264,-9.861717
1838956311,0.328006,-0.476446,-9.856929
1838957503,0.318429,-0.486023,-9.866506
1838958684,0.404620,-0.478840,-9.923966
1838959881,0.380678,-0.509965,-9.904813
1838961068,0.284910,-0.466869,-9.895236
1838962260,0.361524,-0.440533,-9.907207
1838963435,0.342371,-0.435745,-9.943120
1838964623,0.421380,-0.418985,-9.888053
1838965804,0.385466,-0.447716,-9.921572
1838966995,0.311246,-0.464475,-9.962274
1838968174,0.440533,-0.433351,-9.914390
1838969364,0.397437,-0.445322,-9.911995
1838970538,0.380678,-0.452504,-9.861717
1838971735,0.366313,-0.462081,-9.911995
1838972917,0.311246,-0.442927,-9.868899
1838974109,0.268151,-0.402226,-9.811439
1838975294,0.323217,-0.493206,-9.756371
1838976482,0.359130,-0.500388,-9.832987
1838977658,0.351948,-0.440533,-9.864111
1838978856,0.383072,-0.478840,-9.832987
1838980047,0.380678,-0.474052,-9.813833
1838981237,0.378284,-0.488417,-9.861717
1838982414,0.395043,-0.452504,-9.861717
1838983599,0.385466,-0.450110,-9.914390
1838984776,0.296881,-0.495600,-9.923966
1838985961,0.280122,-0.514753,-9.823410
1838987145,0.308852,-0.512359,-9.890448
1838988332,0.337582,-0.481235,-9.811439
1838989516,0.294487,-0.536301,-9.849746
1838990704,0.337582,-0.493206,-9.883265
1838991903,0.349553,-0.526724,-9.823410
1838993090,0.294487,-0.507571,-9.813833
1838994273,0.361524,-0.555455,-9.830592
1838995454,0.339977,-0.514753,-9.907207
1838996630,0.335188,-0.457293,-9.864111
1838997817,0.313640,-0.521936,-9.871294
1838999004,0.282516,-0.459687,-9.902418
1839000194,0.284910,-0.543484,-9.926360
1839001379,0.359130,-0.462081,-9.962274
1839002561,0.335188,-0.505177,-9.864111
1839003746,0.328006,-0.550666,-9.940725
1839004931,0.339977,-0.497994,-9.957485
1839006113,0.349553,-0.493206,-9.976639
1839007305,0.332794,-0.486023,-9.952697
1839008487,0.373495,-0.497994,-9.979033
1839009674,0.349553,-0.519542,-9.900024
1839010865,0.335188,-0.514753,-9.923966
1839012064,0.306458,-0.466869,-9.952697
1839013251,0.375890,-0.500388,-9.938332
1839014436,0.328006,-0.505177,-9.885659
1839015613,0.316035,-0.519542,-9.787497
1839016796,0.371101,-0.500388,-9.830592
1839017976,0.423774,-0.526724,-9.861717
1839019164,0.371101,-0.512359,-9.789890
1839020350,0.328006,-0.474052,-9.871294
1839021536,0.347159,-0.452504,-9.842564
1839022729,0.371101,-0.497994,-9.818622
1839023911,0.292093,-0.505177,-9.816227
1839025095,0.380678,-0.497994,-9.878476
1839026282,0.399832,-0.466869,-9.852140
1839027458,0.402226,-0.466869,-9.773131
1839028639,0.409408,-0.514753,-9.742006
1839029821,0.351948,-0.486023,-9.713276
1839031019,0.339977,-0.474052,-9.718064
1839032205,0.344765,-0.538695,-9.742006
1839033394,0.325611,-0.545878,-9.804255
1839034573,0.378284,-0.526724,-9.787497
1839035756,0.397437,-0.493206,-9.878476
1839036942,0.323217,-0.490811,-9.876082
1839038128,0.301669,-0.550666,-9.828198
1839039306,0.342371,-0.524330,-9.828198
1839040493,0.354342,-0.514753,-9.809045
1839041674,0.292093,-0.488417,-9.856929
1839042874,0.347159,-0.500388,-9.888053
1839044059,0.308852,-0.519542,-9.840169
1839045248,0.308852,-0.545878,-9.768343
1839046424,0.299275,-0.526724,-9.890448
1839047610,0.313640,-0.466869,-9.825804
1839048787,0.351948,-0.476446,-9.777920
1839049973,0.366313,-0.555455,-9.907207
1839051153,0.313640,-0.538695,-9.933543
1839052343,0.304064,-0.514753,-9.974244
1839053526,0.328006,-0.459687,-9.935937
1839054713,0.325611,-0.500388,-9.907207
1839055909,0.258574,-0.526724,-9.914390
1839057099,0.294487,-0.529119,-9.921572
1839058282,0.328006,-0.488417,-9.974244
1839059460,0.335188,-0.541090,-9.991004
1839060635,0.351948,-0.512359,-9.940725
1839061823,0.359130,-0.531513,-10.036493
1839063016,0.339977,-0.514753,-9.919178
1839064208,0.337582,-0.497994,-9.878476
1839065395,0.301669,-0.512359,-9.883265
1839066577,0.313640,-0.507571,-9.914390
1839067754,0.335188,-0.502782,-9.919178
1839068944,0.351948,-0.567426,-9.821015
1839070126,0.277727,-0.474052,-9.890448
1839071312,0.328006,-0.490811,-9.816227
1839072500,0.306458,-0.481235,-9.792285
1839073686,0.311246,-0.488417,-9.801862
1839074880,0.292093,-0.545878,-9.794679
1839076073,0.335188,-0.526724,-9.763555
1839077256,0.323217,-0.474052,-9.761160
1839078436,0.337582,-0.514753,-9.780313
1839079619,0.320823,-0.541090,-9.713276
1839080801,0.375890,-0.500388,-9.806650
1839081977,0.397437,-0.517148,-9.785102
1839083164,0.308852,-0.524330,-9.739613
1839084353,0.339977,-0.577003,-9.727641
1839085539,0.301669,-0.541090,-9.737218
1839086731,0.299275,-0.512359,-9.720459
1839087918,0.366313,-0.529119,-9.713276
1839089105,0.361524,-0.543484,-9.667787
1839090296,0.330400,-0.502782,-9.789890
1839091476,0.268151,-0.517148,-9.830592
1839092664,0.292093,-0.474052,-9.813833
1839093856,0.253785,-0.514753,-9.770737
1839095052,0.299275,-0.483629,-9.885659
1839096238,0.354342,-0.497994,-9.923966
1839097431,0.371101,-0.478840,-9.945514
1839098609,0.335188,-0.490811,-9.935937
1839099791,0.339977,-0.495600,-9.914390
1839100972,0.318429,-0.550666,-9.983821
1839102157,0.244209,-0.519542,-10.010158
1839103342,0.294487,-0.555455,-9.931149
1839104531,0.301669,-0.545878,-9.895236
1839105724,0.296881,-0.543484,-9.902418
1839106916,0.292093,-0.543484,-9.878476
1839108103,0.304064,-0.545878,-9.921572
1839109292,0.301669,-0.548272,-9.849746
1839110475,0.294487,-0.555455,-9.840169
1839111655,0.304064,-0.550666,-9.919178
1839112837,0.294487,-0.521936,-9.902418
1839114029,0.277727,-0.476446,-9.866506
1839115212,0.318429,-0.519542,-9.885659
1839116407,0.258574,-0.471658,-9.907207
1839117590,0.294487,-0.483629,-9.916783
1839118777,0.287304,-0.512359,-9.926360
1839119954,0.335188,-0.493206,-10.012551
1839121144,0.299275,-0.533907,-9.914390
1839122326,0.244209,-0.495600,-9.950302
1839123511,0.282516,-0.445322,-9.878476
1839124695,0.363919,-0.521936,-9.909601
1839125894,0.320823,-0.500388,-9.947908
1839127077,0.282516,-0.505177,-9.921572
1839128264,0.277727,-0.541090,-9.866506
1839129439,0.251391,-0.521936,-9.919178
1839130631,0.296881,-0.478840,-9.895236
1839131812,0.253785,-0.526724,-9.854534
1839133003,0.232238,-0.536301,-9.844957
1839134188,0.270545,-0.500388,-9.856929
1839135377,0.320823,-0.512359,-9.832987
1839136554,0.265756,-0.509965,-9.789890
1839137742,0.280122,-0.507571,-9.801862
1839138923,0.294487,-0.493206,-9.785102
1839140111,0.304064,-0.488417,-9.830592
1839141295,0.241814,-0.517148,-9.844957
1839142483,0.268151,-0.521936,-9.847352
1839143662,0.311246,-0.490811,-9.837775
1839144857,0.311246,-0.469264,-9.777920
1839146048,0.318429,-0.562637,-9.844957
1839147241,0.311246,-0.545878,-9.856929
1839148421,0.325611,-0.450110,-9.911995
1839149598,0.311246,-0.507571,-9.780313
1839150776,0.318429,-0.543484,-9.818622
1839151959,0.304064,-0.584185,-9.830592
1839153143,0.277727,-0.512359,-9.919178
1839154330,0.232238,-0.555455,-9.926360
1839155514,0.268151,-0.533907,-9.885659
1839156702,0.330400,-0.495600,-9.780313
1839157893,0.356736,-0.505177,-9.832987
1839159080,0.356736,-0.509965,-9.895236
1839160262,0.347159,-0.533907,-9.854534
1839161442,0.308852,-0.493206,-9.849746
1839162628,0.306458,-0.519542,-9.823410
1839163814,0.347159,-0.538695,-9.730036
1839164996,0.337582,-0.541090,-9.746795
1839166178,0.328006,-0.514753,-9.847352
1839167363,0.339977,-0.500388,-9.852140
1839168552,0.306458,-0.569820,-9.770737
1839169734,0.311246,-0.529119,-9.737218
1839170921,0.289698,-0.545878,-9.797073
1839172109,0.325611,-0.572214,-9.761160
1839173298,0.351948,-0.519542,-9.694122
1839174479,0.361524,-0.517148,-9.713276
1839175662,0.359130,-0.507571,-9.713276
1839176856,0.385466,-0.462081,-9.744401
1839178052,0.344765,-0.471658,-9.832987
1839179238,0.316035,-0.438139,-9.751583
1839180416,0.320823,-0.500388,-9.825804
1839181596,0.342371,-0.579397,-9.801862
1839182777,0.311246,-0.553061,-9.794679
1839183957,0.256180,-0.502782,-9.868899
1839185147,0.306458,-0.550666,-9.861717
1839186328,0.237026,-0.548272,-9.852140
1839187515,0.299275,-0.536301,-9.866506
1839188698,0.299275,-0.500388,-9.813833
1839189900,0.292093,-0.490811,-9.787497
1839191081,0.270545,-0.529119,-9.785102
1839192267,0.260968,-0.509965,-9.821015
1839193443,0.253785,-0.459687,-9.751583
1839194630,0.220267,-0.550666,-9.770737
1839195810,0.241814,-0.579397,-9.756371
1839197001,0.244209,-0.517148,-9.888053
1839198182,0.359130,-0.502782,-9.921572
1839199372,0.330400,-0.531513,-9.849746
1839200552,0.316035,-0.553061,-9.787497
1839201748,0.244209,-0.526724,-9.856929
1839202930,0.282516,-0.507571,-9.830592
1839204116,0.272939,-0.526724,-9.835381
1839205304,0.292093,-0.560243,-9.878476
1839206490,0.423774,-0.531513,-9.947908
1839207677,0.387861,-0.531513,-9.957485
1839208876,0.366313,-0.531513,-9.935937
1839210064,0.342371,-0.490811,-9.897630
1839211250,0.323217,-0.495600,-9.888053
1839212425,0.363919,-0.569820,-9.909601
1839213612,0.361524,-0.517148,-9.921572
1839214788,0.316035,-0.505177,-9.911995
1839215974,0.337582,-0.509965,-9.926360
1839217151,0.335188,-0.447716,-9.940725
1839218341,0.337582,-0.421380,-9.962274
1839219524,0.363919,-0.469264,-9.955091
1839220713,0.349553,-0.488417,-9.923966
1839221911,0.368707,-0.502782,-9.933543
1839223100,0.387861,-0.517148,-9.909601
1839224282,0.339977,-0.502782,-9.945514
1839225463,0.325611,-0.486023,-9.916783
1839226639,0.304064,-0.550666,-9.895236
1839227826,0.335188,-0.495600,-9.876082
1839229011,0.296881,-0.512359,-9.861717
1839230202,0.292093,-0.493206,-9.883265
1839231387,0.368707,-0.478840,-9.847352
1839232568,0.361524,-0.426168,-9.830592
1839233748,0.347159,-0.464475,-9.835381
1839234935,0.351948,-0.531513,-9.866506
1839236117,0.414197,-0.474052,-9.873688
1839237309,0.404620,-0.440533,-9.816227
1839238490,0.359130,-0.560243,-9.878476
1839239669,0.311246,-0.469264,-9.914390
1839240862,0.320823,-0.478840,-9.971850
1839242057,0.347159,-0.483629,-9.919178
1839243243,0.414197,-0.471658,-9.900024
1839244434,0.308852,-0.533907,-10.007763
1839245611,0.320823,-0.483629,-9.923966
1839246794,0.344765,-0.526724,-9.916783
1839247977,0.387861,-0.521936,-9.854534
1839249164,0.330400,-0.442927,-9.911995
1839250350,0.347159,-0.474052,-9.904813
1839251538,0.359130,-0.430956,-9.890448
1839252729,0.404620,-0.512359,-9.878476
1839253912,0.385466,-0.495600,-9.787497
1839255097,0.366313,-0.478840,-9.789890
1839256287,0.380678,-0.481235,-9.809045
1839257462,0.373495,-0.490811,-9.859323
1839258643,0.349553,-0.486023,-9.866506
1839259826,0.351948,-0.462081,-9.861717
1839261017,0.301669,-0.476446,-9.825804
1839262203,0.347159,-0.452504,-9.847352
1839263393,0.323217,-0.438139,-9.856929
1839264572,0.354342,-0.462081,-9.935937
1839265755,0.371101,-0.457293,-9.883265
1839266937,0.356736,-0.481235,-9.895236
1839268125,0.363919,-0.486023,-9.943120
1839269306,0.351948,-0.497994,-9.883265
1839270494,0.361524,-0.483629,-9.890448
1839271675,0.354342,-0.481235,-9.873688
1839272875,0.368707,-0.514753,-9.883265
1839274062,0.368707,-0.550666,-9.888053
1839275250,0.349553,-0.490811,-9.837775
1839276437,0.371101,-0.490811,-9.768343
1839277620,0.366313,-0.466869,-9.737218
1839278799,0.354342,-0.519542,-9.794679
1839279986,0.373495,-0.459687,-9.765948
1839281169,0.318429,-0.450110,-9.811439
1839282363,0.342371,-0.440533,-9.801862
1839283549,0.354342,-0.526724,-9.852140
1839284746,0.292093,-0.478840,-9.809045
1839285926,0.337582,-0.497994,-9.801862
1839287111,0.373495,-0.462081,-9.842564
1839288296,0.337582,-0.505177,-9.897630
1839289483,0.387861,-0.502782,-9.780313
1839290660,0.351948,-0.536301,-9.861717
1839291858,0.335188,-0.500388,-9.900024
1839293041,0.328006,-0.478840,-9.837775
1839294227,0.385466,-0.474052,-9.854534
1839295403,0.421380,-0.474052,-9.813833
1839296594,0.347159,-0.519542,-9.840169
1839297770,0.284910,-0.507571,-9.825804
1839298961,0.330400,-0.500388,-9.837775
1839300143,0.359130,-0.507571,-9.799467
1839301324,0.414197,-0.490811,-9.725247
1839302507,0.356736,-0.493206,-9.904813
1839303695,0.318429,-0.565032,-9.837775
1839304889,0.347159,-0.548272,-9.849746
1839306078,0.426168,-0.557849,-9.844957
1839307261,0.311246,-0.519542,-9.823410
1839308442,0.337582,-0.533907,-9.888053
1839309624,0.392649,-0.533907,-9.832987
1839310810,0.323217,-0.519542,-9.904813
1839311996,0.414197,-0.512359,-9.854534
1839313183,0.380678,-0.505177,-9.801862
1839314367,0.323217,-0.502782,-9.844957
1839315548,0.332794,-0.560243,-9.821015
1839316742,0.260968,-0.507571,-9.897630
1839317928,0.318429,-0.495600,-9.844957
1839319106,0.354342,-0.529119,-9.892841
1839320297,0.354342,-0.526724,-9.892841
1839321480,0.296881,-0.500388,-9.852140
1839322662,0.399832,-0.512359,-9.883265
1839323855,0.347159,-0.500388,-9.914390
1839325050,0.342371,-0.505177,-9.876082
1839326232,0.347159,-0.481235,-9.885659
1839327414,0.323217,-0.500388,-9.902418
1839328594,0.351948,-0.533907,-9.880871
1839329774,0.313640,-0.521936,-9.847352
1839330962,0.363919,-0.517148,-9.864111
1839332152,0.347159,-0.533907,-9.926360
1839333337,0.318429,-0.524330,-9.921572
1839334525,0.313640,-0.512359,-9.919178
1839335708,0.363919,-0.517148,-9.916783
1839336910,0.354342,-0.500388,-9.880871
1839338094,0.351948,-0.533907,-9.900024
1839339279,0.397437,-0.502782,-9.840169
1839340455,0.387861,-0.517148,-9.859323
1839341637,0.383072,-0.500388,-9.823410
1839342814,0.282516,-0.500388,-9.866506
1839344003,0.332794,-0.500388,-9.928755
1839345188,0.323217,-0.478840,-9.959879
1839346378,0.395043,-0.519542,-9.928755
1839347561,0.368707,-0.493206,-9.878476
1839348748,0.347159,-0.514753,-9.914390
1839349930,0.328006,-0.497994,-9.904813
1839351115,0.387861,-0.490811,-9.897630
1839352302,0.339977,-0.514753,-9.911995
1839353490,0.313640,-0.514753,-9.919178
1839354668,0.359130,-0.512359,-9.919178
1839355866,0.354342,-0.502782,-9.883265
1839357054,0.378284,-0.524330,-9.907207
1839358243,0.342371,-0.490811,-9.955091
1839359419,0.313640,-0.478840,-9.945514
1839360604,0.411803,-0.550666,-9.904813
1839361781,0.354342,-0.531513,-9.840169
1839362968,0.359130,-0.476446,-9.888053
1839364155,0.416591,-0.486023,-9.854534
1839365345,0.347159,-0.464475,-9.933543
1839366529,0.387861,-0.481235,-9.923966
1839367727,0.404620,-0.536301,-9.873688
1839368913,0.371101,-0.514753,-9.856929
1839370103,0.287304,-0.440533,-9.854534
1839371288,0.287304,-0.490811,-9.909601
1839372473,0.344765,-0.490811,-9.926360
1839373651,0.373495,-0.502782,-9.969456
1839374839,0.354342,-0.521936,-9.856929
1839376028,0.373495,-0.505177,-9.828198
1839377214,0.335188,-0.517148,-9.904813
1839378405,0.356736,-0.538695,-9.866506
1839379591,0.414197,-0.490811,-9.890448
1839380772,0.356736,-0.490811,-9.842564
1839381964,0.397437,-0.533907,-9.854534
1839383146,0.426168,-0.462081,-9.919178
1839384336,0.409408,-0.497994,-9.907207
1839385518,0.351948,-0.524330,-9.897630
1839386705,0.390255,-0.509965,-9.835381
1839387899,0.344765,-0.536301,-9.868899
1839389086,0.337582,-0.533907,-9.813833
1839390268,0.332794,-0.493206,-9.770737
1839391454,0.323217,-0.466869,-9.880871
1839392641,0.342371,-0.545878,-9.837775
1839393829,0.363919,-0.524330,-9.900024
1839395014,0.301669,-0.524330,-9.878476
1839396200,0.304064,-0.514753,-9.911995
1839397385,0.354342,-0.502782,-9.900024
1839398566,0.330400,-0.514753,-9.811439
1839399748,0.383072,-0.538695,-9.794679
1839400934,0.282516,-0.531513,-9.818622
1839402117,0.313640,-0.519542,-9.792285
1839403309,0.282516,-0.464475,-9.866506
1839404491,0.328006,-0.471658,-9.921572
1839405677,0.323217,-0.502782,-9.880871
1839406871,0.323217,-0.502782,-9.916783
1839408069,0.351948,-0.524330,-9.950302
1839409254,0.349553,-0.488417,-9.919178
1839410446,0.361524,-0.486023,-9.792285
1839411630,0.363919,-0.500388,-9.809045
1839412815,0.347159,-0.474052,-9.871294
1839414000,0.366313,-0.469264,-9.797073
1839415190,0.361524,-0.481235,-9.828198
1839416373,0.354342,-0.445322,-9.856929
1839417555,0.344765,-0.423774,-9.763555
1839418740,0.339977,-0.457293,-9.835381
1839419928,0.277727,-0.454898,-9.835381
1839421110,0.349553,-0.481235,-9.856929
1839422301,0.311246,-0.493206,-9.876082
1839423483,0.325611,-0.519542,-9.835381
1839424675,0.296881,-0.445322,-9.832987
1839425868,0.308852,-0.481235,-9.885659
1839427066,0.318429,-0.488417,-9.821015
1839428253,0.318429,-0.490811,-9.876082
1839429444,0.308852,-0.533907,-9.873688
1839430615,0.304064,-0.541090,-9.876082
1839431808,0.308852,-0.524330,-9.816227
1839432993,0.318429,-0.502782,-9.873688
1839434180,0.318429,-0.519542,-9.785102
