time_us,x,y,z
1792988739,0.280122,-0.411803,-9.856929
1792989966,0.299275,-0.493206,-10.034100
1792991192,0.402226,-0.560243,-10.077195
1792992436,0.404620,-0.600945,-9.698911
1792993644,0.421380,-0.495600,-9.569624
1792994871,0.363919,-0.512359,-9.521740
1792996091,0.318429,-0.524330,-9.586384
1792997293,0.306458,-0.507571,-9.832987
1792998503,0.385466,-0.533907,-10.125079
1792999727,0.375890,-0.497994,-10.237606
1793000947,0.368707,-0.483629,-10.244789
1793002161,0.337582,-0.521936,-10.089166
1793003369,0.260968,-0.457293,-9.775525
1793004579,0.306458,-0.426168,-9.674969
1793005806,0.332794,-0.471658,-9.713276
1793007034,0.318429,-0.497994,-9.955091
1793008245,0.304064,-0.497994,-10.151415
1793009443,0.328006,-0.488417,-10.163386
1793010660,0.328006,-0.505177,-10.098742
1793011892,0.359130,-0.497994,-10.110714
1793013108,0.380678,-0.421380,-10.048465
1793014310,0.428562,-0.454898,-10.153810
1793015523,0.294487,-0.457293,-10.036493
1793016756,0.282516,-0.438139,-10.081984
1793017982,0.335188,-0.452504,-10.038888
1793019198,0.438139,-0.486023,-9.957485
1793020404,0.351948,-0.502782,-9.897630
1793021615,0.328006,-0.533907,-9.792285
1793022857,0.347159,-0.521936,-9.916783
1793024077,0.311246,-0.462081,-9.859323
1793025283,0.280122,-0.464475,-9.955091
1793026489,0.392649,-0.447716,-10.824186
1793027721,0.414197,-0.579397,-10.189722
1793028948,0.380678,-0.466869,-9.600749
1793030172,0.325611,-0.318429,-9.722853
1793031368,0.280122,-0.318429,-9.751583
1793032583,0.220267,-0.672771,-9.737218
1793033805,0.256180,-0.591368,-10.108319
1793035037,0.263362,-0.541090,-9.909601
1793036242,0.342371,-0.392649,-8.923190
1793037447,0.272939,-0.225055,-10.077195
1793038658,0.543484,-0.634463,-8.772355
1793039894,0.294487,-1.137246,-6.521805
1793041110,-0.167594,-0.984017,-8.643068
1793042327,0.361524,-0.184354,-12.835316
1793043540,0.667982,-1.110910,-11.604695
1793044762,0.433351,-0.739808,-10.855310
1793045983,0.296881,0.047884,-10.862494
1793047198,0.397437,0.653617,-9.303867
1793048392,0.208296,-0.169988,-8.597578
1793049609,0.248997,-0.778116,-9.406818
1793050836,0.371101,-0.703895,-10.948685
1793052063,0.620098,-0.495600,-11.109096
1793053268,0.591368,-0.636858,-11.037270
1793054485,0.361524,-0.160412,-9.816227
1793055706,0.198719,-0.225055,-9.674969
1793056933,0.232238,-0.399832,-8.604761
1793058144,0.387861,-0.737414,-8.805874
1793059349,0.435745,-0.847547,-9.018958
1793060561,0.514753,-1.094150,-10.079589
1793061790,0.529119,-0.945710,-10.170568
1793063013,0.612916,-0.691924,-10.582372
1793064234,0.512359,-0.344765,-10.773908
1793065432,0.158017,-0.248997,-9.126697
1793066649,0.052672,-0.519542,-8.856153
1793067877,0.143652,-0.584185,-8.963891
1793069098,0.260968,-0.538695,-8.635885
1793070305,0.299275,-0.608127,-9.107543
1793071511,0.074220,0.050278,-6.191406
1793072735,-0.215478,0.028730,-5.470751
1793073951,-0.337582,0.153229,-7.563283
1793075174,-0.064643,0.122104,-10.204087
1793076368,0.095768,-0.524330,-11.973403
1793077575,0.318429,-1.474828,-11.188105
1793078807,0.500388,-0.960075,-10.764331
1793080033,0.517148,-0.248997,-10.297462
1793081243,0.328006,0.064643,-9.555259
1793082437,0.237026,0.339977,-9.081207
1793083640,0.167594,-0.294487,-9.509769
1793084869,0.196325,-0.428562,-10.443508
1793086097,0.299275,-0.857124,-10.704475
1793087303,0.229843,-1.058237,-9.368511
1793088515,-0.031125,-1.233014,-9.521740
1793089752,-0.033519,-0.926556,-10.577583
1793090985,-0.021548,-0.656011,-11.271901
1793092207,0.105345,-0.474052,-11.482592
1793093417,0.316035,-0.306458,-11.508927
1793094623,0.502782,-0.608127,-10.570400
1793095865,0.562637,-0.569820,-10.081984
1793097091,0.505177,-0.481235,-9.792285
1793098303,0.304064,-0.414197,-9.258378
1793099509,0.129287,-0.383072,-9.900024
1793100745,0.232238,-0.351948,-10.546458
1793101963,0.409408,-0.373495,-10.675745
1793103194,0.440533,-0.529119,-10.632649
1793104395,0.344765,-0.536301,-10.213664
1793105607,0.203507,-0.646434,-9.440337
1793106833,0.272939,-0.634463,-9.253590
1793108060,0.304064,-0.703895,-9.109938
1793109265,0.272939,-0.608127,-9.176975
1793110479,0.217872,-0.667982,-9.471462
1793111701,-0.059855,-0.849942,-10.919954
1793112941,0.045490,-0.624887,-12.327744
1793114153,0.248997,-0.478840,-12.124237
1793115364,0.373495,-0.703895,-10.697293
1793116576,0.114922,-0.541090,-9.002198
1793117801,-0.191536,-0.533907,-8.432379
1793119034,-0.330400,-0.471658,-8.860941
1793120250,-0.239420,-0.430956,-10.122684
1793121447,0.119710,-0.390255,-11.082760
1793122660,0.833182,-0.885855,-9.816227
1793123894,0.567426,-0.826000,-8.961497
1793125113,0.306458,-0.605733,-8.444349
1793126323,-0.038307,-0.531513,-8.018182
1793127545,-0.004788,-0.646434,-9.342175
1793128770,0.234632,-0.758962,-10.359711
1793130002,0.464475,-0.826000,-11.142614
1793131219,0.529119,-0.830788,-11.405977
1793132419,0.490811,-0.658405,-11.037270
1793133630,0.380678,-0.363919,-10.429143
1793134864,0.466869,-0.371101,-9.878476
1793136082,0.445322,-0.529119,-9.464279
1793137290,0.416591,-0.560243,-9.516952
1793138491,0.275333,-0.598550,-9.631873
1793139722,0.189142,-0.768539,-9.866506
1793140945,0.287304,-0.749385,-10.546458
1793142166,0.478840,-0.732626,-11.125855
1793143362,0.598550,-0.751779,-11.326968
1793144577,0.648829,-0.548272,-10.510546
1793145799,0.588974,-0.466869,-10.048465
1793147026,0.605733,-0.402226,-10.048465
1793148233,0.761356,-0.426168,-10.036493
1793149434,0.823605,-0.627281,-9.725247
1793150643,0.536301,-0.715866,-9.684546
1793151876,0.332794,-0.548272,-9.902418
1793153091,0.232238,-0.603339,-9.974244
1793154303,0.174777,-0.622492,-10.472239
1793155511,0.232238,-0.553061,-10.836157
1793156749,0.641646,-0.574608,-10.481815
1793157963,0.677559,-0.445322,-10.199299
1793159196,0.629675,-0.217872,-9.952697
1793160397,0.581791,-0.222661,-9.435549
1793161614,0.397437,-0.428562,-8.872911
1793162853,0.287304,-0.486023,-9.141062
1793164078,0.196325,-0.605733,-9.229648
1793165280,0.098162,-0.667982,-9.380483
1793166478,0.119710,-0.622492,-9.672575
1793167700,0.373495,-0.502782,-10.129868
1793168932,0.438139,-0.474052,-10.240001
1793170141,0.488417,-0.418985,-10.139444
1793171345,0.663194,-0.490811,-9.002198
1793172556,0.519542,-0.483629,-7.800309
1793173781,0.232238,-0.191536,-9.200917
1793174992,0.129287,-0.304064,-9.528923
1793176212,0.220267,-0.500388,-9.641450
1793177403,0.442927,-0.390255,-10.723629
1793178616,0.639252,-0.296881,-10.812215
1793179856,0.557849,-0.430956,-10.168175
1793181082,0.433351,-0.421380,-9.672575
1793182284,0.320823,-0.323217,-9.605537
1793183495,0.366313,-0.268151,-9.179369
1793184724,0.411803,-0.330400,-9.394848
1793185952,0.409408,-0.421380,-9.655815
1793187166,0.407014,-0.495600,-9.842564
1793188371,0.373495,-0.488417,-9.603143
1793189589,0.383072,-0.373495,-9.610326
1793190815,0.409408,-0.392649,-9.203311
1793192047,0.438139,-0.440533,-9.196129
1793193258,0.481235,-0.502782,-9.220071
1793194457,0.438139,-0.478840,-9.270349
1793195671,0.373495,-0.445322,-10.050858
1793196910,0.457293,-0.435745,-10.469844
1793198142,0.395043,-0.474052,-10.486604
1793199342,0.373495,-0.423774,-10.469844
1793200558,0.325611,-0.248997,-10.350134
1793201781,0.411803,-0.263362,-9.799467
1793203001,0.368707,-0.351948,-9.471462
1793204217,0.373495,-0.509965,-9.536105
1793205411,0.428562,-0.593762,-9.801862
1793206629,0.373495,-0.596156,-9.662998
1793207860,0.292093,-0.471658,-9.612720
1793209080,0.203507,-0.378284,-9.504981
1793210286,0.107739,-0.450110,-9.660604
1793211487,0.452504,-0.165200,-9.500193
1793212711,0.490811,-0.208296,-10.297462
1793213933,0.423774,-0.478840,-9.497798
1793215153,0.294487,-0.682347,-9.445126
1793216355,0.282516,-0.881066,-10.043676
1793217569,0.256180,-0.723049,-10.139444
1793218801,0.052672,-0.399832,-9.979033
1793220027,-0.071826,-0.347159,-10.247183
1793221241,-0.076614,-0.392649,-9.892841
1793222447,0.026336,-0.409408,-9.787497
1793223655,1.115698,0.282516,-10.929531
1793224878,1.752556,0.409408,-10.359711
1793226088,2.334347,0.490811,-9.706094
1793227279,2.621651,0.550666,-9.090784
1793228474,3.725378,0.193930,-8.647857
1793229691,-1.345541,-2.568978,-8.116343
1793230916,-1.082179,-0.718261,-4.479551
1793232153,-2.015918,-0.172383,-8.736442
1793233363,0.035913,-0.720655,-11.346122
1793234569,-0.246603,0.007183,-10.481815
1793235801,0.790087,-0.775721,-10.395624
1793237027,0.634463,-0.972046,-11.781867
1793238234,0.150835,-1.216254,-10.240001
1793239439,-0.268151,-1.448492,-7.678205
1793240658,-0.639252,-0.383072,-7.757214
1793241902,0.146046,0.189142,-11.149797
1793243113,-0.153229,-0.684742,-10.342952
1793244335,0.021548,-1.223437,-5.758055
1793245547,-0.782904,-0.555455,-3.217807
1793246785,-1.668759,-0.715866,-12.500127
1793248013,-1.774103,-2.276886,-8.667010
1793249236,-0.129287,-0.830788,-11.820174
1793250444,1.189918,0.957681,-15.184027
1793251650,2.157176,2.178724,-15.540763
1793252874,1.695095,0.153229,-12.234370
1793254089,0.995988,-0.452504,-11.382035
1793255282,0.390255,-0.158017,-12.064383
1793256493,0.328006,-0.641646,-11.408371
1793257709,0.181959,-1.398214,-8.810662
1793258938,-0.289698,-1.132457,-9.964667
1793260128,-0.248997,-0.888249,-12.248735
1793261317,-0.203507,-0.804452,-12.449849
1793262507,0.035913,-0.852336,-11.496957
1793263704,0.567426,-0.837971,-8.001422
1793264901,0.577003,-0.859518,-5.145139
1793266087,0.507571,-0.656011,-4.486734
1793267263,0.414197,-0.363919,-5.741296
1793268438,0.402226,-0.318429,-8.090008
1793269617,0.526724,-0.457293,-10.132261
1793270817,0.311246,-0.883460,-11.068395
1793272002,0.320823,-1.024718,-11.422736
1793273193,0.241814,-0.979228,-10.989386
1793274367,0.275333,-0.756568,-10.764331
1793275551,0.524330,-0.545878,-10.943896
1793276746,0.960075,0.026336,-11.111490
1793277926,1.089362,0.076614,-10.896012
1793279104,1.142034,0.023942,-11.094730
1793280275,1.000776,-0.174777,-11.245565
1793281452,0.751779,-0.464475,-11.274296
1793282641,0.588974,-0.665588,-10.893618
1793283831,0.119710,-0.574608,-9.301474
1793285017,0.000000,-0.634463,-8.801085
1793286198,0.035913,-0.641646,-8.578424
1793287374,-0.009577,-0.636858,-8.671799
1793288558,-0.059855,-0.713472,-8.829816
1793289761,-0.031125,-0.701501,-8.959103
1793290950,0.007183,-0.656011,-9.102755
1793292135,0.117316,-0.598550,-9.083601
1793293311,0.292093,-0.509965,-9.097966
1793294496,0.292093,-0.390255,-9.064447
1793295683,0.371101,-0.402226,-9.186552
1793296881,0.557849,-0.605733,-9.617508
1793298069,0.641646,-0.605733,-9.976639
1793299259,0.725443,-0.627281,-10.462662
1793300441,0.768539,-0.591368,-10.876859
1793301630,0.806846,-0.507571,-10.943896
1793302823,0.632069,-0.533907,-10.711658
1793304021,0.543484,-0.486023,-10.465055
1793305212,0.577003,-0.399832,-10.371682
1793306388,0.500388,-0.347159,-10.218452
1793307570,0.433351,-0.404620,-10.132261
1793308768,0.445322,-0.524330,-9.919178
1793309954,0.404620,-0.531513,-9.785102
1793311143,0.308852,-0.567426,-9.466674
1793312320,0.277727,-0.627281,-9.591172
1793313508,0.311246,-0.622492,-9.890448
1793314699,0.366313,-0.620098,-9.962274
1793315895,0.423774,-0.553061,-9.639056
1793317077,0.359130,-0.493206,-9.696517
1793318256,0.335188,-0.466869,-9.689334
1793319429,0.325611,-0.483629,-9.718064
1793320615,0.325611,-0.509965,-9.983821
1793321806,0.316035,-0.421380,-9.904813
1793322989,0.395043,-0.447716,-9.816227
1793324171,0.390255,-0.402226,-9.801862
1793325355,0.433351,-0.433351,-9.868899
1793326544,0.442927,-0.474052,-9.885659
1793327743,0.493206,-0.457293,-9.892841
1793328925,0.454898,-0.466869,-9.988609
1793330117,0.344765,-0.457293,-9.957485
1793331294,0.339977,-0.440533,-10.038888
1793332480,0.356736,-0.495600,-10.120291
1793333667,0.361524,-0.450110,-10.058042
1793334865,0.476446,-0.483629,-9.878476
1793336059,0.531513,-0.586579,-9.763555
1793337251,0.562637,-0.591368,-9.646238
1793338429,0.653617,-0.596156,-9.296685
1793339616,0.665588,-0.584185,-9.124303
1793340807,0.632069,-0.627281,-9.059659
1793341997,0.562637,-0.658405,-9.038112
1793343182,0.533907,-0.708684,-9.224859
1793344356,0.476446,-0.684742,-9.504981
1793345544,0.337582,-0.629675,-9.775525
1793346744,0.294487,-0.598550,-9.969456
1793347926,0.323217,-0.497994,-10.251971
1793349119,0.337582,-0.430956,-10.335769
1793350296,0.366313,-0.387861,-10.419566
1793351483,0.339977,-0.378284,-10.335769
1793352673,0.268151,-0.395043,-10.146626
1793353878,0.227449,-0.399832,-10.002975
1793355064,0.193930,-0.464475,-10.053253
1793356245,0.203507,-0.418985,-9.991004
1793357421,0.160412,-0.462081,-9.911995
1793358603,0.131681,-0.505177,-9.861717
1793359792,0.138864,-0.524330,-9.868899
1793360978,0.220267,-0.474052,-9.730036
1793362157,0.265756,-0.450110,-9.725247
1793363338,0.265756,-0.471658,-9.775525
1793364525,0.237026,-0.481235,-9.703699
1793365729,0.208296,-0.493206,-9.619903
1793366914,0.265756,-0.524330,-9.643845
1793368104,0.272939,-0.574608,-9.706094
1793369279,0.246603,-0.615310,-9.801862
1793370450,0.265756,-0.557849,-9.897630
1793371631,0.215478,-0.459687,-9.871294
1793372829,0.225055,-0.454898,-9.804255
1793374015,0.198719,-0.476446,-9.902418
1793375206,0.299275,-0.481235,-9.885659
1793376378,0.330400,-0.550666,-9.852140
1793377559,0.404620,-0.471658,-9.794679
1793378750,0.347159,-0.452504,-9.612720
1793379936,0.442927,-0.395043,-9.540894
1793381117,0.488417,-0.407014,-9.524135
1793382297,0.404620,-0.440533,-9.624691
1793383480,0.387861,-0.450110,-9.770737
1793384670,0.330400,-0.414197,-9.878476
1793385868,0.287304,-0.380678,-9.900024
1793387062,0.320823,-0.457293,-9.935937
1793388238,0.294487,-0.466869,-10.115502
1793389420,0.323217,-0.476446,-10.271125
1793390600,0.328006,-0.459687,-10.223241
1793391793,0.361524,-0.454898,-10.153810
1793392976,0.385466,-0.454898,-10.010158
1793394171,0.409408,-0.433351,-9.761160
1793395347,0.390255,-0.454898,-9.588778
1793396539,0.380678,-0.490811,-9.617508
1793397729,0.356736,-0.493206,-9.720459
1793398920,0.263362,-0.541090,-9.943120
1793400104,0.308852,-0.514753,-10.170568
1793401285,0.265756,-0.531513,-10.093954
1793402458,0.277727,-0.557849,-10.050858
1793403646,0.296881,-0.560243,-10.041282
1793404834,0.313640,-0.553061,-9.878476
1793406027,0.313640,-0.517148,-9.756371
1793407204,0.383072,-0.505177,-9.701305
1793408383,0.414197,-0.450110,-9.672575
1793409561,0.368707,-0.464475,-9.756371
1793410757,0.378284,-0.421380,-9.986216
1793411940,0.354342,-0.435745,-10.139444
1793413128,0.363919,-0.507571,-10.146626
1793414299,0.359130,-0.447716,-10.125079
1793415491,0.351948,-0.457293,-10.134656
1793416680,0.356736,-0.466869,-10.012551
1793417885,0.395043,-0.442927,-9.864111
1793419074,0.411803,-0.452504,-9.763555
1793420264,0.450110,-0.438139,-9.670180
1793421429,0.428562,-0.426168,-9.562442
1793422613,0.452504,-0.488417,-9.548077
1793423804,0.450110,-0.495600,-9.540894
1793424988,0.478840,-0.486023,-9.507375
1793426170,0.466869,-0.478840,-9.526528
1793427355,0.452504,-0.529119,-9.655815
1793428543,0.421380,-0.514753,-9.813833
1793429742,0.392649,-0.569820,-9.902418
1793430924,0.445322,-0.553061,-10.010158
1793432115,0.390255,-0.445322,-9.928755
1793433291,0.335188,-0.521936,-9.950302
1793434473,0.375890,-0.553061,-9.742006
1793435658,0.351948,-0.591368,-9.852140
1793436861,0.426168,-0.560243,-9.730036
1793438051,0.287304,-0.509965,-9.670180
1793439241,0.308852,-0.462081,-10.038888
1793440410,0.272939,-0.524330,-10.299856
1793441594,0.258574,-0.548272,-10.014946
1793442783,0.213084,-0.591368,-10.017340
1793443969,0.155623,-0.565032,-10.098742
1793445155,0.148441,-0.586579,-10.192117
1793446338,0.158017,-0.612916,-10.105926
1793447524,0.196325,-0.682347,-10.108319
1793448729,0.258574,-0.629675,-10.395624
1793449918,0.189142,-0.533907,-10.419566
1793451109,0.124498,-0.579397,-10.323798
1793452286,0.143652,-0.610521,-10.304645
1793453463,0.100556,-0.596156,-10.189722
1793454646,0.191536,-0.581791,-9.986216
1793455840,0.265756,-0.567426,-9.844957
1793457029,0.237026,-0.543484,-9.871294
1793458214,0.258574,-0.596156,-10.017340
1793459395,0.244209,-0.610521,-10.038888
1793460580,0.258574,-0.591368,-9.945514
1793461774,0.280122,-0.548272,-9.830592
1793462965,0.246603,-0.531513,-9.706094
1793464149,0.361524,-0.591368,-9.694122
1793465332,0.335188,-0.545878,-9.909601
1793466514,0.328006,-0.557849,-9.947908
1793467709,0.260968,-0.529119,-9.782708
1793468906,0.248997,-0.502782,-9.679757
1793470096,0.246603,-0.507571,-9.730036
1793471271,0.251391,-0.502782,-9.809045
1793472444,0.272939,-0.509965,-9.880871
1793473626,0.162806,-0.529119,-9.737218
1793474824,0.177171,-0.548272,-9.739613
1793476018,0.071826,-0.509965,-9.823410
1793477206,0.095768,-0.543484,-9.674969
1793478378,0.098162,-0.579397,-8.798691
1793479561,0.155623,-0.691924,-10.146626
1793480754,0.239420,-0.512359,-10.591949
1793481942,0.229843,-0.574608,-10.328587
1793483125,0.237026,-0.495600,-9.313444
1793484299,0.210690,-0.569820,-9.380483
1793485473,0.246603,-0.442927,-9.464279
1793486664,0.323217,-0.533907,-9.447520
1793487861,0.354342,-0.615310,-9.763555
1793489057,0.399832,-0.598550,-9.921572
1793490231,0.361524,-0.541090,-9.830592
1793491410,0.351948,-0.572214,-9.842564
1793492589,0.371101,-0.553061,-9.859323
1793493781,0.304064,-0.450110,-9.785102
1793494959,0.349553,-0.457293,-9.895236
1793496150,0.387861,-0.440533,-10.038888
1793497327,0.268151,-0.395043,-10.005369
1793498514,0.280122,-0.560243,-9.756371
1793499705,0.268151,-0.591368,-10.177752
1793500909,0.244209,-0.507571,-10.654198
1793502094,0.296881,-0.452504,-9.658210
1793503275,0.229843,-0.452504,-9.552865
1793504445,0.296881,-0.459687,-10.081984
1793505634,0.371101,-0.526724,-10.175357
1793506822,0.366313,-0.521936,-9.665392
1793508021,0.438139,-0.577003,-9.844957
1793509211,0.392649,-0.466869,-9.895236
1793510388,0.344765,-0.299275,-10.395624
1793511571,0.596156,-0.263362,-8.094796
1793512769,0.081403,-0.816423,-8.765172
1793513953,0.258574,-0.445322,-9.306262
1793515140,0.378284,-0.299275,-10.534488
1793516316,0.067038,-0.517148,-9.234436
1793517501,0.335188,-0.536301,-9.478644
1793518690,0.344765,-0.086191,-10.390836
1793519889,0.174777,-0.354342,-10.074800
1793521074,0.220267,-0.574608,-9.811439
1793522254,0.098162,-0.459687,-9.263166
1793523431,0.229843,-0.213084,-9.311050
1793524616,0.342371,-0.296881,-9.267955
1793525808,0.294487,-0.292093,-9.016563
1793526998,0.306458,-0.454898,-9.397242
1793528183,0.299275,-0.526724,-10.376471
1793529359,0.294487,-0.569820,-9.938332
1793530536,0.308852,-0.497994,-9.598354
1793531735,0.387861,-0.356736,-9.514558
1793532918,0.287304,-0.514753,-9.493010
1793534107,0.493206,-0.375890,-9.804255
1793535281,0.330400,-0.493206,-9.794679
1793536456,0.428562,-0.454898,-9.904813
1793537639,0.481235,-0.466869,-9.809045
1793538832,0.363919,-0.459687,-9.830592
1793540018,0.490811,-0.414197,-9.998186
1793541213,0.332794,-0.531513,-9.878476
1793542386,0.361524,-0.464475,-9.979033
1793543572,0.351948,-0.502782,-9.847352
1793544765,0.289698,-0.548272,-9.792285
1793545956,0.347159,-0.452504,-10.072407
1793547137,0.409408,-0.469264,-10.036493
1793548319,0.349553,-0.507571,-10.079589
1793549500,0.339977,-0.521936,-10.273520
1793550694,0.328006,-0.488417,-10.096349
1793551888,0.368707,-0.514753,-9.713276
1793553078,0.356736,-0.488417,-9.569624
1793554256,0.356736,-0.440533,-10.153810
1793555441,0.299275,-0.507571,-10.460267
1793556622,0.323217,-0.541090,-10.242394
1793557820,0.335188,-0.584185,-10.177752
1793559013,0.330400,-0.579397,-10.010158
1793560201,0.380678,-0.538695,-9.952697
1793561374,0.251391,-0.519542,-10.000581
1793562556,0.239420,-0.526724,-10.034100
1793563748,0.299275,-0.538695,-10.175357
1793564936,0.232238,-0.560243,-10.053253
1793566118,0.210690,-0.584185,-10.014946
1793567298,0.222661,-0.536301,-9.911995
1793568476,0.225055,-0.512359,-9.911995
1793569668,0.203507,-0.521936,-10.041282
1793570865,0.160412,-0.521936,-9.926360
1793572061,0.179565,-0.557849,-9.859323
1793573248,0.208296,-0.591368,-10.010158
1793574429,0.282516,-0.586579,-10.014946
1793575612,0.258574,-0.596156,-10.022128
1793576809,0.292093,-0.565032,-10.103531
1793577990,0.260968,-0.555455,-9.959879
1793579180,0.258574,-0.548272,-9.694122
1793580356,0.241814,-0.529119,-9.622296
1793581550,0.277727,-0.622492,-9.722853
1793582745,0.299275,-0.639252,-9.797073
1793583932,0.258574,-0.644040,-9.868899
1793585109,0.246603,-0.596156,-9.967062
1793586289,0.215478,-0.567426,-9.809045
1793587455,0.248997,-0.550666,-9.799467
1793588643,0.244209,-0.553061,-9.861717
1793589830,0.232238,-0.581791,-9.883265
1793591022,0.193930,-0.524330,-9.852140
1793592211,0.234632,-0.596156,-9.979033
1793593388,0.229843,-0.593762,-9.914390
1793594569,0.167594,-0.565032,-9.880871
1793595765,0.213084,-0.579397,-9.955091
1793596950,0.268151,-0.612916,-10.043676
1793598137,0.289698,-0.562637,-9.995792
1793599315,0.241814,-0.538695,-9.907207
1793600502,0.280122,-0.524330,-9.923966
1793601690,0.284910,-0.560243,-9.861717
1793602889,0.356736,-0.555455,-9.873688
1793604077,0.371101,-0.562637,-9.923966
1793605259,0.339977,-0.617704,-9.770737
1793606431,0.387861,-0.591368,-9.708488
1793607617,0.433351,-0.519542,-9.658210
1793608808,0.407014,-0.560243,-9.677363
1793609997,0.378284,-0.572214,-9.677363
1793611183,0.373495,-0.581791,-9.703699
1793612363,0.356736,-0.512359,-9.765948
1793613542,0.373495,-0.483629,-9.742006
1793614741,0.335188,-0.514753,-9.830592
1793615923,0.356736,-0.505177,-9.844957
1793617114,0.385466,-0.524330,-9.742006
1793618289,0.375890,-0.457293,-9.756371
1793619472,0.325611,-0.507571,-9.720459
1793620658,0.337582,-0.488417,-9.701305
1793621860,0.349553,-0.507571,-9.780313
1793623044,0.306458,-0.514753,-9.737218
1793624231,0.368707,-0.466869,-9.758766
1793625407,0.366313,-0.538695,-9.732430
1793626590,0.371101,-0.538695,-9.706094
1793627777,0.373495,-0.550666,-9.562442
1793628969,0.428562,-0.526724,-9.691729
1793630157,0.428562,-0.524330,-9.646238
1793631338,0.423774,-0.536301,-9.662998
1793632518,0.344765,-0.533907,-9.734824
1793633711,0.320823,-0.545878,-9.679757
1793634909,0.366313,-0.495600,-9.734824
1793636092,0.421380,-0.509965,-9.828198
1793637268,0.332794,-0.452504,-9.713276
1793638442,0.311246,-0.495600,-9.859323
1793639623,0.313640,-0.462081,-9.909601
1793640819,0.332794,-0.476446,-9.914390
1793642010,0.378284,-0.538695,-9.971850
1793643200,0.339977,-0.505177,-9.859323
1793644373,0.339977,-0.509965,-9.849746
1793645555,0.375890,-0.533907,-9.837775
1793646748,0.318429,-0.493206,-9.799467
1793647934,0.328006,-0.486023,-9.763555
1793649115,0.354342,-0.538695,-9.765948
1793650297,0.418985,-0.493206,-9.763555
1793651475,0.390255,-0.550666,-9.758766
1793652665,0.361524,-0.507571,-9.777920
1793653863,0.347159,-0.490811,-9.804255
1793655058,0.414197,-0.457293,-9.694122
1793656246,0.452504,-0.440533,-9.775525
1793657427,0.442927,-0.414197,-9.938332
1793658606,0.411803,-0.447716,-9.933543
1793659804,0.354342,-0.490811,-10.002975
1793660984,0.375890,-0.466869,-9.969456
1793662175,0.421380,-0.505177,-9.950302
1793663338,0.349553,-0.469264,-9.940725
1793664530,0.375890,-0.440533,-9.933543
1793665726,0.387861,-0.500388,-9.971850
1793666916,0.407014,-0.488417,-10.110714
1793668101,0.409408,-0.459687,-10.134656
1793669282,0.390255,-0.483629,-10.026917
1793670454,0.397437,-0.474052,-9.959879
1793671642,0.339977,-0.493206,-9.967062
1793672830,0.428562,-0.502782,-10.005369
1793674021,0.452504,-0.538695,-9.979033
1793675210,0.421380,-0.529119,-9.909601
1793676386,0.397437,-0.481235,-9.873688
1793677568,0.411803,-0.514753,-9.856929
1793678764,0.430956,-0.490811,-9.868899
1793679949,0.471658,-0.474052,-9.935937
1793681136,0.433351,-0.471658,-9.993398
1793682313,0.409408,-0.488417,-9.993398
1793683499,0.397437,-0.478840,-9.971850
1793684686,0.363919,-0.440533,-9.988609
1793685885,0.344765,-0.490811,-9.986216
1793687073,0.337582,-0.481235,-10.072407
1793688265,0.347159,-0.471658,-10.074800
1793689431,0.323217,-0.486023,-10.029311
1793690617,0.356736,-0.502782,-9.971850
1793691809,0.402226,-0.450110,-10.038888
1793692997,0.399832,-0.445322,-10.072407
1793694183,0.423774,-0.445322,-9.986216
1793695358,0.373495,-0.545878,-9.959879
1793696547,0.373495,-0.545878,-9.926360
1793697746,0.416591,-0.514753,-9.823410
1793698929,0.433351,-0.483629,-9.849746
1793700114,0.421380,-0.502782,-9.792285
1793701290,0.373495,-0.538695,-9.801862
1793702473,0.409408,-0.550666,-9.940725
1793703657,0.435745,-0.519542,-9.931149
1793704860,0.423774,-0.509965,-9.914390
1793706051,0.371101,-0.555455,-9.873688
1793707243,0.397437,-0.476446,-9.859323
1793708416,0.366313,-0.486023,-10.007763
1793709598,0.380678,-0.459687,-9.991004
1793710785,0.390255,-0.450110,-10.048465
1793711969,0.395043,-0.474052,-9.950302
1793713153,0.368707,-0.450110,-9.986216
1793714333,0.311246,-0.450110,-10.022128
1793715516,0.339977,-0.445322,-9.926360
1793716712,0.316035,-0.495600,-10.050858
1793717908,0.323217,-0.497994,-9.974244
1793719099,0.452504,-0.514753,-9.883265
1793720275,0.399832,-0.509965,-9.892841
1793721450,0.450110,-0.521936,-9.830592
1793722632,0.445322,-0.450110,-9.792285
1793723830,0.392649,-0.500388,-9.847352
1793725022,0.421380,-0.512359,-9.832987
1793726216,0.481235,-0.509965,-9.763555
1793727385,0.335188,-0.478840,-9.749189
1793728571,0.387861,-0.519542,-9.761160
1793729764,0.390255,-0.500388,-9.804255
1793730953,0.385466,-0.500388,-9.801862
1793732131,0.457293,-0.464475,-9.780313
1793733312,0.395043,-0.486023,-9.816227
1793734493,0.380678,-0.497994,-9.811439
1793735686,0.387861,-0.483629,-9.859323
1793736882,0.375890,-0.457293,-9.840169
1793738072,0.366313,-0.459687,-9.840169
1793739245,0.361524,-0.550666,-9.825804
1793740426,0.438139,-0.493206,-9.749189
1793741604,0.430956,-0.500388,-9.718064
1793742795,0.471658,-0.538695,-9.787497
1793743978,0.450110,-0.541090,-9.835381
1793745161,0.476446,-0.562637,-9.856929
1793746339,0.385466,-0.490811,-9.849746
1793747530,0.500388,-0.493206,-9.718064
1793748727,0.490811,-0.497994,-9.706094
1793749918,0.433351,-0.488417,-9.732430
1793751104,0.390255,-0.497994,-9.758766
1793752284,0.354342,-0.536301,-9.751583
1793753457,0.373495,-0.531513,-9.830592
1793754645,0.363919,-0.569820,-9.825804
1793755832,0.404620,-0.531513,-9.821015
1793757022,0.373495,-0.495600,-9.832987
1793758211,0.363919,-0.500388,-9.789890
1793759394,0.349553,-0.507571,-9.821015
1793760575,0.306458,-0.507571,-9.801862
1793761769,0.359130,-0.502782,-9.809045
1793762953,0.440533,-0.553061,-9.856929
1793764139,0.344765,-0.555455,-9.823410
1793765316,0.363919,-0.545878,-9.830592
1793766502,0.418985,-0.493206,-9.840169
1793767690,0.397437,-0.512359,-9.797073
1793768889,0.378284,-0.538695,-9.785102
1793770077,0.361524,-0.545878,-9.861717
1793771259,0.445322,-0.543484,-9.821015
1793772432,0.416591,-0.548272,-9.811439
1793773618,0.404620,-0.574608,-9.986216
1793774809,0.363919,-0.572214,-9.878476
1793775999,0.385466,-0.545878,-9.830592
1793777185,0.361524,-0.541090,-9.957485
1793778359,0.363919,-0.562637,-9.959879
1793779548,0.366313,-0.572214,-10.005369
1793780747,0.361524,-0.529119,-10.038888
1793781927,0.363919,-0.521936,-10.000581
1793783119,0.361524,-0.553061,-9.998186
1793784292,0.339977,-0.579397,-9.964667
1793785475,0.332794,-0.507571,-9.933543
1793786662,0.351948,-0.512359,-9.919178
1793787864,0.337582,-0.531513,-9.883265
1793789056,0.323217,-0.586579,-9.811439
1793790238,0.366313,-0.574608,-9.763555
1793791412,0.387861,-0.569820,-9.813833
1793792594,0.299275,-0.596156,-9.864111
1793793783,0.342371,-0.574608,-9.931149
1793794968,0.359130,-0.560243,-9.897630
1793796152,0.375890,-0.553061,-9.854534
1793797333,0.371101,-0.507571,-9.818622
1793798516,0.318429,-0.529119,-9.837775
1793799713,0.296881,-0.521936,-9.873688
1793800911,0.287304,-0.524330,-9.859323
1793802101,0.299275,-0.500388,-9.919178
1793803274,0.306458,-0.524330,-9.926360
1793804447,0.277727,-0.538695,-9.938332
1793805631,0.335188,-0.507571,-10.026917
1793806829,0.313640,-0.536301,-9.974244
1793808022,0.289698,-0.553061,-10.010158
1793809216,0.239420,-0.507571,-9.964667
1793810388,0.304064,-0.524330,-9.933543
1793811573,0.366313,-0.526724,-9.868899
1793812766,0.337582,-0.462081,-9.866506
1793813956,0.337582,-0.486023,-9.911995
1793815138,0.392649,-0.502782,-9.914390
1793816316,0.414197,-0.567426,-9.878476
1793817498,0.363919,-0.517148,-9.876082
1793818691,0.356736,-0.512359,-9.876082
1793819886,0.378284,-0.478840,-9.861717
1793821078,0.421380,-0.466869,-9.909601
1793822250,0.390255,-0.474052,-9.859323
1793823431,0.385466,-0.471658,-9.770737
1793824609,0.339977,-0.481235,-9.876082
1793825806,0.330400,-0.454898,-9.964667
1793826986,0.328006,-0.533907,-9.928755
1793828175,0.323217,-0.533907,-9.883265
1793829340,0.328006,-0.505177,-9.923966
1793830530,0.409408,-0.476446,-9.952697
1793831728,0.308852,-0.462081,-9.935937
1793832919,0.270545,-0.512359,-9.885659
1793834105,0.320823,-0.500388,-9.919178
1793835285,0.316035,-0.493206,-9.897630
1793836455,0.332794,-0.541090,-9.852140
1793837642,0.390255,-0.502782,-9.964667
1793838830,0.378284,-0.526724,-9.907207
1793840027,0.378284,-0.507571,-9.871294
1793841204,0.356736,-0.457293,-9.849746
1793842386,0.354342,-0.471658,-9.797073
1793843565,0.368707,-0.488417,-9.828198
1793844761,0.328006,-0.543484,-9.878476
1793845942,0.311246,-0.550666,-9.885659
1793847129,0.335188,-0.545878,-9.904813
1793848300,0.380678,-0.483629,-9.914390
1793849491,0.354342,-0.442927,-9.840169
1793850679,0.411803,-0.471658,-9.909601
1793851882,0.368707,-0.433351,-9.916783
1793853069,0.373495,-0.457293,-9.844957
1793854260,0.316035,-0.524330,-9.756371
1793855440,0.328006,-0.526724,-9.828198
1793856623,0.304064,-0.514753,-9.792285
1793857816,0.311246,-0.555455,-9.854534
1793859013,0.387861,-0.543484,-9.923966
1793860199,0.378284,-0.531513,-9.816227
1793861376,0.351948,-0.517148,-9.780313
1793862551,0.332794,-0.493206,-9.739613
1793863748,0.359130,-0.497994,-9.753978
1793864927,0.323217,-0.524330,-9.744401
1793866118,0.313640,-0.541090,-9.785102
1793867292,0.380678,-0.507571,-9.756371
1793868474,0.328006,-0.486023,-9.749189
1793869657,0.339977,-0.476446,-9.914390
1793870859,0.318429,-0.488417,-9.895236
1793872052,0.289698,-0.474052,-9.904813
1793873243,0.320823,-0.536301,-9.916783
1793874412,0.239420,-0.505177,-9.823410
1793875594,0.229843,-0.543484,-9.911995
1793876783,0.248997,-0.517148,-9.911995
1793877970,0.244209,-0.524330,-9.811439
1793879155,0.237026,-0.512359,-9.787497
1793880337,0.282516,-0.541090,-9.844957
1793881519,0.265756,-0.538695,-9.892841
1793882723,0.248997,-0.533907,-9.964667
1793883911,0.316035,-0.538695,-9.861717
1793885098,0.280122,-0.509965,-9.859323
1793886274,0.287304,-0.531513,-9.919178
1793887454,0.323217,-0.476446,-9.926360
1793888637,0.284910,-0.567426,-9.859323
1793889830,0.332794,-0.622492,-9.804255
1793891024,0.248997,-0.553061,-9.861717
1793892219,0.248997,-0.557849,-9.854534
1793893400,0.282516,-0.538695,-9.837775
1793894588,0.289698,-0.524330,-9.919178
1793895777,0.275333,-0.531513,-9.864111
1793896969,0.263362,-0.548272,-9.888053
1793898155,0.306458,-0.545878,-9.916783
1793899336,0.270545,-0.526724,-9.864111
1793900520,0.275333,-0.526724,-9.823410
1793901722,0.299275,-0.560243,-9.861717
1793902911,0.277727,-0.533907,-9.911995
1793904101,0.294487,-0.541090,-9.859323
1793905277,0.299275,-0.548272,-9.840169
1793906452,0.308852,-0.557849,-9.782708
1793907634,0.268151,-0.526724,-9.873688
1793908828,0.277727,-0.529119,-9.799467
1793910022,0.299275,-0.584185,-9.780313
1793911217,0.306458,-0.598550,-9.830592
1793912388,0.251391,-0.560243,-9.818622
1793913574,0.184354,-0.543484,-9.892841
1793914764,0.289698,-0.512359,-9.847352
1793915952,0.282516,-0.579397,-9.864111
1793917134,0.282516,-0.533907,-9.835381
1793918316,0.201113,-0.541090,-9.816227
1793919496,0.268151,-0.545878,-9.837775
1793920690,0.253785,-0.548272,-10.014946
1793921885,0.248997,-0.514753,-9.950302
1793923077,0.284910,-0.490811,-9.933543
1793924253,0.253785,-0.536301,-9.911995
1793925434,0.258574,-0.495600,-9.940725
1793926614,0.332794,-0.519542,-9.955091
1793927811,0.268151,-0.519542,-9.986216
1793928997,0.313640,-0.533907,-9.991004
1793930185,0.272939,-0.512359,-9.933543
1793931352,0.270545,-0.526724,-9.919178
1793932545,0.270545,-0.529119,-9.823410
1793933739,0.316035,-0.567426,-9.856929
1793934926,0.263362,-0.574608,-9.892841
1793936113,0.277727,-0.509965,-9.904813
1793937294,0.232238,-0.529119,-9.854534
1793938478,0.328006,-0.509965,-9.842564
1793939667,0.337582,-0.550666,-9.813833
1793940862,0.339977,-0.533907,-9.928755
1793942059,0.328006,-0.538695,-9.955091
1793943234,0.308852,-0.553061,-9.844957
1793944413,0.268151,-0.562637,-9.789890
1793945592,0.335188,-0.521936,-9.856929
1793946785,0.366313,-0.488417,-9.732430
1793947965,0.347159,-0.507571,-9.792285
1793949155,0.323217,-0.538695,-9.792285
1793950332,0.344765,-0.483629,-9.787497
1793951521,0.344765,-0.457293,-9.883265
1793952713,0.344765,-0.512359,-9.868899
1793953910,0.383072,-0.495600,-9.868899
1793955095,0.299275,-0.519542,-9.900024
1793956275,0.280122,-0.533907,-9.859323
1793957450,0.301669,-0.476446,-9.849746
1793958638,0.342371,-0.500388,-9.904813
1793959825,0.342371,-0.577003,-9.837775
1793961022,0.423774,-0.555455,-9.813833
1793962213,0.433351,-0.490811,-9.818622
1793963389,0.409408,-0.493206,-9.847352
1793964570,0.385466,-0.524330,-9.844957
1793965766,0.385466,-0.488417,-9.742006
1793966951,0.409408,-0.490811,-9.854534
1793968136,0.349553,-0.507571,-9.866506
1793969313,0.337582,-0.500388,-9.871294
1793970498,0.287304,-0.471658,-9.914390
1793971686,0.282516,-0.450110,-9.962274
1793972885,0.344765,-0.486023,-9.890448
1793974072,0.359130,-0.505177,-9.880871
1793975262,0.361524,-0.560243,-9.955091
1793976429,0.320823,-0.526724,-9.904813
1793977616,0.263362,-0.550666,-9.832987
1793978807,0.308852,-0.519542,-9.830592
1793979994,0.280122,-0.500388,-9.801862
1793981177,0.356736,-0.414197,-9.900024
1793982351,0.385466,-0.452504,-9.842564
1793983538,0.359130,-0.517148,-9.794679
1793984737,0.342371,-0.524330,-9.765948
1793985919,0.316035,-0.541090,-9.854534
1793987108,0.361524,-0.519542,-9.907207
1793988284,0.373495,-0.531513,-9.923966
1793989461,0.380678,-0.517148,-9.964667
1793990642,0.339977,-0.529119,-9.931149
1793991835,0.256180,-0.541090,-9.921572
1793993020,0.301669,-0.507571,-9.947908
1793994209,0.296881,-0.524330,-9.943120
1793995381,0.325611,-0.486023,-9.928755
1793996563,0.335188,-0.471658,-9.959879
1793997756,0.260968,-0.505177,-9.957485
1793998939,0.323217,-0.486023,-9.900024
1794000119,0.308852,-0.521936,-9.904813
1794001299,0.299275,-0.545878,-9.885659
1794002478,0.311246,-0.550666,-9.852140
1794003668,0.292093,-0.514753,-9.835381
1794004866,0.275333,-0.507571,-9.888053
1794006061,0.196325,-0.481235,-9.861717
1794007249,0.280122,-0.495600,-9.876082
1794008429,0.371101,-0.538695,-9.823410
1794009606,0.349553,-0.538695,-9.821015
1794010802,0.359130,-0.560243,-9.849746
1794011984,0.311246,-0.497994,-9.835381
1794013175,0.229843,-0.529119,-9.933543
1794014356,0.272939,-0.562637,-10.019734
1794015549,0.260968,-0.531513,-10.031705
1794016743,0.208296,-0.497994,-9.919178
1794017930,0.304064,-0.490811,-9.940725
1794019109,0.282516,-0.500388,-9.866506
1794020288,0.284910,-0.474052,-9.890448
1794021459,0.282516,-0.435745,-9.907207
1794022646,0.306458,-0.481235,-9.897630
1794023834,0.299275,-0.526724,-9.921572
1794025026,0.335188,-0.555455,-9.933543
1794026217,0.344765,-0.493206,-9.883265
1794027397,0.330400,-0.531513,-9.835381
1794028577,0.332794,-0.512359,-9.897630
1794029775,0.320823,-0.469264,-9.955091
1794030957,0.299275,-0.490811,-9.871294
1794032147,0.306458,-0.490811,-10.031705
1794033323,0.337582,-0.490811,-10.105926
1794034511,0.234632,-0.466869,-10.034100
1794035702,0.311246,-0.481235,-9.878476
1794036905,0.289698,-0.466869,-9.923966
1794038088,0.299275,-0.483629,-9.962274
1794039270,0.318429,-0.567426,-9.935937
1794040441,0.313640,-0.517148,-9.856929
1794041627,0.311246,-0.495600,-9.871294
1794042819,0.328006,-0.452504,-9.818622
1794044014,0.335188,-0.529119,-9.832987
1794045200,0.339977,-0.493206,-9.883265
1794046382,0.383072,-0.524330,-9.861717
1794047560,0.316035,-0.464475,-9.883265
1794048756,0.380678,-0.488417,-9.852140
1794049938,0.294487,-0.521936,-9.859323
1794051125,0.363919,-0.481235,-9.837775
1794052302,0.375890,-0.514753,-9.852140
1794053487,0.351948,-0.509965,-9.801862
1794054675,0.392649,-0.497994,-9.818622
1794055880,0.332794,-0.481235,-9.794679
1794057074,0.354342,-0.483629,-9.830592
1794058254,0.294487,-0.512359,-9.883265
1794059432,0.328006,-0.435745,-9.832987
1794060618,0.361524,-0.438139,-9.816227
1794061810,0.296881,-0.462081,-9.830592
1794063000,0.294487,-0.447716,-9.844957
1794064186,0.337582,-0.459687,-9.837775
1794065361,0.395043,-0.514753,-9.789890
1794066537,0.328006,-0.509965,-9.770737
1794067734,0.344765,-0.495600,-9.830592
1794068913,0.304064,-0.476446,-9.844957
1794070103,0.328006,-0.486023,-9.859323
1794071278,0.392649,-0.502782,-9.873688
1794072453,0.395043,-0.505177,-9.847352
1794073635,0.354342,-0.519542,-9.825804
1794074828,0.349553,-0.505177,-9.842564
1794076022,0.337582,-0.469264,-9.806650
1794077216,0.323217,-0.483629,-9.844957
1794078389,0.332794,-0.521936,-9.969456
1794079576,0.308852,-0.550666,-9.955091
1794080767,0.280122,-0.490811,-9.890448
1794081956,0.339977,-0.474052,-9.923966
1794083139,0.380678,-0.452504,-9.904813
1794084319,0.392649,-0.474052,-9.919178
1794085501,0.356736,-0.486023,-9.871294
1794086694,0.296881,-0.476446,-9.888053
1794087888,0.387861,-0.517148,-9.897630
1794089078,0.342371,-0.471658,-9.859323
1794090256,0.366313,-0.517148,-9.835381
1794091442,0.371101,-0.533907,-9.890448
1794092623,0.359130,-0.500388,-9.837775
1794093819,0.359130,-0.471658,-9.926360
1794095004,0.368707,-0.529119,-9.921572
1794096194,0.387861,-0.519542,-9.950302
1794097364,0.351948,-0.517148,-9.840169
1794098547,0.339977,-0.478840,-9.873688
1794099741,0.380678,-0.500388,-9.897630
1794100925,0.371101,-0.505177,-9.823410
1794102111,0.361524,-0.507571,-9.902418
1794103291,0.342371,-0.519542,-9.835381
1794104475,0.423774,-0.533907,-9.916783
1794105666,0.385466,-0.562637,-9.895236
1794106865,0.373495,-0.497994,-9.847352
1794108061,0.387861,-0.548272,-9.940725
1794109248,0.351948,-0.497994,-9.892841
1794110425,0.359130,-0.543484,-9.864111
1794111603,0.390255,-0.524330,-9.868899
1794112795,0.304064,-0.497994,-9.933543
1794113976,0.375890,-0.529119,-9.938332
1794115172,0.363919,-0.529119,-9.962274
1794116349,0.380678,-0.466869,-9.926360
1794117540,0.404620,-0.550666,-9.931149
1794118733,0.380678,-0.541090,-9.878476
1794119924,0.387861,-0.543484,-9.832987
1794121112,0.387861,-0.478840,-9.821015
1794122292,0.373495,-0.481235,-9.876082
1794123470,0.383072,-0.497994,-9.921572
1794124661,0.426168,-0.483629,-9.888053
1794125859,0.433351,-0.529119,-9.967062
1794127055,0.328006,-0.450110,-9.890448
1794128240,0.418985,-0.490811,-9.890448
1794129414,0.378284,-0.550666,-9.911995
1794130593,0.328006,-0.514753,-9.914390
1794131784,0.342371,-0.502782,-9.849746
1794132966,0.380678,-0.543484,-9.919178
1794134156,0.385466,-0.500388,-9.947908
1794135327,0.375890,-0.512359,-9.904813
1794136514,0.399832,-0.500388,-9.883265
1794137705,0.399832,-0.493206,-9.897630
1794138907,0.387861,-0.457293,-9.880871
1794140089,0.409408,-0.545878,-9.844957
1794141267,0.375890,-0.565032,-9.830592
1794142432,0.395043,-0.478840,-9.861717
1794143618,0.378284,-0.450110,-9.933543
1794144809,0.399832,-0.517148,-9.866506
1794145999,0.371101,-0.524330,-9.780313
1794147183,0.351948,-0.505177,-9.909601
1794148362,0.387861,-0.526724,-9.890448
1794149550,0.411803,-0.474052,-9.840169
1794150748,0.359130,-0.476446,-9.835381
1794151930,0.387861,-0.524330,-9.849746
1794153122,0.390255,-0.481235,-9.892841
1794154298,0.411803,-0.481235,-9.847352
1794155484,0.390255,-0.519542,-9.821015
1794156670,0.375890,-0.490811,-9.919178
1794157869,0.430956,-0.517148,-9.859323
1794159060,0.418985,-0.517148,-9.911995
1794160245,0.414197,-0.543484,-9.962274
1794161418,0.368707,-0.486023,-9.837775
1794162600,0.397437,-0.509965,-9.799467
1794163788,0.407014,-0.493206,-9.897630
1794164973,0.411803,-0.497994,-9.809045
1794166159,0.354342,-0.519542,-9.892841
1794167341,0.354342,-0.507571,-9.921572
1794168527,0.363919,-0.462081,-9.792285
1794169731,0.397437,-0.474052,-9.797073
1794170918,0.387861,-0.497994,-9.883265
1794172109,0.378284,-0.500388,-9.911995
1794173284,0.399832,-0.529119,-9.895236
1794174462,0.442927,-0.502782,-9.926360
1794175644,0.409408,-0.466869,-9.873688
1794176837,0.383072,-0.421380,-9.849746
1794178024,0.409408,-0.457293,-9.840169
1794179218,0.426168,-0.478840,-9.911995
1794180399,0.409408,-0.541090,-9.878476
1794181583,0.335188,-0.514753,-9.909601
1794182776,0.402226,-0.469264,-9.861717
1794183966,0.368707,-0.543484,-9.919178
1794185151,0.426168,-0.474052,-9.892841
1794186333,0.363919,-0.495600,-9.859323
1794187516,0.330400,-0.505177,-9.914390
1794188709,0.342371,-0.493206,-9.931149
1794189907,0.371101,-0.505177,-9.904813
1794191092,0.311246,-0.529119,-9.873688
1794192269,0.325611,-0.517148,-9.809045
1794193445,0.380678,-0.514753,-9.888053
1794194626,0.368707,-0.459687,-9.849746
1794195824,0.375890,-0.457293,-9.825804
1794197014,0.351948,-0.502782,-9.919178
1794198204,0.351948,-0.450110,-9.897630
1794199375,0.359130,-0.486023,-9.926360
1794200556,0.344765,-0.502782,-9.938332
1794201747,0.363919,-0.493206,-9.916783
1794202933,0.368707,-0.486023,-9.883265
1794204113,0.316035,-0.435745,-9.952697
1794205294,0.304064,-0.517148,-9.883265
1794206472,0.292093,-0.529119,-9.821015
1794207662,0.316035,-0.519542,-9.859323
1794208860,0.292093,-0.497994,-9.864111
1794210056,0.229843,-0.553061,-9.907207
1794211242,0.325611,-0.495600,-9.852140
1794212416,0.339977,-0.505177,-9.792285
1794213591,0.356736,-0.471658,-9.813833
1794214785,0.407014,-0.524330,-9.847352
1794215964,0.363919,-0.502782,-9.868899
1794217151,0.347159,-0.486023,-9.873688
1794218325,0.371101,-0.481235,-9.873688
1794219511,0.313640,-0.500388,-9.935937
1794220698,0.347159,-0.560243,-9.904813
1794221892,0.363919,-0.509965,-9.864111
1794223077,0.339977,-0.562637,-9.900024
1794224257,0.330400,-0.531513,-9.847352
1794225433,0.325611,-0.519542,-9.852140
1794226616,0.342371,-0.493206,-9.842564
1794227807,0.335188,-0.474052,-9.799467
1794228994,0.344765,-0.476446,-9.780313
1794230180,0.347159,-0.481235,-9.854534
1794231352,0.356736,-0.490811,-9.876082
1794232538,0.407014,-0.512359,-9.897630
1794233736,0.361524,-0.500388,-9.904813
1794234915,0.371101,-0.531513,-9.837775
1794236105,0.349553,-0.517148,-9.761160
1794237281,0.363919,-0.529119,-9.792285
1794238459,0.306458,-0.519542,-9.856929
1794239642,0.299275,-0.502782,-9.878476
1794240835,0.354342,-0.481235,-9.902418
1794242023,0.366313,-0.466869,-9.840169
1794243218,0.347159,-0.509965,-9.876082
1794244389,0.363919,-0.474052,-9.852140
1794245569,0.387861,-0.469264,-9.871294
1794246761,0.351948,-0.505177,-9.880871
1794247950,0.371101,-0.507571,-9.804255
1794249131,0.342371,-0.512359,-9.897630
1794250313,0.337582,-0.505177,-9.976639
1794251494,0.318429,-0.521936,-9.952697
1794252687,0.311246,-0.514753,-9.895236
1794253882,0.325611,-0.426168,-9.861717
1794255074,0.270545,-0.462081,-9.828198
1794256249,0.272939,-0.555455,-9.837775
1794257432,0.380678,-0.507571,-9.828198
1794258610,0.407014,-0.543484,-9.902418
1794259805,0.373495,-0.493206,-10.014946
1794260987,0.356736,-0.464475,-9.957485
1794262178,0.318429,-0.430956,-9.746795
1794263345,0.299275,-0.502782,-9.780313
1794264535,0.363919,-0.557849,-9.770737
1794265735,0.430956,-0.577003,-9.670180
1794266917,0.368707,-0.557849,-9.710882
1794268102,0.337582,-0.555455,-9.897630
1794269283,0.332794,-0.421380,-9.753978
1794270453,0.272939,-0.481235,-9.660604
1794271640,0.347159,-0.512359,-9.830592
1794272826,0.361524,-0.507571,-10.072407
1794274021,0.351948,-0.565032,-10.122684
1794275204,0.359130,-0.526724,-9.658210
1794276380,0.366313,-0.486023,-9.708488
1794277558,0.373495,-0.387861,-9.727641
1794278755,0.330400,-0.373495,-9.825804
1794279935,0.332794,-0.459687,-9.959879
1794281122,0.289698,-0.555455,-9.909601
1794282298,0.395043,-0.644040,-9.722853
1794283488,0.390255,-0.646434,-9.715671
1794284676,0.409408,-0.533907,-9.928755
1794285879,0.368707,-0.457293,-9.816227
1794287072,0.368707,-0.435745,-9.890448
1794288252,0.320823,-0.445322,-9.921572
1794289429,0.335188,-0.577003,-9.732430
1794290611,0.351948,-0.620098,-9.651027
1794291798,0.373495,-0.620098,-9.837775
1794292984,0.366313,-0.483629,-10.129868
1794294171,0.332794,-0.450110,-9.991004
1794295350,0.330400,-0.536301,-9.931149
1794296535,0.363919,-0.557849,-9.964667
1794297740,0.395043,-0.586579,-9.885659
1794298922,0.416591,-0.598550,-9.821015
1794300108,0.411803,-0.526724,-9.928755
1794301285,0.397437,-0.505177,-9.971850
1794302472,0.387861,-0.483629,-9.830592
1794303655,0.373495,-0.486023,-9.883265
1794304851,0.354342,-0.512359,-9.923966
1794306040,0.399832,-0.579397,-9.686940
1794307222,0.363919,-0.507571,-10.062830
1794308396,0.299275,-0.526724,-9.967062
1794309582,0.375890,-0.538695,-9.823410
1794310775,0.373495,-0.543484,-9.794679
1794311967,0.335188,-0.512359,-9.933543
1794313154,0.356736,-0.502782,-9.931149
1794314335,0.280122,-0.509965,-9.935937
1794315518,0.287304,-0.483629,-10.046070
1794316713,0.304064,-0.521936,-9.890448
1794317907,0.270545,-0.490811,-9.844957
1794319093,0.260968,-0.548272,-9.861717
1794320269,0.311246,-0.596156,-9.631873
1794321445,0.328006,-0.550666,-9.928755
1794322625,0.316035,-0.502782,-10.199299
1794323823,0.301669,-0.483629,-10.172963
1794325016,0.296881,-0.466869,-9.718064
1794326206,0.256180,-0.512359,-9.866506
1794327377,0.287304,-0.562637,-9.911995
1794328560,0.311246,-0.679953,-9.926360
1794329752,0.284910,-0.658405,-10.062830
1794330937,0.351948,-0.478840,-9.842564
1794332119,0.301669,-0.481235,-9.758766
1794333300,0.344765,-0.486023,-9.813833
1794334478,0.289698,-0.557849,-10.041282
1794335670,0.347159,-0.500388,-9.710882
1794336867,0.337582,-0.538695,-9.825804
1794338063,0.392649,-0.560243,-10.024523
1794339239,0.330400,-0.636858,-9.804255
1794340419,0.306458,-0.409408,-9.823410
1794341595,0.311246,-0.505177,-9.971850
1794342787,0.294487,-0.483629,-9.952697
1794343970,0.244209,-0.471658,-9.718064
1794345157,0.253785,-0.526724,-9.847352
1794346335,0.217872,-0.574608,-9.552865
1794347523,0.265756,-0.588974,-9.732430
1794348721,0.296881,-0.543484,-10.390836
1794349912,0.359130,-0.507571,-10.426748
1794351097,0.404620,-0.452504,-9.880871
1794352276,0.328006,-0.380678,-9.921572
1794353445,0.320823,-0.457293,-10.235212
1794354634,0.347159,-0.615310,-9.926360
1794355827,0.270545,-0.548272,-9.459491
1794357024,0.306458,-0.565032,-10.065224
1794358209,0.330400,-0.457293,-10.043676
1794359390,0.325611,-0.526724,-9.682152
1794360572,0.339977,-0.493206,-9.840169
1794361767,0.299275,-0.445322,-10.216059
1794362954,0.332794,-0.502782,-9.974244
1794364140,0.225055,-0.543484,-9.727641
1794365317,0.354342,-0.452504,-9.806650
1794366502,0.371101,-0.433351,-9.572019
1794367690,0.294487,-0.466869,-9.363723
1794368889,0.320823,-0.505177,-9.746795
1794370077,0.373495,-0.502782,-9.967062
1794371257,0.361524,-0.550666,-9.983821
1794372434,0.299275,-0.433351,-9.921572
1794373621,0.306458,-0.548272,-9.730036
1794374811,0.287304,-0.608127,-9.576807
1794376000,0.359130,-0.512359,-9.504981
1794377185,0.277727,-0.411803,-9.708488
1794378359,0.311246,-0.545878,-10.182540
1794379548,0.337582,-0.459687,-9.890448
1794380748,0.296881,-0.505177,-9.761160
1794381929,0.349553,-0.593762,-9.581595
1794383121,0.371101,-0.596156,-9.528923
1794384297,0.339977,-0.414197,-10.184934
1794385484,0.387861,-0.471658,-9.902418
1794386671,0.320823,-0.442927,-9.868899
1794387874,0.318429,-0.474052,-10.093954
1794389065,0.335188,-0.488417,-10.012551
1794390247,0.330400,-0.517148,-9.670180
1794391421,0.277727,-0.488417,-9.943120
1794392604,0.311246,-0.469264,-9.976639
1794393793,0.284910,-0.433351,-9.727641
1794394980,0.313640,-0.433351,-9.770737
1794396170,0.328006,-0.560243,-9.979033
1794397349,0.299275,-0.548272,-9.947908
1794398533,0.304064,-0.493206,-9.897630
1794399736,0.313640,-0.464475,-9.871294
1794400916,0.299275,-0.509965,-9.758766
1794402106,0.294487,-0.519542,-9.629479
1794403283,0.301669,-0.440533,-9.797073
1794404457,0.335188,-0.505177,-10.084377
1794405640,0.373495,-0.521936,-10.074800
1794406832,0.316035,-0.536301,-10.002975
1794408024,0.222661,-0.526724,-9.926360
1794409219,0.332794,-0.567426,-9.871294
1794410391,0.318429,-0.548272,-9.749189
1794411578,0.349553,-0.478840,-9.756371
1794412772,0.397437,-0.478840,-9.809045
1794413960,0.366313,-0.541090,-9.890448
1794415141,0.344765,-0.497994,-9.935937
1794416319,0.311246,-0.557849,-9.921572
1794417507,0.339977,-0.457293,-9.825804
1794418700,0.342371,-0.529119,-9.847352
1794419896,0.351948,-0.569820,-9.873688
1794421082,0.282516,-0.562637,-9.818622
1794422259,0.280122,-0.474052,-9.859323
1794423444,0.356736,-0.497994,-9.892841
1794424626,0.335188,-0.529119,-9.952697
1794425825,0.313640,-0.521936,-9.928755
1794427016,0.316035,-0.524330,-9.931149
1794428205,0.258574,-0.507571,-9.849746
1794429378,0.356736,-0.502782,-9.842564
1794430561,0.323217,-0.517148,-9.866506
1794431749,0.308852,-0.457293,-9.976639
1794432936,0.304064,-0.495600,-9.900024
1794434112,0.351948,-0.497994,-9.957485
1794435294,0.311246,-0.533907,-9.923966
1794436477,0.318429,-0.476446,-9.933543
1794437669,0.356736,-0.495600,-9.998186
1794438866,0.351948,-0.529119,-9.964667
1794440063,0.354342,-0.478840,-9.926360
1794441239,0.330400,-0.450110,-9.818622
1794442418,0.332794,-0.514753,-9.964667
1794443597,0.275333,-0.543484,-9.943120
1794444790,0.270545,-0.514753,-9.883265
1794445970,0.304064,-0.497994,-9.991004
1794447158,0.301669,-0.500388,-10.034100
1794448328,0.328006,-0.483629,-9.904813
1794449514,0.311246,-0.452504,-9.742006
1794450705,0.287304,-0.476446,-9.844957
1794451907,0.311246,-0.450110,-9.964667
1794453089,0.342371,-0.457293,-10.005369
1794454270,0.325611,-0.507571,-9.940725
1794455444,0.359130,-0.500388,-9.943120
1794456628,0.323217,-0.533907,-9.916783
1794457822,0.330400,-0.533907,-9.955091
1794459015,0.378284,-0.507571,-9.914390
1794460200,0.313640,-0.476446,-9.979033
1794461376,0.335188,-0.500388,-9.988609
1794462553,0.294487,-0.416591,-9.943120
1794463748,0.359130,-0.411803,-10.000581
1794464928,0.304064,-0.466869,-9.962274
1794466119,0.347159,-0.478840,-9.895236
1794467295,0.368707,-0.497994,-9.923966
1794468477,0.339977,-0.476446,-9.928755
1794469664,0.347159,-0.476446,-9.976639
1794470867,0.292093,-0.486023,-9.842564
1794472058,0.277727,-0.560243,-9.909601
1794473238,0.359130,-0.538695,-9.952697
1794474415,0.311246,-0.519542,-9.859323
1794475599,0.306458,-0.548272,-9.871294
1794476787,0.313640,-0.577003,-9.897630
1794477970,0.368707,-0.521936,-9.919178
1794479156,0.299275,-0.481235,-9.931149
1794480338,0.289698,-0.471658,-9.797073
1794481521,0.301669,-0.459687,-9.835381
1794482724,0.306458,-0.459687,-9.916783
1794483911,0.392649,-0.466869,-9.854534
1794485102,0.361524,-0.497994,-9.844957
1794486279,0.337582,-0.557849,-9.914390
1794487456,0.337582,-0.495600,-9.758766
1794488638,0.323217,-0.471658,-9.895236
1794489832,0.359130,-0.462081,-9.868899
1794491025,0.380678,-0.517148,-9.823410
1794492211,0.361524,-0.545878,-9.892841
1794493389,0.342371,-0.497994,-9.758766
1794494575,0.251391,-0.452504,-9.749189
1794495769,0.325611,-0.452504,-9.775525
1794496959,0.404620,-0.517148,-9.737218
1794498140,0.339977,-0.519542,-9.888053
1794499322,0.301669,-0.514753,-9.943120
1794500503,0.390255,-0.517148,-9.955091
1794501695,0.354342,-0.466869,-9.849746
1794502890,0.349553,-0.471658,-9.744401
1794504078,0.354342,-0.483629,-9.749189
1794505255,0.366313,-0.548272,-9.895236
1794506438,0.356736,-0.605733,-10.077195
1794507619,0.349553,-0.454898,-9.976639
1794508813,0.306458,-0.476446,-9.801862
1794509998,0.272939,-0.507571,-9.782708
1794511187,0.318429,-0.545878,-9.773131
1794512358,0.282516,-0.557849,-9.945514
1794513552,0.313640,-0.514753,-10.096349
1794514746,0.289698,-0.488417,-10.058042
1794515933,0.294487,-0.433351,-9.844957
1794517114,0.328006,-0.490811,-9.679757
1794518294,0.270545,-0.517148,-9.665392
1794519472,0.347159,-0.512359,-9.900024
1794520662,0.294487,-0.488417,-9.979033
1794521860,0.342371,-0.457293,-10.058042
1794523056,0.368707,-0.521936,-9.967062
1794524242,0.390255,-0.505177,-9.878476
1794525424,0.363919,-0.579397,-9.725247
1794526603,0.320823,-0.560243,-9.703699
1794527794,0.316035,-0.435745,-9.840169
1794528976,0.320823,-0.423774,-9.849746
1794530171,0.371101,-0.500388,-9.840169
1794531346,0.375890,-0.574608,-9.682152
1794532536,0.306458,-0.541090,-9.916783
1794533735,0.308852,-0.476446,-9.940725
1794534919,0.277727,-0.416591,-9.868899
1794536105,0.244209,-0.471658,-9.859323
1794537286,0.277727,-0.476446,-9.792285
1794538459,0.225055,-0.560243,-9.986216
1794539646,0.299275,-0.536301,-10.019734
1794540835,0.320823,-0.490811,-9.947908
1794542025,0.256180,-0.440533,-9.859323
1794543214,0.294487,-0.457293,-9.866506
1794544391,0.328006,-0.486023,-9.842564
1794545568,0.383072,-0.553061,-9.998186
1794546764,0.359130,-0.565032,-10.139444
1794547943,0.323217,-0.505177,-9.993398
1794549130,0.363919,-0.509965,-9.816227
1794550301,0.337582,-0.526724,-9.708488
1794551489,0.328006,-0.550666,-9.691729
1794552672,0.296881,-0.584185,-9.811439
1794553875,0.301669,-0.457293,-9.933543
1794555066,0.332794,-0.435745,-10.177752
1794556249,0.335188,-0.474052,-10.199299
1794557426,0.328006,-0.512359,-10.098742
1794558609,0.294487,-0.557849,-9.722853
1794559798,0.318429,-0.512359,-9.749189
1794560985,0.344765,-0.399832,-9.986216
1794562171,0.328006,-0.483629,-10.132261
1794563353,0.296881,-0.541090,-10.108319
1794564536,0.371101,-0.493206,-9.993398
1794565740,0.409408,-0.538695,-9.940725
1794566921,0.368707,-0.588974,-9.840169
1794568110,0.330400,-0.524330,-9.658210
1794569284,0.330400,-0.493206,-9.746795
1794570454,0.351948,-0.497994,-9.842564
1794571635,0.323217,-0.502782,-9.873688
1794572833,0.390255,-0.447716,-9.947908
1794574026,0.404620,-0.462081,-9.904813
1794575219,0.378284,-0.469264,-9.706094
1794576390,0.354342,-0.517148,-9.686940
1794577576,0.387861,-0.541090,-9.871294
1794578769,0.380678,-0.545878,-9.892841
1794579959,0.399832,-0.529119,-9.931149
1794581142,0.430956,-0.459687,-10.017340
1794582320,0.392649,-0.454898,-9.988609
1794583502,0.378284,-0.423774,-9.732430
1794589520,0.402226,-0.493206,-9.911995
1794590711,0.399832,-0.457293,-9.811439
1794591910,0.411803,-0.442927,-9.756371
1794593093,0.378284,-0.481235,-9.725247
1794594272,0.354342,-0.521936,-10.029311
1794595443,0.347159,-0.509965,-10.014946
1794596629,0.363919,-0.488417,-9.847352
1794597823,0.421380,-0.536301,-9.806650
1794599017,0.404620,-0.541090,-9.816227
1794600201,0.330400,-0.521936,-9.916783
1794601376,0.368707,-0.550666,-9.926360
1794602553,0.366313,-0.512359,-9.883265
1794603748,0.440533,-0.517148,-9.864111
1794604930,0.454898,-0.495600,-9.943120
1794606120,0.433351,-0.490811,-9.971850
1794607296,0.452504,-0.474052,-10.055647
1794608478,0.423774,-0.476446,-10.024523
1794609665,0.404620,-0.450110,-9.792285
1794610866,0.392649,-0.442927,-9.801862
1794612058,0.411803,-0.474052,-9.828198
1794613238,0.399832,-0.486023,-9.868899
1794614415,0.371101,-0.514753,-9.923966
1794615598,0.378284,-0.450110,-9.895236
1794616786,0.445322,-0.497994,-10.019734
1794617971,0.459687,-0.488417,-9.837775
1794619157,0.421380,-0.486023,-9.816227
1794620339,0.385466,-0.538695,-9.799467
1794621522,0.392649,-0.555455,-9.749189
1794622726,0.373495,-0.493206,-9.770737
1794623911,0.390255,-0.529119,-9.890448
1794625102,0.430956,-0.507571,-9.816227
1794626278,0.359130,-0.519542,-9.730036
1794627457,0.399832,-0.507571,-9.775525
1794628640,0.368707,-0.543484,-9.919178
1794629833,0.359130,-0.565032,-9.840169
1794631025,0.373495,-0.514753,-9.844957
1794632220,0.435745,-0.459687,-9.916783
1794633393,0.402226,-0.478840,-9.794679
1794634579,0.325611,-0.507571,-9.799467
1794635772,0.368707,-0.495600,-9.868899
1794636961,0.371101,-0.514753,-9.911995
1794638146,0.375890,-0.509965,-9.940725
1794639327,0.380678,-0.488417,-9.852140
1794640509,0.342371,-0.474052,-9.832987
1794641705,0.404620,-0.507571,-9.880871
1794642898,0.407014,-0.543484,-9.933543
1794644084,0.366313,-0.526724,-9.943120
1794645260,0.342371,-0.505177,-10.091560
1794646445,0.395043,-0.553061,-10.017340
1794647622,0.363919,-0.524330,-9.890448
1794648818,0.347159,-0.483629,-9.830592
1794650003,0.354342,-0.553061,-9.763555
1794651193,0.387861,-0.543484,-9.746795
1794652364,0.366313,-0.502782,-9.888053
1794653545,0.371101,-0.486023,-9.890448
1794654738,0.368707,-0.543484,-9.993398
1794655923,0.351948,-0.519542,-9.959879
1794657109,0.378284,-0.555455,-9.983821
1794658291,0.397437,-0.529119,-9.919178
1794659475,0.399832,-0.519542,-9.840169
1794660666,0.351948,-0.488417,-9.818622
1794661864,0.328006,-0.478840,-10.000581
1794663055,0.344765,-0.565032,-9.919178
1794664243,0.387861,-0.560243,-9.806650
1794665416,0.373495,-0.553061,-9.823410
1794666594,0.351948,-0.584185,-9.849746
1794667788,0.325611,-0.471658,-9.986216
1794668970,0.308852,-0.457293,-9.871294
1794670157,0.320823,-0.517148,-9.785102
1794671331,0.316035,-0.505177,-9.737218
1794672518,0.320823,-0.495600,-9.785102
1794673708,0.304064,-0.543484,-9.773131
1794674910,0.328006,-0.572214,-9.888053
1794676090,0.294487,-0.533907,-9.916783
1794677272,0.304064,-0.486023,-9.928755
1794678441,0.318429,-0.486023,-9.868899
1794679627,0.299275,-0.509965,-9.761160
1794680820,0.328006,-0.533907,-9.885659
1794682015,0.258574,-0.481235,-9.952697
1794683201,0.284910,-0.497994,-10.046070
1794684381,0.289698,-0.478840,-9.971850
1794685559,0.292093,-0.526724,-9.868899
1794686755,0.332794,-0.565032,-9.828198
1794687937,0.304064,-0.531513,-9.823410
1794689121,0.363919,-0.521936,-9.799467
1794690297,0.359130,-0.584185,-9.811439
1794691489,0.280122,-0.562637,-9.940725
1794692676,0.342371,-0.505177,-10.067618
1794693881,0.330400,-0.572214,-9.725247
1794695073,0.409408,-0.509965,-9.739613
1794696252,0.378284,-0.481235,-9.749189
1794697430,0.323217,-0.548272,-9.871294
1794698613,0.332794,-0.557849,-10.019734
1794699806,0.316035,-0.557849,-10.038888
1794700993,0.282516,-0.565032,-9.909601
1794702177,0.332794,-0.545878,-9.794679
1794703362,0.313640,-0.538695,-9.756371
1794704551,0.332794,-0.533907,-9.768343
1794705748,0.373495,-0.483629,-10.026917
1794706930,0.371101,-0.565032,-10.048465
1794708122,0.349553,-0.565032,-10.024523
1794709298,0.359130,-0.488417,-9.914390
1794710480,0.337582,-0.488417,-9.864111
1794711667,0.359130,-0.486023,-9.842564
1794712869,0.375890,-0.512359,-9.914390
1794714060,0.423774,-0.531513,-9.883265
1794715247,0.397437,-0.541090,-9.904813
1794716423,0.390255,-0.509965,-9.890448
1794717605,0.373495,-0.526724,-9.876082
1794718790,0.378284,-0.466869,-9.823410
1794719977,0.418985,-0.433351,-9.782708
1794721164,0.414197,-0.483629,-9.749189
1794722347,0.399832,-0.493206,-9.792285
1794723533,0.378284,-0.545878,-9.885659
1794724738,0.373495,-0.490811,-9.888053
1794725917,0.366313,-0.478840,-9.830592
1794727107,0.356736,-0.505177,-9.792285
1794728283,0.323217,-0.462081,-9.840169
1794729457,0.325611,-0.426168,-9.770737
1794730641,0.351948,-0.428562,-9.840169
1794731831,0.363919,-0.471658,-9.842564
1794733025,0.387861,-0.474052,-9.825804
1794734219,0.375890,-0.512359,-9.770737
1794735391,0.375890,-0.476446,-9.706094
1794736575,0.318429,-0.418985,-9.720459
1794737767,0.306458,-0.524330,-9.821015
1794738955,0.361524,-0.433351,-9.749189
1794740135,0.368707,-0.502782,-9.785102
1794741316,0.356736,-0.514753,-9.864111
1794742498,0.339977,-0.505177,-9.890448
1794743690,0.323217,-0.538695,-9.880871
1794744885,0.316035,-0.533907,-9.758766
1794746076,0.368707,-0.500388,-9.809045
1794747249,0.349553,-0.483629,-9.840169
1794748431,0.383072,-0.526724,-9.883265
1794749609,0.308852,-0.519542,-9.856929
1794750802,0.375890,-0.471658,-9.957485
1794751984,0.344765,-0.442927,-9.904813
1794753169,0.328006,-0.459687,-9.947908
1794754345,0.335188,-0.459687,-9.897630
1794755536,0.361524,-0.457293,-9.959879
1794756736,0.354342,-0.495600,-10.074800
1794757920,0.318429,-0.486023,-9.880871
1794759105,0.339977,-0.466869,-9.861717
1794760286,0.330400,-0.519542,-9.945514
1794761462,0.325611,-0.531513,-9.852140
1794762650,0.402226,-0.481235,-9.861717
1794763839,0.296881,-0.507571,-9.911995
1794765031,0.330400,-0.526724,-9.943120
1794766207,0.313640,-0.557849,-9.907207
1794767387,0.318429,-0.497994,-9.926360
1794768566,0.330400,-0.471658,-9.852140
1794769760,0.344765,-0.521936,-9.861717
1794770943,0.363919,-0.466869,-9.897630
1794772129,0.330400,-0.497994,-9.837775
1794773299,0.339977,-0.517148,-9.885659
1794774486,0.349553,-0.495600,-9.931149
1794775672,0.332794,-0.438139,-9.902418
1794776873,0.359130,-0.474052,-9.876082
1794778064,0.342371,-0.464475,-9.844957
1794779256,0.356736,-0.495600,-9.859323
1794780427,0.378284,-0.490811,-9.801862
1794781610,0.409408,-0.529119,-9.835381
1794782798,0.363919,-0.531513,-9.856929
1794783984,0.359130,-0.512359,-9.919178
1794785165,0.337582,-0.521936,-9.818622
1794786347,0.332794,-0.500388,-9.818622
1794787533,0.342371,-0.531513,-9.854534
1794788738,0.330400,-0.529119,-9.763555
1794789917,0.332794,-0.519542,-9.708488
1794791107,0.337582,-0.512359,-9.758766
1794792284,0.332794,-0.533907,-9.756371
1794793472,0.304064,-0.514753,-9.792285
1794794654,0.282516,-0.533907,-9.710882
1794795853,0.347159,-0.548272,-9.753978
1794797042,0.270545,-0.526724,-9.840169
1794798222,0.282516,-0.541090,-9.830592
1794799393,0.339977,-0.557849,-9.804255
1794800579,0.342371,-0.533907,-9.821015
1794801772,0.335188,-0.548272,-9.888053
1794802962,0.248997,-0.481235,-9.940725
1794804147,0.296881,-0.529119,-9.904813
1794805329,0.277727,-0.550666,-9.947908
1794806512,0.316035,-0.557849,-9.919178
1794807708,0.289698,-0.569820,-9.873688
1794808903,0.282516,-0.593762,-9.964667
1794810090,0.289698,-0.562637,-9.971850
1794811267,0.292093,-0.541090,-9.926360
1794812433,0.299275,-0.500388,-9.873688
1794813610,0.335188,-0.462081,-9.871294
1794814807,0.337582,-0.476446,-9.825804
1794815989,0.246603,-0.593762,-9.849746
1794817179,0.263362,-0.584185,-9.897630
1794818360,0.294487,-0.543484,-9.911995
1794819553,0.320823,-0.548272,-9.852140
1794820747,0.328006,-0.541090,-9.832987
1794821932,0.284910,-0.555455,-9.832987
1794823119,0.320823,-0.543484,-9.789890
1794824299,0.325611,-0.521936,-9.844957
1794825480,0.306458,-0.471658,-9.809045
1794826670,0.349553,-0.521936,-9.859323
1794827869,0.363919,-0.553061,-9.835381
1794829065,0.368707,-0.517148,-9.694122
1794830252,0.383072,-0.529119,-9.758766
1794831429,0.368707,-0.555455,-9.825804
1794832606,0.387861,-0.541090,-9.763555
1794833799,0.414197,-0.586579,-9.871294
1794834981,0.438139,-0.591368,-9.837775
1794836177,0.411803,-0.529119,-9.730036
1794837353,0.416591,-0.509965,-9.742006
1794838543,0.363919,-0.591368,-9.813833
1794839735,0.383072,-0.550666,-9.852140
1794840925,0.378284,-0.565032,-9.785102
1794842110,0.368707,-0.517148,-9.830592
1794843291,0.363919,-0.483629,-9.880871
1794844463,0.318429,-0.543484,-9.921572
1794845651,0.371101,-0.488417,-9.900024
1794846838,0.316035,-0.519542,-9.923966
1794848029,0.328006,-0.555455,-9.933543
1794849219,0.320823,-0.519542,-9.991004
1794850402,0.349553,-0.502782,-9.897630
1794851583,0.294487,-0.541090,-9.945514
1794852781,0.301669,-0.464475,-9.933543
1794853968,0.356736,-0.490811,-10.000581
1794855156,0.292093,-0.538695,-10.022128
1794856334,0.342371,-0.557849,-10.034100
1794857520,0.237026,-0.565032,-9.909601
1794858710,0.318429,-0.574608,-9.868899
1794859910,0.287304,-0.596156,-9.866506
1794861092,0.270545,-0.497994,-9.969456
1794862273,0.304064,-0.497994,-9.919178
1794863443,0.299275,-0.502782,-9.935937
1794864628,0.313640,-0.450110,-9.816227
1794865820,0.237026,-0.471658,-9.897630
1794867015,0.330400,-0.500388,-9.835381
1794868198,0.304064,-0.478840,-9.799467
1794869372,0.316035,-0.497994,-9.849746
1794870550,0.323217,-0.462081,-9.880871
1794871748,0.330400,-0.474052,-9.756371
1794872928,0.361524,-0.430956,-9.730036
1794874118,0.299275,-0.497994,-9.830592
1794875294,0.301669,-0.509965,-9.844957
1794876476,0.282516,-0.524330,-9.821015
1794877662,0.304064,-0.478840,-9.806650
1794878862,0.296881,-0.426168,-9.799467
1794880055,0.330400,-0.411803,-9.856929
1794881239,0.359130,-0.447716,-9.864111
1794882415,0.380678,-0.445322,-9.900024
1794883596,0.332794,-0.517148,-9.902418
1794884784,0.308852,-0.481235,-9.914390
1794885975,0.318429,-0.452504,-9.900024
1794887159,0.359130,-0.505177,-9.868899
1794888340,0.304064,-0.466869,-9.900024
1794889521,0.373495,-0.478840,-9.947908
1794890722,0.375890,-0.493206,-9.873688
1794891911,0.344765,-0.524330,-9.955091
1794893097,0.363919,-0.450110,-9.926360
1794894272,0.323217,-0.462081,-9.892841
1794895453,0.318429,-0.486023,-9.964667
1794896636,0.347159,-0.483629,-10.038888
1794897835,0.395043,-0.512359,-10.041282
1794899022,0.359130,-0.457293,-10.014946
1794900212,0.354342,-0.454898,-10.022128
1794901385,0.339977,-0.500388,-9.928755
1794902567,0.347159,-0.569820,-9.962274
1794903759,0.318429,-0.517148,-9.897630
1794904945,0.323217,-0.486023,-9.962274
1794906128,0.323217,-0.471658,-9.986216
1794907315,0.335188,-0.481235,-9.964667
1794908497,0.332794,-0.495600,-9.923966
1794909689,0.354342,-0.572214,-9.897630
1794910884,0.316035,-0.452504,-9.888053
1794912074,0.320823,-0.476446,-9.885659
1794913258,0.378284,-0.476446,-9.866506
1794914443,0.325611,-0.509965,-9.849746
1794915625,0.328006,-0.435745,-9.761160
1794916820,0.342371,-0.447716,-9.761160
1794918011,0.347159,-0.466869,-9.873688
1794919202,0.368707,-0.457293,-9.811439
1794920374,0.416591,-0.464475,-9.787497
1794921557,0.359130,-0.471658,-9.770737
1794922747,0.339977,-0.430956,-9.787497
1794923933,0.375890,-0.442927,-9.725247
1794925121,0.397437,-0.426168,-9.756371
1794926302,0.339977,-0.440533,-9.828198
1794927489,0.323217,-0.486023,-9.797073
1794928681,0.356736,-0.533907,-9.806650
1794929879,0.385466,-0.500388,-9.732430
1794931076,0.418985,-0.440533,-9.749189
1794932252,0.339977,-0.464475,-9.787497
1794933434,0.363919,-0.488417,-9.811439
1794934613,0.359130,-0.486023,-9.861717
1794935809,0.313640,-0.529119,-9.919178
1794936991,0.304064,-0.466869,-9.852140
1794938179,0.354342,-0.478840,-9.844957
1794939347,0.292093,-0.507571,-9.825804
1794940537,0.354342,-0.517148,-9.832987
1794941737,0.373495,-0.500388,-9.753978
1794942921,0.404620,-0.486023,-9.809045
1794944104,0.318429,-0.533907,-9.756371
1794945285,0.316035,-0.502782,-9.722853
1794946454,0.325611,-0.481235,-9.732430
1794947642,0.337582,-0.505177,-9.780313
1794948830,0.356736,-0.500388,-9.809045
1794950024,0.328006,-0.521936,-9.792285
1794951209,0.390255,-0.474052,-9.890448
1794952389,0.361524,-0.490811,-9.890448
1794953567,0.339977,-0.483629,-9.892841
1794954764,0.339977,-0.466869,-9.873688
1794955947,0.375890,-0.550666,-9.928755
1794957133,0.354342,-0.464475,-9.909601
1794958303,0.375890,-0.519542,-9.991004
1794959493,0.330400,-0.478840,-9.933543
1794960680,0.325611,-0.421380,-9.979033
1794961883,0.292093,-0.509965,-9.928755
1794963076,0.342371,-0.543484,-10.000581
1794964266,0.318429,-0.502782,-10.036493
1794965433,0.323217,-0.507571,-10.007763
1794966619,0.287304,-0.524330,-9.864111
1794967810,0.258574,-0.505177,-9.883265
1794968997,0.311246,-0.514753,-9.979033
1794970178,0.306458,-0.538695,-9.885659
1794971363,0.337582,-0.555455,-9.821015
1794972551,0.332794,-0.548272,-9.782708
1794973748,0.289698,-0.565032,-9.904813
1794974929,0.304064,-0.531513,-9.890448
1794976119,0.335188,-0.569820,-9.876082
1794977295,0.330400,-0.524330,-9.837775
1794978476,0.320823,-0.560243,-9.923966
1794979662,0.292093,-0.608127,-9.921572
1794980864,0.287304,-0.553061,-9.890448
1794982051,0.316035,-0.596156,-9.885659
1794983238,0.323217,-0.560243,-9.878476
1794984413,0.316035,-0.567426,-9.938332
1794985596,0.304064,-0.495600,-9.931149
1794986782,0.241814,-0.521936,-9.926360
1794987974,0.304064,-0.533907,-9.931149
1794989158,0.265756,-0.567426,-9.844957
1794990340,0.205901,-0.579397,-9.859323
1794991523,0.217872,-0.529119,-9.830592
1794992726,0.208296,-0.500388,-9.849746
1794993911,0.246603,-0.545878,-9.789890
1794995100,0.270545,-0.512359,-9.777920
1794996276,0.241814,-0.550666,-9.907207
1794997450,0.304064,-0.603339,-9.892841
1794998630,0.289698,-0.512359,-9.909601
1794999827,0.313640,-0.574608,-9.969456
1795001018,0.282516,-0.615310,-9.998186
1795002209,0.328006,-0.545878,-9.991004
1795003379,0.368707,-0.543484,-10.072407
1795004561,0.354342,-0.562637,-10.034100
1795005749,0.332794,-0.598550,-10.065224
1795006935,0.313640,-0.557849,-10.046070
1795008114,0.366313,-0.550666,-9.991004
1795009294,0.339977,-0.560243,-9.940725
1795010471,0.349553,-0.541090,-9.947908
1795011658,0.366313,-0.605733,-9.914390
1795012852,0.318429,-0.632069,-9.878476
1795014045,0.311246,-0.529119,-9.809045
1795015226,0.347159,-0.521936,-9.785102
1795016406,0.351948,-0.481235,-9.775525
1795017590,0.392649,-0.543484,-9.878476
1795018784,0.423774,-0.541090,-9.804255
1795019970,0.397437,-0.533907,-9.825804
1795021159,0.416591,-0.565032,-9.888053
1795022336,0.375890,-0.533907,-9.883265
1795023523,0.371101,-0.486023,-9.832987
1795024714,0.428562,-0.478840,-9.902418
1795025910,0.447716,-0.519542,-9.926360
1795027093,0.390255,-0.524330,-9.777920
1795028273,0.347159,-0.553061,-9.780313
1795029439,0.332794,-0.519542,-9.878476
1795030626,0.363919,-0.519542,-9.787497
1795031820,0.397437,-0.481235,-9.775525
1795033017,0.351948,-0.438139,-9.859323
1795034203,0.335188,-0.459687,-9.703699
1795035379,0.380678,-0.486023,-9.641450
1795036557,0.351948,-0.481235,-9.617508
1795037748,0.359130,-0.466869,-9.660604
1795038929,0.361524,-0.541090,-9.622296
1795040119,0.342371,-0.531513,-9.727641
1795041296,0.351948,-0.514753,-9.727641
1795042480,0.318429,-0.442927,-9.667787
1795043667,0.385466,-0.442927,-9.727641
1795044870,0.452504,-0.447716,-9.696517
1795046062,0.414197,-0.411803,-9.696517
1795047254,0.407014,-0.383072,-9.780313
1795048429,0.363919,-0.423774,-9.756371
1795049613,0.371101,-0.490811,-9.674969
1795050801,0.354342,-0.514753,-9.689334
1795051988,0.378284,-0.423774,-9.806650
1795053173,0.392649,-0.459687,-9.837775
1795054355,0.351948,-0.418985,-9.849746
1795055540,0.359130,-0.416591,-9.811439
1795056744,0.323217,-0.447716,-9.787497
1795057927,0.354342,-0.421380,-9.775525
1795059117,0.277727,-0.390255,-9.832987
1795060293,0.292093,-0.435745,-9.943120
1795061480,0.313640,-0.440533,-9.923966
1795062666,0.275333,-0.469264,-9.830592
1795063869,0.234632,-0.407014,-9.780313
1795065059,0.270545,-0.392649,-9.792285
1795066251,0.337582,-0.416591,-9.876082
1795067423,0.289698,-0.411803,-9.876082
1795068605,0.313640,-0.471658,-9.943120
1795069793,0.337582,-0.476446,-10.005369
1795070979,0.359130,-0.428562,-9.921572
1795072170,0.241814,-0.435745,-9.890448
1795073352,0.363919,-0.435745,-9.801862
1795074538,0.351948,-0.433351,-9.780313
1795075742,0.347159,-0.541090,-9.919178
1795076924,0.423774,-0.550666,-10.048465
1795078114,0.390255,-0.519542,-10.129868
1795079291,0.328006,-0.500388,-9.971850
1795080471,0.330400,-0.483629,-9.818622
1795081653,0.263362,-0.497994,-9.821015
1795082852,0.248997,-0.423774,-9.830592
1795084041,0.318429,-0.495600,-9.861717
1795085227,0.287304,-0.560243,-9.892841
1795086402,0.232238,-0.531513,-10.014946
1795087589,0.263362,-0.545878,-10.007763
1795088782,0.253785,-0.565032,-9.964667
1795089974,0.277727,-0.509965,-9.943120
1795091156,0.301669,-0.505177,-9.931149
1795092337,0.239420,-0.579397,-9.890448
1795093520,0.253785,-0.557849,-9.842564
1795094723,0.296881,-0.584185,-9.928755
1795095911,0.306458,-0.562637,-9.979033
1795097100,0.318429,-0.514753,-9.969456
1795098277,0.356736,-0.529119,-10.055647
1795099453,0.294487,-0.605733,-10.038888
1795100637,0.256180,-0.562637,-10.036493
1795101835,0.282516,-0.553061,-10.000581
1795103027,0.308852,-0.490811,-10.053253
1795104221,0.296881,-0.486023,-10.038888
1795105403,0.268151,-0.531513,-10.000581
1795106589,0.268151,-0.517148,-10.000581
1795107782,0.270545,-0.555455,-9.938332
1795108973,0.275333,-0.565032,-10.031705
1795110158,0.280122,-0.548272,-9.981427
1795111339,0.308852,-0.533907,-9.967062
1795112521,0.308852,-0.533907,-9.919178
1795113723,0.265756,-0.529119,-9.938332
1795114911,0.268151,-0.483629,-10.046070
1795116097,0.282516,-0.529119,-9.959879
1795117274,0.258574,-0.538695,-9.964667
1795118455,0.380678,-0.541090,-9.888053
1795119637,0.323217,-0.543484,-9.890448
1795120835,0.390255,-0.574608,-9.864111
1795122027,0.418985,-0.593762,-9.859323
1795123223,0.320823,-0.567426,-9.897630
1795124394,0.426168,-0.529119,-9.938332
1795125581,0.383072,-0.555455,-9.947908
1795126774,0.308852,-0.526724,-9.919178
1795127965,0.335188,-0.505177,-9.849746
1795129150,0.332794,-0.536301,-9.895236
1795130332,0.375890,-0.507571,-9.864111
1795131514,0.328006,-0.497994,-9.878476
1795132710,0.335188,-0.517148,-9.823410
1795133905,0.344765,-0.555455,-9.761160
1795135091,0.359130,-0.565032,-9.765948
1795136264,0.339977,-0.557849,-9.885659
1795137450,0.395043,-0.524330,-9.859323
1795138630,0.368707,-0.562637,-9.801862
1795139828,0.375890,-0.533907,-9.799467
1795141019,0.402226,-0.555455,-9.739613
1795142209,0.366313,-0.596156,-9.780313
1795143380,0.418985,-0.519542,-9.777920
1795144563,0.426168,-0.507571,-9.864111
1795145751,0.430956,-0.454898,-9.895236
1795146938,0.383072,-0.462081,-9.832987
1795148118,0.385466,-0.481235,-9.900024
1795149297,0.375890,-0.505177,-9.878476
1795150480,0.373495,-0.519542,-9.799467
1795151672,0.373495,-0.548272,-9.775525
1795152870,0.392649,-0.517148,-9.777920
1795154066,0.402226,-0.521936,-9.821015
1795155242,0.407014,-0.488417,-9.849746
1795156423,0.411803,-0.541090,-9.821015
1795157599,0.438139,-0.531513,-9.835381
1795158793,0.411803,-0.517148,-9.782708
1795159974,0.433351,-0.478840,-9.758766
1795161164,0.445322,-0.464475,-9.837775
1795162342,0.428562,-0.500388,-9.835381
1795163533,0.395043,-0.466869,-9.746795
1795164732,0.395043,-0.524330,-9.789890
1795165922,0.407014,-0.603339,-9.801862
1795167106,0.414197,-0.555455,-9.804255
1795168287,0.359130,-0.586579,-9.823410
1795169457,0.421380,-0.512359,-9.801862
1795170644,0.373495,-0.505177,-9.804255
1795171829,0.320823,-0.474052,-9.746795
1795173022,0.306458,-0.486023,-9.770737
1795174206,0.356736,-0.514753,-9.758766
1795175383,0.311246,-0.497994,-9.780313
1795176561,0.351948,-0.562637,-9.794679
1795177758,0.328006,-0.572214,-9.900024
1795178938,0.335188,-0.531513,-9.892841
1795180125,0.450110,-0.555455,-9.880871
1795181300,0.445322,-0.521936,-9.928755
1795182492,0.325611,-0.572214,-9.876082
1795183680,0.387861,-0.553061,-9.952697
1795184884,0.416591,-0.517148,-9.880871
1795186077,0.380678,-0.514753,-9.804255
1795187257,0.450110,-0.567426,-9.830592
1795188433,0.404620,-0.596156,-9.849746
1795189616,0.366313,-0.517148,-9.852140
1795190807,0.356736,-0.483629,-9.840169
1795191994,0.332794,-0.531513,-9.794679
1795193180,0.325611,-0.562637,-9.742006
1795194364,0.280122,-0.533907,-9.713276
1795195552,0.390255,-0.541090,-9.828198
1795196748,0.368707,-0.507571,-9.804255
1795197928,0.368707,-0.560243,-9.713276
1795199119,0.328006,-0.557849,-9.691729
1795200295,0.294487,-0.497994,-9.763555
1795201478,0.392649,-0.495600,-9.868899
1795202665,0.325611,-0.497994,-9.837775
1795203868,0.337582,-0.531513,-9.895236
1795205057,0.351948,-0.519542,-9.859323
1795206249,0.366313,-0.445322,-9.801862
1795207422,0.332794,-0.521936,-9.873688
1795208605,0.430956,-0.517148,-9.871294
1795209793,0.409408,-0.517148,-9.911995
1795210979,0.363919,-0.505177,-9.979033
1795212162,0.378284,-0.500388,-9.947908
1795213342,0.292093,-0.531513,-9.909601
1795214524,0.328006,-0.502782,-9.902418
1795215725,0.344765,-0.493206,-9.935937
1795216911,0.332794,-0.495600,-10.031705
1795218094,0.349553,-0.509965,-10.113108
1795219271,0.332794,-0.577003,-9.955091
1795220445,0.351948,-0.584185,-10.070012
1795221625,0.328006,-0.435745,-9.940725
1795222818,0.426168,-0.399832,-9.871294
1795224004,0.387861,-0.452504,-9.885659
1795225194,0.385466,-0.486023,-9.873688
1795226364,0.349553,-0.500388,-9.797073
1795227556,0.328006,-0.521936,-9.732430
1795228748,0.347159,-0.445322,-9.900024
1795229933,0.414197,-0.459687,-9.940725
1795231120,0.368707,-0.478840,-9.897630
1795232300,0.294487,-0.557849,-9.895236
1795233479,0.368707,-0.476446,-10.014946
1795234667,0.356736,-0.462081,-10.031705
1795235865,0.337582,-0.404620,-9.993398
1795237060,0.308852,-0.476446,-9.823410
1795238247,0.311246,-0.509965,-9.919178
1795239421,0.335188,-0.430956,-9.904813
1795240599,0.373495,-0.490811,-10.002975
1795241791,0.411803,-0.471658,-10.031705
1795242971,0.366313,-0.493206,-10.089166
1795244161,0.349553,-0.507571,-10.067618
1795245335,0.368707,-0.507571,-9.962274
1795246522,0.395043,-0.529119,-9.756371
1795247714,0.383072,-0.502782,-9.665392
1795248910,0.320823,-0.469264,-9.646238
1795250093,0.363919,-0.462081,-9.710882
1795251273,0.363919,-0.414197,-9.660604
1795252448,0.371101,-0.426168,-9.660604
1795253630,0.342371,-0.466869,-9.698911
1795254824,0.328006,-0.418985,-9.742006
1795256019,0.306458,-0.474052,-9.804255
1795257203,0.311246,-0.529119,-9.761160
1795258379,0.299275,-0.474052,-9.809045
1795259557,0.275333,-0.421380,-9.770737
1795260749,0.251391,-0.407014,-9.801862
1795261929,0.339977,-0.466869,-9.876082
1795263121,0.313640,-0.481235,-9.854534
1795264297,0.418985,-0.509965,-9.938332
1795265479,0.342371,-0.474052,-9.955091
1795266659,0.402226,-0.457293,-9.763555
1795267863,0.411803,-0.483629,-9.794679
1795269052,0.368707,-0.493206,-9.868899
1795270243,0.409408,-0.500388,-9.871294
1795271417,0.430956,-0.490811,-9.888053
1795272598,0.399832,-0.486023,-9.775525
1795273787,0.409408,-0.488417,-9.801862
1795274977,0.414197,-0.493206,-9.775525
1795276164,0.363919,-0.428562,-9.780313
1795277346,0.371101,-0.457293,-9.885659
1795278533,0.371101,-0.529119,-9.971850
1795279736,0.392649,-0.507571,-9.991004
1795280922,0.277727,-0.500388,-9.981427
1795282111,0.270545,-0.464475,-9.914390
1795283287,0.289698,-0.447716,-9.916783
1795284476,0.253785,-0.490811,-9.969456
1795285659,0.284910,-0.488417,-10.036493
1795286858,0.304064,-0.495600,-9.986216
1795288045,0.347159,-0.457293,-10.017340
1795289231,0.296881,-0.459687,-10.036493
1795290399,0.217872,-0.476446,-10.038888
1795291586,0.292093,-0.471658,-10.014946
1795292779,0.296881,-0.497994,-9.988609
1795293969,0.296881,-0.474052,-10.007763
1795295154,0.316035,-0.469264,-9.940725
1795296335,0.284910,-0.514753,-9.940725
1795297518,0.260968,-0.505177,-10.012551
1795298714,0.196325,-0.584185,-9.983821
1795299909,0.232238,-0.555455,-9.861717
1795301097,0.248997,-0.521936,-9.873688
1795302274,0.217872,-0.514753,-10.067618
1795303450,0.237026,-0.507571,-10.132261
1795304633,0.237026,-0.538695,-9.943120
1795305830,0.304064,-0.541090,-9.952697
1795307020,0.229843,-0.536301,-9.952697
1795308210,0.210690,-0.526724,-9.852140
1795309381,0.208296,-0.493206,-9.928755
1795310563,0.248997,-0.505177,-9.904813
1795311751,0.248997,-0.469264,-9.868899
1795312938,0.237026,-0.509965,-9.770737
1795314114,0.225055,-0.502782,-9.830592
1795315293,0.186748,-0.452504,-9.895236
1795316476,0.289698,-0.474052,-9.897630
1795317667,0.263362,-0.514753,-9.849746
1795318865,0.258574,-0.514753,-9.878476
1795320062,0.210690,-0.502782,-10.038888
1795321237,0.256180,-0.471658,-9.945514
1795322414,0.354342,-0.507571,-9.816227
1795323593,0.282516,-0.519542,-9.885659
1795324786,0.277727,-0.500388,-9.880871
1795325972,0.239420,-0.533907,-9.902418
1795327161,0.289698,-0.502782,-9.880871
1795328337,0.263362,-0.509965,-9.890448
1795329525,0.263362,-0.543484,-9.900024
1795330721,0.304064,-0.543484,-9.873688
1795331910,0.232238,-0.524330,-9.873688
1795333093,0.308852,-0.579397,-9.868899
1795334274,0.368707,-0.596156,-9.825804
1795335440,0.361524,-0.584185,-9.883265
1795336627,0.292093,-0.565032,-9.938332
1795337818,0.313640,-0.545878,-9.916783
1795339014,0.339977,-0.596156,-9.897630
1795340200,0.378284,-0.538695,-9.873688
1795341382,0.335188,-0.543484,-9.911995
1795342561,0.316035,-0.505177,-9.959879
1795343753,0.378284,-0.545878,-9.902418
1795344936,0.359130,-0.584185,-9.979033
1795346120,0.296881,-0.531513,-9.938332
1795347297,0.332794,-0.572214,-9.933543
1795348480,0.313640,-0.581791,-9.895236
1795349667,0.217872,-0.617704,-9.852140
1795350869,0.270545,-0.598550,-9.885659
1795352060,0.306458,-0.579397,-9.909601
1795353245,0.332794,-0.555455,-9.868899
1795354416,0.275333,-0.612916,-9.828198
1795355600,0.248997,-0.569820,-9.813833
1795356788,0.323217,-0.620098,-9.950302
1795357971,0.284910,-0.644040,-9.911995
1795359155,0.258574,-0.598550,-9.919178
1795360337,0.349553,-0.569820,-9.830592
1795361520,0.313640,-0.529119,-9.904813
1795362721,0.361524,-0.569820,-9.892841
1795363911,0.347159,-0.586579,-9.830592
1795365101,0.304064,-0.562637,-9.809045
1795366276,0.349553,-0.529119,-9.835381
1795367451,0.409408,-0.481235,-9.763555
1795368632,0.390255,-0.512359,-9.785102
1795369830,0.404620,-0.517148,-9.720459
1795371019,0.416591,-0.529119,-9.804255
1795372209,0.404620,-0.557849,-9.789890
1795373380,0.433351,-0.505177,-9.777920
1795374562,0.416591,-0.531513,-9.777920
1795375751,0.411803,-0.531513,-9.641450
1795376936,0.304064,-0.502782,-9.763555
1795378115,0.359130,-0.497994,-9.837775
1795379296,0.378284,-0.531513,-9.770737
1795380474,0.363919,-0.505177,-9.761160
1795381665,0.385466,-0.505177,-9.844957
1795382863,0.418985,-0.529119,-9.888053
1795384056,0.438139,-0.550666,-9.902418
1795385234,0.433351,-0.588974,-9.883265
1795386409,0.462081,-0.588974,-9.859323
1795387586,0.397437,-0.541090,-9.955091
1795388780,0.414197,-0.533907,-9.981427
1795389965,0.399832,-0.541090,-10.041282
1795391154,0.387861,-0.507571,-10.010158
1795392331,0.414197,-0.502782,-9.986216
1795393519,0.440533,-0.497994,-10.053253
1795394710,0.366313,-0.462081,-9.991004
1795395910,0.342371,-0.512359,-10.096349
1795397093,0.351948,-0.521936,-10.098742
1795398275,0.332794,-0.505177,-10.060435
1795399445,0.397437,-0.478840,-10.034100
1795400632,0.404620,-0.500388,-9.993398
1795401823,0.325611,-0.514753,-10.029311
1795403020,0.289698,-0.452504,-10.053253
1795404205,0.316035,-0.435745,-10.129868
1795405383,0.361524,-0.450110,-10.010158
1795406560,0.304064,-0.531513,-9.959879
1795407752,0.258574,-0.481235,-9.969456
1795408935,0.265756,-0.466869,-10.077195
1795410128,0.318429,-0.486023,-10.058042
1795411303,0.292093,-0.481235,-9.933543
1795412489,0.287304,-0.517148,-9.823410
1795413675,0.318429,-0.560243,-9.844957
1795414878,0.289698,-0.517148,-9.900024
1795416065,0.234632,-0.562637,-10.005369
1795417252,0.217872,-0.545878,-9.943120
1795418424,0.217872,-0.514753,-9.842564
1795419608,0.234632,-0.569820,-9.646238
1795420796,0.208296,-0.478840,-9.753978
1795421982,0.217872,-0.478840,-9.787497
1795423173,0.258574,-0.457293,-9.916783
1795424355,0.289698,-0.423774,-10.053253
1795425542,0.282516,-0.442927,-9.931149
1795426742,0.162806,-0.500388,-9.859323
1795427921,0.203507,-0.447716,-9.689334
1795429111,0.215478,-0.466869,-9.674969
1795430288,0.244209,-0.493206,-9.797073
1795431461,0.253785,-0.526724,-9.933543
1795432645,0.227449,-0.488417,-10.074800
1795433838,0.287304,-0.497994,-10.022128
1795435025,0.280122,-0.512359,-9.873688
1795436215,0.289698,-0.452504,-9.864111
1795437386,0.246603,-0.471658,-9.914390
1795438568,0.282516,-0.452504,-9.876082
1795439759,0.263362,-0.553061,-9.916783
1795440946,0.277727,-0.462081,-9.763555
1795442128,0.282516,-0.483629,-9.691729
1795443309,0.284910,-0.486023,-9.737218
1795444490,0.294487,-0.409408,-9.789890
1795445680,0.265756,-0.421380,-9.842564
1795446879,0.368707,-0.481235,-9.847352
1795448077,0.387861,-0.493206,-9.746795
1795449251,0.368707,-0.526724,-9.713276
1795450433,0.323217,-0.493206,-9.674969
1795451611,0.363919,-0.476446,-9.667787
1795452804,0.344765,-0.464475,-9.780313
1795453986,0.320823,-0.466869,-9.871294
1795455174,0.344765,-0.442927,-9.979033
1795456351,0.397437,-0.519542,-9.947908
1795457542,0.404620,-0.524330,-9.876082
1795458740,0.347159,-0.478840,-9.837775
1795459925,0.404620,-0.421380,-9.885659
1795461109,0.440533,-0.430956,-9.883265
1795462289,0.337582,-0.471658,-9.777920
1795463461,0.363919,-0.469264,-9.794679
1795464650,0.366313,-0.445322,-9.861717
1795465838,0.383072,-0.452504,-9.821015
1795467030,0.344765,-0.483629,-9.852140
1795468221,0.328006,-0.409408,-9.816227
1795469396,0.337582,-0.416591,-9.823410
1795470577,0.359130,-0.418985,-9.837775
1795471774,0.311246,-0.483629,-9.837775
1795472960,0.311246,-0.533907,-9.806650
1795474145,0.304064,-0.519542,-9.674969
1795475319,0.294487,-0.536301,-9.634268
1795476505,0.342371,-0.509965,-9.603143
1795477693,0.404620,-0.495600,-9.631873
1795478890,0.435745,-0.493206,-9.586384
1795480076,0.421380,-0.524330,-9.593566
1795481267,0.428562,-0.533907,-9.646238
1795482447,0.416591,-0.500388,-9.624691
1795483633,0.445322,-0.447716,-9.619903
1795484826,0.383072,-0.440533,-9.758766
1795486021,0.306458,-0.569820,-9.761160
1795487206,0.332794,-0.567426,-9.646238
1795488383,0.323217,-0.577003,-9.701305
1795489559,0.368707,-0.605733,-9.572019
1795490751,0.378284,-0.550666,-9.579201
1795491932,0.450110,-0.531513,-9.550470
1795493123,0.450110,-0.488417,-9.569624
1795494298,0.399832,-0.452504,-9.603143
1795495485,0.402226,-0.478840,-9.684546
1795496671,0.390255,-0.541090,-9.646238
1795497872,0.387861,-0.553061,-9.799467
1795499064,0.366313,-0.605733,-9.832987
1795500245,0.392649,-0.658405,-9.758766
1795501422,0.397437,-0.682347,-9.792285
1795502606,0.378284,-0.648829,-9.727641
1795503795,0.337582,-0.648829,-9.595961
1795504982,0.397437,-0.512359,-9.883265
1795506173,0.392649,-0.555455,-9.957485
1795507356,0.428562,-0.646434,-10.067618
1795508543,0.414197,-0.689530,-10.022128
1795509742,0.323217,-0.612916,-9.940725
1795510922,0.418985,-0.646434,-9.962274
1795512113,0.385466,-0.608127,-9.957485
1795513289,0.438139,-0.572214,-10.000581
1795514472,0.347159,-0.612916,-10.024523
1795515653,0.335188,-0.617704,-10.007763
1795516852,0.356736,-0.634463,-10.077195
1795518041,0.380678,-0.725443,-10.036493
1795519228,0.373495,-0.660800,-10.012551
1795520402,0.450110,-0.675165,-9.998186
1795521587,0.486023,-0.644040,-10.022128
1795522779,0.469264,-0.600945,-9.993398
1795523966,0.414197,-0.675165,-9.739613
1795525152,0.351948,-0.581791,-9.801862
1795526333,0.337582,-0.493206,-9.938332
1795527514,0.342371,-0.502782,-10.086772
1795528710,0.361524,-0.514753,-10.081984
1795529905,0.316035,-0.577003,-10.134656
1795531092,0.308852,-0.636858,-10.029311
1795532268,0.256180,-0.632069,-9.998186
1795533453,0.253785,-0.715866,-9.923966
1795534637,0.248997,-0.711078,-9.991004
1795535833,0.349553,-0.588974,-9.995792
1795537027,0.347159,-0.603339,-9.897630
1795538221,0.308852,-0.572214,-9.686940
1795539393,0.296881,-0.605733,-9.737218
1795540579,0.363919,-0.624887,-9.844957
1795541773,0.332794,-0.622492,-9.720459
1795542964,0.299275,-0.612916,-9.832987
1795544146,0.301669,-0.577003,-9.864111
1795545324,0.263362,-0.538695,-9.933543
1795546506,0.323217,-0.502782,-9.952697
1795547699,0.299275,-0.474052,-10.105926
1795548894,0.299275,-0.445322,-10.093954
1795550081,0.354342,-0.493206,-10.077195
1795551263,0.335188,-0.507571,-9.897630
1795552448,0.265756,-0.529119,-9.777920
1795553629,0.272939,-0.562637,-9.900024
1795554824,0.306458,-0.541090,-10.034100
1795556013,0.277727,-0.471658,-9.974244
1795557204,0.294487,-0.509965,-9.928755
1795558376,0.272939,-0.478840,-9.933543
1795559559,0.304064,-0.526724,-9.993398
1795560748,0.332794,-0.586579,-9.880871
1795561934,0.325611,-0.531513,-9.832987
1795563122,0.375890,-0.531513,-9.955091
1795564302,0.411803,-0.524330,-9.904813
1795565479,0.373495,-0.533907,-9.873688
1795566671,0.368707,-0.526724,-9.902418
1795567868,0.397437,-0.557849,-9.883265
1795569065,0.366313,-0.495600,-9.727641
1795570252,0.409408,-0.438139,-9.715671
1795571428,0.375890,-0.447716,-9.595961
1795572606,0.383072,-0.481235,-9.540894
1795573798,0.304064,-0.471658,-9.550470
1795574979,0.323217,-0.457293,-9.780313
1795576173,0.260968,-0.533907,-9.734824
1795577350,0.270545,-0.505177,-9.679757
1795578541,0.342371,-0.438139,-9.775525
1795579741,0.375890,-0.392649,-9.847352
1795580926,0.366313,-0.332794,-9.840169
1795582111,0.320823,-0.407014,-9.780313
1795583290,0.294487,-0.471658,-9.782708
1795584474,0.284910,-0.459687,-9.821015
1795585661,0.299275,-0.514753,-9.904813
1795586855,0.270545,-0.495600,-9.986216
1795588047,0.378284,-0.541090,-9.926360
1795589223,0.409408,-0.483629,-9.883265
1795590402,0.392649,-0.438139,-9.914390
1795591584,0.433351,-0.462081,-9.832987
1795592781,0.450110,-0.474052,-9.753978
1795593966,0.399832,-0.435745,-9.821015
1795595156,0.387861,-0.493206,-9.880871
1795596332,0.428562,-0.514753,-9.907207
1795597520,0.378284,-0.536301,-9.928755
1795598711,0.387861,-0.483629,-9.888053
1795599910,0.392649,-0.507571,-9.880871
1795601092,0.371101,-0.538695,-9.821015
1795602273,0.407014,-0.569820,-9.763555
1795603438,0.416591,-0.505177,-9.765948
1795604619,0.445322,-0.435745,-9.646238
1795605811,0.435745,-0.430956,-9.607931
1795606997,0.457293,-0.450110,-9.710882
1795608178,0.471658,-0.385466,-10.125079
1795609364,0.462081,-0.373495,-10.048465
1795610552,0.342371,-0.430956,-9.643845
1795611748,0.304064,-0.404620,-9.557653
1795612928,0.284910,-0.421380,-9.746795
1795614117,0.328006,-0.557849,-9.900024
1795615291,0.304064,-0.574608,-9.821015
1795616472,0.270545,-0.531513,-9.679757
1795617655,0.165200,-0.493206,-9.658210
1795618852,0.191536,-0.457293,-9.682152
1795620041,0.337582,-0.495600,-9.775525
1795621227,0.337582,-0.493206,-9.706094
1795622393,0.339977,-0.553061,-9.756371
1795623579,0.387861,-0.514753,-9.806650
1795624770,0.404620,-0.572214,-9.732430
1795625959,0.366313,-0.481235,-9.689334
1795627142,0.320823,-0.438139,-9.842564
1795628323,0.337582,-0.392649,-9.916783
1795629506,0.335188,-0.404620,-9.995792
1795630698,0.268151,-0.418985,-9.983821
1795631893,0.239420,-0.478840,-9.856929
1795633079,0.265756,-0.553061,-9.904813
1795634265,0.296881,-0.524330,-9.928755
1795635450,0.301669,-0.521936,-9.832987
1795636632,0.294487,-0.519542,-9.631873
1795637830,0.287304,-0.526724,-9.670180
1795639021,0.258574,-0.521936,-9.854534
1795640212,0.363919,-0.541090,-9.883265
1795641383,0.339977,-0.557849,-9.818622
1795642566,0.383072,-0.536301,-9.770737
1795643754,0.351948,-0.471658,-9.696517
1795644941,0.418985,-0.545878,-9.835381
1795646124,0.639252,-0.407014,-11.714828
1795647305,0.720655,-0.378284,-11.482592
1795648481,0.658405,-0.268151,-10.302250
1795649671,0.548272,-0.129287,-9.749189
1795650870,0.426168,-0.153229,-9.270349
1795652063,0.232238,-0.507571,-9.131485
1795653239,0.093374,-0.895431,-9.698911
1795654420,0.122104,-0.842759,-9.746795
1795655598,0.208296,-0.720655,-9.761160
1795656790,0.275333,-0.634463,-9.938332
1795657970,0.258574,-0.476446,-9.959879
1795659161,0.146046,-0.493206,-9.998186
1795660338,0.277727,-0.459687,-9.895236
1795661526,0.368707,-0.474052,-9.844957
1795662723,0.375890,-0.493206,-9.780313
1795663912,0.344765,-0.529119,-9.813833
1795665095,0.244209,-0.459687,-10.512939
1795666277,0.229843,-0.418985,-10.747571
1795667449,0.258574,-0.502782,-10.532093
1795668635,0.296881,-0.593762,-10.338163
1795669830,0.294487,-0.600945,-10.223241
1795671026,0.387861,-0.617704,-10.170568
1795672212,0.550666,-0.505177,-9.859323
1795673388,0.555455,-0.490811,-9.660604
1795674565,0.574608,-0.524330,-9.414001
1795675759,0.557849,-0.603339,-9.464279
1795676941,0.560243,-0.579397,-9.454702
1795678128,0.591368,-0.392649,-9.552865
1795679304,0.550666,-0.337582,-9.402030
1795680485,0.493206,-0.428562,-9.351752
1795681672,0.411803,-0.483629,-9.224859
1795682874,0.328006,-0.567426,-9.423578
1795684065,0.304064,-0.593762,-9.445126
1795685251,0.301669,-0.596156,-9.459491
1795686425,0.268151,-0.634463,-9.366117
1795687609,0.292093,-0.656011,-9.442732
1795688796,0.454898,-0.560243,-9.998186
1795689983,0.579397,-0.514753,-10.848128
1795691175,0.912191,-0.402226,-10.670957
1795692357,0.845153,-0.222661,-9.967062
1795693544,0.665588,-0.095768,-9.433155
1795694743,0.445322,-0.246603,-9.232041
1795695922,0.351948,-0.579397,-9.370906
1795697112,0.220267,-0.797269,-9.651027
1795698288,0.155623,-0.871489,-10.139444
1795699472,0.306458,-0.816423,-10.151415
1795700656,0.428562,-0.675165,-10.115502
1795701856,0.442927,-0.560243,-10.005369
1795703044,0.445322,-0.421380,-9.928755
1795704236,0.531513,-0.414197,-9.519346
1795705407,0.423774,-0.404620,-9.320627
1795706589,0.426168,-0.430956,-9.430760
1795707782,0.349553,-0.471658,-9.639056
1795708969,0.347159,-0.495600,-9.976639
1795710153,0.339977,-0.502782,-10.649409
1795711335,0.270545,-0.553061,-10.596737
1795712519,0.268151,-0.579397,-10.438720
1795713722,0.287304,-0.538695,-10.156203
1795714911,0.294487,-0.569820,-9.847352
1795716098,0.380678,-0.579397,-9.636662
1795717274,0.521936,-0.486023,-9.588778
1795718455,0.469264,-0.462081,-9.653421
1795719638,0.497994,-0.464475,-9.758766
1795720837,0.433351,-0.466869,-9.849746
1795722031,0.397437,-0.519542,-9.907207
1795723225,0.275333,-0.543484,-9.777920
1795724397,0.373495,-0.507571,-9.698911
1795725583,0.397437,-0.543484,-9.672575
1795726777,0.387861,-0.584185,-9.643845
1795727968,0.409408,-0.624887,-9.622296
1795729149,0.462081,-0.636858,-9.686940
1795730330,0.414197,-0.545878,-9.813833
1795731514,0.402226,-0.505177,-9.933543
1795732710,0.464475,-0.495600,-10.041282
1795733901,0.428562,-0.507571,-9.909601
1795735085,0.380678,-0.560243,-9.722853
1795736262,0.375890,-0.529119,-9.830592
1795737438,0.366313,-0.500388,-9.844957
1795738615,0.380678,-0.471658,-9.883265
1795739814,0.344765,-0.509965,-9.909601
1795740994,0.361524,-0.500388,-9.952697
1795742181,0.328006,-0.509965,-10.036493
1795743357,0.344765,-0.476446,-10.096349
1795744549,0.351948,-0.497994,-10.067618
1795745741,0.399832,-0.521936,-10.031705
1795746926,0.428562,-0.545878,-10.177752
1795748113,0.466869,-0.533907,-10.122684
1795749295,0.430956,-0.550666,-10.084377
1795750478,0.421380,-0.553061,-9.993398
1795751669,0.404620,-0.565032,-10.060435
1795752864,0.466869,-0.577003,-9.998186
1795754057,0.450110,-0.579397,-9.940725
1795755232,0.466869,-0.627281,-9.878476
1795756413,0.464475,-0.584185,-9.885659
1795757590,0.490811,-0.596156,-10.043676
1795758788,0.517148,-0.524330,-10.081984
1795759975,0.531513,-0.553061,-10.237606
1795761165,0.495600,-0.512359,-10.096349
1795762341,0.438139,-0.466869,-10.091560
1795763530,0.421380,-0.478840,-10.024523
1795764726,0.442927,-0.397437,-10.024523
1795765916,0.351948,-0.395043,-9.950302
1795767097,0.351948,-0.440533,-9.835381
1795768278,0.397437,-0.423774,-9.703699
1795769448,0.373495,-0.471658,-9.631873
1795770635,0.342371,-0.476446,-9.579201
1795771828,0.375890,-0.502782,-9.610326
1795773023,0.316035,-0.483629,-9.643845
1795774209,0.368707,-0.548272,-9.674969
1795775385,0.373495,-0.567426,-9.727641
1795776564,0.356736,-0.526724,-9.701305
1795777760,0.318429,-0.500388,-9.636662
1795778941,0.349553,-0.502782,-9.749189
1795780128,0.366313,-0.524330,-9.662998
1795781304,0.402226,-0.490811,-9.569624
1795782486,0.380678,-0.462081,-9.665392
1795783672,0.488417,-0.433351,-9.679757
1795784875,0.474052,-0.411803,-9.715671
1795786066,0.454898,-0.423774,-9.765948
1795787254,0.471658,-0.481235,-9.698911
1795788432,0.512359,-0.440533,-9.813833
1795789612,0.476446,-0.469264,-9.813833
1795790800,0.457293,-0.466869,-9.763555
1795791988,0.395043,-0.486023,-9.734824
1795793168,0.373495,-0.428562,-9.670180
1795794349,0.440533,-0.533907,-9.825804
1795795534,0.399832,-0.577003,-9.883265
1795796738,0.438139,-0.526724,-10.000581
1795797924,0.507571,-0.521936,-10.093954
1795799114,0.500388,-0.481235,-10.093954
1795800290,0.481235,-0.497994,-10.228029
1795801474,0.548272,-0.560243,-10.175357
1795802658,0.543484,-0.462081,-10.230424
1795803854,0.555455,-0.471658,-10.285490
1795805043,0.497994,-0.502782,-10.244789
1795806225,0.457293,-0.493206,-10.127473
1795807398,0.435745,-0.505177,-9.995792
1795808584,0.407014,-0.471658,-10.050858
1795809776,0.416591,-0.454898,-9.943120
1795810966,0.440533,-0.497994,-9.967062
1795812148,0.450110,-0.481235,-9.935937
1795813329,0.462081,-0.500388,-9.923966
1795814509,0.478840,-0.497994,-9.871294
1795815702,0.433351,-0.569820,-9.926360
1795816896,0.397437,-0.541090,-9.911995
1795818082,0.368707,-0.519542,-9.926360
1795819257,0.373495,-0.493206,-9.943120
1795820438,0.402226,-0.459687,-9.962274
1795821616,0.383072,-0.500388,-10.005369
1795822811,0.375890,-0.493206,-9.952697
1795823992,0.387861,-0.545878,-9.854534
1795825183,0.409408,-0.536301,-9.816227
1795826359,0.380678,-0.557849,-9.900024
1795827548,0.323217,-0.553061,-9.900024
1795828741,0.368707,-0.536301,-9.878476
1795829932,0.371101,-0.519542,-9.832987
1795831114,0.351948,-0.567426,-9.880871
1795832295,0.318429,-0.593762,-9.821015
1795833474,0.280122,-0.550666,-9.852140
1795834660,0.323217,-0.521936,-9.809045
1795835851,0.265756,-0.536301,-9.801862
1795837043,0.294487,-0.543484,-9.734824
1795838221,0.265756,-0.512359,-9.703699
1795839406,0.256180,-0.553061,-9.837775
1795840587,0.337582,-0.507571,-9.909601
1795841783,0.304064,-0.476446,-9.878476
1795842968,0.299275,-0.560243,-9.969456
1795844158,0.311246,-0.555455,-10.005369
1795845335,0.289698,-0.509965,-9.967062
1795846522,0.311246,-0.572214,-9.923966
1795847721,0.292093,-0.550666,-9.979033
1795848910,0.294487,-0.541090,-9.916783
1795850092,0.292093,-0.541090,-9.933543
1795851272,0.265756,-0.531513,-9.823410
1795852452,0.328006,-0.560243,-9.923966
1795853637,0.316035,-0.600945,-9.995792
1795854829,0.301669,-0.620098,-9.962274
1795856024,0.306458,-0.557849,-9.986216
1795857210,0.342371,-0.567426,-9.979033
1795858387,0.395043,-0.555455,-9.940725
1795859564,0.337582,-0.565032,-9.995792
1795860760,0.351948,-0.500388,-9.947908
1795861941,0.289698,-0.545878,-9.943120
1795863126,0.282516,-0.562637,-9.911995
1795864303,0.308852,-0.572214,-9.871294
1795865494,0.299275,-0.553061,-9.911995
1795866682,0.311246,-0.521936,-9.890448
1795867887,0.378284,-0.536301,-9.818622
1795869077,0.339977,-0.548272,-9.837775
1795870269,0.320823,-0.514753,-9.830592
1795871443,0.373495,-0.557849,-9.852140
1795872629,0.339977,-0.627281,-9.835381
1795873823,0.318429,-0.600945,-9.859323
1795875019,0.392649,-0.541090,-9.880871
1795876203,0.402226,-0.550666,-9.821015
1795877376,0.330400,-0.514753,-9.856929
1795878553,0.323217,-0.538695,-9.758766
1795879748,0.332794,-0.536301,-9.770737
1795880929,0.354342,-0.557849,-9.777920
1795882119,0.371101,-0.533907,-9.727641
1795883295,0.323217,-0.512359,-9.761160
1795884482,0.304064,-0.541090,-9.799467
1795885667,0.316035,-0.557849,-9.797073
1795886869,0.328006,-0.495600,-9.804255
1795888055,0.318429,-0.497994,-9.871294
1795889237,0.265756,-0.521936,-9.806650
1795890411,0.292093,-0.667982,-9.794679
1795891592,0.471658,-0.663194,-9.524135
1795892786,0.442927,-0.430956,-9.145850
1795893978,0.366313,-0.387861,-9.713276
1795895164,0.380678,-0.435745,-9.691729
1795896345,0.301669,-0.577003,-9.639056
1795897527,0.263362,-0.483629,-9.725247
1795898730,0.270545,-0.538695,-9.873688
1795899915,0.265756,-0.560243,-9.698911
1795901105,0.313640,-0.478840,-9.471462
1795902281,0.474052,-0.430956,-9.715671
1795903456,0.368707,-0.416591,-10.105926
1795904639,0.383072,-0.497994,-9.684546
1795905837,0.368707,-0.507571,-9.406818
1795907029,0.222661,-0.541090,-9.708488
1795908215,0.359130,-0.567426,-9.969456
1795909387,0.318429,-0.596156,-9.830592
1795910570,0.497994,-0.517148,-9.782708
1795911761,0.553061,-0.541090,-10.098742
1795912947,0.371101,-0.486023,-10.060435
1795914128,0.335188,-0.584185,-10.074800
1795915307,0.347159,-0.610521,-9.581595
1795916486,0.356736,-0.579397,-10.031705
1795917677,0.541090,-0.646434,-9.761160
1795918873,0.519542,-0.593762,-9.634268
1795920070,0.512359,-0.486023,-9.710882
1795921246,0.517148,-0.421380,-10.000581
1795922422,0.517148,-0.471658,-9.945514
1795923601,0.402226,-0.591368,-10.026917
1795924791,0.414197,-0.577003,-9.730036
1795925969,0.392649,-0.497994,-9.868899
1795927160,0.495600,-0.553061,-10.333375
1795928337,0.524330,-0.488417,-9.931149
1795929525,0.495600,-0.407014,-9.641450
1795930714,0.414197,-0.538695,-10.323798
1795931911,0.502782,-0.555455,-9.861717
1795933094,0.447716,-0.469264,-9.500193
1795934274,0.366313,-0.493206,-9.763555
1795935441,0.469264,-0.581791,-10.275913
1795936629,0.497994,-0.478840,-9.660604
1795937819,0.476446,-0.469264,-9.940725
1795939015,0.442927,-0.481235,-10.225636
1795940202,0.390255,-0.550666,-10.014946
1795941375,0.375890,-0.598550,-9.883265
1795942550,0.392649,-0.490811,-9.888053
1795943748,0.375890,-0.493206,-9.878476
1795944929,0.462081,-0.543484,-9.770737
1795946119,0.430956,-0.490811,-9.780313
1795947293,0.469264,-0.524330,-9.789890
1795948476,0.399832,-0.512359,-9.794679
1795949660,0.387861,-0.524330,-9.825804
1795950855,0.332794,-0.507571,-9.789890
1795952043,0.265756,-0.553061,-9.871294
1795953230,0.287304,-0.514753,-9.880871
1795954404,0.335188,-0.550666,-9.883265
1795955591,0.380678,-0.493206,-9.751583
1795956783,0.363919,-0.478840,-9.753978
1795957975,0.363919,-0.519542,-9.909601
1795959160,0.351948,-0.500388,-9.876082
1795960340,0.387861,-0.459687,-10.005369
1795961523,0.428562,-0.500388,-10.043676
1795962725,0.387861,-0.462081,-9.809045
1795963911,0.342371,-0.483629,-10.031705
1795965098,0.313640,-0.507571,-10.031705
1795966273,0.292093,-0.545878,-9.902418
1795967448,0.363919,-0.533907,-9.739613
1795968629,0.344765,-0.478840,-10.101137
1795969826,0.363919,-0.533907,-10.201694
1795971017,0.390255,-0.565032,-9.955091
1795972206,0.469264,-0.615310,-9.916783
1795973374,0.519542,-0.665588,-10.216059
1795974557,0.672771,-0.550666,-9.895236
1795975748,0.711078,-0.323217,-9.641450
1795976934,0.682347,-0.282516,-9.605537
1795978121,0.555455,-0.289698,-9.174581
1795979302,0.385466,-0.361524,-8.858546
1795980481,0.248997,-0.588974,-8.901642
1795981672,0.026336,-0.785298,-9.200917
1795982871,0.038307,-0.646434,-9.291897
1795984063,0.126893,-0.541090,-9.430760
1795985244,0.134075,-0.457293,-9.751583
1795986423,0.174777,-0.414197,-10.237606
1795987603,0.373495,-0.627281,-10.639832
1795988797,0.361524,-0.660800,-10.496181
1795989979,0.418985,-0.557849,-10.261548
1795991170,0.452504,-0.483629,-10.096349
1795992348,0.450110,-0.280122,-9.904813
1795993537,0.390255,-0.220267,-9.842564
1795994733,0.251391,-0.349553,-10.000581
1795995922,0.196325,-0.574608,-9.979033
1795997107,0.189142,-0.821211,-10.034100
1795998287,0.253785,-0.876278,-10.060435
1795999458,0.335188,-0.809240,-9.873688
1796000645,0.385466,-0.488417,-9.411607
1796001833,0.282516,-0.462081,-9.385271
1796003031,0.258574,-0.486023,-9.493010
1796004220,0.292093,-0.555455,-9.624691
1796005397,0.325611,-0.730232,-9.744401
1796006574,0.375890,-0.656011,-9.825804
1796007769,0.347159,-0.462081,-9.916783
1796008952,0.320823,-0.318429,-10.096349
1796010138,0.270545,-0.342371,-10.105926
1796011309,0.213084,-0.483629,-9.871294
1796012495,0.110133,-0.541090,-9.691729
1796013682,0.215478,-0.739808,-9.682152
1796014886,0.289698,-0.732626,-9.737218
1796016077,0.349553,-0.627281,-9.430760
1796017257,0.246603,-0.486023,-8.968679
1796018434,0.234632,-0.428562,-8.743625
1796019615,0.021548,-0.524330,-9.402030
1796020800,0.095768,-0.663194,-9.825804
1796021986,0.277727,-0.773327,-10.036493
1796023177,0.354342,-0.677559,-9.684546
1796024359,0.184354,-0.538695,-9.387665
1796025547,0.100556,-0.543484,-9.411607
1796026744,-0.100556,-0.450110,-8.468291
1796027931,-0.141258,-0.493206,-9.727641
1796029129,0.050278,-0.354342,-9.926360
1796030304,-0.009577,-0.620098,-10.532093
1796031499,0.272939,-0.574608,-11.212047
1796032688,0.476446,-0.466869,-11.482592
1796033893,0.435745,-0.339977,-10.572795
1796035077,0.445322,-0.296881,-10.374076
1796036259,0.478840,-0.241814,-9.631873
1796037436,0.265756,-0.529119,-9.390059
1796038618,0.153229,-0.857124,-10.127473
1796039811,0.110133,-0.881066,-10.046070
1796040996,-0.007183,-0.974440,-9.528923
1796042183,0.256180,-0.711078,-10.125079
1796043368,0.205901,-0.608127,-10.292673
1796044555,0.459687,-0.634463,-9.998186
1796045749,0.495600,-0.423774,-10.556035
1796046931,0.493206,-0.339977,-9.911995
1796048122,0.526724,-0.600945,-10.216059
1796049298,0.308852,-0.572214,-9.516952
1796050481,0.256180,-0.495600,-9.804255
1796051659,0.253785,-0.548272,-10.412383
1796052857,0.167594,-0.596156,-11.008539
1796054045,0.385466,-0.588974,-11.434708
1796055233,0.392649,-0.447716,-10.817003
1796056404,0.457293,-0.414197,-10.551247
1796057592,0.435745,-0.284910,-9.746795
1796058782,0.306458,-0.474052,-9.042900
1796059969,0.282516,-0.502782,-8.786720
1796061148,0.181959,-0.553061,-9.555259
1796062330,0.248997,-0.622492,-9.677363
1796063514,0.268151,-0.665588,-9.933543
1796064707,0.074220,-0.658405,-9.150639
1796065900,0.035913,-0.416591,-10.584765
1796067085,0.380678,-0.280122,-10.532093
1796068271,0.371101,-0.481235,-10.022128
1796069456,0.385466,-0.380678,-9.557653
1796070639,0.497994,-0.026336,-9.378088
1796071837,0.490811,-0.256180,-10.168175
1796073030,0.253785,-0.526724,-10.153810
1796074226,0.380678,-0.574608,-10.845734
1796075395,0.330400,-0.277727,-10.278308
1796076580,0.363919,-0.349553,-10.244789
1796077773,0.483629,-0.392649,-9.689334
1796078964,0.299275,-0.641646,-9.624691
1796080147,0.610521,-0.541090,-9.967062
1796081327,0.562637,-0.433351,-9.955091
1796082508,0.641646,-0.466869,-10.101137
1796083702,0.620098,-0.584185,-9.390059
1796084895,0.505177,-0.672771,-8.710106
1796086080,0.306458,-0.756568,-8.547300
1796087255,-0.409408,-1.125275,-7.034164
1796088442,-0.438139,-1.321599,-7.060501
1796089629,-0.459687,-0.725443,-9.284714
1796090834,0.732626,-0.210690,-11.013328
1796092025,0.768539,-0.397437,-10.486604
1796093216,0.797269,0.045490,-10.560823
1796094381,0.486023,0.148441,-10.496181
1796095556,0.411803,-0.126893,-9.742006
1796096748,0.222661,-0.538695,-10.218452
1796097936,0.246603,-0.416591,-10.177752
1796099124,0.323217,-0.390255,-10.795456
1796100305,0.359130,-0.407014,-10.831368
1796101483,0.445322,-0.363919,-10.431537
1796102676,0.294487,-0.505177,-10.484209
1796103874,0.478840,-0.421380,-10.115502
1796105069,0.483629,-0.490811,-9.660604
1796106255,0.517148,-0.517148,-9.114726
1796107433,0.497994,-0.519542,-8.829816
1796108612,0.397437,-0.586579,-8.468291
1796109799,0.371101,-0.608127,-9.306262
1796110980,0.402226,-0.660800,-9.801862
1796112168,0.414197,-0.644040,-10.184934
1796113345,0.442927,-0.641646,-10.613496
1796114540,0.464475,-0.648829,-10.749966
1796115741,0.466869,-0.502782,-10.302250
1796116932,0.536301,-0.404620,-10.019734
1796118116,0.962469,-0.337582,-9.473856
1796119298,1.695095,-0.550666,-9.588778
1796120481,1.216254,-0.675165,-10.900801
1796121672,1.951274,-0.756568,-11.063606
1796122871,0.246603,-0.138864,-10.826580
1796124067,0.739808,-1.039083,-12.641385
1796125244,0.694318,-1.525106,-11.420342
1796126426,1.477222,-1.889025,-8.370130
1796127605,1.364695,-0.043096,-7.805098
1796128797,1.788469,-0.268151,-12.399570
1796129980,1.350330,-0.972046,-9.804255
1796131169,0.462081,-0.502782,-7.917625
1796132345,-0.064643,-0.749385,-9.291897
1796133543,-0.253785,-0.979228,-9.809045
1796134748,0.248997,-0.050278,-9.167398
1796135934,-0.196325,-0.852336,-8.334216
1796137128,0.562637,-0.579397,-10.862494
1796138310,0.311246,0.002394,-11.824963
1796139479,0.363919,-0.754174,-13.625401
1796140671,-0.146046,0.002394,-14.130578
1796141868,-0.040701,-0.857124,-9.567230
1796143068,0.126893,0.134075,-5.370194
1796144238,-0.646434,-0.445322,-3.608062
1796145424,-0.521936,-0.593762,-5.585672
1796146609,-0.112527,-0.354342,-7.939173
1796147812,-0.509965,-0.466869,-9.897630
1796149000,-0.148441,-1.295263,-11.745954
1796150198,0.028730,-0.371101,-9.856929
1796151369,-0.378284,-0.565032,-8.501810
1796152556,-0.565032,-0.696713,-7.970297
1796153750,-0.418985,-0.280122,-8.480263
1796154943,-0.330400,-0.600945,-8.619126
1796156129,-0.196325,-0.670376,-10.113108
1796157322,0.304064,-0.696713,-11.449073
1796158503,0.519542,-0.859518,-11.808203
1796159696,0.450110,-0.876278,-11.745954
1796160888,0.189142,-0.438139,-11.353305
1796162080,0.050278,-0.416591,-11.171345
1796163256,0.081403,-0.055067,-11.250354
1796164436,0.474052,-0.090980,-11.255142
1796165614,0.612916,-0.141258,-9.725247
1796166810,0.955287,-0.311246,-9.727641
1796167990,0.883460,-0.555455,-11.018116
1796169175,0.773327,-0.543484,-11.133038
1796170353,0.770933,-0.620098,-10.742783
1796171544,0.730232,-0.414197,-9.689334
1796172742,0.560243,-0.189142,-9.358934
1796173927,0.387861,-0.509965,-9.662998
1796175113,0.588974,-0.888249,-10.278308
1796176294,0.588974,-0.792481,-9.921572
1796177473,0.459687,-0.802058,-9.852140
1796178660,0.500388,-0.675165,-9.466674
1796179854,0.356736,-0.313640,-9.753978
1796181047,0.222661,-0.184354,-10.120291
1796182224,0.193930,-0.363919,-10.742783
1796183405,0.038307,-0.442927,-10.582372
1796184587,-0.083797,-0.706290,-9.682152
1796185790,-0.162806,-0.797269,-9.232041
1796186982,-0.090980,-0.418985,-9.291897
1796188182,-0.205901,-0.402226,-9.514558
1796189368,-0.299275,-0.323217,-9.437943
1796190568,-0.150835,-0.294487,-9.385271
1796191766,-0.117316,-0.136469,-9.461885
1796192960,0.016759,-0.306458,-10.654198
1796194142,-0.052672,-0.615310,-10.297462
1796195330,-0.043096,-0.531513,-9.900024
1796196517,-0.038307,-0.383072,-9.241618
1796197724,-0.112527,-0.311246,-9.476251
1796198917,-0.117316,-0.399832,-9.440337
1796200113,-0.057461,-0.536301,-9.382876
1796201295,-0.021548,-0.538695,-9.157822
1796202483,0.083797,-0.545878,-9.186552
1796203667,0.172383,-0.526724,-9.670180
1796204869,0.299275,-0.598550,-9.847352
1796206057,0.442927,-0.706290,-10.381259
1796207238,0.502782,-0.658405,-10.800244
1796208412,0.483629,-0.553061,-10.805033
1796209593,0.339977,-0.605733,-10.793061
1796210787,0.253785,-0.478840,-10.694899
1796211979,0.081403,-0.519542,-10.661380
1796213164,0.047884,-0.529119,-10.838552
1796214347,0.114922,-0.490811,-10.888829
1796215531,0.220267,-0.514753,-10.761936
1796216736,0.277727,-0.600945,-10.426748
1796217921,0.244209,-0.567426,-10.098742
1796219109,0.232238,-0.500388,-9.811439
1796220285,0.167594,-0.490811,-9.737218
1796221471,0.143652,-0.457293,-9.751583
1796222654,0.201113,-0.497994,-9.718064
1796223853,0.280122,-0.500388,-9.607931
1796225039,0.390255,-0.519542,-9.825804
1796226220,0.380678,-0.584185,-9.895236
1796227398,0.328006,-0.574608,-9.892841
1796228583,0.325611,-0.579397,-9.971850
1796229776,0.361524,-0.543484,-10.103531
1796230967,0.426168,-0.459687,-9.959879
1796232153,0.481235,-0.459687,-10.017340
1796233335,0.603339,-0.517148,-9.928755
1796234518,0.636858,-0.486023,-9.816227
1796235721,0.629675,-0.567426,-9.828198
1796236907,0.591368,-0.593762,-9.952697
1796238094,0.543484,-0.596156,-9.763555
1796239272,0.519542,-0.507571,-9.701305
1796240455,0.543484,-0.440533,-9.746795
1796241639,0.605733,-0.579397,-9.591172
1796242834,0.567426,-0.550666,-9.320627
1796244022,0.636858,-0.667982,-9.234436
1796245212,0.577003,-0.634463,-9.210494
1796246383,0.608127,-0.588974,-9.397242
1796247566,0.586579,-0.569820,-9.469068
1796248753,0.608127,-0.497994,-9.533711
1796249940,0.617704,-0.541090,-9.935937
1796251119,0.577003,-0.538695,-9.976639
1796252297,0.507571,-0.538695,-10.012551
1796253480,0.474052,-0.490811,-9.883265
1796254671,0.416591,-0.562637,-9.744401
1796255868,0.407014,-0.529119,-9.732430
1796257059,0.373495,-0.519542,-9.883265
1796258236,0.385466,-0.505177,-9.967062
1796259412,0.330400,-0.505177,-10.007763
1796260586,0.351948,-0.536301,-10.022128
1796261784,0.330400,-0.543484,-9.871294
1796262968,0.397437,-0.440533,-9.612720
1796264158,0.375890,-0.507571,-9.636662
1796265334,0.366313,-0.488417,-9.763555
1796266523,0.375890,-0.505177,-9.840169
1796267713,0.349553,-0.541090,-9.895236
1796268910,0.371101,-0.514753,-9.818622
1796270093,0.502782,-0.603339,-9.610326
1796271273,0.567426,-0.466869,-9.227253
1796272440,0.569820,-0.263362,-8.956709
1796273626,0.591368,-0.299275,-8.571242
1796274818,0.620098,-0.373495,-8.564059
1796276010,0.648829,-0.220267,-8.896853
1796277195,0.548272,-0.177171,-8.669404
1796278370,0.730232,-0.191536,-8.561666
1796279559,2.209848,-0.134075,-7.371747
1796280749,-0.430956,2.331953,-6.033388
1796281931,-2.535460,0.196325,-15.758636
1796283124,-1.656788,-1.841141,-12.950237
1796284305,0.646434,-1.855506,-11.777079
1796285489,0.438139,1.177947,-5.609614
1796286669,0.260968,0.124498,-6.713342
1796287862,0.450110,-1.987187,-13.603854
1796289048,1.721431,-1.419762,-14.336480
1796290236,1.534683,2.025495,-15.253459
1796291399,1.434127,1.551443,-8.020576
1796292576,0.577003,-0.167594,-0.995988
1796293766,0.248997,-0.909797,1.855506
1796294946,0.368707,-1.352724,-6.392519
1796296129,0.454898,-0.399832,-14.604630
1796297310,0.428562,0.442927,-9.232041
1796298482,0.385466,-0.301669,-7.718906
1796299673,0.021548,-1.467646,-8.190564
1796300871,-0.086191,-1.570596,-8.178593
1796302073,0.725443,-0.905008,-11.899182
1796303259,0.347159,-0.354342,-10.939108
1796304442,0.129287,-0.354342,-10.412383
1796305625,0.562637,-0.136469,-7.513005
1796306820,0.699107,-0.500388,-7.199365
1796308001,-0.083797,0.035913,-14.968549
1796309191,-0.074220,0.002394,-14.341269
1796310357,-0.196325,-0.100556,-11.142614
1796311557,-0.119710,-0.531513,-7.517793
1796312751,0.181959,-0.751779,-7.960721
1796313938,0.553061,-0.531513,-9.564836
1796315125,0.486023,-0.541090,-9.715671
1796316303,0.435745,-0.969652,-9.947908
1796317482,0.428562,-0.828394,-8.451532
1796318674,0.387861,-0.950498,-7.029376
1796319871,0.246603,-0.873884,-7.508216
1796321066,0.237026,-1.077391,-11.233594
1796322249,0.380678,-0.833182,-11.154586
1796323427,0.428562,-0.521936,-10.443508
1796324606,0.344765,-0.565032,-9.610326
1796325798,0.316035,-0.404620,-9.852140
1796326978,0.251391,-0.304064,-10.354922
1796328169,0.064643,-0.385466,-10.723629
1796329347,0.047884,-0.387861,-10.541670
1796330538,0.119710,-0.299275,-10.084377
1796331738,0.215478,-0.418985,-9.624691
1796332930,0.126893,-0.591368,-9.794679
1796334116,0.169988,-0.548272,-10.757148
1796335299,-0.059855,-0.596156,-10.845734
1796336484,-0.007183,-0.543484,-10.292673
1796337676,-0.117316,-0.497994,-9.775525
1796338882,-0.138864,-0.679953,-9.873688
1796340081,0.136469,-0.715866,-9.866506
1796341268,0.155623,-0.622492,-9.646238
1796342453,0.258574,-0.598550,-9.548077
1796343634,0.416591,-0.488417,-9.871294
1796344833,0.509965,-0.464475,-10.146626
1796346022,0.550666,-0.371101,-10.352529
1796347212,0.500388,-0.301669,-10.833763
1796348384,0.383072,-0.373495,-10.754754
1796349567,0.320823,-0.414197,-10.175357
1796350756,0.296881,-0.428562,-9.753978
1796351944,0.191536,-0.507571,-9.789890
1796353123,0.169988,-0.684742,-9.919178
1796354305,0.129287,-0.641646,-9.789890
1796355488,0.138864,-0.579397,-10.010158
1796356679,0.107739,-0.486023,-10.125079
1796357877,0.169988,-0.500388,-9.919178
1796359072,0.225055,-0.509965,-9.560047
1796360257,0.328006,-0.426168,-9.255983
1796361434,0.438139,-0.385466,-9.435549
1796362612,0.505177,-0.407014,-9.258378
1796363804,0.418985,-0.493206,-9.416395
1796364986,0.481235,-0.512359,-9.646238
1796366179,0.368707,-0.430956,-9.727641
1796367356,0.229843,-0.363919,-9.706094
1796368546,0.287304,-0.337582,-9.794679
1796369746,0.241814,-0.328006,-9.794679
1796370932,0.229843,-0.387861,-9.809045
1796372116,0.416591,-0.478840,-9.768343
1796373295,0.433351,-0.512359,-9.828198
1796374474,0.452504,-0.414197,-9.713276
1796375662,0.567426,-0.481235,-9.610326
1796376853,0.521936,-0.624887,-9.665392
1796378047,0.555455,-0.533907,-9.500193
1796379222,0.581791,-0.457293,-9.339781
1796380408,0.572214,-0.447716,-9.337387
1796381587,0.591368,-0.447716,-9.730036
1796382784,0.538695,-0.392649,-9.533711
1796383971,0.375890,-0.555455,-9.411607
1796385160,0.500388,-0.342371,-9.763555
1796386336,0.450110,-0.526724,-9.653421
1796387524,0.457293,-0.644040,-9.821015
1796388714,0.497994,-0.579397,-9.689334
1796389911,0.481235,-0.493206,-9.603143
1796391092,0.524330,-0.459687,-10.141838
1796392274,0.608127,-0.550666,-9.940725
1796393440,0.529119,-0.457293,-10.074800
1796394625,0.469264,-0.488417,-10.460267
1796395818,0.457293,-0.538695,-10.388441
1796397015,0.385466,-0.574608,-10.103531
1796398200,0.452504,-0.469264,-9.725247
1796399382,0.414197,-0.462081,-9.821015
1796400560,0.466869,-0.380678,-9.806650
1796401751,0.435745,-0.445322,-9.792285
1796402934,0.457293,-0.560243,-9.832987
1796404126,0.459687,-0.603339,-9.799467
1796405302,0.445322,-0.569820,-9.730036
1796406484,0.457293,-0.507571,-9.572019
1796407669,0.366313,-0.521936,-9.540894
1796408871,0.347159,-0.584185,-9.574412
1796410063,0.409408,-0.651223,-9.555259
1796411254,0.442927,-0.598550,-9.794679
1796412432,0.392649,-0.548272,-9.919178
1796413615,0.380678,-0.466869,-9.854534
1796414803,0.459687,-0.466869,-9.696517
1796415988,0.483629,-0.581791,-9.677363
1796417179,0.344765,-0.457293,-9.543288
1796418361,0.375890,-0.596156,-9.315839
1796419548,0.397437,-0.565032,-9.483433
1796420747,0.438139,-0.622492,-9.222465
1796421928,0.435745,-0.521936,-9.160215
1796423118,0.526724,-0.617704,-9.332599
1796424294,0.533907,-0.620098,-9.545682
1796425476,0.545878,-0.612916,-9.761160
1796426659,0.543484,-0.560243,-10.093954
1796427858,0.557849,-0.502782,-10.247183
1796429048,0.514753,-0.548272,-9.991004
1796430228,0.648829,-0.452504,-10.170568
1796431400,0.617704,-0.454898,-10.153810
1796432587,0.608127,-0.529119,-10.053253
1796433780,0.567426,-0.586579,-10.141838
1796434972,0.646434,-0.545878,-10.187328
1796436159,0.670376,-0.553061,-9.952697
1796437338,0.675165,-0.641646,-9.734824
1796438517,0.579397,-0.557849,-9.916783
1796439714,0.598550,-0.696713,-10.146626
1796440909,0.598550,-0.636858,-10.007763
1796442095,0.636858,-0.553061,-9.947908
1796443272,0.703895,-0.526724,-9.636662
1796444457,0.746991,-0.553061,-9.686940
1796445637,0.651223,-0.519542,-10.007763
1796446835,0.474052,-0.512359,-10.393229
1796448029,0.464475,-0.565032,-10.584765
1796449220,0.430956,-0.581791,-10.022128
1796450392,0.538695,-0.591368,-10.041282
1796451576,0.706290,-0.617704,-10.014946
1796452767,0.691924,-0.519542,-10.187328
1796453955,0.739808,-0.584185,-10.012551
1796455137,0.713472,-0.519542,-9.746795
1796456325,0.790087,-0.476446,-9.318233
1796457506,0.950498,-0.579397,-8.571242
1796458699,0.016759,0.284910,-9.569624
1796459884,0.435745,-1.060631,-10.635044
1796461077,0.409408,-1.419762,-10.627861
1796462254,0.608127,-0.397437,-9.540894
1796463435,0.421380,-0.222661,-8.255207
1796464613,0.383072,-0.486023,-9.461885
1796465805,0.507571,-0.502782,-10.896012
1796466987,0.572214,-0.435745,-11.592725
1796468184,0.368707,-0.395043,-11.188105
1796469360,0.462081,-0.428562,-9.023746
1796470551,0.392649,-0.497994,-7.965509
1796471746,0.313640,-0.512359,-8.631097
1796472930,0.237026,-0.292093,-10.043676
1796474115,-0.086191,-0.134075,-10.486604
1796475301,0.057461,-0.725443,-9.538500
1796476478,0.222661,-0.928950,-10.002975
1796477669,0.548272,-0.849942,-10.292673
1796478868,0.610521,-0.627281,-10.204087
1796480064,0.574608,-0.581791,-10.311827
1796481251,0.282516,-0.284910,-9.488221
1796482427,0.205901,-0.181959,-9.361329
1796483604,0.387861,-0.155623,-10.405201
1796484797,0.466869,-0.251391,-10.972627
1796485981,0.414197,-0.512359,-10.398018
1796487170,0.411803,-0.658405,-9.595961
1796488347,0.366313,-0.450110,-10.005369
1796489533,0.203507,-0.392649,-10.220847
1796490731,0.093374,-0.359130,-10.228029
1796491920,0.126893,-0.478840,-9.904813
1796493102,0.131681,-0.593762,-9.655815
1796494284,0.227449,-0.572214,-9.794679
1796495460,0.335188,-0.634463,-10.046070
1796496647,0.287304,-0.641646,-9.943120
1796497835,0.193930,-0.514753,-9.904813
1796499033,0.112527,-0.383072,-10.134656
1796500224,0.179565,-0.339977,-10.443508
1796501401,0.335188,-0.414197,-10.062830
1796502583,0.423774,-0.476446,-9.986216
1796503781,0.375890,-0.512359,-10.046070
1796504965,0.354342,-0.514753,-9.813833
1796506156,0.330400,-0.541090,-9.639056
1796507330,0.356736,-0.521936,-9.581595
1796508519,0.277727,-0.538695,-9.339781
1796509707,0.229843,-0.562637,-9.119514
1796510907,0.222661,-0.579397,-9.153033
1796512089,0.227449,-0.560243,-9.452309
1796513271,0.244209,-0.526724,-9.651027
1796514442,0.117316,-0.577003,-10.017340
1796515627,0.064643,-0.521936,-10.089166
1796516819,0.064643,-0.418985,-10.163386
1796518016,0.088585,-0.428562,-10.220847
1796519198,-0.002394,-0.462081,-10.129868
1796520385,0.064643,-0.380678,-7.735666
1796521563,0.019154,-0.356736,-6.440403
1796522755,0.050278,-0.328006,-7.187394
1796523935,-0.105345,-0.512359,-8.918402
1796525132,0.112527,-0.780510,-11.427525
1796526308,0.591368,-0.945710,-13.084312
1796527494,0.694318,-0.545878,-12.322956
1796528682,0.572214,-0.150835,-10.584765
1796529887,0.308852,0.004788,-8.825027
1796531071,0.064643,-0.057461,-8.243237
1796532251,-0.050278,-0.246603,-8.734048
1796533432,0.000000,-0.770933,-10.149021
1796534610,0.193930,-0.936133,-10.924743
1796535800,0.344765,-0.897826,-11.252748
1796536988,0.304064,-0.845153,-11.235989
1796538178,0.332794,-0.656011,-11.348516
1796539360,0.179565,-0.486023,-10.481815
1796540548,0.217872,-0.577003,-9.737218
1796541746,0.234632,-0.682347,-9.165004
1796542926,0.347159,-0.656011,-9.143456
1796544116,0.354342,-0.512359,-9.478644
1796545293,0.495600,-0.385466,-9.909601
1796546472,0.433351,-0.486023,-10.587160
1796547655,0.486023,-0.572214,-10.625467
1796548855,0.476446,-0.691924,-10.362105
1796550044,0.533907,-0.691924,-10.163386
1796551232,0.493206,-0.658405,-9.926360
1796552398,0.670376,-0.536301,-9.876082
1796553583,0.744597,-0.553061,-9.928755
1796554774,0.723049,-0.495600,-10.002975
1796555962,0.687136,-0.442927,-9.835381
1796557145,0.608127,-0.426168,-9.708488
1796558326,0.550666,-0.380678,-9.672575
1796559507,0.505177,-0.536301,-9.636662
1796560699,0.483629,-0.634463,-9.725247
1796561894,0.577003,-0.641646,-9.768343
1796563079,0.603339,-0.639252,-9.677363
1796564255,0.557849,-0.617704,-9.466674
1796565436,0.505177,-0.536301,-9.425972
1796566613,0.488417,-0.517148,-9.521740
1796567806,0.440533,-0.541090,-9.756371
1796568987,0.478840,-0.526724,-9.840169
1796570178,0.471658,-0.555455,-9.787497
1796571356,0.507571,-0.562637,-9.660604
1796572546,0.648829,-0.450110,-9.461885
1796573745,0.679953,-0.399832,-9.497798
1796574931,0.608127,-0.371101,-9.509769
1796576115,0.562637,-0.402226,-9.507375
1796577295,0.545878,-0.531513,-9.624691
1796578479,0.519542,-0.584185,-9.550470
1796579664,0.533907,-0.569820,-9.552865
1796580857,0.474052,-0.500388,-9.658210
1796582049,0.462081,-0.555455,-9.720459
1796583222,0.450110,-0.541090,-9.861717
1796584401,0.359130,-0.512359,-10.309433
1796590517,0.380678,-0.459687,-10.125079
1796591710,0.354342,-0.543484,-10.156203
1796592905,0.450110,-0.555455,-10.163386
1796594092,0.509965,-0.524330,-10.141838
1796595269,0.505177,-0.502782,-10.204087
1796596444,0.634463,-0.440533,-10.278308
1796597626,0.608127,-0.423774,-10.160992
1796598822,0.600945,-0.442927,-10.050858
1796600000,0.567426,-0.447716,-9.959879
1796601191,0.565032,-0.428562,-9.955091
1796602357,0.531513,-0.428562,-9.832987
1796603549,0.550666,-0.442927,-9.739613
1796604744,0.435745,-0.490811,-9.780313
1796605932,0.416591,-0.502782,-9.780313
1796607114,0.411803,-0.502782,-9.825804
1796608293,0.399832,-0.514753,-9.861717
1796609462,0.282516,-0.478840,-9.773131
1796610649,0.306458,-0.507571,-9.595961
1796611834,0.337582,-0.512359,-9.471462
1796613033,0.275333,-0.514753,-9.406818
1796614223,0.225055,-0.464475,-9.524135
1796615400,0.246603,-0.447716,-9.576807
1796616575,0.189142,-0.435745,-9.615114
1796617772,0.155623,-0.457293,-9.770737
1796618955,0.258574,-0.486023,-9.895236
1796620141,0.306458,-0.488417,-9.969456
1796621312,0.292093,-0.481235,-9.995792
1796622504,0.304064,-0.402226,-9.794679
1796623688,0.325611,-0.481235,-9.749189
1796624893,0.342371,-0.471658,-9.914390
1796626077,0.292093,-0.517148,-9.880871
1796627258,0.292093,-0.462081,-9.749189
1796628434,0.282516,-0.500388,-9.780313
1796629616,0.193930,-0.507571,-9.560047
1796630802,0.196325,-0.488417,-9.651027
1796631989,0.246603,-0.500388,-9.749189
1796633178,0.114922,-0.488417,-9.806650
1796634359,0.143652,-0.521936,-9.964667
1796635546,0.169988,-0.533907,-10.189722
1796636748,0.167594,-0.514753,-10.213664
1796637931,0.181959,-0.512359,-10.175357
1796639123,0.198719,-0.490811,-10.113108
1796640298,0.217872,-0.514753,-10.093954
1796641482,0.177171,-0.474052,-10.038888
1796642665,0.239420,-0.459687,-10.146626
1796643868,0.234632,-0.450110,-10.213664
1796645056,0.244209,-0.533907,-10.129868
1796646238,0.241814,-0.471658,-10.110714
1796647415,0.239420,-0.459687,-10.089166
1796648597,0.241814,-0.598550,-9.911995
1796649790,0.239420,-0.517148,-9.842564
1796650982,0.248997,-0.481235,-9.911995
1796652165,0.244209,-0.423774,-9.921572
1796653346,0.162806,-0.452504,-9.809045
1796654528,0.124498,-0.505177,-9.696517
1796655730,0.167594,-0.545878,-9.768343
1796656916,0.138864,-0.454898,-9.938332
1796658104,0.129287,-0.459687,-9.971850
1796659280,0.100556,-0.507571,-9.909601
1796660452,0.117316,-0.457293,-9.921572
1796661635,0.141258,-0.517148,-10.019734
1796662829,0.138864,-0.517148,-10.079589
1796664021,0.165200,-0.452504,-9.904813
1796665209,0.162806,-0.430956,-9.761160
1796666380,0.160412,-0.476446,-9.809045
1796667561,0.241814,-0.474052,-9.773131
1796668750,0.215478,-0.497994,-9.612720
1796669937,0.239420,-0.526724,-9.686940
1796671122,0.237026,-0.553061,-9.770737
1796672301,0.234632,-0.529119,-9.737218
1796673480,0.220267,-0.502782,-9.679757
1796674671,0.217872,-0.507571,-9.914390
1796675868,0.225055,-0.557849,-9.876082
1796677060,0.258574,-0.541090,-9.907207
1796678235,0.189142,-0.483629,-9.935937
1796679416,0.268151,-0.557849,-10.019734
1796680589,0.208296,-0.533907,-9.770737
1796681785,0.205901,-0.545878,-10.010158
1796682970,0.158017,-0.476446,-10.050858
1796684161,0.150835,-0.514753,-9.871294
1796685338,0.203507,-0.517148,-9.866506
1796686525,0.107739,-0.531513,-9.998186
1796687714,0.193930,-0.509965,-9.900024
1796688910,0.222661,-0.471658,-9.852140
1796690093,0.217872,-0.531513,-9.844957
1796691275,0.311246,-0.519542,-9.859323
1796692456,0.296881,-0.500388,-9.782708
1796693641,0.284910,-0.526724,-9.727641
1796694834,0.347159,-0.495600,-9.725247
1796696030,0.320823,-0.531513,-9.730036
1796697214,0.299275,-0.486023,-9.761160
1796698390,0.294487,-0.464475,-9.732430
1796699568,0.203507,-0.497994,-9.785102
1796700760,0.160412,-0.469264,-9.763555
1796701942,0.177171,-0.447716,-9.821015
1796703127,0.246603,-0.426168,-9.876082
1796704302,0.263362,-0.486023,-9.871294
1796705485,0.201113,-0.521936,-9.837775
1796706666,0.208296,-0.509965,-9.785102
1796707861,0.229843,-0.459687,-9.715671
1796709047,0.256180,-0.469264,-9.780313
1796710227,0.268151,-0.514753,-9.818622
1796711400,0.292093,-0.531513,-9.713276
1796712586,0.304064,-0.562637,-9.782708
1796713779,0.337582,-0.533907,-9.818622
1796714968,0.359130,-0.469264,-9.777920
1796716150,0.414197,-0.541090,-9.785102
1796717330,0.421380,-0.536301,-9.847352
1796718511,0.423774,-0.493206,-9.907207
1796719703,0.385466,-0.514753,-9.876082
1796720898,0.351948,-0.543484,-9.880871
1796722084,0.347159,-0.538695,-9.876082
1796723266,0.339977,-0.466869,-9.888053
1796724448,0.363919,-0.517148,-9.895236
1796725630,0.351948,-0.490811,-9.964667
1796726826,0.325611,-0.476446,-10.125079
1796728019,0.294487,-0.490811,-10.254366
1796729207,0.347159,-0.533907,-10.340557
1796730377,0.397437,-0.596156,-10.189722
1796731561,0.416591,-0.579397,-10.228029
1796732751,0.426168,-0.569820,-9.933543
1796733938,0.402226,-0.588974,-9.947908
1796735124,0.469264,-0.586579,-9.923966
1796736305,0.512359,-0.557849,-9.866506
1796737484,0.454898,-0.569820,-9.878476
1796738675,0.476446,-0.644040,-9.873688
1796739872,0.505177,-0.550666,-9.856929
1796741068,0.469264,-0.567426,-9.809045
1796742254,0.466869,-0.493206,-9.763555
1796743431,0.509965,-0.536301,-9.797073
1796744608,0.464475,-0.572214,-9.777920
1796745801,0.493206,-0.572214,-9.780313
1796746983,0.541090,-0.584185,-9.775525
1796748172,0.457293,-0.562637,-9.749189
1796749350,0.428562,-0.545878,-9.785102
1796750541,0.433351,-0.586579,-9.825804
1796751740,0.347159,-0.591368,-9.727641
1796752933,0.380678,-0.581791,-9.871294
1796754116,0.421380,-0.569820,-9.897630
1796755295,0.433351,-0.526724,-9.864111
1796756479,0.385466,-0.517148,-9.825804
1796757667,0.430956,-0.593762,-9.701305
1796758860,0.490811,-0.632069,-9.765948
1796760053,0.466869,-0.584185,-9.804255
1796761229,0.466869,-0.593762,-9.761160
1796762409,0.502782,-0.600945,-9.737218
1796763589,0.421380,-0.600945,-9.734824
1796764786,0.411803,-0.605733,-9.732430
1796765967,0.435745,-0.577003,-9.804255
1796767153,0.351948,-0.612916,-9.883265
1796768330,0.390255,-0.569820,-9.904813
1796769515,0.378284,-0.567426,-9.921572
1796770704,0.354342,-0.588974,-9.926360
1796771903,0.328006,-0.555455,-9.969456
1796773085,0.359130,-0.529119,-10.050858
1796774275,0.251391,-0.526724,-10.043676
1796775443,0.217872,-0.622492,-10.014946
1796776630,0.316035,-0.555455,-10.036493
1796777822,0.294487,-0.588974,-10.034100
1796779018,0.282516,-0.541090,-9.991004
1796780201,0.294487,-0.529119,-10.060435
1796781376,0.301669,-0.565032,-9.952697
1796782554,0.318429,-0.627281,-9.952697
1796783748,0.359130,-0.600945,-9.907207
1796784926,0.375890,-0.574608,-9.938332
1796786114,0.404620,-0.519542,-9.876082
1796787289,0.359130,-0.555455,-9.904813
1796788463,0.304064,-0.524330,-9.880871
1796789645,0.325611,-0.524330,-9.777920
1796790848,0.280122,-0.466869,-9.725247
1796792036,0.304064,-0.495600,-9.742006
1796793228,0.299275,-0.548272,-9.765948
1796794401,0.318429,-0.529119,-9.811439
1796795588,0.306458,-0.521936,-9.794679
1796796781,0.253785,-0.536301,-9.763555
1796797970,0.308852,-0.533907,-9.837775
1796799151,0.282516,-0.565032,-9.892841
1796800333,0.275333,-0.543484,-9.871294
1796801517,0.284910,-0.536301,-9.761160
1796802709,0.306458,-0.524330,-9.749189
1796803900,0.289698,-0.543484,-9.701305
1796805086,0.287304,-0.509965,-9.658210
1796806271,0.313640,-0.476446,-9.605537
1796807455,0.344765,-0.502782,-9.742006
1796808636,0.363919,-0.433351,-9.672575
1796809834,0.186748,-0.466869,-9.674969
1796811026,0.234632,-0.529119,-9.765948
1796812217,0.253785,-0.538695,-9.935937
1796813390,0.287304,-0.509965,-10.086772
1796814572,0.287304,-0.483629,-10.192117
1796815765,0.215478,-0.454898,-9.844957
1796816952,0.234632,-0.438139,-9.732430
1796818134,0.213084,-0.481235,-9.852140
1796819314,0.169988,-0.538695,-9.914390
1796820496,0.165200,-0.509965,-9.921572
1796821686,0.169988,-0.524330,-10.149021
1796822885,0.155623,-0.462081,-9.935937
1796824078,0.148441,-0.474052,-9.902418
1796825254,0.213084,-0.454898,-9.837775
1796826436,0.227449,-0.464475,-9.770737
1796827614,0.193930,-0.459687,-9.847352
1796828804,0.248997,-0.476446,-10.012551
1796829987,0.268151,-0.500388,-10.089166
1796831182,0.263362,-0.502782,-9.981427
1796832359,0.234632,-0.493206,-9.969456
1796833550,0.277727,-0.481235,-10.010158
1796834745,0.239420,-0.466869,-10.043676
1796835936,0.179565,-0.459687,-9.811439
1796837124,0.191536,-0.418985,-9.665392
1796838306,0.198719,-0.409408,-9.756371
1796839483,0.232238,-0.462081,-9.837775
1796840674,0.256180,-0.466869,-9.902418
1796841872,0.280122,-0.452504,-9.852140
1796843067,0.301669,-0.416591,-10.036493
1796844243,0.256180,-0.483629,-10.046070
1796845422,0.265756,-0.486023,-9.976639
1796846600,0.304064,-0.464475,-9.928755
1796847793,0.282516,-0.450110,-9.861717
1796848979,0.299275,-0.469264,-9.900024
1796850168,0.284910,-0.430956,-9.945514
1796851345,0.347159,-0.462081,-9.938332
1796852533,0.316035,-0.509965,-9.885659
1796853730,0.304064,-0.517148,-9.825804
1796854919,0.387861,-0.490811,-9.840169
1796856100,0.423774,-0.507571,-9.816227
1796857278,0.450110,-0.469264,-9.813833
1796858445,0.361524,-0.497994,-9.813833
1796859631,0.361524,-0.507571,-9.837775
1796860820,0.402226,-0.481235,-9.923966
1796862016,0.383072,-0.483629,-9.904813
1796863201,0.392649,-0.476446,-9.876082
1796864376,0.409408,-0.450110,-9.940725
1796865550,0.407014,-0.565032,-9.952697
1796866748,0.392649,-0.514753,-10.077195
1796867929,0.478840,-0.474052,-10.017340
1796869118,0.457293,-0.452504,-9.962274
1796870294,0.478840,-0.497994,-9.955091
1796871476,0.469264,-0.450110,-9.921572
1796872659,0.454898,-0.488417,-9.962274
1796873856,0.462081,-0.474052,-9.950302
1796875042,0.507571,-0.524330,-9.811439
1796876232,0.493206,-0.531513,-9.775525
1796877407,0.490811,-0.536301,-9.923966
1796878592,0.529119,-0.548272,-9.916783
1796879786,0.509965,-0.574608,-9.911995
1796880970,0.483629,-0.560243,-9.890448
1796882151,0.507571,-0.509965,-9.816227
1796883332,0.445322,-0.526724,-9.818622
1796884516,0.452504,-0.555455,-9.787497
1796885709,0.445322,-0.493206,-9.876082
1796886903,0.371101,-0.517148,-9.825804
1796888089,0.404620,-0.483629,-9.809045
1796889263,0.375890,-0.447716,-9.830592
1796890445,0.416591,-0.488417,-9.842564
1796891623,0.387861,-0.524330,-9.844957
1796892819,0.452504,-0.524330,-9.852140
1796894000,0.418985,-0.524330,-9.804255
1796895190,0.395043,-0.517148,-9.847352
1796896354,0.433351,-0.493206,-9.868899
1796897545,0.428562,-0.572214,-9.852140
1796898744,0.471658,-0.553061,-9.770737
1796899935,0.359130,-0.612916,-9.751583
1796901120,0.433351,-0.572214,-9.911995
1796902299,0.418985,-0.507571,-9.813833
1796903477,0.411803,-0.502782,-9.746795
1796904663,0.438139,-0.533907,-9.777920
1796905857,0.445322,-0.538695,-9.789890
1796907050,0.395043,-0.531513,-9.837775
1796908227,0.428562,-0.569820,-9.770737
1796909403,0.411803,-0.543484,-9.787497
1796910584,0.430956,-0.541090,-9.873688
1796911779,0.416591,-0.526724,-9.821015
1796912965,0.464475,-0.574608,-9.900024
1796914150,0.524330,-0.555455,-9.861717
1796915327,0.454898,-0.610521,-9.919178
1796916513,0.409408,-0.586579,-9.900024
1796917698,0.421380,-0.581791,-9.816227
1796918898,0.407014,-0.567426,-9.955091
1796920077,0.505177,-0.603339,-9.871294
1796921257,0.529119,-0.517148,-9.765948
1796922435,0.445322,-0.541090,-9.792285
1796923617,0.380678,-0.574608,-9.732430
1796924805,0.404620,-0.493206,-9.789890
1796925989,0.404620,-0.560243,-9.864111
1796927178,0.462081,-0.553061,-10.005369
1796928359,0.507571,-0.565032,-9.873688
1796929542,0.509965,-0.526724,-9.823410
1796930745,0.433351,-0.531513,-9.799467
1796931924,0.402226,-0.608127,-9.890448
1796933113,0.371101,-0.572214,-9.828198
1796934289,0.452504,-0.560243,-9.742006
1796935462,0.402226,-0.538695,-9.718064
1796936644,0.411803,-0.548272,-9.830592
1796937839,0.454898,-0.572214,-9.792285
1796939033,0.383072,-0.481235,-9.818622
1796940228,0.320823,-0.600945,-9.904813
1796941398,0.407014,-0.562637,-9.933543
1796942586,0.423774,-0.584185,-9.763555
1796943779,0.416591,-0.524330,-9.775525
1796944969,0.428562,-0.562637,-9.890448
1796946152,0.462081,-0.565032,-9.816227
1796947333,0.457293,-0.565032,-9.799467
1796948514,0.430956,-0.574608,-9.931149
1796949707,0.383072,-0.591368,-9.993398
1796950901,0.349553,-0.555455,-9.885659
1796952086,0.387861,-0.509965,-9.926360
1796953258,0.368707,-0.569820,-9.876082
1796954439,0.397437,-0.598550,-9.921572
1796955617,0.392649,-0.545878,-9.931149
1796956811,0.325611,-0.565032,-9.911995
1796957993,0.337582,-0.543484,-9.909601
1796959177,0.294487,-0.541090,-9.979033
1796960353,0.289698,-0.562637,-9.959879
1796961545,0.306458,-0.562637,-9.950302
1796962743,0.339977,-0.555455,-9.962274
1796963936,0.318429,-0.538695,-9.907207
1796965122,0.368707,-0.567426,-9.885659
1796966303,0.373495,-0.507571,-9.938332
1796967481,0.332794,-0.543484,-9.957485
1796968673,0.296881,-0.538695,-9.940725
1796969871,0.308852,-0.490811,-9.981427
1796971067,0.311246,-0.600945,-9.926360
1796972253,0.335188,-0.555455,-9.969456
1796973428,0.311246,-0.524330,-9.967062
1796974606,0.328006,-0.555455,-9.885659
1796975798,0.311246,-0.553061,-9.830592
1796976978,0.351948,-0.529119,-10.014946
1796978169,0.375890,-0.481235,-9.943120
1796979345,0.363919,-0.462081,-9.969456
1796980533,0.351948,-0.474052,-9.931149
1796981731,0.361524,-0.466869,-9.959879
1796982922,0.361524,-0.509965,-9.907207
1796984103,0.387861,-0.481235,-9.919178
1796985285,0.366313,-0.488417,-9.873688
1796986456,0.426168,-0.469264,-9.909601
1796987638,0.447716,-0.505177,-9.952697
1796988832,0.440533,-0.502782,-9.940725
1796990027,0.438139,-0.519542,-9.859323
1796991213,0.397437,-0.521936,-9.756371
1796992395,0.435745,-0.507571,-9.895236
1796993573,0.428562,-0.555455,-9.926360
1796994770,0.423774,-0.526724,-9.911995
1796995952,0.462081,-0.476446,-9.914390
1796997138,0.433351,-0.481235,-9.797073
1796998315,0.390255,-0.478840,-9.835381
1796999500,0.426168,-0.464475,-9.859323
1797000689,0.361524,-0.486023,-9.794679
1797001893,0.373495,-0.454898,-9.789890
1797003080,0.366313,-0.550666,-9.856929
1797004261,0.423774,-0.555455,-9.935937
1797005439,0.351948,-0.490811,-9.935937
1797006622,0.385466,-0.459687,-9.823410
1797007813,0.356736,-0.452504,-9.847352
1797009000,0.308852,-0.486023,-9.900024
1797010183,0.375890,-0.505177,-9.895236
1797011364,0.363919,-0.462081,-9.806650
1797012547,0.337582,-0.447716,-9.821015
1797013748,0.385466,-0.478840,-9.955091
1797014928,0.375890,-0.524330,-9.892841
1797016117,0.313640,-0.512359,-9.821015
1797017293,0.287304,-0.462081,-9.849746
1797018473,0.337582,-0.505177,-9.878476
1797019656,0.330400,-0.488417,-9.830592
1797020854,0.335188,-0.466869,-9.859323
1797022040,0.284910,-0.387861,-9.799467
1797023235,0.272939,-0.490811,-9.770737
1797024415,0.337582,-0.464475,-9.801862
1797025602,0.282516,-0.478840,-9.804255
1797026789,0.296881,-0.483629,-9.797073
1797027981,0.301669,-0.469264,-9.765948
1797029166,0.282516,-0.481235,-9.749189
1797030348,0.256180,-0.469264,-9.727641
1797031531,0.328006,-0.497994,-9.844957
1797032733,0.368707,-0.486023,-9.811439
1797033918,0.320823,-0.490811,-9.734824
1797035104,0.354342,-0.454898,-9.665392
1797036281,0.311246,-0.464475,-9.639056
1797037459,0.263362,-0.521936,-9.847352
1797038643,0.311246,-0.493206,-9.876082
1797039838,0.363919,-0.433351,-9.878476
1797041032,0.397437,-0.519542,-9.847352
1797042222,0.383072,-0.483629,-9.756371
1797043394,0.359130,-0.445322,-9.691729
1797044577,0.366313,-0.512359,-9.770737
1797045769,0.442927,-0.538695,-9.749189
1797046956,0.426168,-0.524330,-9.782708
1797048135,0.397437,-0.517148,-9.931149
1797049316,0.409408,-0.567426,-10.017340
1797050497,0.371101,-0.545878,-9.909601
1797051687,0.366313,-0.577003,-9.900024
1797052882,0.397437,-0.553061,-9.921572
1797054078,0.387861,-0.471658,-9.847352
1797055255,0.416591,-0.495600,-9.794679
1797056433,0.452504,-0.574608,-9.818622
1797057611,0.442927,-0.538695,-9.854534
1797058805,0.452504,-0.565032,-9.909601
1797059985,0.440533,-0.584185,-9.866506
1797061174,0.433351,-0.598550,-10.000581
1797062350,0.366313,-0.600945,-9.988609
1797063536,0.351948,-0.581791,-10.007763
1797064734,0.404620,-0.545878,-9.986216
1797065924,0.397437,-0.591368,-9.976639
1797067110,0.416591,-0.586579,-9.991004
1797068290,0.418985,-0.545878,-9.976639
1797069461,0.399832,-0.531513,-10.005369
1797070650,0.383072,-0.526724,-9.974244
1797071838,0.399832,-0.531513,-9.923966
1797073036,0.402226,-0.533907,-10.038888
1797074226,0.399832,-0.543484,-9.895236
1797075404,0.426168,-0.553061,-9.880871
1797076585,0.397437,-0.514753,-9.911995
1797077783,0.349553,-0.545878,-9.890448
1797078969,0.313640,-0.531513,-9.866506
1797080158,0.323217,-0.550666,-9.852140
1797081335,0.282516,-0.553061,-9.801862
1797082522,0.311246,-0.533907,-9.787497
1797083710,0.335188,-0.581791,-9.883265
1797084910,0.325611,-0.588974,-9.818622
1797086093,0.359130,-0.529119,-9.797073
1797087274,0.359130,-0.509965,-9.818622
1797088445,0.378284,-0.555455,-9.789890
1797089628,0.356736,-0.567426,-9.821015
1797090820,0.294487,-0.553061,-9.847352
1797092013,0.385466,-0.512359,-9.809045
1797093198,0.304064,-0.541090,-9.821015
1797094375,0.344765,-0.514753,-9.911995
1797095564,0.339977,-0.509965,-9.880871
1797096756,0.316035,-0.505177,-9.861717
1797097938,0.347159,-0.531513,-9.751583
1797099130,0.342371,-0.514753,-9.897630
1797100306,0.299275,-0.548272,-9.890448
1797101489,0.299275,-0.486023,-9.926360
1797102675,0.311246,-0.514753,-9.883265
1797103878,0.342371,-0.524330,-9.916783
1797105070,0.294487,-0.553061,-9.861717
1797106251,0.347159,-0.545878,-9.868899
1797107429,0.375890,-0.555455,-10.012551
1797108612,0.308852,-0.538695,-9.969456
1797109800,0.253785,-0.538695,-9.916783
1797110987,0.241814,-0.497994,-9.947908
1797112178,0.294487,-0.478840,-9.883265
1797113360,0.325611,-0.464475,-9.883265
1797114547,0.265756,-0.490811,-9.933543
1797115745,0.306458,-0.512359,-9.957485
1797116933,0.299275,-0.524330,-9.943120
1797118122,0.280122,-0.507571,-9.962274
1797119298,0.335188,-0.560243,-9.801862
1797120477,0.330400,-0.560243,-9.926360
1797121658,0.287304,-0.543484,-9.967062
1797122856,0.335188,-0.545878,-9.880871
1797124045,0.306458,-0.478840,-9.916783
1797125229,0.275333,-0.478840,-9.842564
1797126401,0.313640,-0.502782,-9.799467
1797127587,0.258574,-0.557849,-9.813833
1797128781,0.258574,-0.483629,-9.715671
1797129971,0.282516,-0.529119,-9.753978
1797131154,0.268151,-0.505177,-9.777920
1797132332,0.342371,-0.505177,-9.744401
1797133513,0.328006,-0.493206,-9.765948
1797134705,0.296881,-0.464475,-9.725247
1797135900,0.299275,-0.457293,-9.713276
1797137087,0.301669,-0.481235,-9.732430
1797138263,0.282516,-0.512359,-9.710882
1797139444,0.215478,-0.512359,-9.794679
1797140623,0.253785,-0.512359,-9.706094
1797141819,0.217872,-0.502782,-9.816227
1797143001,0.220267,-0.543484,-9.825804
1797144190,0.282516,-0.536301,-9.866506
1797145357,0.328006,-0.565032,-9.859323
1797146547,0.332794,-0.497994,-9.892841
1797147747,0.306458,-0.500388,-9.852140
1797148930,0.246603,-0.560243,-9.849746
1797150115,0.277727,-0.545878,-9.823410
1797151296,0.258574,-0.543484,-9.830592
1797152474,0.332794,-0.519542,-9.849746
1797153663,0.277727,-0.531513,-9.900024
1797154856,0.306458,-0.488417,-9.931149
1797156049,0.328006,-0.536301,-9.856929
1797157224,0.275333,-0.562637,-9.928755
1797158410,0.330400,-0.536301,-9.964667
1797159589,0.292093,-0.538695,-9.983821
1797160787,0.258574,-0.565032,-9.967062
1797161972,0.316035,-0.541090,-9.914390
1797163160,0.275333,-0.500388,-9.986216
1797164336,0.239420,-0.505177,-9.926360
1797165523,0.263362,-0.569820,-9.856929
1797166721,0.239420,-0.553061,-9.888053
1797167907,0.282516,-0.538695,-9.945514
1797169090,0.282516,-0.562637,-9.947908
1797170270,0.328006,-0.509965,-9.847352
1797171446,0.337582,-0.555455,-9.866506
1797172632,0.342371,-0.529119,-9.830592
1797173821,0.337582,-0.474052,-9.878476
1797175017,0.347159,-0.497994,-9.782708
1797176203,0.351948,-0.529119,-9.890448
1797177378,0.339977,-0.514753,-9.828198
1797178552,0.371101,-0.502782,-9.866506
1797179748,0.363919,-0.555455,-9.811439
1797180929,0.328006,-0.565032,-9.794679
1797182117,0.378284,-0.577003,-9.780313
1797183292,0.337582,-0.557849,-9.809045
1797184480,0.387861,-0.526724,-9.806650
1797185662,0.402226,-0.562637,-9.792285
1797186861,0.330400,-0.603339,-9.792285
1797188048,0.332794,-0.567426,-9.859323
1797189230,0.390255,-0.557849,-9.844957
1797190402,0.337582,-0.476446,-9.813833
1797191589,0.339977,-0.452504,-9.844957
1797192782,0.289698,-0.466869,-9.897630
1797193972,0.320823,-0.514753,-9.904813
1797195154,0.332794,-0.502782,-9.861717
1797196335,0.373495,-0.474052,-9.876082
1797197514,0.430956,-0.505177,-9.856929
1797198706,0.397437,-0.541090,-9.840169
1797199899,0.359130,-0.500388,-9.914390
1797201084,0.323217,-0.478840,-9.926360
1797202257,0.373495,-0.462081,-9.854534
1797203439,0.342371,-0.495600,-9.811439
1797204616,0.294487,-0.493206,-9.883265
1797205809,0.318429,-0.481235,-9.880871
1797206991,0.294487,-0.507571,-9.926360
1797208186,0.332794,-0.526724,-9.976639
1797209364,0.284910,-0.466869,-9.935937
1797210554,0.296881,-0.502782,-9.916783
1797211745,0.263362,-0.512359,-9.933543
1797212938,0.328006,-0.519542,-9.866506
1797214124,0.332794,-0.471658,-9.804255
1797215304,0.344765,-0.488417,-9.876082
1797216483,0.263362,-0.529119,-9.945514
1797217674,0.282516,-0.569820,-9.880871
1797218872,0.248997,-0.517148,-9.878476
1797220068,0.282516,-0.435745,-9.871294
1797221245,0.268151,-0.488417,-9.854534
1797222426,0.265756,-0.474052,-9.868899
1797223604,0.311246,-0.476446,-9.919178
1797224798,0.361524,-0.500388,-9.904813
1797225977,0.306458,-0.526724,-9.864111
1797227167,0.335188,-0.471658,-9.694122
1797228345,0.323217,-0.457293,-9.684546
1797229533,0.306458,-0.426168,-9.727641
1797230731,0.296881,-0.488417,-9.904813
1797231921,0.287304,-0.519542,-9.830592
1797233102,0.258574,-0.493206,-9.821015
1797234280,0.275333,-0.452504,-9.799467
1797235447,0.347159,-0.521936,-9.825804
1797236634,0.330400,-0.512359,-9.916783
1797237824,0.306458,-0.462081,-9.868899
1797239019,0.320823,-0.483629,-9.900024
1797240203,0.311246,-0.524330,-9.957485
1797241378,0.356736,-0.517148,-9.888053
1797242556,0.409408,-0.505177,-9.832987
1797243748,0.311246,-0.577003,-9.897630
1797244927,0.258574,-0.586579,-9.895236
1797246118,0.316035,-0.591368,-9.911995
1797247294,0.304064,-0.565032,-9.897630
1797248473,0.292093,-0.548272,-9.801862
1797249656,0.349553,-0.548272,-9.928755
1797250856,0.335188,-0.555455,-9.947908
1797252044,0.304064,-0.586579,-9.931149
1797253225,0.306458,-0.591368,-9.988609
1797254401,0.363919,-0.579397,-9.873688
1797255588,0.368707,-0.555455,-9.900024
1797256778,0.378284,-0.512359,-9.979033
1797257968,0.330400,-0.555455,-9.931149
1797259149,0.351948,-0.555455,-9.969456
1797260331,0.356736,-0.531513,-9.993398
1797261513,0.311246,-0.464475,-10.007763
1797262706,0.339977,-0.536301,-9.945514
1797263901,0.337582,-0.560243,-9.895236
1797265088,0.287304,-0.586579,-9.964667
1797266274,0.263362,-0.545878,-9.897630
1797267459,0.308852,-0.555455,-9.866506
1797268640,0.299275,-0.521936,-9.852140
1797269838,0.325611,-0.497994,-9.842564
1797271032,0.282516,-0.519542,-9.852140
1797272222,0.287304,-0.524330,-9.900024
1797273392,0.323217,-0.569820,-9.897630
1797274574,0.280122,-0.557849,-9.907207
1797275761,0.292093,-0.533907,-9.921572
1797276947,0.311246,-0.529119,-9.902418
1797278129,0.316035,-0.531513,-9.931149
1797279310,0.332794,-0.526724,-9.991004
1797280488,0.342371,-0.514753,-9.744401
1797281679,0.351948,-0.538695,-9.758766
1797282879,0.363919,-0.598550,-9.799467
1797284076,0.363919,-0.533907,-9.749189
1797285252,0.330400,-0.512359,-9.770737
1797286431,0.325611,-0.531513,-9.844957
1797287610,0.347159,-0.519542,-9.909601
1797288803,0.380678,-0.517148,-9.859323
1797289985,0.325611,-0.514753,-9.900024
1797291171,0.351948,-0.502782,-9.859323
1797292348,0.356736,-0.553061,-9.890448
1797293535,0.347159,-0.545878,-9.947908
1797294733,0.330400,-0.488417,-9.873688
1797295922,0.387861,-0.512359,-9.885659
1797297105,0.320823,-0.541090,-9.900024
1797298283,0.301669,-0.545878,-9.847352
1797299453,0.363919,-0.464475,-9.895236
1797300640,0.366313,-0.457293,-9.861717
1797301834,0.440533,-0.493206,-9.765948
1797303029,0.433351,-0.507571,-9.722853
1797304215,0.373495,-0.457293,-9.837775
1797305391,0.390255,-0.459687,-9.840169
1797306569,0.407014,-0.488417,-9.849746
1797307762,0.452504,-0.466869,-9.859323
1797308944,0.407014,-0.469264,-9.928755
1797310128,0.404620,-0.524330,-9.763555
1797311303,0.387861,-0.521936,-9.734824
1797312486,0.387861,-0.488417,-9.933543
1797313673,0.383072,-0.529119,-9.806650
1797314871,0.428562,-0.512359,-9.751583
1797316060,0.459687,-0.447716,-9.852140
1797317241,0.435745,-0.435745,-9.797073
1797318417,0.383072,-0.383072,-9.923966
1797319604,0.426168,-0.440533,-9.883265
1797320792,0.450110,-0.430956,-9.847352
1797321983,0.385466,-0.421380,-9.789890
1797323168,0.368707,-0.414197,-9.823410
1797324349,0.395043,-0.447716,-9.837775
1797325533,0.363919,-0.426168,-9.785102
1797326735,0.399832,-0.469264,-9.751583
1797327921,0.423774,-0.502782,-9.789890
1797329107,0.395043,-0.514753,-9.885659
1797330281,0.450110,-0.464475,-9.849746
1797331461,0.502782,-0.478840,-9.876082
1797332641,0.483629,-0.488417,-9.900024
1797333838,0.462081,-0.445322,-9.916783
1797335029,0.452504,-0.457293,-9.955091
1797336219,0.450110,-0.445322,-9.878476
1797337390,0.430956,-0.486023,-9.825804
1797338569,0.445322,-0.493206,-9.950302
1797339753,0.433351,-0.509965,-9.813833
1797340940,0.414197,-0.486023,-9.828198
1797342127,0.466869,-0.435745,-9.825804
1797343308,0.428562,-0.490811,-9.892841
1797344486,0.383072,-0.507571,-9.856929
1797345677,0.430956,-0.476446,-9.847352
1797346875,0.375890,-0.435745,-9.900024
1797348069,0.390255,-0.430956,-9.967062
1797349244,0.385466,-0.483629,-9.976639
1797350425,0.414197,-0.497994,-9.926360
1797351603,0.397437,-0.553061,-9.933543
1797352796,0.411803,-0.538695,-9.938332
1797353983,0.464475,-0.481235,-9.866506
1797355173,0.483629,-0.478840,-9.873688
1797356350,0.404620,-0.500388,-9.859323
1797357536,0.371101,-0.517148,-9.921572
1797358733,0.368707,-0.507571,-9.883265
1797359923,0.414197,-0.514753,-9.919178
1797361105,0.407014,-0.490811,-10.012551
1797362286,0.407014,-0.486023,-9.957485
1797363460,0.445322,-0.521936,-9.943120
1797364646,0.380678,-0.536301,-9.959879
1797365839,0.356736,-0.514753,-9.981427
1797367037,0.380678,-0.483629,-9.988609
1797368227,0.371101,-0.488417,-9.971850
1797369400,0.359130,-0.512359,-9.964667
1797370579,0.421380,-0.471658,-9.885659
1797371775,0.428562,-0.519542,-9.998186
1797372958,0.414197,-0.502782,-9.945514
1797374144,0.368707,-0.474052,-9.897630
1797375314,0.371101,-0.478840,-9.909601
1797376498,0.459687,-0.584185,-9.959879
1797377687,0.418985,-0.505177,-9.950302
1797378890,0.392649,-0.536301,-9.967062
1797380077,0.375890,-0.533907,-9.938332
1797381268,0.366313,-0.541090,-9.938332
1797382445,0.421380,-0.512359,-9.991004
1797383626,0.392649,-0.524330,-9.923966
1797384818,0.407014,-0.471658,-9.940725
1797386003,0.368707,-0.490811,-9.938332
1797387188,0.407014,-0.553061,-9.890448
1797388371,0.399832,-0.502782,-9.919178
1797389555,0.330400,-0.538695,-9.866506
1797390748,0.378284,-0.519542,-9.878476
1797391929,0.373495,-0.521936,-9.849746
1797393119,0.383072,-0.550666,-9.892841
1797394295,0.385466,-0.481235,-9.947908
1797395483,0.342371,-0.524330,-9.849746
1797396667,0.397437,-0.538695,-9.780313
1797397866,0.363919,-0.543484,-9.835381
1797399052,0.371101,-0.514753,-9.844957
1797400234,0.380678,-0.483629,-9.787497
1797401406,0.447716,-0.526724,-9.746795
1797402592,0.378284,-0.497994,-9.888053
1797403786,0.378284,-0.519542,-9.818622
1797404976,0.387861,-0.519542,-9.816227
1797406163,0.383072,-0.500388,-9.852140
1797407342,0.328006,-0.517148,-9.835381
1797408525,0.313640,-0.543484,-9.813833
1797409727,0.320823,-0.507571,-9.775525
1797410911,0.299275,-0.502782,-9.837775
1797412098,0.371101,-0.493206,-9.883265
1797413274,0.440533,-0.505177,-9.871294
1797414458,0.356736,-0.507571,-9.840169
1797415639,0.351948,-0.555455,-9.782708
1797416837,0.320823,-0.500388,-9.818622
1797418027,0.316035,-0.526724,-9.842564
1797419215,0.306458,-0.533907,-9.794679
1797420383,0.335188,-0.545878,-9.835381
1797421567,0.390255,-0.507571,-9.890448
1797422754,0.354342,-0.550666,-9.911995
1797423941,0.351948,-0.529119,-9.897630
1797425128,0.361524,-0.505177,-9.758766
1797426309,0.361524,-0.457293,-9.785102
1797427492,0.351948,-0.469264,-9.830592
1797428683,0.361524,-0.450110,-9.801862
1797429880,0.368707,-0.514753,-9.758766
1797431073,0.339977,-0.565032,-9.787497
1797432261,0.344765,-0.572214,-9.844957
1797433438,0.366313,-0.577003,-9.794679
1797434616,0.356736,-0.550666,-9.732430
1797435808,0.337582,-0.557849,-9.777920
1797436990,0.323217,-0.550666,-9.804255
1797438184,0.361524,-0.555455,-9.825804
1797439362,0.301669,-0.560243,-9.794679
1797440552,0.351948,-0.507571,-9.842564
1797441747,0.349553,-0.497994,-9.809045
1797442938,0.316035,-0.502782,-9.746795
1797444122,0.328006,-0.507571,-9.787497
1797445302,0.371101,-0.557849,-9.837775
1797446479,0.347159,-0.533907,-9.907207
1797447666,0.299275,-0.459687,-9.904813
1797448860,0.318429,-0.529119,-9.842564
1797450054,0.361524,-0.562637,-9.816227
1797451228,0.332794,-0.548272,-9.775525
1797452414,0.263362,-0.562637,-9.844957
1797453595,0.332794,-0.531513,-9.806650
1797454792,0.316035,-0.565032,-9.866506
1797455978,0.306458,-0.541090,-9.967062
1797457166,0.351948,-0.514753,-9.926360
1797458343,0.359130,-0.569820,-9.935937
1797459530,0.299275,-0.531513,-9.986216
1797460729,0.347159,-0.521936,-9.962274
1797461917,0.332794,-0.555455,-9.919178
1797463100,0.354342,-0.557849,-9.986216
1797464281,0.361524,-0.577003,-9.971850
1797465447,0.383072,-0.562637,-9.916783
1797466634,0.330400,-0.562637,-10.031705
1797467824,0.308852,-0.550666,-9.993398
1797469019,0.244209,-0.495600,-10.017340
1797470203,0.313640,-0.519542,-10.002975
1797471377,0.332794,-0.490811,-10.038888
1797472554,0.301669,-0.512359,-9.991004
1797473748,0.325611,-0.553061,-10.067618
1797474935,0.256180,-0.560243,-9.991004
1797476122,0.328006,-0.572214,-9.955091
1797477297,0.332794,-0.521936,-10.034100
1797478477,0.351948,-0.567426,-10.002975
1797479661,0.241814,-0.533907,-9.943120
1797480859,0.270545,-0.495600,-10.034100
1797482045,0.323217,-0.471658,-9.979033
1797483230,0.311246,-0.500388,-9.911995
1797484402,0.373495,-0.567426,-9.979033
1797485588,0.361524,-0.493206,-9.950302
1797486778,0.366313,-0.509965,-9.825804
1797487968,0.313640,-0.543484,-9.732430
1797489149,0.351948,-0.529119,-9.725247
1797490331,0.299275,-0.550666,-9.864111
1797491513,0.335188,-0.512359,-9.947908
1797492706,0.378284,-0.490811,-9.895236
1797493900,0.306458,-0.483629,-9.856929
1797495087,0.311246,-0.474052,-9.825804
1797496263,0.287304,-0.497994,-9.840169
1797497444,0.275333,-0.514753,-9.873688
1797498623,0.299275,-0.481235,-9.868899
1797499819,0.344765,-0.550666,-9.782708
1797501001,0.292093,-0.531513,-9.811439
1797502191,0.328006,-0.507571,-9.780313
1797503356,0.342371,-0.505177,-9.888053
1797504547,0.351948,-0.490811,-9.842564
1797505744,0.311246,-0.464475,-9.809045
1797506935,0.296881,-0.493206,-9.792285
1797508120,0.294487,-0.488417,-9.813833
1797509302,0.253785,-0.486023,-9.883265
1797510480,0.292093,-0.478840,-9.938332
1797511667,0.347159,-0.543484,-9.950302
1797512861,0.296881,-0.488417,-9.902418
1797514054,0.280122,-0.565032,-9.842564
1797515230,0.311246,-0.519542,-9.789890
1797516407,0.325611,-0.454898,-9.816227
1797517589,0.284910,-0.505177,-9.768343
1797518787,0.301669,-0.478840,-9.861717
1797519971,0.251391,-0.512359,-9.787497
1797521162,0.325611,-0.483629,-9.835381
1797522340,0.287304,-0.521936,-9.854534
1797523528,0.311246,-0.459687,-9.828198
1797524726,0.320823,-0.464475,-9.890448
1797525915,0.308852,-0.469264,-9.880871
1797527097,0.347159,-0.493206,-9.864111
1797528276,0.306458,-0.442927,-9.840169
1797529456,0.308852,-0.471658,-9.801862
1797530641,0.265756,-0.466869,-9.782708
1797531835,0.351948,-0.536301,-9.840169
1797533028,0.368707,-0.509965,-9.928755
1797534213,0.311246,-0.509965,-9.844957
1797535389,0.318429,-0.512359,-9.801862
1797536568,0.308852,-0.524330,-9.746795
1797537760,0.337582,-0.459687,-9.742006
1797538941,0.335188,-0.481235,-9.763555
1797540134,0.296881,-0.469264,-9.672575
1797541310,0.272939,-0.500388,-9.765948
1797542493,0.339977,-0.483629,-9.751583
1797543680,0.342371,-0.495600,-9.780313
1797544881,0.356736,-0.464475,-9.811439
1797546073,0.395043,-0.514753,-9.749189
1797547265,0.361524,-0.543484,-9.811439
1797548438,0.349553,-0.502782,-9.765948
1797549618,0.325611,-0.474052,-9.756371
1797550806,0.349553,-0.569820,-9.746795
1797551993,0.311246,-0.567426,-9.761160
1797553183,0.296881,-0.493206,-9.844957
1797554365,0.356736,-0.488417,-9.880871
1797555552,0.275333,-0.557849,-9.832987
1797556748,0.256180,-0.550666,-9.844957
1797557934,0.282516,-0.557849,-9.794679
1797559125,0.304064,-0.533907,-9.782708
1797560296,0.296881,-0.533907,-9.792285
1797561484,0.258574,-0.507571,-9.878476
1797562668,0.299275,-0.488417,-9.794679
1797563867,0.342371,-0.519542,-9.909601
1797565052,0.296881,-0.553061,-9.895236
1797566234,0.311246,-0.581791,-9.890448
1797567406,0.332794,-0.497994,-9.825804
1797568592,0.270545,-0.524330,-9.837775
1797569785,0.311246,-0.526724,-9.950302
1797570974,0.248997,-0.519542,-9.938332
1797572160,0.265756,-0.529119,-9.923966
1797573342,0.328006,-0.567426,-9.873688
1797574525,0.275333,-0.502782,-9.873688
1797575728,0.296881,-0.505177,-9.928755
1797576911,0.335188,-0.517148,-9.902418
1797578098,0.344765,-0.574608,-9.933543
1797579274,0.328006,-0.529119,-9.955091
1797580458,0.330400,-0.524330,-9.868899
1797581638,0.287304,-0.502782,-9.835381
1797582835,0.287304,-0.488417,-9.878476
1797584027,0.325611,-0.509965,-10.041282
1797585217,0.354342,-0.560243,-9.991004
1797586393,0.397437,-0.521936,-9.909601
1797587572,0.416591,-0.545878,-9.789890
1797588760,0.359130,-0.493206,-9.749189
1797589947,0.287304,-0.471658,-9.955091
1797591126,0.332794,-0.471658,-9.837775
1797592308,0.395043,-0.466869,-9.856929
1797593486,0.356736,-0.474052,-9.866506
1797594671,0.282516,-0.533907,-10.024523
1797595865,0.397437,-0.555455,-9.907207
1797597057,0.347159,-0.541090,-9.804255
1797598238,0.325611,-0.481235,-9.792285
1797599414,0.289698,-0.397437,-9.921572
1797600596,0.289698,-0.426168,-9.955091
1797601794,0.287304,-0.524330,-9.885659
1797602980,0.344765,-0.517148,-9.844957
1797604171,0.387861,-0.495600,-9.885659
1797605347,0.397437,-0.457293,-9.988609
1797606535,0.402226,-0.488417,-9.955091
1797607732,0.339977,-0.538695,-9.883265
1797608923,0.318429,-0.466869,-9.919178
1797610106,0.349553,-0.521936,-9.986216
1797611288,0.397437,-0.543484,-9.919178
1797612459,0.423774,-0.560243,-9.849746
1797613644,0.359130,-0.519542,-9.835381
1797614837,0.392649,-0.505177,-9.847352
1797616034,0.459687,-0.454898,-9.904813
1797617219,0.383072,-0.474052,-9.883265
1797618400,0.371101,-0.471658,-9.847352
1797619578,0.325611,-0.481235,-9.785102
1797620775,0.306458,-0.469264,-9.892841
1797621957,0.411803,-0.497994,-9.794679
1797623144,0.397437,-0.497994,-9.806650
1797624314,0.397437,-0.433351,-9.871294
1797625501,0.392649,-0.452504,-9.900024
1797626686,0.349553,-0.478840,-9.880871
1797627887,0.359130,-0.526724,-9.933543
1797629077,0.368707,-0.438139,-9.959879
1797630264,0.316035,-0.462081,-10.058042
1797631440,0.378284,-0.493206,-9.828198
1797632623,0.404620,-0.557849,-9.801862
1797633810,0.380678,-0.536301,-9.801862
1797634995,0.335188,-0.536301,-9.928755
1797636176,0.380678,-0.464475,-9.866506
1797637357,0.390255,-0.517148,-9.837775
1797638543,0.380678,-0.543484,-9.823410
1797639744,0.373495,-0.524330,-9.789890
1797640930,0.383072,-0.490811,-9.919178
1797642120,0.375890,-0.526724,-9.950302
1797643295,0.397437,-0.545878,-9.933543
1797644477,0.354342,-0.550666,-9.780313
1797645659,0.344765,-0.490811,-9.806650
1797646857,0.390255,-0.507571,-9.813833
1797648045,0.318429,-0.497994,-9.897630
1797649227,0.344765,-0.483629,-9.928755
1797650404,0.304064,-0.478840,-9.895236
1797651589,0.375890,-0.495600,-9.888053
1797652779,0.387861,-0.497994,-9.986216
1797653970,0.356736,-0.488417,-9.864111
1797655153,0.335188,-0.557849,-9.892841
1797656335,0.426168,-0.536301,-9.909601
1797657515,0.397437,-0.512359,-9.919178
1797658709,0.373495,-0.457293,-9.943120
1797659904,0.354342,-0.486023,-9.866506
1797661090,0.375890,-0.469264,-9.921572
1797662263,0.385466,-0.457293,-9.787497
1797663446,0.371101,-0.478840,-9.749189
1797664623,0.320823,-0.430956,-9.907207
1797665817,0.351948,-0.536301,-9.844957
1797667000,0.356736,-0.502782,-9.763555
1797668190,0.395043,-0.497994,-9.809045
1797669365,0.373495,-0.462081,-9.892841
1797670556,0.383072,-0.529119,-9.947908
1797671748,0.375890,-0.538695,-9.945514
1797672939,0.354342,-0.512359,-9.852140
1797674126,0.356736,-0.442927,-9.859323
1797675308,0.311246,-0.452504,-9.885659
1797676492,0.339977,-0.476446,-9.974244
1797677683,0.342371,-0.509965,-9.854534
1797678881,0.383072,-0.483629,-9.916783
1797680077,0.359130,-0.478840,-9.928755
1797681264,0.328006,-0.502782,-9.842564
1797682439,0.361524,-0.524330,-9.835381
1797683618,0.387861,-0.562637,-9.885659
1797684811,0.375890,-0.579397,-9.852140
1797685993,0.366313,-0.536301,-9.940725
1797687187,0.351948,-0.495600,-9.926360
1797688363,0.330400,-0.478840,-9.892841
1797689552,0.428562,-0.541090,-9.907207
1797690745,0.641646,-0.608127,-9.988609
1797691936,0.450110,-0.555455,-9.864111
1797693121,0.289698,-0.519542,-9.907207
1797694301,0.232238,-0.418985,-9.811439
1797695485,0.244209,-0.430956,-9.734824
1797696676,0.213084,-0.395043,-9.744401
1797697872,0.265756,-0.383072,-9.756371
1797699065,0.301669,-0.500388,-9.816227
1797700241,0.356736,-0.555455,-9.888053
1797701421,0.342371,-0.543484,-9.964667
1797702598,0.351948,-0.553061,-9.986216
1797703796,0.363919,-0.538695,-9.969456
1797704983,0.253785,-0.497994,-9.880871
1797706173,0.282516,-0.531513,-9.811439
1797707348,0.284910,-0.519542,-9.792285
1797708533,0.289698,-0.493206,-9.809045
1797709727,0.282516,-0.471658,-9.890448
1797710917,0.323217,-0.483629,-9.897630
1797712099,0.344765,-0.500388,-9.768343
1797713280,0.351948,-0.536301,-9.742006
1797714446,0.318429,-0.512359,-9.746795
1797715633,0.351948,-0.474052,-9.921572
1797716824,0.308852,-0.416591,-9.935937
1797718020,0.347159,-0.502782,-9.816227
1797719206,0.351948,-0.490811,-9.940725
1797720387,0.414197,-0.543484,-9.991004
1797721564,0.349553,-0.512359,-9.873688
1797722758,0.337582,-0.462081,-9.811439
1797723940,0.347159,-0.438139,-9.785102
1797725132,0.308852,-0.505177,-9.892841
1797726304,0.320823,-0.505177,-9.955091
1797727486,0.342371,-0.565032,-9.914390
1797728669,0.306458,-0.517148,-9.744401
1797729867,0.275333,-0.471658,-9.742006
1797731055,0.330400,-0.471658,-9.880871
1797732240,0.311246,-0.478840,-9.911995
1797733407,0.306458,-0.466869,-9.902418
1797734592,0.306458,-0.438139,-9.873688
1797735786,0.373495,-0.466869,-9.890448
1797736976,0.435745,-0.483629,-9.919178
1797738162,0.289698,-0.476446,-9.873688
1797739342,0.301669,-0.469264,-9.849746
1797740525,0.323217,-0.488417,-9.821015
1797741727,0.325611,-0.452504,-9.856929
1797742911,0.378284,-0.469264,-9.861717
1797744099,0.361524,-0.466869,-9.940725
1797745275,0.328006,-0.474052,-9.847352
1797746459,0.347159,-0.502782,-9.844957
1797747638,0.387861,-0.481235,-9.909601
1797748835,0.359130,-0.502782,-9.900024
1797750024,0.404620,-0.497994,-9.885659
1797751214,0.371101,-0.471658,-9.883265
1797752391,0.337582,-0.502782,-9.844957
1797753574,0.371101,-0.502782,-9.962274
1797754761,0.359130,-0.486023,-9.916783
1797755947,0.332794,-0.490811,-9.861717
1797757128,0.378284,-0.519542,-9.859323
1797758309,0.447716,-0.519542,-9.907207
1797759487,0.402226,-0.476446,-10.014946
1797760678,0.342371,-0.497994,-9.979033
1797761876,0.383072,-0.490811,-9.895236
1797763071,0.339977,-0.481235,-9.847352
1797764248,0.349553,-0.478840,-9.837775
1797765428,0.347159,-0.526724,-9.880871
1797766607,0.402226,-0.507571,-9.974244
1797767799,0.347159,-0.543484,-9.955091
1797768979,0.373495,-0.550666,-9.885659
1797770169,0.426168,-0.560243,-10.000581
1797771345,0.378284,-0.553061,-9.938332
1797772533,0.378284,-0.521936,-9.926360
1797773731,0.335188,-0.488417,-9.844957
1797774922,0.366313,-0.459687,-9.967062
1797776104,0.363919,-0.555455,-10.077195
1797777287,0.342371,-0.517148,-9.993398
1797778459,0.361524,-0.476446,-9.943120
1797779645,0.435745,-0.483629,-10.014946
1797780837,0.399832,-0.531513,-9.993398
1797782034,0.378284,-0.478840,-9.890448
1797783218,0.371101,-0.438139,-9.940725
1797784394,0.421380,-0.500388,-9.964667
1797785572,0.409408,-0.476446,-9.844957
1797786761,0.375890,-0.502782,-9.895236
1797787940,0.354342,-0.541090,-9.919178
1797789128,0.325611,-0.541090,-9.928755
1797790303,0.351948,-0.536301,-9.900024
1797791484,0.366313,-0.512359,-9.947908
1797792668,0.375890,-0.495600,-9.959879
1797793865,0.383072,-0.486023,-9.914390
1797795053,0.397437,-0.481235,-9.844957
1797796240,0.380678,-0.497994,-9.909601
1797797414,0.399832,-0.505177,-9.976639
1797798600,0.395043,-0.543484,-9.883265
1797799794,0.375890,-0.500388,-9.758766
1797800984,0.383072,-0.430956,-9.907207
1797802168,0.351948,-0.581791,-9.938332
1797803350,0.378284,-0.495600,-9.895236
1797804533,0.387861,-0.421380,-10.002975
1797805732,0.414197,-0.478840,-9.964667
1797806917,0.392649,-0.452504,-9.859323
1797808104,0.366313,-0.488417,-9.849746
1797809281,0.337582,-0.529119,-9.823410
1797810456,0.268151,-0.529119,-9.844957
1797811638,0.301669,-0.533907,-9.892841
1797812836,0.323217,-0.502782,-9.722853
1797814027,0.373495,-0.430956,-9.801862
1797815214,0.361524,-0.418985,-9.928755
1797816387,0.344765,-0.521936,-9.914390
1797817570,0.337582,-0.495600,-9.854534
1797818758,0.351948,-0.488417,-9.813833
1797819945,0.342371,-0.474052,-9.816227
1797821132,0.328006,-0.519542,-9.806650
1797822311,0.308852,-0.457293,-9.806650
1797823488,0.373495,-0.438139,-9.885659
1797824680,0.368707,-0.469264,-9.816227
1797825878,0.347159,-0.486023,-9.782708
1797827074,0.299275,-0.505177,-9.801862
1797828249,0.361524,-0.483629,-9.804255
1797829429,0.347159,-0.471658,-9.801862
1797830607,0.308852,-0.488417,-9.806650
1797831799,0.299275,-0.442927,-9.844957
1797832980,0.330400,-0.421380,-9.825804
1797834168,0.349553,-0.500388,-9.806650
1797835343,0.328006,-0.505177,-9.897630
1797836529,0.320823,-0.469264,-9.876082
1797837726,0.337582,-0.509965,-9.852140
1797838915,0.335188,-0.524330,-9.907207
1797840096,0.306458,-0.507571,-9.919178
1797841277,0.366313,-0.483629,-9.835381
1797842450,0.373495,-0.497994,-9.809045
1797843636,0.359130,-0.524330,-9.907207
1797844825,0.294487,-0.533907,-9.844957
1797846022,0.313640,-0.514753,-9.823410
1797847207,0.332794,-0.517148,-9.890448
1797848382,0.330400,-0.505177,-9.823410
1797849553,0.301669,-0.471658,-9.809045
1797850749,0.323217,-0.454898,-9.830592
1797851937,0.289698,-0.478840,-9.902418
1797853126,0.330400,-0.526724,-9.935937
1797854301,0.404620,-0.495600,-9.844957
1797855484,0.347159,-0.502782,-9.880871
1797856667,0.344765,-0.495600,-9.914390
1797857865,0.383072,-0.447716,-9.868899
1797859053,0.416591,-0.474052,-9.856929
1797860234,0.390255,-0.486023,-9.914390
1797861405,0.351948,-0.435745,-9.847352
1797862589,0.308852,-0.557849,-9.904813
1797863780,0.392649,-0.579397,-9.928755
1797864971,0.344765,-0.524330,-9.969456
1797866152,0.351948,-0.454898,-9.871294
1797867334,0.373495,-0.536301,-9.885659
1797868513,0.390255,-0.464475,-9.952697
1797869706,0.399832,-0.426168,-9.993398
1797870901,0.371101,-0.493206,-9.902418
1797872087,0.339977,-0.500388,-9.923966
1797873273,0.332794,-0.507571,-9.933543
1797874458,0.356736,-0.457293,-9.909601
1797875639,0.404620,-0.404620,-9.909601
1797876832,0.409408,-0.414197,-9.859323
1797878023,0.445322,-0.469264,-9.883265
1797879213,0.339977,-0.459687,-9.861717
1797880386,0.332794,-0.481235,-9.911995
1797881569,0.320823,-0.471658,-9.955091
1797882757,0.373495,-0.497994,-9.890448
1797883944,0.344765,-0.545878,-9.962274
1797885132,0.301669,-0.500388,-9.832987
1797886311,0.371101,-0.459687,-9.885659
1797887494,0.335188,-0.426168,-9.856929
1797888686,0.342371,-0.474052,-9.828198
1797889883,0.404620,-0.505177,-9.911995
1797891078,0.359130,-0.505177,-9.969456
1797892262,0.347159,-0.524330,-9.871294
1797893439,0.330400,-0.466869,-9.842564
1797894616,0.299275,-0.464475,-9.916783
1797895809,0.347159,-0.495600,-9.880871
1797896990,0.328006,-0.457293,-9.931149
1797898179,0.359130,-0.486023,-9.933543
1797899356,0.318429,-0.481235,-9.880871
1797900547,0.371101,-0.483629,-9.907207
1797901745,0.363919,-0.450110,-9.988609
1797902936,0.368707,-0.435745,-9.993398
1797904121,0.378284,-0.466869,-9.940725
1797905302,0.354342,-0.541090,-9.933543
1797906480,0.344765,-0.512359,-9.880871
1797907668,0.368707,-0.531513,-9.890448
1797908862,0.445322,-0.538695,-9.902418
1797910055,0.421380,-0.466869,-9.835381
1797911239,0.368707,-0.416591,-9.957485
1797912414,0.363919,-0.521936,-9.979033
1797913596,0.397437,-0.462081,-9.926360
1797914793,0.445322,-0.512359,-9.722853
1797915981,0.383072,-0.521936,-9.622296
1797917171,0.323217,-0.454898,-9.617508
1797918348,0.390255,-0.617704,-9.964667
1797919535,0.363919,-0.615310,-9.931149
1797920733,0.378284,-0.411803,-9.904813
1797921923,0.337582,-0.440533,-9.761160
1797923104,0.325611,-0.514753,-9.768343
1797924286,0.375890,-0.567426,-9.873688
1797925456,0.323217,-0.538695,-9.701305
1797926642,0.296881,-0.553061,-9.801862
1797927835,0.308852,-0.507571,-9.761160
1797929029,0.342371,-0.481235,-9.600749
1797930214,0.328006,-0.500388,-9.684546
1797931394,0.354342,-0.538695,-9.883265
1797932573,0.363919,-0.555455,-9.837775
1797933770,0.387861,-0.555455,-9.888053
1797934949,0.450110,-0.577003,-9.945514
1797936132,0.373495,-0.509965,-9.876082
1797937305,0.320823,-0.490811,-9.816227
1797938487,0.311246,-0.493206,-9.742006
1797939669,0.375890,-0.486023,-9.830592
1797940867,0.414197,-0.502782,-9.919178
1797942055,0.368707,-0.565032,-9.993398
1797943243,0.347159,-0.553061,-9.821015
1797944413,0.392649,-0.572214,-9.971850
1797945599,0.337582,-0.512359,-9.926360
1797946793,0.330400,-0.512359,-9.763555
1797947981,0.371101,-0.560243,-9.753978
1797949166,0.332794,-0.560243,-9.830592
1797950344,0.371101,-0.593762,-9.866506
1797951527,0.395043,-0.593762,-9.832987
1797952729,0.411803,-0.545878,-9.708488
1797953911,0.397437,-0.572214,-9.809045
1797955097,0.387861,-0.581791,-9.842564
1797956275,0.457293,-0.584185,-9.773131
1797957461,0.409408,-0.572214,-9.742006
1797958637,0.404620,-0.605733,-9.684546
1797959832,0.390255,-0.560243,-9.720459
1797961023,0.354342,-0.591368,-9.991004
1797962212,0.371101,-0.517148,-9.897630
1797963389,0.359130,-0.557849,-9.902418
1797964571,0.399832,-0.543484,-9.761160
1797965759,0.375890,-0.608127,-9.758766
1797966945,0.368707,-0.579397,-9.749189
1797968132,0.380678,-0.581791,-9.739613
1797969313,0.354342,-0.629675,-9.832987
1797970492,0.383072,-0.596156,-9.811439
1797971683,0.423774,-0.553061,-9.768343
1797972881,0.395043,-0.486023,-9.871294
1797974077,0.356736,-0.579397,-9.842564
1797975253,0.371101,-0.651223,-9.737218
1797976435,0.344765,-0.543484,-10.000581
1797977613,0.347159,-0.505177,-9.902418
1797978805,0.339977,-0.533907,-9.708488
1797979986,0.323217,-0.608127,-9.864111
1797981177,0.349553,-0.598550,-9.830592
1797982353,0.349553,-0.651223,-9.878476
1797983545,0.335188,-0.648829,-9.928755
1797984745,0.335188,-0.581791,-9.847352
1797985937,0.318429,-0.514753,-9.844957
1797987123,0.356736,-0.605733,-9.892841
1797988304,0.397437,-0.632069,-9.854534
1797989488,0.380678,-0.629675,-9.878476
1797990673,0.416591,-0.560243,-9.871294
1797991867,0.344765,-0.581791,-9.866506
1797993057,0.375890,-0.605733,-9.780313
1797994232,0.433351,-0.627281,-9.935937
1797995413,0.368707,-0.579397,-9.943120
1797996594,0.328006,-0.598550,-9.739613
1797997791,0.313640,-0.586579,-9.765948
1797998976,0.392649,-0.505177,-9.852140
1798000165,0.344765,-0.600945,-9.785102
1798001341,0.349553,-0.598550,-9.734824
1798002529,0.337582,-0.531513,-10.005369
1798003725,0.325611,-0.519542,-10.115502
1798004912,0.347159,-0.529119,-9.813833
1798006095,0.339977,-0.553061,-9.952697
1798007277,0.296881,-0.526724,-9.928755
1798008449,0.320823,-0.541090,-9.959879
1798009634,0.342371,-0.531513,-9.904813
1798010826,0.335188,-0.567426,-9.742006
1798012021,0.248997,-0.550666,-9.892841
1798013207,0.311246,-0.579397,-9.971850
1798014382,0.354342,-0.560243,-9.904813
1798015559,0.306458,-0.557849,-9.904813
1798016751,0.272939,-0.557849,-9.974244
1798017931,0.301669,-0.584185,-9.957485
1798019121,0.335188,-0.464475,-9.883265
1798020298,0.287304,-0.421380,-10.110714
1798021485,0.337582,-0.452504,-9.689334
1798022669,0.311246,-0.452504,-9.921572
1798023865,0.335188,-0.521936,-10.292673
1798025055,0.349553,-0.514753,-10.175357
1798026237,0.294487,-0.567426,-9.679757
1798027414,0.294487,-0.495600,-9.684546
1798028599,0.260968,-0.469264,-9.830592
1798029792,0.277727,-0.495600,-9.816227
1798030978,0.323217,-0.543484,-9.830592
1798032158,0.344765,-0.567426,-9.718064
1798033340,0.311246,-0.538695,-9.828198
1798034524,0.354342,-0.538695,-10.053253
1798035726,0.337582,-0.481235,-10.036493
1798036911,0.304064,-0.507571,-9.974244
1798038096,0.296881,-0.509965,-10.149021
1798039274,0.342371,-0.519542,-10.137050
1798040448,0.308852,-0.514753,-9.677363
1798041626,0.282516,-0.514753,-9.701305
1798042821,0.339977,-0.521936,-9.737218
1798044010,0.371101,-0.507571,-9.773131
1798045200,0.368707,-0.505177,-9.698911
1798046366,0.363919,-0.507571,-9.763555
1798047557,0.354342,-0.440533,-9.864111
1798048748,0.344765,-0.447716,-9.938332
1798049940,0.383072,-0.478840,-10.000581
1798051124,0.440533,-0.483629,-10.046070
1798052304,0.383072,-0.481235,-9.967062
1798053487,0.282516,-0.447716,-9.945514
1798054678,0.387861,-0.426168,-9.787497
1798055877,0.373495,-0.404620,-9.751583
1798057072,0.359130,-0.387861,-9.859323
1798058257,0.368707,-0.392649,-9.835381
1798059433,0.323217,-0.440533,-9.801862
1798060611,0.356736,-0.411803,-9.969456
1798061804,0.349553,-0.390255,-9.847352
1798062982,0.292093,-0.497994,-9.885659
1798064172,0.323217,-0.502782,-9.818622
1798065349,0.344765,-0.418985,-9.780313
1798066537,0.299275,-0.471658,-9.830592
1798067735,0.368707,-0.481235,-9.667787
1798068925,0.272939,-0.517148,-9.615114
1798070107,0.260968,-0.454898,-9.943120
1798071288,0.349553,-0.474052,-10.038888
1798072458,0.375890,-0.483629,-9.911995
1798073645,0.306458,-0.481235,-10.031705
1798074836,0.380678,-0.466869,-10.036493
1798076032,0.392649,-0.430956,-9.931149
1798077218,0.363919,-0.471658,-9.780313
1798078395,0.359130,-0.462081,-9.641450
1798079572,0.335188,-0.414197,-9.761160
1798080765,0.335188,-0.435745,-9.832987
1798081944,0.375890,-0.426168,-9.876082
1798083134,0.320823,-0.466869,-9.933543
1798084311,0.313640,-0.490811,-10.029311
1798085493,0.361524,-0.442927,-10.022128
1798086680,0.368707,-0.445322,-9.770737
1798087882,0.356736,-0.450110,-9.686940
1798089072,0.349553,-0.438139,-9.703699
1798090264,0.349553,-0.486023,-9.749189
1798091441,0.275333,-0.502782,-9.801862
1798092621,0.361524,-0.469264,-9.921572
1798093810,0.378284,-0.497994,-9.842564
1798094997,0.335188,-0.459687,-9.809045
1798096182,0.342371,-0.426168,-9.813833
1798097364,0.306458,-0.454898,-9.801862
1798098550,0.313640,-0.478840,-9.739613
1798099748,0.330400,-0.486023,-9.758766
1798100933,0.280122,-0.454898,-9.758766
1798102123,0.287304,-0.462081,-9.658210
1798103298,0.287304,-0.474052,-9.722853
1798104479,0.328006,-0.538695,-9.849746
1798105662,0.270545,-0.478840,-9.854534
1798106860,0.248997,-0.514753,-9.801862
1798108046,0.332794,-0.524330,-9.725247
1798109238,0.270545,-0.452504,-9.684546
1798110418,0.253785,-0.474052,-9.730036
1798111602,0.301669,-0.500388,-9.789890
1798112794,0.359130,-0.490811,-9.816227
1798113985,0.383072,-0.536301,-9.866506
1798115169,0.359130,-0.545878,-9.909601
1798116349,0.323217,-0.548272,-9.931149
1798117533,0.306458,-0.495600,-9.856929
1798118734,0.330400,-0.524330,-9.866506
1798119917,0.339977,-0.569820,-9.895236
1798121104,0.342371,-0.557849,-9.935937
1798122281,0.351948,-0.548272,-9.844957
1798123473,0.409408,-0.524330,-9.878476
1798124655,0.347159,-0.541090,-9.904813
1798125853,0.342371,-0.584185,-9.998186
1798127042,0.337582,-0.524330,-10.019734
1798128237,0.366313,-0.533907,-10.012551
1798129413,0.332794,-0.555455,-10.067618
1798130599,0.347159,-0.586579,-9.991004
1798131792,0.356736,-0.545878,-9.991004
1798132981,0.335188,-0.541090,-9.919178
1798134166,0.351948,-0.593762,-9.928755
1798135349,0.339977,-0.533907,-10.022128
1798136532,0.339977,-0.565032,-9.923966
1798137733,0.375890,-0.567426,-10.081984
1798138919,0.335188,-0.600945,-10.014946
1798140105,0.392649,-0.577003,-9.955091
1798141281,0.433351,-0.591368,-9.971850
1798142472,0.428562,-0.557849,-9.964667
1798143656,0.311246,-0.543484,-9.849746
1798144855,0.280122,-0.620098,-9.900024
1798146039,0.380678,-0.610521,-9.976639
1798147233,0.361524,-0.605733,-10.065224
1798148405,0.397437,-0.679953,-10.070012
1798149591,0.373495,-0.531513,-9.859323
1798150785,0.375890,-0.543484,-9.830592
1798151974,0.414197,-0.509965,-9.897630
1798153156,0.359130,-0.572214,-9.878476
1798154338,0.385466,-0.548272,-9.935937
1798155520,0.368707,-0.629675,-10.012551
1798156713,0.375890,-0.615310,-10.026917
1798157907,0.323217,-0.574608,-9.950302
1798159092,0.342371,-0.584185,-9.823410
1798160279,0.395043,-0.569820,-9.821015
1798161460,0.392649,-0.553061,-9.804255
1798162642,0.409408,-0.538695,-9.880871
1798163839,0.433351,-0.555455,-9.964667
1798165031,0.464475,-0.577003,-9.897630
1798166220,0.428562,-0.577003,-9.933543
1798167392,0.442927,-0.553061,-10.026917
1798168575,0.421380,-0.543484,-9.959879
1798169761,0.423774,-0.497994,-9.888053
1798170947,0.404620,-0.557849,-9.998186
1798172134,0.414197,-0.591368,-9.950302
1798173314,0.440533,-0.579397,-9.830592
1798174492,0.371101,-0.598550,-9.813833
1798175682,0.375890,-0.538695,-9.890448
1798176879,0.363919,-0.512359,-9.911995
1798178076,0.428562,-0.533907,-9.959879
1798179261,0.416591,-0.541090,-9.935937
1798180435,0.402226,-0.519542,-9.835381
1798181613,0.442927,-0.543484,-9.799467
1798182807,0.397437,-0.550666,-9.938332
1798183989,0.414197,-0.538695,-9.904813
1798185179,0.399832,-0.584185,-9.840169
1798186356,0.409408,-0.569820,-9.900024
1798187541,0.390255,-0.490811,-9.940725
1798188737,0.440533,-0.538695,-9.919178
1798189927,0.397437,-0.526724,-9.909601
1798191109,0.392649,-0.466869,-9.991004
1798192289,0.383072,-0.497994,-10.005369
1798193459,0.416591,-0.543484,-9.835381
1798194646,0.397437,-0.536301,-9.655815
1798195839,0.387861,-0.538695,-9.923966
1798197034,0.435745,-0.459687,-9.986216
1798198219,0.459687,-0.478840,-9.856929
1798199401,0.383072,-0.502782,-9.900024
1798200573,0.380678,-0.469264,-9.914390
1798201766,0.409408,-0.471658,-9.964667
1798202947,0.335188,-0.466869,-9.847352
1798204140,0.354342,-0.457293,-9.787497
1798205316,0.347159,-0.464475,-9.789890
1798206502,0.385466,-0.517148,-9.629479
1798207691,0.354342,-0.502782,-9.471462
1798208896,0.390255,-0.524330,-9.473856
1798210082,0.332794,-0.500388,-9.610326
1798211262,0.385466,-0.486023,-9.653421
1798212439,0.399832,-0.488417,-9.730036
1798213621,0.347159,-0.438139,-9.926360
1798214809,0.356736,-0.502782,-10.026917
1798215996,0.347159,-0.457293,-9.940725
1798217187,0.301669,-0.435745,-9.847352
1798218365,0.287304,-0.457293,-9.861717
1798219552,0.301669,-0.450110,-9.801862
1798220748,0.323217,-0.495600,-9.840169
1798221933,0.335188,-0.569820,-9.832987
1798223124,0.330400,-0.481235,-9.715671
1798224299,0.383072,-0.481235,-9.662998
1798225486,0.407014,-0.486023,-9.674969
1798226669,0.399832,-0.464475,-9.763555
1798227868,0.356736,-0.483629,-10.017340
1798229057,0.368707,-0.553061,-10.153810
1798230238,0.373495,-0.500388,-10.115502
1798231409,0.366313,-0.521936,-10.012551
1798232596,0.407014,-0.562637,-9.969456
1798233789,0.351948,-0.529119,-9.835381
1798234979,0.387861,-0.488417,-9.787497
1798236166,0.359130,-0.474052,-9.703699
1798237346,0.342371,-0.493206,-9.775525
1798238530,0.308852,-0.457293,-9.768343
1798239732,0.407014,-0.459687,-10.002975
1798240916,0.306458,-0.512359,-9.943120
1798242102,0.263362,-0.488417,-9.761160
1798243279,0.265756,-0.493206,-9.756371
1798244464,0.248997,-0.512359,-9.749189
1798245648,0.311246,-0.517148,-9.720459
1798246852,0.306458,-0.416591,-9.732430
1798248037,0.287304,-0.421380,-9.825804
1798249226,0.263362,-0.471658,-9.885659
1798250399,0.316035,-0.430956,-9.923966
1798251581,0.363919,-0.447716,-10.110714
1798252773,0.378284,-0.533907,-10.029311
1798253957,0.342371,-0.462081,-9.919178
1798255139,0.304064,-0.478840,-9.643845
1798256319,0.395043,-0.483629,-9.560047
1798257504,0.380678,-0.483629,-9.672575
1798258697,0.363919,-0.476446,-9.706094
1798259896,0.304064,-0.541090,-9.856929
1798261086,0.272939,-0.507571,-9.868899
1798262270,0.354342,-0.512359,-9.943120
1798263449,0.270545,-0.495600,-9.945514
1798264626,0.277727,-0.490811,-9.955091
1798265822,0.337582,-0.481235,-9.809045
1798267003,0.256180,-0.447716,-9.730036
1798268192,0.282516,-0.490811,-9.777920
1798269368,0.287304,-0.509965,-9.782708
1798270558,0.251391,-0.529119,-9.830592
1798271748,0.284910,-0.545878,-9.907207
1798272938,0.287304,-0.490811,-9.928755
1798274123,0.301669,-0.519542,-9.945514
1798275304,0.304064,-0.533907,-9.902418
1798276480,0.292093,-0.581791,-9.878476
1798277668,0.344765,-0.512359,-9.945514
1798278863,0.404620,-0.533907,-9.883265
1798280055,0.347159,-0.505177,-9.923966
1798281232,0.371101,-0.507571,-10.043676
1798282408,0.339977,-0.543484,-10.043676
1798283590,0.359130,-0.521936,-10.081984
1798284787,0.375890,-0.521936,-10.050858
1798285972,0.380678,-0.529119,-10.062830
1798287155,0.304064,-0.538695,-10.007763
1798288331,0.335188,-0.495600,-9.928755
1798289522,0.313640,-0.545878,-9.883265
1798290707,0.320823,-0.507571,-9.873688
1798291903,0.304064,-0.565032,-9.859323
1798293082,0.349553,-0.548272,-9.809045
1798294273,0.371101,-0.524330,-9.794679
1798295449,0.349553,-0.517148,-9.844957
1798296630,0.342371,-0.533907,-9.866506
1798297821,0.299275,-0.524330,-9.974244
1798299014,0.363919,-0.545878,-9.976639
1798300200,0.371101,-0.555455,-9.971850
1798301371,0.308852,-0.521936,-9.876082
1798302557,0.351948,-0.526724,-9.852140
1798303750,0.395043,-0.565032,-9.897630
1798304936,0.383072,-0.524330,-9.835381
1798306125,0.368707,-0.567426,-9.900024
1798307300,0.404620,-0.612916,-9.828198
1798308480,0.402226,-0.598550,-9.938332
1798309660,0.366313,-0.574608,-10.060435
1798310858,0.368707,-0.493206,-10.014946
1798312046,0.361524,-0.557849,-9.926360
1798313241,0.363919,-0.555455,-9.888053
1798314417,0.371101,-0.541090,-9.852140
1798315601,0.313640,-0.557849,-9.904813
1798316794,0.342371,-0.562637,-9.971850
1798317984,0.304064,-0.541090,-9.919178
1798319168,0.318429,-0.557849,-9.868899
1798320350,0.351948,-0.505177,-9.854534
1798321534,0.335188,-0.538695,-9.885659
1798322737,0.404620,-0.543484,-9.885659
1798323921,0.349553,-0.521936,-9.811439
1798325109,0.375890,-0.550666,-9.830592
1798326284,0.325611,-0.596156,-9.789890
1798327459,0.335188,-0.569820,-9.821015
1798328640,0.328006,-0.486023,-9.873688
1798329834,0.368707,-0.509965,-9.940725
1798331024,0.361524,-0.531513,-9.900024
1798332213,0.347159,-0.519542,-9.933543
1798333386,0.332794,-0.541090,-9.852140
1798334568,0.356736,-0.541090,-9.840169
1798335754,0.323217,-0.572214,-9.830592
1798336941,0.383072,-0.497994,-9.849746
1798338129,0.339977,-0.538695,-9.878476
1798339310,0.339977,-0.562637,-9.897630
1798340488,0.392649,-0.541090,-9.821015
1798341678,0.442927,-0.478840,-9.804255
1798342875,0.383072,-0.545878,-9.823410
1798344068,0.385466,-0.521936,-9.928755
1798345245,0.414197,-0.533907,-9.880871
1798346424,0.366313,-0.567426,-9.969456
1798347601,0.342371,-0.565032,-9.885659
1798348799,0.325611,-0.557849,-9.864111
1798349987,0.363919,-0.502782,-9.763555
1798351177,0.335188,-0.512359,-9.821015
1798352354,0.328006,-0.497994,-9.923966
1798353541,0.328006,-0.519542,-9.840169
1798354736,0.318429,-0.502782,-9.763555
1798355926,0.395043,-0.512359,-9.789890
1798357108,0.445322,-0.490811,-9.739613
1798358289,0.399832,-0.495600,-9.840169
1798359470,0.378284,-0.531513,-9.878476
1798360658,0.339977,-0.531513,-9.854534
1798361854,0.351948,-0.519542,-9.809045
1798363044,0.330400,-0.490811,-9.794679
1798364233,0.251391,-0.497994,-9.818622
1798365410,0.294487,-0.514753,-9.818622
1798366592,0.363919,-0.512359,-9.852140
1798367790,0.361524,-0.500388,-9.880871
1798368974,0.280122,-0.514753,-9.911995
1798370164,0.335188,-0.509965,-9.971850
1798371341,0.371101,-0.447716,-9.895236
1798372529,0.287304,-0.462081,-9.904813
1798373722,0.375890,-0.493206,-9.933543
1798374910,0.301669,-0.486023,-9.835381
1798376092,0.330400,-0.502782,-9.737218
1798377281,0.265756,-0.440533,-9.720459
1798378461,0.299275,-0.462081,-9.809045
1798379646,0.383072,-0.471658,-9.811439
1798380839,0.347159,-0.495600,-9.832987
1798382035,0.272939,-0.497994,-9.885659
1798383221,0.284910,-0.495600,-9.919178
1798384396,0.311246,-0.507571,-9.926360
1798385573,0.306458,-0.495600,-9.928755
1798386762,0.313640,-0.421380,-9.876082
1798387943,0.392649,-0.471658,-9.799467
1798389135,0.366313,-0.474052,-9.785102
1798390311,0.363919,-0.459687,-9.801862
1798391502,0.351948,-0.476446,-9.837775
1798392688,0.378284,-0.481235,-9.895236
1798393891,0.392649,-0.474052,-9.902418
1798395077,0.318429,-0.502782,-9.871294
1798396258,0.323217,-0.502782,-9.785102
1798397435,0.363919,-0.517148,-9.892841
1798398618,0.294487,-0.486023,-9.813833
1798399807,0.330400,-0.502782,-9.859323
1798400992,0.339977,-0.497994,-9.868899
1798402179,0.289698,-0.505177,-9.907207
1798403360,0.323217,-0.538695,-9.983821
1798404547,0.292093,-0.500388,-9.983821
1798405748,0.275333,-0.476446,-9.967062
1798406934,0.306458,-0.533907,-9.909601
1798408123,0.397437,-0.505177,-9.935937
1798409299,0.387861,-0.517148,-9.931149
1798410481,0.280122,-0.500388,-9.888053
1798411662,0.304064,-0.478840,-9.797073
1798412859,0.304064,-0.466869,-9.852140
1798414046,0.287304,-0.493206,-9.868899
1798415241,0.282516,-0.495600,-9.868899
1798416416,0.306458,-0.495600,-9.856929
1798417601,0.351948,-0.533907,-9.777920
1798418793,0.313640,-0.493206,-9.794679
1798419983,0.328006,-0.533907,-9.873688
1798421167,0.330400,-0.519542,-9.935937
1798422347,0.287304,-0.500388,-9.955091
1798423529,0.292093,-0.514753,-9.950302
1798424730,0.313640,-0.514753,-9.868899
1798425911,0.296881,-0.524330,-9.789890
1798427097,0.253785,-0.483629,-9.890448
1798428274,0.313640,-0.529119,-9.868899
1798429451,0.287304,-0.565032,-9.832987
1798430626,0.313640,-0.550666,-9.856929
1798431821,0.318429,-0.550666,-9.782708
1798433003,0.347159,-0.529119,-9.792285
1798434194,0.275333,-0.529119,-9.897630
1798435374,0.256180,-0.476446,-9.964667
1798436567,0.304064,-0.464475,-9.955091
1798437754,0.301669,-0.505177,-9.880871
1798438938,0.282516,-0.543484,-9.813833
1798440123,0.308852,-0.526724,-9.931149
1798441304,0.339977,-0.514753,-9.935937
1798442483,0.311246,-0.541090,-9.914390
1798443670,0.275333,-0.526724,-9.993398
1798444865,0.265756,-0.581791,-9.964667
1798446059,0.320823,-0.555455,-9.816227
1798447233,0.368707,-0.577003,-9.883265
1798448416,0.335188,-0.519542,-9.861717
1798449598,0.371101,-0.481235,-9.902418
1798450795,0.368707,-0.526724,-9.890448
1798451980,0.347159,-0.567426,-9.921572
1798453171,0.253785,-0.490811,-9.914390
1798454347,0.323217,-0.572214,-10.005369
1798455535,0.407014,-0.663194,-9.856929
1798456730,0.395043,-0.562637,-9.248801
1798457916,0.404620,-0.433351,-9.622296
1798459097,0.428562,-0.524330,-9.813833
1798460278,0.371101,-0.550666,-9.837775
1798461454,0.323217,-0.464475,-9.825804
1798462640,0.258574,-0.507571,-9.952697
1798463832,0.304064,-0.526724,-9.866506
1798465027,0.239420,-0.517148,-9.593566
1798466213,0.337582,-0.505177,-10.117896
1798467385,0.251391,-0.507571,-10.228029
1798468564,0.234632,-0.481235,-10.149021
1798469757,0.268151,-0.486023,-9.981427
1798470939,0.325611,-0.531513,-9.911995
1798472130,0.349553,-0.560243,-9.902418
1798473305,0.335188,-0.550666,-10.024523
1798474488,0.330400,-0.536301,-9.919178
1798475670,0.335188,-0.605733,-9.962274
1798476866,0.320823,-0.512359,-9.995792
1798478051,0.296881,-0.533907,-10.110714
1798479238,0.325611,-0.656011,-9.959879
1798480419,0.335188,-0.711078,-9.921572
1798481604,0.342371,-0.636858,-9.876082
1798482797,0.392649,-0.653617,-9.986216
1798483990,0.390255,-0.598550,-10.122684
1798485175,0.347159,-0.538695,-9.856929
1798486358,0.392649,-0.457293,-9.787497
1798487542,0.342371,-0.483629,-9.821015
1798488744,0.328006,-0.519542,-9.849746
1798489929,0.308852,-0.572214,-9.835381
1798491113,0.304064,-0.565032,-9.849746
1798492288,0.270545,-0.514753,-9.849746
1798493475,0.301669,-0.478840,-9.849746
1798494657,0.299275,-0.512359,-9.938332
1798495857,0.323217,-0.478840,-9.785102
1798497045,0.316035,-0.524330,-9.691729
1798498239,0.299275,-0.579397,-9.701305
1798499414,0.339977,-0.553061,-9.753978
1798500597,0.342371,-0.505177,-9.734824
1798501790,0.304064,-0.531513,-9.780313
1798502979,0.299275,-0.531513,-9.809045
1798504163,0.335188,-0.541090,-9.856929
1798505345,0.337582,-0.591368,-9.837775
1798506528,0.402226,-0.572214,-9.770737
1798507730,0.356736,-0.543484,-9.648633
1798508913,0.366313,-0.572214,-9.730036
1798510099,0.395043,-0.517148,-9.840169
1798511275,0.397437,-0.543484,-9.854534
1798512453,0.392649,-0.514753,-9.916783
1798513635,0.399832,-0.512359,-10.017340
1798514831,0.440533,-0.526724,-9.964667
1798516023,0.375890,-0.505177,-10.029311
1798517218,0.397437,-0.512359,-9.883265
1798518390,0.383072,-0.481235,-9.861717
1798519573,0.332794,-0.471658,-9.823410
1798520762,0.368707,-0.519542,-9.801862
1798521948,0.359130,-0.509965,-9.818622
1798523134,0.402226,-0.557849,-9.871294
1798524315,0.433351,-0.577003,-9.871294
1798525498,0.392649,-0.512359,-9.931149
1798526690,0.395043,-0.440533,-10.139444
1798527888,0.464475,-0.450110,-10.070012
1798529078,0.428562,-0.529119,-9.847352
1798530253,0.464475,-0.531513,-9.701305
1798531432,0.447716,-0.612916,-9.708488
1798532610,0.404620,-0.545878,-9.787497
1798533802,0.486023,-0.521936,-9.801862
1798534982,0.471658,-0.529119,-9.780313
1798536172,0.428562,-0.493206,-9.938332
1798537349,0.418985,-0.507571,-9.785102
1798538537,0.450110,-0.529119,-9.816227
1798539734,0.440533,-0.533907,-9.789890
1798540923,0.395043,-0.524330,-9.799467
1798542104,0.414197,-0.524330,-9.854534
1798543286,0.409408,-0.464475,-9.610326
1798544451,0.351948,-0.440533,-9.605537
1798545637,0.351948,-0.555455,-9.706094
1798546829,0.359130,-0.500388,-9.885659
1798548024,0.390255,-0.531513,-9.830592
1798549209,0.383072,-0.490811,-9.895236
1798550383,0.339977,-0.493206,-9.823410
1798551561,0.368707,-0.512359,-9.859323
1798552754,0.375890,-0.524330,-9.885659
1798553934,0.347159,-0.524330,-9.926360
1798555121,0.354342,-0.514753,-9.859323
1798556298,0.407014,-0.524330,-10.091560
1798557482,0.428562,-0.466869,-9.945514
1798558666,0.423774,-0.488417,-9.852140
1798559865,0.409408,-0.505177,-9.830592
1798561051,0.371101,-0.497994,-9.801862
1798562232,0.349553,-0.512359,-10.000581
1798563409,0.383072,-0.507571,-9.864111
1798564594,0.459687,-0.497994,-9.768343
1798565784,0.423774,-0.493206,-9.809045
1798566973,0.392649,-0.497994,-9.888053
1798568155,0.399832,-0.447716,-9.885659
1798569337,0.387861,-0.497994,-9.876082
1798570519,0.337582,-0.502782,-9.947908
1798571711,0.299275,-0.476446,-9.873688
1798572906,0.335188,-0.486023,-9.837775
1798574093,0.306458,-0.505177,-9.916783
1798575279,0.325611,-0.600945,-9.940725
1798576462,0.335188,-0.543484,-9.911995
1798577645,0.335188,-0.478840,-9.866506
1798578848,0.368707,-0.450110,-9.907207
1798580039,0.347159,-0.486023,-10.022128
1798581226,0.299275,-0.524330,-9.744401
1798582398,0.325611,-0.545878,-9.763555
1798583581,0.299275,-0.519542,-9.797073
1798584773,0.301669,-0.565032,-9.787497
1798585959,0.313640,-0.555455,-9.861717
1798591517,0.296881,-0.433351,-9.653421
1798592711,0.248997,-0.474052,-9.928755
1798593905,0.292093,-0.569820,-9.931149
1798595091,0.244209,-0.507571,-9.782708
1798596266,0.253785,-0.471658,-9.900024
1798597447,0.179565,-0.517148,-9.880871
1798598625,0.213084,-0.462081,-9.883265
1798599817,0.258574,-0.596156,-9.943120
1798600999,0.268151,-0.447716,-9.859323
1798602185,0.227449,-0.490811,-10.017340
1798603361,0.263362,-0.514753,-9.933543
1798604553,0.272939,-0.490811,-9.979033
1798605748,0.241814,-0.505177,-10.158598
1798606940,0.272939,-0.462081,-10.081984
1798608126,0.292093,-0.519542,-10.081984
1798609307,0.313640,-0.533907,-10.055647
1798610484,0.306458,-0.502782,-10.079589
1798611672,0.294487,-0.509965,-10.160992
1798612866,0.263362,-0.500388,-10.093954
1798614059,0.299275,-0.543484,-9.962274
1798615233,0.306458,-0.533907,-10.036493
1798616418,0.304064,-0.541090,-10.053253
1798617597,0.330400,-0.505177,-10.163386
1798618794,0.299275,-0.536301,-10.304645
1798619980,0.304064,-0.502782,-10.251971
1798621169,0.342371,-0.447716,-10.117896
1798622345,0.301669,-0.509965,-9.998186
1798623532,0.428562,-0.533907,-9.983821
1798624732,0.387861,-0.514753,-9.916783
1798625916,0.335188,-0.536301,-9.911995
1798627099,0.363919,-0.514753,-9.921572
1798628281,0.335188,-0.521936,-9.938332
1798629454,0.378284,-0.488417,-9.907207
1798630640,0.375890,-0.469264,-9.895236
1798631831,0.332794,-0.483629,-9.923966
1798633028,0.402226,-0.524330,-9.878476
1798634213,0.397437,-0.526724,-9.938332
1798635389,0.378284,-0.466869,-9.919178
1798636568,0.366313,-0.486023,-9.885659
1798637761,0.404620,-0.452504,-9.844957
1798638941,0.387861,-0.478840,-9.897630
1798640131,0.416591,-0.481235,-9.900024
1798641306,0.375890,-0.524330,-9.830592
1798642487,0.404620,-0.462081,-9.916783
1798643669,0.438139,-0.476446,-9.878476
1798644869,0.385466,-0.462081,-9.914390
1798646057,0.337582,-0.471658,-9.876082
1798647238,0.363919,-0.486023,-9.868899
1798648410,0.418985,-0.505177,-9.892841
1798649596,0.368707,-0.512359,-9.864111
1798650790,0.375890,-0.514753,-9.837775
1798651980,0.404620,-0.442927,-9.854534
1798653161,0.402226,-0.502782,-9.919178
1798654342,0.421380,-0.507571,-9.830592
1798655517,0.392649,-0.526724,-9.849746
1798656711,0.373495,-0.519542,-9.940725
1798657905,0.399832,-0.524330,-9.919178
1798659092,0.428562,-0.474052,-9.943120
1798660273,0.462081,-0.481235,-9.832987
1798661450,0.402226,-0.438139,-9.888053
1798662627,0.411803,-0.445322,-9.782708
1798663823,0.402226,-0.474052,-9.832987
1798665011,0.404620,-0.462081,-9.809045
1798666198,0.430956,-0.426168,-9.756371
1798667365,0.318429,-0.478840,-9.816227
1798668556,0.409408,-0.462081,-9.742006
1798669748,0.426168,-0.404620,-9.763555
1798670939,0.418985,-0.380678,-9.823410
1798672123,0.430956,-0.462081,-9.943120
1798673303,0.390255,-0.517148,-9.947908
1798674481,0.430956,-0.548272,-9.634268
1798675669,0.383072,-0.469264,-9.725247
1798676863,0.411803,-0.442927,-9.500193
1798678055,0.416591,-0.481235,-9.615114
1798679241,0.430956,-0.407014,-9.698911
1798680420,0.426168,-0.548272,-9.725247
1798681599,0.407014,-0.581791,-9.823410
1798682796,0.438139,-0.533907,-9.883265
1798683983,0.347159,-0.462081,-9.746795
1798685173,0.378284,-0.481235,-9.703699
1798686350,0.325611,-0.450110,-9.871294
1798687537,0.323217,-0.567426,-9.758766
1798688734,0.344765,-0.490811,-9.864111
1798689925,0.347159,-0.509965,-9.916783
1798691104,0.337582,-0.562637,-9.904813
1798692285,0.342371,-0.533907,-9.768343
1798693461,0.359130,-0.483629,-9.770737
1798694644,0.347159,-0.486023,-9.821015
1798695836,0.289698,-0.490811,-9.847352
1798697033,0.256180,-0.483629,-9.835381
1798698218,0.280122,-0.541090,-9.866506
1798699393,0.423774,-0.524330,-9.938332
1798700571,0.368707,-0.529119,-9.919178
1798701764,0.347159,-0.567426,-9.911995
1798702946,0.318429,-0.526724,-9.852140
1798704138,0.363919,-0.533907,-9.926360
1798705313,0.380678,-0.541090,-9.892841
1798706495,0.344765,-0.572214,-9.773131
1798707682,0.292093,-0.622492,-9.890448
1798708884,0.251391,-0.560243,-9.962274
1798710075,0.287304,-0.574608,-9.911995
1798711266,0.244209,-0.519542,-9.856929
1798712439,0.313640,-0.593762,-9.878476
1798713622,0.301669,-0.579397,-9.892841
1798714807,0.335188,-0.565032,-9.983821
1798715994,0.296881,-0.550666,-9.926360
1798717180,0.335188,-0.572214,-9.900024
1798718361,0.378284,-0.562637,-9.816227
1798719548,0.397437,-0.588974,-9.825804
1798720748,0.337582,-0.509965,-9.804255
1798721934,0.306458,-0.509965,-9.979033
1798723123,0.332794,-0.543484,-9.897630
1798724299,0.270545,-0.588974,-9.801862
1798725487,0.277727,-0.529119,-9.892841
1798726671,0.280122,-0.639252,-9.897630
1798727869,0.318429,-0.648829,-9.904813
1798729057,0.301669,-0.557849,-9.868899
1798730239,0.282516,-0.514753,-9.852140
1798731411,0.268151,-0.567426,-9.979033
1798732597,0.253785,-0.567426,-9.885659
1798733788,0.277727,-0.648829,-9.926360
1798734979,0.246603,-0.617704,-9.931149
1798736160,0.232238,-0.526724,-9.979033
1798737342,0.318429,-0.553061,-10.014946
1798738525,0.354342,-0.521936,-9.945514
1798739722,0.363919,-0.500388,-9.885659
1798740910,0.347159,-0.524330,-9.945514
1798742097,0.296881,-0.541090,-9.979033
1798743282,0.313640,-0.560243,-9.928755
1798744473,0.292093,-0.560243,-9.919178
1798745655,0.344765,-0.553061,-9.909601
1798746853,0.344765,-0.531513,-9.921572
1798748040,0.323217,-0.483629,-9.928755
1798749231,0.344765,-0.543484,-9.890448
1798750403,0.368707,-0.553061,-10.026917
1798751586,0.306458,-0.533907,-9.914390
1798752776,0.320823,-0.584185,-9.895236
1798753963,0.301669,-0.562637,-9.902418
1798755141,0.325611,-0.464475,-9.832987
1798756322,0.337582,-0.464475,-9.923966
1798757504,0.325611,-0.471658,-9.938332
1798758696,0.344765,-0.507571,-9.842564
1798759896,0.361524,-0.512359,-9.763555
1798761088,0.328006,-0.474052,-9.799467
1798762273,0.308852,-0.493206,-9.856929
1798763452,0.359130,-0.565032,-9.830592
1798764628,0.318429,-0.524330,-9.916783
1798765825,0.328006,-0.476446,-9.897630
1798767012,0.323217,-0.509965,-9.813833
1798768202,0.397437,-0.490811,-9.722853
1798769369,0.337582,-0.438139,-9.823410
1798770560,0.337582,-0.483629,-9.797073
1798771748,0.306458,-0.507571,-9.861717
1798772939,0.316035,-0.493206,-9.861717
1798774124,0.354342,-0.486023,-9.847352
1798775305,0.404620,-0.526724,-9.749189
1798776483,0.328006,-0.452504,-9.804255
1798777668,0.320823,-0.471658,-9.931149
1798778862,0.342371,-0.526724,-9.883265
1798780055,0.265756,-0.505177,-9.876082
1798781232,0.299275,-0.521936,-9.840169
1798782417,0.328006,-0.529119,-9.770737
1798783597,0.328006,-0.481235,-9.907207
1798784793,0.354342,-0.471658,-9.914390
1798785978,0.344765,-0.531513,-9.988609
1798787168,0.318429,-0.569820,-9.888053
1798788345,0.275333,-0.524330,-9.883265
1798789533,0.299275,-0.531513,-9.885659
1798790731,0.316035,-0.442927,-9.780313
1798791921,0.351948,-0.447716,-9.919178
1798793103,0.452504,-0.409408,-9.751583
1798794284,0.390255,-0.462081,-10.019734
1798795470,0.383072,-0.490811,-9.919178
1798796657,0.275333,-0.567426,-9.804255
1798797852,0.248997,-0.517148,-9.892841
1798799050,0.363919,-0.526724,-9.823410
1798800228,0.361524,-0.541090,-10.115502
1798801404,0.411803,-0.548272,-10.137050
1798802581,0.450110,-0.512359,-9.782708
1798803776,0.294487,-0.423774,-9.844957
1798804956,0.308852,-0.486023,-9.926360
1798806142,0.275333,-0.612916,-10.005369
1798807318,0.339977,-0.526724,-9.830592
1798808504,0.440533,-0.533907,-9.770737
1798809689,0.339977,-0.533907,-10.031705
1798810891,0.359130,-0.529119,-9.907207
1798812077,0.375890,-0.562637,-9.967062
1798813269,0.373495,-0.497994,-9.871294
1798814442,0.287304,-0.584185,-9.684546
1798815625,0.385466,-0.538695,-9.974244
1798816814,0.306458,-0.545878,-9.777920
1798818000,0.251391,-0.644040,-9.809045
1798819188,0.371101,-0.488417,-9.703699
1798820369,0.296881,-0.572214,-10.074800
1798821555,0.320823,-0.435745,-9.720459
1798822753,0.282516,-0.593762,-9.665392
1798823940,0.330400,-0.474052,-9.859323
1798825129,0.385466,-0.414197,-9.777920
1798826305,0.328006,-0.569820,-9.830592
1798827491,0.356736,-0.577003,-9.928755
1798828674,0.318429,-0.557849,-9.739613
1798829873,0.280122,-0.533907,-9.979033
1798831060,0.421380,-0.567426,-9.804255
1798832241,0.316035,-0.565032,-9.876082
1798833412,0.416591,-0.543484,-9.581595
1798834598,0.311246,-0.610521,-10.067618
1798835792,0.320823,-0.519542,-10.120291
1798836982,0.332794,-0.574608,-10.053253
1798838167,0.363919,-0.600945,-9.940725
1798839348,0.287304,-0.529119,-9.974244
1798840531,0.280122,-0.584185,-9.957485
1798841734,0.387861,-0.569820,-10.187328
1798842920,0.380678,-0.531513,-10.122684
1798844105,0.409408,-0.550666,-9.981427
1798845280,0.481235,-0.505177,-9.907207
1798846472,0.409408,-0.584185,-9.777920
1798847654,0.390255,-0.529119,-9.904813
1798848858,0.407014,-0.497994,-9.859323
1798850045,0.423774,-0.545878,-9.909601
1798851239,0.387861,-0.562637,-9.710882
1798852420,0.390255,-0.572214,-9.639056
1798853605,0.378284,-0.529119,-9.646238
1798854799,0.299275,-0.541090,-9.667787
1798855990,0.328006,-0.512359,-9.653421
1798857175,0.318429,-0.550666,-9.667787
1798858357,0.351948,-0.507571,-9.761160
1798859540,0.344765,-0.483629,-9.775525
1798860743,0.328006,-0.445322,-9.773131
1798861927,0.337582,-0.519542,-9.720459
1798863114,0.270545,-0.488417,-9.756371
1798864291,0.284910,-0.426168,-9.902418
1798865471,0.294487,-0.416591,-9.974244
1798866655,0.308852,-0.486023,-9.682152
1798867859,0.378284,-0.557849,-9.655815
1798869048,0.387861,-0.541090,-9.653421
1798870242,0.375890,-0.586579,-9.744401
1798871422,0.421380,-0.538695,-9.873688
1798872603,0.368707,-0.464475,-9.828198
1798873796,0.397437,-0.514753,-9.787497
1798874989,0.392649,-0.560243,-9.830592
1798876175,0.404620,-0.548272,-9.806650
1798877355,0.426168,-0.553061,-9.768343
1798878538,0.466869,-0.466869,-9.900024
1798879739,0.447716,-0.526724,-9.871294
1798880926,0.430956,-0.476446,-9.864111
1798882112,0.385466,-0.452504,-9.885659
1798883289,0.359130,-0.517148,-9.883265
1798884464,0.380678,-0.507571,-9.804255
1798885641,0.438139,-0.514753,-9.967062
1798886838,0.414197,-0.505177,-9.952697
1798888029,0.387861,-0.526724,-9.923966
1798889217,0.395043,-0.524330,-9.947908
1798890383,0.351948,-0.512359,-9.935937
1798891567,0.335188,-0.493206,-9.952697
1798892755,0.311246,-0.543484,-9.868899
1798893940,0.344765,-0.550666,-9.911995
1798895126,0.311246,-0.438139,-9.868899
1798896307,0.347159,-0.476446,-9.888053
1798897491,0.392649,-0.560243,-9.854534
1798898682,0.351948,-0.541090,-9.847352
1798899879,0.354342,-0.462081,-9.794679
1798901075,0.296881,-0.514753,-9.916783
1798902263,0.318429,-0.620098,-9.572019
1798903436,0.332794,-0.694318,-10.086772
1798904615,0.308852,-0.531513,-9.548077
1798905807,0.339977,-0.517148,-9.344569
1798906990,0.330400,-0.471658,-9.998186
1798908178,0.325611,-0.548272,-9.655815
1798909356,0.320823,-0.490811,-9.902418
1798910543,0.306458,-0.512359,-9.892841
1798911740,0.239420,-0.435745,-9.655815
1798912930,0.277727,-0.502782,-9.859323
1798914116,0.282516,-0.478840,-9.981427
1798915297,0.258574,-0.507571,-10.108319
1798916474,0.260968,-0.509965,-9.991004
1798917660,0.253785,-0.519542,-9.967062
1798918852,0.306458,-0.545878,-9.914390
1798920049,0.337582,-0.524330,-9.883265
1798921239,0.294487,-0.560243,-9.895236
1798922419,0.347159,-0.541090,-9.818622
1798923600,0.366313,-0.524330,-9.830592
1798924797,0.402226,-0.505177,-10.125079
1798925982,0.368707,-0.581791,-10.005369
1798927172,0.289698,-0.593762,-9.914390
1798928349,0.304064,-0.648829,-9.864111
1798929536,0.335188,-0.586579,-9.885659
1798930734,0.284910,-0.514753,-9.888053
1798931924,0.296881,-0.512359,-9.856929
1798933107,0.217872,-0.529119,-9.866506
1798934288,0.227449,-0.569820,-9.871294
1798935455,0.244209,-0.507571,-9.859323
1798936641,0.251391,-0.521936,-10.010158
1798937832,0.258574,-0.497994,-9.902418
1798939029,0.294487,-0.536301,-9.945514
1798940214,0.225055,-0.490811,-10.012551
1798941388,0.263362,-0.507571,-10.036493
1798942567,0.265756,-0.529119,-10.072407
1798943760,0.272939,-0.505177,-10.060435
1798944942,0.282516,-0.512359,-10.096349
1798946132,0.316035,-0.538695,-10.132261
1798947309,0.263362,-0.517148,-10.101137
1798948493,0.287304,-0.478840,-10.058042
1798949672,0.328006,-0.459687,-10.079589
1798950871,0.416591,-0.464475,-9.979033
1798952059,0.411803,-0.486023,-10.034100
1798953244,0.363919,-0.512359,-9.976639
1798954412,0.342371,-0.486023,-9.950302
1798955597,0.311246,-0.483629,-9.976639
1798956791,0.363919,-0.519542,-10.050858
1798957981,0.316035,-0.538695,-10.091560
1798959163,0.330400,-0.543484,-10.014946
1798960343,0.320823,-0.553061,-10.034100
1798961520,0.311246,-0.521936,-10.055647
1798962714,0.320823,-0.531513,-10.081984
1798963909,0.407014,-0.507571,-10.007763
1798965094,0.411803,-0.433351,-9.993398
1798966270,0.466869,-0.438139,-9.840169
1798967451,0.418985,-0.433351,-9.844957
1798968630,0.354342,-0.450110,-9.866506
1798969825,0.435745,-0.440533,-9.753978
1798971014,0.438139,-0.481235,-9.837775
1798972204,0.416591,-0.526724,-9.775525
1798973372,0.409408,-0.452504,-9.725247
1798974562,0.418985,-0.454898,-9.751583
1798975750,0.411803,-0.452504,-9.794679
1798976941,0.409408,-0.476446,-9.773131
1798978125,0.380678,-0.418985,-9.718064
1798979305,0.428562,-0.430956,-9.770737
1798980483,0.373495,-0.395043,-9.828198
1798981670,0.438139,-0.438139,-9.844957
1798982866,0.354342,-0.454898,-9.840169
1798984059,0.397437,-0.486023,-9.873688
1798985235,0.404620,-0.454898,-9.797073
1798986419,0.342371,-0.442927,-9.821015
1798987601,0.366313,-0.454898,-9.856929
1798988799,0.385466,-0.466869,-9.794679
1798989987,0.411803,-0.514753,-9.753978
1798991177,0.454898,-0.490811,-9.706094
1798992353,0.428562,-0.462081,-9.758766
1798993541,0.442927,-0.407014,-9.804255
1798994737,0.402226,-0.411803,-9.859323
1798995926,0.459687,-0.488417,-9.971850
1798997109,0.457293,-0.430956,-10.000581
1798998289,0.469264,-0.538695,-10.007763
1798999456,0.457293,-0.555455,-9.974244
1799000642,0.426168,-0.514753,-9.950302
1799001833,0.452504,-0.526724,-9.976639
1799003029,0.454898,-0.500388,-9.981427
1799004214,0.445322,-0.476446,-10.046070
1799005386,0.442927,-0.474052,-10.031705
1799006563,0.395043,-0.459687,-9.986216
1799007756,0.392649,-0.476446,-9.940725
1799008933,0.380678,-0.512359,-9.873688
1799010123,0.397437,-0.486023,-9.825804
1799011299,0.387861,-0.486023,-9.770737
1799012480,0.407014,-0.438139,-9.749189
1799013662,0.371101,-0.519542,-9.727641
1799014858,0.404620,-0.505177,-9.823410
1799016045,0.464475,-0.517148,-9.789890
1799017240,0.397437,-0.500388,-9.706094
1799018410,0.368707,-0.478840,-9.753978
1799019595,0.383072,-0.459687,-9.782708
1799020786,0.318429,-0.505177,-9.639056
1799021973,0.313640,-0.481235,-9.801862
1799023154,0.318429,-0.521936,-9.646238
1799024337,0.347159,-0.560243,-9.682152
1799025518,0.347159,-0.572214,-9.660604
1799026711,0.332794,-0.584185,-9.684546
1799027906,0.337582,-0.533907,-9.703699
1799029090,0.330400,-0.500388,-9.773131
1799030264,0.351948,-0.543484,-9.761160
1799031445,0.363919,-0.536301,-9.804255
1799032623,0.361524,-0.529119,-9.799467
1799033816,0.351948,-0.560243,-9.821015
1799034998,0.325611,-0.519542,-9.878476
1799036194,0.359130,-0.486023,-10.010158
1799037370,0.407014,-0.538695,-10.022128
1799038560,0.450110,-0.593762,-9.940725
1799039748,0.440533,-0.574608,-9.828198
1799040937,0.407014,-0.550666,-9.890448
1799042120,0.392649,-0.517148,-10.125079
1799043302,0.347159,-0.514753,-10.204087
1799044479,0.311246,-0.550666,-10.036493
1799045667,0.277727,-0.584185,-9.943120
1799046861,0.356736,-0.567426,-9.986216
1799048055,0.296881,-0.569820,-10.005369
1799049231,0.366313,-0.577003,-9.916783
1799050412,0.347159,-0.593762,-9.957485
1799051594,0.328006,-0.526724,-9.907207
1799052791,0.289698,-0.529119,-9.993398
1799053977,0.306458,-0.586579,-9.840169
1799055163,0.316035,-0.577003,-9.931149
1799056337,0.328006,-0.596156,-10.019734
1799057523,0.323217,-0.591368,-10.065224
1799058712,0.323217,-0.538695,-10.038888
1799059910,0.344765,-0.529119,-9.744401
1799061093,0.296881,-0.557849,-9.739613
1799062274,0.344765,-0.533907,-9.770737
1799063450,0.284910,-0.524330,-9.938332
1799064632,0.311246,-0.541090,-9.897630
1799065823,0.330400,-0.493206,-9.900024
1799067002,0.325611,-0.454898,-9.919178
1799068184,0.342371,-0.440533,-9.935937
1799069365,0.306458,-0.502782,-9.837775
1799070551,0.284910,-0.529119,-9.751583
1799071749,0.306458,-0.512359,-9.794679
1799072936,0.277727,-0.488417,-9.758766
1799074127,0.299275,-0.462081,-9.801862
1799075302,0.296881,-0.495600,-9.830592
1799076482,0.304064,-0.526724,-9.787497
1799077664,0.375890,-0.497994,-9.842564
1799078864,0.342371,-0.517148,-9.935937
1799080049,0.356736,-0.459687,-9.935937
1799081232,0.361524,-0.433351,-9.928755
1799082410,0.354342,-0.490811,-9.844957
1799083596,0.308852,-0.471658,-9.780313
1799084788,0.363919,-0.505177,-9.763555
1799085979,0.383072,-0.512359,-9.821015
1799087160,0.368707,-0.507571,-9.880871
1799088341,0.421380,-0.486023,-9.926360
1799089521,0.359130,-0.517148,-9.947908
1799090713,0.306458,-0.555455,-9.952697
1799091908,0.366313,-0.545878,-9.950302
1799093094,0.339977,-0.514753,-9.962274
1799094281,0.339977,-0.531513,-9.967062
1799095472,0.335188,-0.519542,-10.005369
1799096656,0.294487,-0.490811,-9.998186
1799097860,0.280122,-0.450110,-9.983821
1799099045,0.330400,-0.471658,-9.878476
1799100239,0.316035,-0.466869,-9.902418
1799101410,0.328006,-0.529119,-9.974244
1799102595,0.289698,-0.541090,-10.036493
1799103786,0.351948,-0.512359,-9.979033
1799104976,0.356736,-0.435745,-9.947908
1799106158,0.323217,-0.471658,-9.933543
1799107341,0.294487,-0.442927,-9.993398
1799108523,0.342371,-0.466869,-9.967062
1799109713,0.395043,-0.486023,-9.957485
1799110907,0.380678,-0.526724,-9.897630
1799112093,0.337582,-0.490811,-9.840169
1799113279,0.328006,-0.481235,-9.878476
1799114463,0.313640,-0.466869,-9.895236
1799115645,0.330400,-0.445322,-9.787497
1799116848,0.308852,-0.505177,-9.852140
1799118038,0.289698,-0.486023,-9.792285
1799119228,0.337582,-0.495600,-9.868899
1799120402,0.349553,-0.481235,-9.876082
1799121585,0.301669,-0.500388,-9.837775
1799122769,0.332794,-0.572214,-9.840169
1799123956,0.387861,-0.517148,-9.835381
1799125139,0.373495,-0.550666,-9.868899
1799126320,0.359130,-0.565032,-9.823410
1799127497,0.342371,-0.514753,-9.909601
1799128687,0.375890,-0.531513,-9.873688
1799129885,0.330400,-0.493206,-9.888053
1799131078,0.313640,-0.608127,-9.861717
1799132260,0.349553,-0.557849,-9.794679
1799133442,0.392649,-0.553061,-9.777920
1799134620,0.371101,-0.514753,-9.844957
1799135810,0.356736,-0.545878,-9.890448
1799136992,0.330400,-0.560243,-9.828198
1799138180,0.349553,-0.526724,-9.854534
1799139358,0.349553,-0.486023,-9.988609
1799140549,0.339977,-0.565032,-9.938332
1799141748,0.407014,-0.526724,-9.876082
1799142936,0.390255,-0.557849,-9.952697
1799144122,0.344765,-0.591368,-9.979033
1799145303,0.390255,-0.553061,-9.871294
1799146479,0.344765,-0.541090,-9.825804
1799147665,0.351948,-0.562637,-9.818622
1799148860,0.404620,-0.543484,-9.900024
1799150051,0.409408,-0.553061,-9.983821
1799151227,0.335188,-0.591368,-9.983821
1799152409,0.361524,-0.586579,-9.993398
1799153588,0.407014,-0.567426,-9.988609
1799154783,0.421380,-0.622492,-9.947908
1799155964,0.385466,-0.584185,-10.014946
1799157152,0.368707,-0.581791,-10.022128
1799158323,0.409408,-0.569820,-10.129868
1799159506,0.402226,-0.574608,-10.101137
1799160692,0.454898,-0.553061,-9.907207
1799161893,0.395043,-0.505177,-9.916783
1799163078,0.421380,-0.562637,-9.940725
1799164258,0.426168,-0.603339,-9.861717
1799165431,0.452504,-0.586579,-9.799467
1799166612,0.440533,-0.550666,-9.777920
1799167799,0.404620,-0.536301,-9.773131
1799168990,0.407014,-0.553061,-9.799467
1799170174,0.378284,-0.550666,-9.758766
1799171355,0.380678,-0.577003,-9.720459
1799172537,0.421380,-0.538695,-9.782708
1799173738,0.378284,-0.533907,-9.813833
1799174924,0.363919,-0.541090,-9.742006
1799176109,0.373495,-0.524330,-9.734824
1799177285,0.347159,-0.579397,-9.742006
1799178476,0.335188,-0.562637,-9.718064
1799179659,0.351948,-0.598550,-9.749189
1799180858,0.328006,-0.545878,-9.763555
1799182046,0.292093,-0.517148,-9.785102
1799183240,0.363919,-0.512359,-9.852140
1799184413,0.332794,-0.490811,-9.823410
1799185598,0.325611,-0.524330,-9.789890
1799186791,0.296881,-0.497994,-9.813833
1799187982,0.294487,-0.497994,-9.911995
1799189168,0.402226,-0.509965,-9.909601
1799190348,0.385466,-0.502782,-9.859323
1799191531,0.342371,-0.531513,-9.923966
1799192734,0.335188,-0.529119,-9.962274
1799193917,0.347159,-0.490811,-9.911995
1799195101,0.373495,-0.474052,-9.888053
1799196277,0.328006,-0.545878,-9.921572
1799197461,0.356736,-0.531513,-9.974244
1799198644,0.371101,-0.519542,-10.024523
1799199840,0.373495,-0.541090,-9.993398
1799201031,0.385466,-0.514753,-9.883265
1799202222,0.378284,-0.517148,-9.935937
1799203395,0.392649,-0.497994,-9.876082
1799204577,0.366313,-0.519542,-9.823410
1799205766,0.371101,-0.529119,-9.792285
1799206953,0.328006,-0.481235,-9.789890
1799208132,0.375890,-0.483629,-9.914390
1799209312,0.342371,-0.533907,-9.890448
1799210489,0.328006,-0.481235,-9.864111
1799211677,0.323217,-0.440533,-9.787497
1799212871,0.275333,-0.445322,-9.718064
1799214064,0.296881,-0.447716,-9.811439
1799215252,0.275333,-0.445322,-9.765948
1799216428,0.332794,-0.476446,-9.684546
1799217605,0.356736,-0.440533,-9.746795
1799218800,0.335188,-0.438139,-9.758766
1799219988,0.318429,-0.507571,-9.756371
1799221178,0.301669,-0.481235,-9.727641
1799222355,0.311246,-0.438139,-9.749189
1799223543,0.316035,-0.483629,-9.737218
1799224741,0.277727,-0.450110,-9.701305
1799225929,0.325611,-0.481235,-9.725247
1799227112,0.292093,-0.486023,-9.720459
1799228289,0.320823,-0.411803,-9.744401
1799229452,0.306458,-0.409408,-9.746795
1799230634,0.282516,-0.430956,-9.720459
1799231825,0.265756,-0.454898,-9.773131
1799233018,0.256180,-0.486023,-9.811439
1799234203,0.306458,-0.524330,-9.761160
1799235374,0.277727,-0.517148,-9.785102
1799236560,0.275333,-0.474052,-9.809045
1799237752,0.246603,-0.404620,-9.904813
1799238937,0.292093,-0.462081,-9.842564
1799240127,0.351948,-0.514753,-9.797073
1799241303,0.335188,-0.507571,-9.856929
1799242484,0.347159,-0.464475,-9.938332
1799243668,0.308852,-0.438139,-9.921572
1799244867,0.299275,-0.466869,-9.897630
1799246055,0.304064,-0.509965,-9.888053
1799247234,0.380678,-0.459687,-9.847352
1799248412,0.368707,-0.469264,-9.876082
1799249594,0.363919,-0.524330,-9.897630
1799250784,0.378284,-0.548272,-9.904813
1799251974,0.337582,-0.531513,-9.943120
1799253153,0.335188,-0.512359,-9.947908
1799254335,0.351948,-0.478840,-9.835381
1799255522,0.375890,-0.497994,-9.943120
1799256714,0.332794,-0.505177,-9.919178
1799257909,0.332794,-0.481235,-9.940725
1799259096,0.368707,-0.526724,-9.895236
1799260272,0.351948,-0.507571,-9.830592
1799261452,0.354342,-0.526724,-9.856929
1799262631,0.296881,-0.474052,-9.763555
1799263828,0.299275,-0.430956,-9.756371
1799265016,0.270545,-0.502782,-9.880871
1799266204,0.323217,-0.483629,-9.818622
1799267382,0.344765,-0.493206,-9.730036
1799268562,0.311246,-0.574608,-9.832987
1799269750,0.296881,-0.509965,-9.746795
1799270941,0.301669,-0.457293,-9.749189
1799272127,0.349553,-0.478840,-9.856929
1799273308,0.318429,-0.536301,-10.026917
1799274486,0.330400,-0.517148,-9.967062
1799275672,0.282516,-0.507571,-9.909601
1799276865,0.292093,-0.490811,-9.861717
1799278058,0.268151,-0.493206,-9.866506
1799279234,0.284910,-0.495600,-9.959879
1799280414,0.265756,-0.476446,-9.974244
1799281596,0.316035,-0.553061,-9.964667
1799282794,0.356736,-0.531513,-9.981427
1799283980,0.354342,-0.500388,-9.914390
1799285162,0.328006,-0.529119,-9.904813
1799286338,0.323217,-0.502782,-10.029311
1799287524,0.347159,-0.478840,-9.974244
1799288713,0.304064,-0.502782,-10.031705
1799289910,0.342371,-0.545878,-10.070012
1799291092,0.335188,-0.531513,-9.945514
1799292273,0.335188,-0.565032,-9.782708
1799293450,0.359130,-0.593762,-9.744401
1799294632,0.304064,-0.543484,-9.739613
1799295823,0.363919,-0.519542,-9.770737
1799297016,0.323217,-0.502782,-9.859323
1799298201,0.320823,-0.502782,-9.895236
1799299380,0.359130,-0.507571,-9.821015
1799300567,0.306458,-0.526724,-9.844957
1799301760,0.296881,-0.497994,-9.789890
1799302943,0.351948,-0.476446,-9.727641
1799304135,0.354342,-0.476446,-9.768343
1799305312,0.239420,-0.521936,-9.801862
1799306494,0.356736,-0.529119,-9.844957
1799307675,0.363919,-0.505177,-9.773131
1799308874,0.277727,-0.454898,-9.689334
1799310063,0.332794,-0.490811,-9.660604
1799311243,0.404620,-0.512359,-9.660604
1799312413,0.397437,-0.500388,-9.703699
1799313598,0.383072,-0.466869,-9.751583
1799314792,0.387861,-0.519542,-9.706094
1799315981,0.351948,-0.526724,-9.765948
1799317167,0.373495,-0.545878,-9.734824
1799318349,0.397437,-0.531513,-9.832987
1799319533,0.399832,-0.553061,-9.768343
1799320733,0.383072,-0.533907,-9.816227
1799321915,0.392649,-0.493206,-9.792285
1799323101,0.373495,-0.526724,-9.847352
1799324279,0.366313,-0.541090,-9.916783
1799325455,0.347159,-0.514753,-9.868899
1799326637,0.387861,-0.545878,-9.945514
1799327834,0.378284,-0.517148,-9.830592
1799329026,0.339977,-0.505177,-9.923966
1799330216,0.320823,-0.464475,-9.923966
1799331393,0.347159,-0.512359,-9.830592
1799332576,0.301669,-0.493206,-9.914390
1799333763,0.323217,-0.550666,-9.959879
1799334950,0.375890,-0.567426,-9.933543
1799336137,0.308852,-0.505177,-9.962274
1799337317,0.337582,-0.536301,-9.801862
1799338495,0.354342,-0.533907,-9.873688
1799339686,0.409408,-0.521936,-9.979033
1799340883,0.354342,-0.545878,-10.002975
1799342078,0.383072,-0.562637,-10.034100
1799343254,0.337582,-0.533907,-10.060435
1799344433,0.280122,-0.478840,-10.012551
1799345611,0.337582,-0.495600,-9.742006
1799346802,0.330400,-0.555455,-9.435549
1799347988,0.380678,-0.502782,-9.739613
1799349177,0.421380,-0.584185,-9.914390
1799350354,0.349553,-0.629675,-9.897630
1799351536,0.447716,-0.521936,-9.873688
1799352734,0.459687,-0.509965,-9.945514
1799353924,0.426168,-0.426168,-9.859323
1799355107,0.318429,-0.423774,-9.686940
1799356288,0.342371,-0.517148,-9.483433
1799357471,0.289698,-0.543484,-9.746795
1799358659,0.323217,-0.605733,-9.895236
1799359854,0.287304,-0.560243,-9.971850
1799361051,0.282516,-0.553061,-9.935937
1799362241,0.289698,-0.533907,-9.868899
1799363417,0.361524,-0.581791,-9.883265
1799364600,0.383072,-0.548272,-9.933543
1799365798,0.380678,-0.572214,-9.883265
1799366980,0.373495,-0.641646,-9.806650
1799368170,0.363919,-0.605733,-10.022128
1799369347,0.318429,-0.531513,-10.240001
1799370534,0.306458,-0.464475,-10.125079
1799371726,0.313640,-0.526724,-10.096349
1799372913,0.306458,-0.591368,-9.909601
1799374094,0.368707,-0.584185,-9.897630
1799375273,0.387861,-0.608127,-9.823410
1799376450,0.351948,-0.574608,-9.847352
1799377633,0.378284,-0.569820,-9.837775
1799378825,0.414197,-0.610521,-9.907207
1799380016,0.395043,-0.565032,-9.938332
1799381201,0.351948,-0.588974,-10.010158
1799382373,0.325611,-0.553061,-10.067618
1799383559,0.375890,-0.567426,-9.916783
1799384757,0.320823,-0.533907,-9.928755
1799385937,0.349553,-0.517148,-9.909601
1799387126,0.306458,-0.442927,-9.904813
1799388302,0.270545,-0.486023,-9.859323
1799389489,0.272939,-0.569820,-9.787497
1799390673,0.299275,-0.560243,-9.911995
1799391872,0.299275,-0.543484,-9.880871
1799393060,0.256180,-0.533907,-9.981427
1799394241,0.282516,-0.581791,-9.919178
1799395413,0.306458,-0.481235,-9.698911
1799396599,0.328006,-0.471658,-9.797073
1799397792,0.342371,-0.476446,-9.780313
1799398982,0.318429,-0.509965,-9.840169
1799400163,0.294487,-0.526724,-9.794679
1799401345,0.311246,-0.565032,-9.751583
1799402529,0.335188,-0.531513,-9.844957
1799403729,0.337582,-0.565032,-9.785102
1799404911,0.323217,-0.553061,-9.811439
1799406098,0.299275,-0.519542,-9.816227
1799407285,0.330400,-0.481235,-9.847352
1799408475,0.335188,-0.531513,-9.782708
1799409656,0.347159,-0.538695,-9.835381
1799410860,0.328006,-0.505177,-9.840169
1799412047,0.256180,-0.469264,-9.916783
1799413242,0.241814,-0.488417,-9.904813
1799414414,0.299275,-0.548272,-9.921572
1799415600,0.299275,-0.536301,-9.890448
1799416793,0.292093,-0.536301,-9.832987
1799417982,0.347159,-0.517148,-9.859323
1799419162,0.332794,-0.526724,-9.835381
1799420344,0.359130,-0.493206,-9.782708
1799421525,0.323217,-0.545878,-9.885659
1799422725,0.387861,-0.529119,-9.844957
1799423911,0.407014,-0.519542,-9.950302
1799425096,0.368707,-0.481235,-10.043676
1799426272,0.378284,-0.519542,-10.053253
1799427454,0.351948,-0.507571,-9.847352
1799428633,0.359130,-0.517148,-9.921572
1799429826,0.359130,-0.488417,-9.883265
1799431015,0.375890,-0.445322,-9.876082
1799432204,0.368707,-0.435745,-9.832987
1799433376,0.440533,-0.493206,-9.844957
1799434567,0.407014,-0.462081,-9.832987
1799435754,0.392649,-0.474052,-9.837775
1799436943,0.397437,-0.462081,-9.832987
1799438128,0.361524,-0.531513,-9.885659
1799439309,0.397437,-0.497994,-9.753978
1799440488,0.428562,-0.505177,-9.861717
1799441673,0.421380,-0.533907,-9.866506
1799442866,0.363919,-0.483629,-9.921572
1799444060,0.385466,-0.466869,-9.756371
1799445237,0.361524,-0.512359,-9.787497
1799446423,0.371101,-0.493206,-9.873688
1799447604,0.356736,-0.493206,-9.825804
1799448801,0.375890,-0.495600,-9.859323
1799449987,0.440533,-0.486023,-9.950302
1799451175,0.428562,-0.464475,-9.926360
1799452352,0.418985,-0.464475,-9.758766
1799453541,0.404620,-0.509965,-9.763555
1799454737,0.433351,-0.545878,-9.722853
1799455928,0.421380,-0.509965,-9.777920
1799457109,0.411803,-0.476446,-9.799467
1799458290,0.361524,-0.447716,-9.847352
1799459458,0.351948,-0.488417,-9.864111
1799460644,0.414197,-0.512359,-9.852140
1799461835,0.435745,-0.555455,-9.821015
1799463031,0.421380,-0.497994,-9.806650
1799464215,0.395043,-0.505177,-9.852140
1799465396,0.407014,-0.521936,-9.876082
1799466573,0.351948,-0.447716,-9.904813
1799467766,0.366313,-0.481235,-9.895236
1799468946,0.363919,-0.490811,-9.911995
1799470136,0.380678,-0.474052,-9.923966
1799471311,0.421380,-0.450110,-9.974244
1799472493,0.378284,-0.490811,-9.933543
1799473676,0.318429,-0.476446,-9.883265
1799474876,0.356736,-0.529119,-9.797073
1799476064,0.337582,-0.481235,-9.859323
1799477246,0.361524,-0.430956,-9.878476
1799478421,0.371101,-0.433351,-9.950302
1799479603,0.402226,-0.514753,-9.914390
1799480796,0.347159,-0.500388,-9.859323
1799481986,0.320823,-0.466869,-9.902418
1799483171,0.258574,-0.500388,-9.928755
1799484352,0.318429,-0.447716,-9.837775
1799485536,0.416591,-0.430956,-9.876082
1799486738,0.402226,-0.438139,-9.952697
1799487923,0.409408,-0.514753,-9.991004
1799489108,0.371101,-0.445322,-9.892841
1799490283,0.356736,-0.416591,-9.794679
1799491475,0.344765,-0.502782,-9.888053
1799492658,0.402226,-0.514753,-9.916783
1799493862,0.414197,-0.529119,-9.861717
1799495051,0.349553,-0.517148,-9.919178
1799496249,0.349553,-0.481235,-9.959879
1799497420,0.337582,-0.493206,-9.907207
1799498604,0.351948,-0.466869,-9.938332
1799499798,0.363919,-0.514753,-9.888053
1799500988,0.375890,-0.533907,-9.818622
1799502173,0.344765,-0.442927,-9.840169
1799503355,0.387861,-0.474052,-9.890448
1799504535,0.359130,-0.474052,-10.022128
1799505737,0.366313,-0.447716,-9.950302
1799506918,0.418985,-0.421380,-9.950302
1799508104,0.323217,-0.481235,-9.991004
1799509280,0.318429,-0.514753,-9.998186
1799510457,0.328006,-0.505177,-10.034100
1799511633,0.301669,-0.462081,-10.007763
1799512828,0.287304,-0.466869,-10.012551
1799514016,0.363919,-0.474052,-9.988609
1799515206,0.349553,-0.509965,-9.895236
1799516373,0.265756,-0.512359,-9.923966
1799517565,0.335188,-0.509965,-9.892841
1799518753,0.311246,-0.521936,-9.837775
1799519946,0.339977,-0.490811,-9.933543
1799521130,0.354342,-0.524330,-9.897630
1799522307,0.351948,-0.459687,-9.933543
1799523491,0.354342,-0.426168,-9.955091
1799524679,0.304064,-0.514753,-9.909601
1799525872,0.275333,-0.497994,-9.904813
1799527065,0.306458,-0.533907,-9.988609
1799528240,0.339977,-0.519542,-10.000581
1799529420,0.347159,-0.464475,-9.974244
1799530602,0.287304,-0.459687,-9.981427
1799531800,0.316035,-0.509965,-9.981427
1799532985,0.337582,-0.469264,-10.036493
1799534176,0.361524,-0.545878,-9.959879
1799535353,0.328006,-0.521936,-10.014946
1799536541,0.335188,-0.553061,-9.940725
1799537738,0.339977,-0.493206,-10.024523
1799538928,0.371101,-0.476446,-9.947908
1799540110,0.339977,-0.464475,-9.979033
1799541291,0.354342,-0.529119,-9.945514
1799542458,0.320823,-0.541090,-10.067618
1799543637,0.385466,-0.512359,-10.007763
1799544829,0.380678,-0.517148,-9.967062
1799546022,0.361524,-0.545878,-9.952697
1799547205,0.356736,-0.514753,-9.914390
1799548376,0.383072,-0.526724,-9.883265
1799549563,0.351948,-0.529119,-9.938332
1799550757,0.356736,-0.500388,-9.947908
1799551943,0.347159,-0.502782,-9.974244
1799553132,0.332794,-0.507571,-9.897630
1799554308,0.416591,-0.538695,-9.866506
1799555494,0.347159,-0.514753,-9.895236
1799556678,0.363919,-0.505177,-9.921572
1799557877,0.395043,-0.514753,-9.909601
1799559064,0.289698,-0.517148,-9.921572
1799560246,0.237026,-0.555455,-9.962274
1799561421,0.349553,-0.557849,-9.926360
1799562609,0.308852,-0.562637,-9.761160
1799563801,0.244209,-0.565032,-9.840169
1799564992,0.335188,-0.557849,-9.868899
1799566178,0.363919,-0.555455,-9.883265
1799567360,0.344765,-0.502782,-9.763555
1799568543,0.366313,-0.524330,-9.746795
1799569746,0.337582,-0.505177,-9.943120
1799570931,0.311246,-0.579397,-9.902418
1799572121,0.349553,-0.529119,-9.797073
1799573297,0.363919,-0.541090,-9.890448
1799574477,0.323217,-0.524330,-9.967062
1799575660,0.337582,-0.514753,-9.742006
1799576858,0.308852,-0.512359,-9.821015
1799578044,0.282516,-0.533907,-9.830592
1799579234,0.363919,-0.471658,-9.919178
1799580406,0.342371,-0.459687,-9.888053
1799581589,0.244209,-0.533907,-9.832987
1799582780,0.304064,-0.586579,-9.957485
1799583966,0.347159,-0.555455,-9.876082
1799585148,0.304064,-0.531513,-9.852140
1799586328,0.347159,-0.514753,-9.835381
1799587510,0.282516,-0.543484,-9.756371
1799588704,0.332794,-0.572214,-9.832987
1799589904,0.366313,-0.543484,-9.919178
1799591096,0.325611,-0.519542,-9.981427
1799592275,0.328006,-0.524330,-9.916783
1799593456,0.387861,-0.562637,-9.852140
1799594634,0.330400,-0.543484,-9.842564
1799595828,0.380678,-0.471658,-9.876082
1799597016,0.361524,-0.495600,-9.806650
1799598204,0.323217,-0.488417,-9.856929
1799599372,0.361524,-0.505177,-9.892841
1799600560,0.371101,-0.521936,-9.840169
1799601753,0.301669,-0.502782,-9.830592
1799602944,0.378284,-0.493206,-9.655815
1799604129,0.351948,-0.543484,-9.615114
1799605311,0.351948,-0.488417,-9.569624
1799606490,0.375890,-0.514753,-9.749189
1799607678,0.366313,-0.519542,-9.876082
1799608872,0.301669,-0.543484,-10.101137
1799610065,0.347159,-0.550666,-9.957485
1799611241,0.414197,-0.598550,-9.806650
1799612420,0.328006,-0.581791,-9.765948
1799613601,0.304064,-0.509965,-9.720459
1799614797,0.253785,-0.474052,-9.617508
1799615982,0.318429,-0.430956,-9.519346
1799617172,0.337582,-0.435745,-9.610326
1799618349,0.363919,-0.435745,-9.809045
1799619536,0.342371,-0.555455,-9.840169
1799620734,0.342371,-0.459687,-9.928755
1799621921,0.323217,-0.517148,-9.940725
1799623103,0.282516,-0.531513,-9.861717
1799624283,0.294487,-0.474052,-9.799467
1799625470,0.306458,-0.466869,-9.641450
1799626656,0.318429,-0.452504,-9.560047
1799627854,0.339977,-0.493206,-9.897630
1799629051,0.349553,-0.433351,-9.928755
1799630243,0.301669,-0.464475,-9.876082
1799631421,0.316035,-0.541090,-9.801862
1799632601,0.294487,-0.526724,-9.938332
1799633800,0.275333,-0.517148,-9.804255
1799634985,0.275333,-0.526724,-9.718064
1799636172,0.318429,-0.469264,-9.708488
1799637349,0.292093,-0.466869,-9.691729
1799638537,0.325611,-0.495600,-9.710882
1799639734,0.294487,-0.500388,-9.684546
1799640920,0.294487,-0.543484,-9.706094
1799642098,0.282516,-0.533907,-9.753978
1799643290,0.294487,-0.462081,-9.935937
1799644456,0.287304,-0.500388,-9.967062
1799645641,0.311246,-0.581791,-9.902418
1799646832,0.225055,-0.418985,-9.495404
1799648025,0.256180,-0.440533,-9.646238
1799649209,0.351948,-0.483629,-9.718064
1799650384,0.366313,-0.536301,-9.813833
1799651573,0.328006,-0.488417,-10.041282
1799652765,0.323217,-0.500388,-9.945514
1799653946,0.349553,-0.572214,-9.720459
1799655134,0.260968,-0.529119,-9.433155
1799656310,0.239420,-0.421380,-9.402030
1799657495,0.234632,-0.509965,-9.548077
1799658678,0.275333,-0.481235,-9.433155
1799659878,0.268151,-0.383072,-9.933543
1799661066,0.246603,-0.526724,-9.708488
1799662247,0.272939,-0.572214,-9.576807
1799663422,0.251391,-0.471658,-9.493010
1799664607,0.227449,-0.512359,-9.284714
1799665799,0.289698,-0.600945,-9.799467
1799666988,0.270545,-0.593762,-9.722853
1799668173,0.347159,-0.567426,-9.926360
1799669355,0.296881,-0.560243,-10.297462
1799670539,0.330400,-0.545878,-10.034100
1799671736,0.344765,-0.529119,-9.947908
1799672916,0.253785,-0.596156,-8.394072
1799674102,0.155623,-0.354342,-10.946290
1799675280,0.533907,-0.667982,-11.022904
1799676456,0.366313,-0.598550,-10.486604
1799677638,0.330400,-0.452504,-9.112331
1799678832,0.332794,-0.493206,-9.737218
1799680021,0.344765,-0.545878,-10.177752
1799681212,0.330400,-0.560243,-10.225636
1799682378,0.368707,-0.557849,-10.172963
1799683567,0.375890,-0.521936,-10.160992
1799684756,0.380678,-0.541090,-9.983821
1799685946,0.469264,-0.526724,-10.177752
1799687133,0.440533,-0.617704,-10.158598
1799688314,0.375890,-0.701501,-10.084377
1799689491,0.347159,-0.694318,-10.010158
1799690679,0.371101,-0.603339,-9.885659
1799691873,0.371101,-0.562637,-9.720459
1799693065,0.385466,-0.586579,-9.837775
1799694248,0.404620,-0.569820,-10.010158
1799695414,0.426168,-0.577003,-10.053253
1799696595,0.469264,-0.596156,-10.055647
1799697792,0.423774,-0.577003,-10.053253
1799698977,0.366313,-0.574608,-10.022128
1799700164,0.366313,-0.598550,-9.938332
1799701341,0.385466,-0.586579,-9.926360
1799702528,0.361524,-0.572214,-9.897630
1799703722,0.392649,-0.644040,-9.955091
1799704910,0.395043,-0.620098,-9.859323
1799706091,0.354342,-0.600945,-9.832987
1799707283,0.378284,-0.603339,-9.852140
1799708459,0.359130,-0.574608,-9.888053
1799709644,0.371101,-0.567426,-9.919178
1799710835,0.387861,-0.584185,-9.847352
1799712032,0.447716,-0.591368,-9.710882
1799713218,0.442927,-0.565032,-9.780313
1799714392,0.421380,-0.598550,-9.947908
1799715569,0.390255,-0.586579,-9.957485
1799716762,0.397437,-0.588974,-9.691729
1799717945,0.390255,-0.548272,-10.007763
1799719131,0.445322,-0.593762,-10.199299
1799720309,0.428562,-0.567426,-10.060435
1799721489,0.421380,-0.610521,-9.842564
1799722672,0.375890,-0.624887,-9.971850
1799723870,0.433351,-0.565032,-9.926360
1799725057,0.380678,-0.565032,-9.952697
1799726241,0.387861,-0.608127,-9.847352
1799727422,0.402226,-0.572214,-9.830592
1799728607,0.450110,-0.562637,-9.907207
1799729798,0.474052,-0.608127,-9.909601
1799730987,0.471658,-0.529119,-9.988609
1799732174,0.411803,-0.579397,-9.902418
1799733352,0.418985,-0.557849,-9.876082
1799734533,0.435745,-0.533907,-9.969456
1799735734,0.428562,-0.481235,-9.964667
1799736917,0.383072,-0.502782,-10.014946
1799738103,0.490811,-0.517148,-9.938332
1799739280,0.421380,-0.502782,-9.878476
1799740457,0.430956,-0.495600,-9.852140
1799741633,0.392649,-0.533907,-9.904813
1799742828,0.368707,-0.505177,-9.854534
1799744016,0.416591,-0.509965,-9.787497
1799745206,0.395043,-0.481235,-9.902418
1799746373,0.392649,-0.464475,-9.787497
1799747564,0.390255,-0.538695,-9.792285
1799748752,0.332794,-0.486023,-9.837775
1799749944,0.301669,-0.457293,-9.677363
1799751130,0.407014,-0.414197,-9.758766
1799752310,0.402226,-0.466869,-9.806650
1799753487,0.397437,-0.509965,-9.603143
1799754674,0.402226,-0.509965,-9.619903
1799755867,0.371101,-0.450110,-9.629479
1799757059,0.339977,-0.450110,-9.629479
1799758240,0.339977,-0.462081,-9.624691
1799759425,0.356736,-0.512359,-9.684546
1799760607,0.359130,-0.497994,-9.696517
1799761805,0.387861,-0.462081,-9.775525
1799762992,0.344765,-0.486023,-9.576807
1799764182,0.409408,-0.469264,-9.698911
1799765358,0.371101,-0.483629,-9.703699
1799766545,0.344765,-0.457293,-9.797073
1799767743,0.387861,-0.466869,-9.856929
1799768934,0.380678,-0.452504,-9.756371
1799770115,0.354342,-0.450110,-9.818622
1799771292,0.385466,-0.442927,-9.792285
1799772457,0.375890,-0.421380,-9.713276
1799773643,0.349553,-0.435745,-9.691729
1799774835,0.392649,-0.481235,-9.897630
1799776031,0.349553,-0.502782,-9.787497
1799777216,0.383072,-0.421380,-9.770737
1799778390,0.390255,-0.488417,-9.832987
1799779569,0.368707,-0.476446,-9.852140
1799780761,0.356736,-0.435745,-9.844957
1799781944,0.368707,-0.445322,-9.818622
1799783134,0.375890,-0.469264,-9.909601
1799784309,0.356736,-0.404620,-9.974244
1799785491,0.325611,-0.380678,-10.065224
1799786674,0.373495,-0.414197,-10.055647
1799787874,0.402226,-0.483629,-9.911995
1799789063,0.294487,-0.490811,-9.904813
1799790243,0.272939,-0.490811,-9.931149
1799791415,0.287304,-0.464475,-9.933543
1799792602,0.356736,-0.509965,-9.986216
1799793795,0.330400,-0.548272,-9.844957
1799794984,0.404620,-0.435745,-9.926360
1799796165,0.423774,-0.385466,-9.950302
1799797346,0.380678,-0.399832,-9.859323
1799798529,0.337582,-0.454898,-9.902418
1799799729,0.354342,-0.416591,-9.854534
1799800911,0.373495,-0.435745,-9.787497
1799802099,0.366313,-0.435745,-9.907207
1799803274,0.368707,-0.457293,-9.904813
1799804455,0.392649,-0.457293,-9.885659
1799805635,0.402226,-0.457293,-9.780313
1799806830,0.366313,-0.478840,-9.789890
1799808018,0.351948,-0.435745,-9.866506
1799809207,0.354342,-0.414197,-9.959879
1799810375,0.349553,-0.459687,-9.876082
1799811566,0.363919,-0.445322,-9.873688
1799812752,0.407014,-0.459687,-9.919178
1799813938,0.395043,-0.462081,-9.904813
1799815116,0.339977,-0.457293,-9.897630
1799816297,0.378284,-0.469264,-9.904813
1799817471,0.342371,-0.469264,-9.945514
1799818659,0.378284,-0.452504,-9.926360
1799819858,0.356736,-0.471658,-9.816227
1799821052,0.390255,-0.512359,-10.024523
1799822242,0.414197,-0.493206,-10.048465
1799823423,0.404620,-0.474052,-10.096349
1799824603,0.356736,-0.500388,-9.983821
1799825800,0.361524,-0.497994,-9.971850
1799826986,0.313640,-0.486023,-9.964667
1799828175,0.373495,-0.524330,-10.060435
1799829352,0.363919,-0.459687,-10.038888
1799830540,0.363919,-0.462081,-10.007763
1799831738,0.378284,-0.433351,-9.955091
1799832928,0.392649,-0.471658,-9.923966
1799834111,0.392649,-0.471658,-9.955091
1799835292,0.371101,-0.440533,-10.036493
1799836459,0.371101,-0.481235,-10.005369
1799837644,0.304064,-0.519542,-9.983821
1799838835,0.316035,-0.481235,-9.993398
1799840025,0.347159,-0.500388,-9.964667
1799841207,0.378284,-0.533907,-10.043676
1799842379,0.397437,-0.517148,-9.947908
1799843568,0.397437,-0.454898,-9.840169
1799844761,0.339977,-0.433351,-9.895236
1799845942,0.409408,-0.457293,-9.885659
1799847131,0.445322,-0.500388,-9.825804
1799848306,0.426168,-0.526724,-9.940725
1799849487,0.471658,-0.476446,-9.840169
1799850671,0.395043,-0.524330,-9.890448
1799851869,0.435745,-0.459687,-9.943120
1799853057,0.435745,-0.541090,-9.787497
1799854235,0.390255,-0.538695,-9.770737
1799855412,0.385466,-0.469264,-9.919178
1799856599,0.392649,-0.474052,-9.926360
1799857789,0.363919,-0.529119,-9.911995
1799858980,0.404620,-0.497994,-9.823410
1799860161,0.392649,-0.469264,-9.876082
1799861343,0.428562,-0.565032,-9.844957
1799862524,0.375890,-0.632069,-9.847352
1799863723,0.378284,-0.596156,-9.976639
1799864911,0.306458,-0.562637,-9.789890
1799866097,0.316035,-0.608127,-9.794679
1799867272,0.402226,-0.543484,-9.876082
1799868454,0.430956,-0.481235,-9.823410
1799869631,0.409408,-0.562637,-9.969456
1799870827,0.402226,-0.541090,-10.034100
1799872003,0.383072,-0.550666,-9.957485
1799873198,0.390255,-0.588974,-9.799467
1799874375,0.392649,-0.593762,-9.880871
1799875566,0.390255,-0.577003,-9.962274
1799876753,0.428562,-0.569820,-9.842564
1799877945,0.409408,-0.569820,-9.868899
1799879129,0.387861,-0.588974,-9.940725
1799880310,0.407014,-0.598550,-9.993398
1799881487,0.371101,-0.603339,-9.919178
1799882674,0.361524,-0.553061,-9.852140
1799883865,0.359130,-0.593762,-9.859323
1799885058,0.438139,-0.603339,-9.890448
1799886234,0.397437,-0.588974,-9.852140
1799887416,0.330400,-0.622492,-9.969456
1799888596,0.323217,-0.572214,-9.914390
1799889792,0.342371,-0.574608,-9.849746
1799890978,0.407014,-0.584185,-9.823410
1799892163,0.411803,-0.577003,-9.844957
1799893339,0.351948,-0.574608,-9.895236
1799894530,0.337582,-0.588974,-9.844957
1799895726,0.416591,-0.608127,-9.902418
1799896912,0.428562,-0.572214,-9.856929
1799898095,0.387861,-0.557849,-9.804255
1799899275,0.378284,-0.538695,-9.825804
1799900453,0.363919,-0.617704,-9.787497
1799901636,0.407014,-0.612916,-9.813833
1799902827,0.361524,-0.598550,-9.926360
1799904019,0.313640,-0.514753,-9.957485
1799905202,0.323217,-0.591368,-9.844957
1799906374,0.347159,-0.550666,-9.761160
1799907557,0.359130,-0.519542,-9.785102
1799908754,0.320823,-0.517148,-9.811439
1799909941,0.361524,-0.533907,-9.825804
1799911131,0.304064,-0.543484,-9.852140
1799912306,0.323217,-0.560243,-9.852140
1799913486,0.301669,-0.514753,-9.813833
1799914669,0.330400,-0.519542,-9.852140
1799915866,0.354342,-0.543484,-9.859323
1799917055,0.368707,-0.567426,-9.854534
1799918237,0.311246,-0.560243,-9.892841
1799919409,0.332794,-0.553061,-9.847352
1799920592,0.325611,-0.488417,-9.821015
1799921784,0.308852,-0.488417,-9.888053
1799922970,0.328006,-0.493206,-9.907207
1799924149,0.328006,-0.493206,-9.907207
1799925325,0.332794,-0.555455,-9.928755
1799926512,0.275333,-0.557849,-9.813833
1799927706,0.301669,-0.505177,-9.770737
1799928894,0.339977,-0.488417,-9.825804
1799930084,0.325611,-0.447716,-9.871294
1799931261,0.304064,-0.577003,-9.904813
1799932439,0.280122,-0.512359,-9.859323
1799933617,0.263362,-0.435745,-9.878476
1799934811,0.349553,-0.466869,-9.864111
1799935994,0.308852,-0.495600,-9.895236
1799937182,0.318429,-0.483629,-9.923966
1799938360,0.256180,-0.474052,-9.818622
1799939547,0.287304,-0.430956,-9.749189
1799940744,0.280122,-0.462081,-9.770737
1799941933,0.277727,-0.512359,-9.890448
1799943115,0.237026,-0.514753,-9.797073
1799944296,0.282516,-0.450110,-9.876082
1799945471,0.265756,-0.459687,-9.883265
1799946659,0.280122,-0.421380,-9.911995
1799947858,0.323217,-0.435745,-9.911995
1799949050,0.323217,-0.447716,-9.873688
1799950241,0.277727,-0.411803,-9.916783
1799951418,0.299275,-0.450110,-9.916783
1799952599,0.289698,-0.433351,-9.981427
1799953797,0.347159,-0.423774,-9.993398
1799954984,0.306458,-0.502782,-9.871294
1799956173,0.239420,-0.447716,-9.979033
1799957350,0.292093,-0.428562,-9.931149
1799958538,0.323217,-0.399832,-9.940725
1799959735,0.323217,-0.395043,-9.926360
1799960921,0.375890,-0.464475,-9.900024
1799962102,0.390255,-0.476446,-9.983821
1799963282,0.366313,-0.459687,-9.876082
1799964460,0.339977,-0.428562,-9.911995
1799965646,0.308852,-0.433351,-9.897630
1799966834,0.356736,-0.476446,-9.871294
1799968031,0.347159,-0.474052,-9.871294
1799969217,0.368707,-0.452504,-9.979033
1799970390,0.351948,-0.416591,-9.914390
1799971569,0.335188,-0.407014,-9.854534
1799972761,0.318429,-0.440533,-9.878476
1799973941,0.299275,-0.497994,-9.840169
1799975131,0.332794,-0.457293,-9.878476
1799976308,0.363919,-0.423774,-9.852140
1799977491,0.402226,-0.476446,-9.876082
1799978673,0.368707,-0.507571,-9.830592
1799979871,0.361524,-0.411803,-9.885659
1799981059,0.390255,-0.418985,-9.897630
1799982241,0.332794,-0.464475,-9.911995
1799983413,0.351948,-0.476446,-9.957485
1799984600,0.366313,-0.500388,-9.821015
1799985792,0.318429,-0.471658,-9.883265
1799986983,0.320823,-0.433351,-9.940725
1799988164,0.306458,-0.450110,-9.871294
1799989344,0.292093,-0.474052,-9.876082
1799990525,0.339977,-0.502782,-9.866506
1799991723,0.304064,-0.464475,-9.907207
1799992910,0.359130,-0.490811,-9.904813
1799994093,0.368707,-0.524330,-9.988609
1799995274,0.301669,-0.445322,-9.971850
1799996455,0.359130,-0.466869,-9.950302
1799997633,0.332794,-0.500388,-9.964667
1799998828,0.337582,-0.521936,-10.034100
1800000016,0.366313,-0.493206,-9.950302
1800001202,0.344765,-0.495600,-9.861717
1800002368,0.304064,-0.562637,-9.909601
1800003557,0.404620,-0.536301,-9.979033
1800004749,0.409408,-0.548272,-9.859323
1800005938,0.433351,-0.579397,-9.775525
1800007124,0.407014,-0.533907,-9.775525
1800008304,0.390255,-0.517148,-9.861717
1800009481,0.361524,-0.579397,-9.835381
1800010669,0.397437,-0.514753,-9.744401
1800011864,0.397437,-0.509965,-9.715671
1800013057,0.390255,-0.536301,-9.773131
1800014233,0.421380,-0.476446,-9.892841
1800015415,0.349553,-0.538695,-9.890448
1800016593,0.347159,-0.560243,-9.806650
1800017788,0.359130,-0.519542,-9.746795
1800018973,0.380678,-0.478840,-9.713276
1800020160,0.385466,-0.505177,-9.835381
1800021337,0.397437,-0.555455,-9.713276
1800022524,0.392649,-0.483629,-9.622296
1800023713,0.395043,-0.452504,-9.876082
1800024910,0.414197,-0.545878,-9.933543
1800026093,0.409408,-0.526724,-9.753978
1800027273,0.347159,-0.543484,-9.792285
1800028451,0.392649,-0.553061,-9.844957
1800029634,0.385466,-0.622492,-9.837775
1800030826,0.361524,-0.550666,-9.828198
1800032019,0.371101,-0.519542,-9.859323
1800033205,0.335188,-0.584185,-9.856929
1800034377,0.289698,-0.608127,-9.962274
1800035563,0.328006,-0.569820,-9.749189
1800036755,0.363919,-0.562637,-9.749189
1800037943,0.359130,-0.567426,-9.844957
1800039133,0.359130,-0.562637,-9.904813
1800040309,0.323217,-0.596156,-9.818622
1800041492,0.320823,-0.639252,-9.698911
1800042676,0.335188,-0.644040,-9.380483
1800043873,0.354342,-0.679953,-8.772355
1800045062,0.342371,-0.646434,-8.408437
1800046244,0.316035,-0.679953,-8.839393
1800047416,0.339977,-0.562637,-10.587160
1800048603,0.397437,-0.426168,-10.759542
1800049798,0.450110,-0.378284,-10.658986
1800050988,0.423774,-0.337582,-10.333375
1800052175,0.361524,-0.359130,-10.077195
1800053357,0.220267,-0.541090,-10.089166
1800054539,0.141258,-0.608127,-10.017340
1800055738,0.189142,-0.672771,-9.852140
1800056920,0.234632,-0.677559,-9.959879
1800058108,0.272939,-0.660800,-9.993398
1800059283,0.409408,-0.562637,-10.081984
1800060474,0.464475,-0.608127,-10.175357
1800061658,0.519542,-0.627281,-9.873688
1800062863,0.486023,-0.658405,-9.840169
1800064050,0.512359,-0.615310,-9.488221
1800065245,0.433351,-0.567426,-9.198523
1800066417,0.330400,-0.502782,-9.411607
1800067601,0.409408,-0.507571,-9.775525
1800068793,0.433351,-0.462081,-10.014946
1800069983,0.385466,-0.533907,-10.067618
1800071165,0.349553,-0.629675,-10.295067
1800072348,0.385466,-0.612916,-9.969456
1800073531,0.469264,-0.632069,-9.854534
1800074731,0.442927,-0.574608,-9.763555
1800075913,0.445322,-0.488417,-9.593566
1800077100,0.435745,-0.502782,-9.698911
1800078287,0.387861,-0.462081,-9.691729
1800079475,0.287304,-0.483629,-9.730036
1800080657,0.328006,-0.445322,-9.809045
1800081858,0.282516,-0.488417,-9.753978
1800083045,0.323217,-0.529119,-9.837775
1800084236,0.282516,-0.581791,-9.821015
1800085408,0.304064,-0.577003,-9.787497
1800086589,0.258574,-0.509965,-9.763555
1800087781,0.253785,-0.502782,-9.770737
1800088967,0.328006,-0.541090,-9.950302
1800090146,0.347159,-0.591368,-10.019734
1800091327,0.342371,-0.493206,-9.983821
1800092509,0.337582,-0.488417,-9.911995
1800093700,0.337582,-0.481235,-9.852140
1800094900,0.320823,-0.474052,-9.842564
1800096089,0.282516,-0.502782,-9.840169
1800097265,0.282516,-0.478840,-9.720459
1800098446,0.263362,-0.519542,-9.907207
1800099624,0.248997,-0.567426,-9.842564
1800100817,0.263362,-0.567426,-9.818622
1800102000,0.299275,-0.536301,-10.146626
1800103196,0.270545,-0.574608,-10.201694
1800104372,0.265756,-0.562637,-10.168175
1800105565,0.284910,-0.526724,-10.139444
1800106754,0.339977,-0.481235,-10.103531
1800107946,0.280122,-0.500388,-10.213664
1800109128,0.282516,-0.550666,-9.991004
1800110308,0.270545,-0.567426,-10.029311
1800111484,0.447716,-0.627281,-9.753978
1800112673,0.512359,-0.567426,-9.607931
1800113865,0.567426,-0.289698,-9.390059
1800115057,0.658405,-0.186748,-9.437943
1800116234,0.670376,-0.196325,-9.428367
1800117416,0.337582,-0.600945,-9.770737
1800118590,0.253785,-0.727837,-9.832987
1800119787,0.189142,-0.749385,-9.847352
1800120970,0.165200,-0.756568,-9.964667
1800122156,0.169988,-0.627281,-9.995792
1800123328,0.172383,-0.387861,-10.307038
1800124514,0.282516,-0.263362,-10.376471
1800125704,0.280122,-0.347159,-10.237606
1800126908,0.237026,-0.476446,-9.758766
1800128089,0.203507,-0.639252,-9.488221
1800129275,0.201113,-0.593762,-9.457097
1800130451,0.205901,-0.481235,-9.983821
1800131633,0.246603,-0.538695,-10.137050
1800132821,0.296881,-0.617704,-10.414778
1800134015,0.335188,-0.586579,-10.510546
1800135201,0.450110,-0.464475,-10.366894
1800136386,0.603339,-0.390255,-9.437943
1800137574,0.524330,-0.483629,-9.153033
1800138766,0.438139,-0.541090,-9.114726
1800139948,0.323217,-0.579397,-9.224859
1800141135,0.198719,-0.639252,-9.306262
1800142309,0.069432,-0.646434,-9.416395
1800143492,0.038307,-0.488417,-10.263943
1800144675,0.098162,-0.416591,-10.510546
1800145875,0.112527,-0.476446,-10.716447
1800147064,0.160412,-0.462081,-10.467450
1800148245,0.225055,-0.430956,-10.113108
1800149417,0.289698,-0.483629,-9.416395
1800150604,0.339977,-0.466869,-9.299079
1800151797,0.294487,-0.433351,-9.366117
1800152988,0.272939,-0.409408,-9.742006
1800154171,0.215478,-0.404620,-10.041282
1800155352,0.181959,-0.426168,-10.378864
1800156537,0.265756,-0.497994,-10.302250
1800157734,0.270545,-0.531513,-9.976639
1800158916,0.402226,-0.562637,-9.674969
1800160102,0.375890,-0.581791,-9.354146
1800161278,0.361524,-0.565032,-9.203311
1800162459,0.323217,-0.459687,-9.208099
1800163634,0.284910,-0.462081,-9.416395
1800164830,0.280122,-0.399832,-9.691729
1800166018,0.289698,-0.435745,-9.945514
1800167209,0.260968,-0.529119,-10.072407
1800168375,0.260968,-0.548272,-10.079589
1800169567,0.258574,-0.521936,-9.902418
1800170755,0.248997,-0.495600,-9.713276
1800171946,0.258574,-0.507571,-9.605537
1800173131,0.239420,-0.476446,-9.636662
1800174312,0.189142,-0.445322,-9.686940
1800175490,0.232238,-0.509965,-9.751583
1800176678,0.265756,-0.553061,-9.787497
1800177870,0.234632,-0.548272,-9.794679
1800179062,0.277727,-0.529119,-9.794679
1800180240,0.371101,-0.497994,-9.698911
1800181425,0.392649,-0.452504,-9.720459
1800182606,0.402226,-0.550666,-9.904813
1800183802,0.433351,-0.483629,-10.007763
1800184988,0.330400,-0.478840,-10.189722
1800186176,0.373495,-0.533907,-10.187328
1800187354,0.373495,-0.509965,-10.225636
1800188543,0.351948,-0.531513,-10.046070
1800189740,0.325611,-0.533907,-9.974244
1800190930,0.225055,-0.483629,-9.933543
1800192113,0.253785,-0.553061,-9.890448
1800193293,0.260968,-0.569820,-9.830592
1800194459,0.251391,-0.548272,-9.765948
1800195646,0.289698,-0.526724,-9.801862
1800196839,0.294487,-0.536301,-9.782708
1800198035,0.294487,-0.581791,-9.823410
1800199220,0.287304,-0.579397,-9.907207
1800200394,0.323217,-0.541090,-9.974244
1800201569,0.332794,-0.531513,-10.017340
1800202761,0.339977,-0.577003,-10.089166
1800203939,0.323217,-0.526724,-10.038888
1800205129,0.320823,-0.459687,-10.017340
1800206305,0.313640,-0.447716,-10.029311
1800207487,0.316035,-0.493206,-9.935937
1800208667,0.246603,-0.550666,-9.947908
1800209865,0.196325,-0.538695,-9.943120
1800211053,0.186748,-0.550666,-9.907207
1800212247,0.282516,-0.593762,-9.801862
1800213422,0.265756,-0.553061,-9.842564
1800214608,0.256180,-0.500388,-9.844957
1800215800,0.289698,-0.497994,-9.859323
1800216991,0.351948,-0.574608,-9.904813
1800218176,0.363919,-0.538695,-9.770737
1800219357,0.323217,-0.490811,-9.756371
1800220541,0.328006,-0.452504,-9.801862
1800221741,0.308852,-0.514753,-9.840169
1800222926,0.294487,-0.555455,-9.921572
1800224113,0.385466,-0.500388,-9.914390
1800225289,0.395043,-0.500388,-10.029311
1800226479,0.404620,-0.541090,-10.050858
1800227659,0.404620,-0.584185,-10.151415
1800228863,0.447716,-0.565032,-9.995792
1800230052,0.380678,-0.541090,-10.010158
1800231245,0.366313,-0.533907,-10.065224
1800232426,0.349553,-0.493206,-10.034100
1800233612,0.342371,-0.524330,-10.017340
1800234805,0.378284,-0.512359,-10.029311
1800235998,0.363919,-0.493206,-9.988609
1800237182,0.395043,-0.526724,-9.964667
1800238364,0.423774,-0.519542,-9.988609
1800239548,0.390255,-0.605733,-10.026917
1800240748,0.392649,-0.550666,-10.002975
1800241933,0.354342,-0.560243,-9.993398
1800243119,0.380678,-0.502782,-10.050858
1800244295,0.361524,-0.533907,-10.108319
1800245476,0.375890,-0.524330,-10.007763
1800246658,0.418985,-0.430956,-10.000581
1800247861,0.428562,-0.414197,-9.976639
1800249050,0.399832,-0.414197,-10.012551
1800250246,0.397437,-0.464475,-9.971850
1800251415,0.445322,-0.476446,-9.909601
1800252600,0.363919,-0.440533,-10.014946
1800253794,0.380678,-0.493206,-10.043676
1800254983,0.390255,-0.509965,-10.002975
1800256164,0.368707,-0.507571,-9.916783
1800257345,0.359130,-0.435745,-9.878476
1800258527,0.335188,-0.450110,-9.825804
1800259722,0.296881,-0.517148,-9.655815
1800260908,0.244209,-0.483629,-10.105926
1800262100,0.790087,-0.246603,-10.323798
1800263278,0.658405,-0.438139,-7.050924
1800264458,0.957681,-0.474052,-8.157045
1800265636,0.639252,0.093374,-11.176133
1800266824,0.684742,-0.131681,-11.815386
1800268013,0.328006,-0.514753,-10.120291
1800269203,0.311246,-0.526724,-8.954314
1800270369,0.232238,-0.646434,-8.667010
1800271554,0.342371,-0.407014,-9.593566
1800272748,0.270545,-0.442927,-10.113108
1800273938,0.380678,-0.588974,-10.034100
1800275119,0.344765,-0.531513,-9.775525
1800276300,0.457293,-0.519542,-11.207258
1800277480,0.610521,-0.514753,-11.552023
1800278668,0.598550,-0.481235,-9.737218
1800279862,0.581791,-0.617704,-9.081207
1800281052,0.478840,-0.450110,-8.461109
1800282241,0.392649,-0.272939,-8.726865
1800283418,0.414197,-0.277727,-9.117120
1800284600,0.445322,-0.464475,-9.871294
1800285798,0.474052,-0.557849,-10.223241
1800286985,0.526724,-0.617704,-10.144233
1800288169,0.519542,-0.533907,-10.199299
1800289344,0.450110,-0.548272,-9.782708
1800290529,0.464475,-0.545878,-9.576807
1800291724,0.438139,-0.478840,-9.500193
1800292911,0.426168,-0.447716,-9.842564
1800294093,0.454898,-0.301669,-10.139444
1800295275,0.399832,-0.277727,-10.237606
1800296453,0.337582,-0.339977,-10.275913
1800297637,0.215478,-0.430956,-10.304645
1800298829,0.275333,-0.438139,-10.129868
1800300023,0.313640,-0.404620,-9.940725
1800301207,0.337582,-0.469264,-9.785102
1800302379,0.330400,-0.541090,-9.581595
1800303563,0.347159,-0.553061,-9.509769
1800304760,0.409408,-0.505177,-9.744401
1800305945,0.387861,-0.483629,-9.746795
1800307136,0.380678,-0.553061,-9.753978
1800308311,0.402226,-0.615310,-9.641450
1800309498,0.351948,-0.622492,-9.756371
1800310685,0.380678,-0.569820,-9.856929
1800311887,0.363919,-0.505177,-9.878476
1800313077,0.380678,-0.509965,-9.904813
1800314268,0.366313,-0.517148,-9.876082
1800315438,0.354342,-0.502782,-10.002975
1800316620,0.390255,-0.521936,-10.036493
1800317809,0.380678,-0.560243,-9.727641
1800319000,0.323217,-0.560243,-9.698911
1800320187,0.282516,-0.591368,-9.691729
1800321369,0.339977,-0.550666,-9.782708
1800322555,0.308852,-0.543484,-9.818622
1800323753,0.289698,-0.493206,-10.022128
1800324938,0.311246,-0.560243,-10.038888
1800326128,0.328006,-0.608127,-9.991004
1800327302,0.284910,-0.581791,-10.034100
1800328482,0.342371,-0.586579,-9.957485
1800329666,0.258574,-0.533907,-9.952697
1800330865,0.335188,-0.452504,-9.933543
1800332053,0.354342,-0.486023,-9.988609
1800333247,0.435745,-0.478840,-10.036493
1800334428,0.438139,-0.531513,-10.026917
1800335614,0.462081,-0.574608,-10.000581
1800336801,0.385466,-0.531513,-10.137050
1800337991,0.368707,-0.495600,-10.105926
1800339175,0.332794,-0.541090,-10.038888
1800340356,0.347159,-0.555455,-9.967062
1800341539,0.304064,-0.553061,-9.983821
1800342741,0.325611,-0.591368,-9.801862
1800343926,0.356736,-0.553061,-9.809045
1800345111,0.342371,-0.517148,-9.703699
1800346288,0.416591,-0.430956,-9.710882
1800347479,0.445322,-0.445322,-9.706094
1800348661,0.414197,-0.474052,-9.787497
1800349865,0.514753,-0.517148,-9.868899
1800351054,0.433351,-0.509965,-9.859323
1800352249,0.416591,-0.541090,-9.907207
1800353423,0.385466,-0.538695,-9.947908
1800354609,0.299275,-0.478840,-9.888053
1800355802,0.349553,-0.545878,-9.703699
1800356992,0.347159,-0.553061,-9.727641
1800358177,0.344765,-0.500388,-9.782708
1800359357,0.337582,-0.469264,-9.911995
1800360541,0.385466,-0.469264,-9.921572
1800361745,0.277727,-0.459687,-9.844957
1800362929,0.270545,-0.411803,-9.758766
1800364116,0.342371,-0.452504,-9.787497
1800365292,0.409408,-0.452504,-9.852140
1800366477,0.361524,-0.502782,-9.809045
1800367659,0.366313,-0.464475,-9.682152
1800368864,0.373495,-0.529119,-9.648633
1800370053,0.373495,-0.500388,-9.662998
1800371247,0.435745,-0.512359,-9.732430
1800372422,0.426168,-0.486023,-9.765948
1800373605,0.404620,-0.478840,-9.825804
1800374797,0.402226,-0.517148,-9.828198
1800375987,0.445322,-0.471658,-9.780313
1800377172,0.418985,-0.486023,-9.864111
1800378354,0.402226,-0.466869,-9.835381
1800379537,0.411803,-0.435745,-9.871294
1800380739,0.421380,-0.469264,-9.832987
1800381920,0.359130,-0.471658,-9.801862
1800383107,0.368707,-0.430956,-9.911995
1800384283,0.342371,-0.490811,-10.007763
1800385459,0.383072,-0.486023,-9.991004
1800386636,0.395043,-0.462081,-9.986216
1800387831,0.296881,-0.447716,-10.000581
1800389016,0.306458,-0.505177,-9.983821
1800390206,0.339977,-0.531513,-9.923966
1800391374,0.366313,-0.536301,-9.823410
1800392564,0.342371,-0.507571,-9.971850
1800393752,0.347159,-0.486023,-9.969456
1800394942,0.311246,-0.577003,-9.911995
1800396127,0.282516,-0.565032,-9.866506
1800397307,0.253785,-0.574608,-9.919178
1800398484,0.227449,-0.521936,-9.971850
1800399672,0.225055,-0.541090,-9.962274
1800400865,0.282516,-0.548272,-9.919178
1800402059,0.232238,-0.574608,-9.916783
1800403235,0.203507,-0.524330,-9.945514
1800404416,0.215478,-0.514753,-9.957485
1800405598,0.215478,-0.543484,-9.854534
1800406795,0.174777,-0.560243,-9.940725
1800407980,0.203507,-0.574608,-10.038888
1800409166,0.162806,-0.557849,-9.964667
1800410343,0.143652,-0.531513,-9.890448
1800411529,0.138864,-0.584185,-9.840169
1800412723,0.119710,-0.600945,-9.866506
1800413910,0.138864,-0.603339,-9.849746
1800415091,0.148441,-0.600945,-9.952697
1800416281,0.155623,-0.548272,-10.048465
1800417459,0.165200,-0.526724,-10.048465
1800418645,0.198719,-0.553061,-10.022128
1800419837,0.131681,-0.524330,-10.115502
1800421033,0.191536,-0.471658,-10.199299
1800422220,0.193930,-0.486023,-10.158598
1800423402,0.131681,-0.536301,-10.089166
1800424580,0.136469,-0.567426,-9.971850
1800425771,0.155623,-0.550666,-9.959879
1800426953,0.107739,-0.569820,-9.955091
1800428143,0.150835,-0.533907,-9.852140
1800429318,0.162806,-0.476446,-9.794679
1800430501,0.162806,-0.471658,-9.811439
1800431688,0.244209,-0.426168,-9.919178
1800432890,0.134075,-0.514753,-9.969456
1800434077,0.184354,-0.588974,-9.964667
1800435259,0.270545,-0.653617,-9.964667
1800436434,0.270545,-0.627281,-9.957485
1800437617,0.299275,-0.612916,-9.825804
1800438806,0.337582,-0.584185,-9.809045
1800439997,0.308852,-0.497994,-9.840169
1800441181,0.328006,-0.423774,-9.777920
1800442362,0.361524,-0.421380,-9.694122
1800443545,0.339977,-0.536301,-9.672575
1800444748,0.275333,-0.584185,-9.710882
1800445933,0.323217,-0.478840,-9.852140
1800447119,0.239420,-0.466869,-9.832987
1800448296,0.268151,-0.471658,-9.785102
1800449477,0.311246,-0.421380,-9.878476
1800450660,0.258574,-0.435745,-9.988609
1800451864,0.220267,-0.430956,-9.911995
1800453052,0.251391,-0.502782,-9.830592
1800454247,0.272939,-0.533907,-9.739613
1800455419,0.378284,-0.524330,-9.775525
1800456605,0.423774,-0.464475,-9.825804
1800457798,0.442927,-0.421380,-9.847352
1800458988,0.416591,-0.529119,-9.715671
1800460174,0.399832,-0.486023,-9.809045
1800461355,0.392649,-0.486023,-9.888053
1800462538,0.385466,-0.445322,-9.809045
1800463739,0.378284,-0.447716,-9.737218
1800464922,0.363919,-0.577003,-9.758766
1800466105,0.392649,-0.610521,-9.787497
1800467287,0.375890,-0.658405,-9.811439
1800468478,0.399832,-0.555455,-9.907207
1800469660,0.462081,-0.593762,-9.801862
1800470864,0.486023,-0.490811,-9.737218
1800472051,0.450110,-0.284910,-9.722853
1800473245,0.421380,-0.167594,-9.634268
1800474416,0.390255,-0.191536,-9.279925
1800475603,0.294487,-0.306458,-9.296685
1800476796,0.201113,-0.397437,-9.662998
1800477986,0.184354,-0.823605,-10.240001
1800479167,0.248997,-0.883460,-10.058042
1800480348,0.368707,-0.739808,-10.089166
1800481529,0.409408,-0.440533,-10.307038
1800482726,0.454898,-0.296881,-9.988609
1800483911,0.514753,-0.248997,-9.430760
1800485095,0.555455,-0.423774,-9.390059
1800486282,0.469264,-0.593762,-9.162610
1800487464,0.375890,-0.646434,-9.186552
1800488645,0.442927,-0.677559,-9.404425
1800489848,0.390255,-0.593762,-9.557653
1800491039,0.287304,-0.332794,-10.098742
1800492230,0.248997,-0.318429,-10.249578
1800493403,0.225055,-0.373495,-9.892841
1800494586,0.225055,-0.488417,-9.478644
1800495774,0.320823,-0.588974,-9.366117
1800496961,0.435745,-0.591368,-9.430760
1800498141,0.411803,-0.533907,-9.586384
1800499321,0.433351,-0.478840,-9.835381
1800500501,0.361524,-0.378284,-9.928755
1800501693,0.260968,-0.371101,-10.014946
1800502891,0.217872,-0.426168,-10.089166
1800504081,0.110133,-0.517148,-9.835381
1800505268,0.174777,-0.574608,-9.617508
1800506443,0.284910,-0.548272,-9.569624
1800507621,0.318429,-0.486023,-9.538500
1800508810,0.332794,-0.418985,-9.586384
1800509998,0.325611,-0.452504,-9.629479
1800511185,0.217872,-0.514753,-9.617508
1800512362,0.184354,-0.627281,-9.892841
1800513551,0.239420,-0.517148,-10.026917
1800514748,0.232238,-0.481235,-9.686940
1800515938,0.375890,-0.569820,-9.890448
1800517118,0.337582,-0.553061,-10.060435
1800518299,0.323217,-0.469264,-10.127473
1800519477,0.373495,-0.442927,-10.117896
1800520663,0.409408,-0.433351,-9.782708
1800521856,0.349553,-0.481235,-9.634268
1800523055,0.356736,-0.514753,-9.969456
1800524246,0.282516,-0.541090,-10.187328
1800525431,0.237026,-0.514753,-10.309433
1800526608,0.248997,-0.476446,-10.256760
1800527804,0.184354,-0.495600,-9.809045
1800528987,0.062249,-0.505177,-9.248801
1800530176,0.090980,-0.557849,-9.332599
1800531352,0.155623,-0.493206,-9.440337
1800532539,0.179565,-0.457293,-9.595961
1800533737,0.110133,-0.445322,-9.603143
1800534923,0.119710,-0.385466,-9.622296
1800536106,0.201113,-0.385466,-9.895236
1800537286,0.215478,-0.416591,-10.053253
1800538474,0.229843,-0.452504,-10.263943
1800539662,0.270545,-0.483629,-10.393229
1800540863,0.284910,-0.481235,-10.417171
1800542057,0.220267,-0.452504,-10.201694
1800543233,0.256180,-0.488417,-10.062830
1800544414,0.339977,-0.509965,-10.371682
1800545593,0.430956,-0.474052,-10.407595
1800546789,0.416591,-0.478840,-10.625467
1800547969,0.452504,-0.471658,-10.448297
1800549157,0.428562,-0.509965,-10.240001
1800550324,0.409408,-0.483629,-10.132261
1800551507,0.397437,-0.471658,-10.041282
1800552692,0.399832,-0.457293,-9.964667
1800553895,0.363919,-0.469264,-9.945514
1800555081,0.356736,-0.536301,-9.718064
1800556261,0.284910,-0.569820,-9.768343
1800557436,0.246603,-0.490811,-9.794679
1800558618,0.272939,-0.509965,-9.787497
1800559806,0.320823,-0.495600,-9.770737
1800560996,0.294487,-0.457293,-9.825804
1800562182,0.330400,-0.466869,-9.825804
1800563361,0.306458,-0.514753,-9.768343
1800564545,0.392649,-0.435745,-9.883265
1800565748,0.332794,-0.445322,-9.926360
1800566933,0.304064,-0.471658,-9.926360
1800568119,0.450110,-0.505177,-9.991004
1800569293,0.387861,-0.490811,-9.854534
1800570484,0.380678,-0.548272,-9.852140
1800571667,0.478840,-0.560243,-9.907207
1800572864,0.486023,-0.591368,-9.892841
1800574052,0.447716,-0.545878,-9.998186
1800575248,0.409408,-0.531513,-9.919178
1800576419,0.375890,-0.569820,-9.971850
1800577605,0.363919,-0.488417,-9.955091
1800578798,0.354342,-0.514753,-10.096349
1800579989,0.301669,-0.526724,-10.053253
1800581174,0.289698,-0.486023,-9.988609
1800582356,0.306458,-0.478840,-9.957485
1800583538,0.311246,-0.483629,-9.995792
1800584741,0.328006,-0.538695,-10.086772
1800585923,0.411803,-0.533907,-10.170568
1800587109,0.366313,-0.524330,-10.292673
1800592517,0.402226,-0.572214,-10.038888
1800593710,0.438139,-0.562637,-9.974244
1800594905,0.486023,-0.569820,-10.010158
1800596096,0.502782,-0.574608,-9.849746
1800597271,0.452504,-0.536301,-9.797073
1800598448,0.502782,-0.574608,-9.830592
1800599625,0.531513,-0.603339,-9.770737
1800600817,0.459687,-0.603339,-9.785102
1800601999,0.457293,-0.541090,-9.792285
1800603188,0.541090,-0.565032,-9.667787
1800604364,0.543484,-0.565032,-9.574412
1800605555,0.488417,-0.572214,-9.562442
1800606749,0.483629,-0.543484,-9.500193
1800607939,0.486023,-0.529119,-9.507375
1800609124,0.519542,-0.500388,-9.564836
1800610304,0.462081,-0.541090,-9.593566
1800611479,0.574608,-0.581791,-9.572019
1800612666,0.560243,-0.608127,-9.670180
1800613856,0.555455,-0.572214,-9.588778
1800615055,0.598550,-0.608127,-9.682152
1800616245,0.608127,-0.562637,-9.775525
1800617424,0.567426,-0.562637,-9.785102
1800618606,0.488417,-0.531513,-9.746795
1800619805,0.481235,-0.541090,-9.727641
1800620991,0.533907,-0.593762,-9.742006
1800622177,0.529119,-0.569820,-9.811439
1800623354,0.459687,-0.574608,-9.828198
1800624542,0.452504,-0.565032,-9.837775
1800625739,0.442927,-0.548272,-9.876082
1800626929,0.423774,-0.610521,-9.864111
1800628111,0.483629,-0.581791,-9.825804
1800629293,0.466869,-0.605733,-9.746795
1800630460,0.509965,-0.600945,-9.797073
1800631644,0.505177,-0.574608,-9.904813
1800632834,0.409408,-0.565032,-9.902418
1800634025,0.438139,-0.600945,-9.861717
1800635210,0.426168,-0.586579,-9.988609
1800636390,0.445322,-0.550666,-9.964667
1800637578,0.486023,-0.519542,-10.007763
1800638771,0.450110,-0.550666,-10.110714
1800639951,0.483629,-0.548272,-10.060435
1800641143,0.474052,-0.512359,-10.127473
1800642320,0.452504,-0.493206,-10.110714
1800643502,0.421380,-0.555455,-9.991004
1800644688,0.433351,-0.495600,-9.880871
1800645886,0.483629,-0.502782,-9.828198
1800647074,0.497994,-0.536301,-9.801862
1800648255,0.502782,-0.531513,-9.720459
1800649429,0.495600,-0.507571,-9.619903
1800650613,0.430956,-0.507571,-9.691729
1800651806,0.490811,-0.495600,-9.768343
1800652997,0.409408,-0.440533,-9.763555
1800654181,0.469264,-0.519542,-9.605537
1800655362,0.478840,-0.478840,-9.758766
1800656545,0.493206,-0.462081,-9.773131
1800657747,0.466869,-0.469264,-9.799467
1800658933,0.476446,-0.481235,-9.713276
1800660117,0.416591,-0.483629,-9.720459
1800661294,0.476446,-0.462081,-9.627085
1800662475,0.399832,-0.416591,-9.667787
1800663658,0.411803,-0.430956,-9.789890
1800664861,0.464475,-0.423774,-9.732430
1800666047,0.445322,-0.414197,-9.761160
1800667237,0.366313,-0.469264,-9.837775
1800668414,0.409408,-0.466869,-9.816227
1800669597,0.380678,-0.486023,-9.876082
1800670787,0.359130,-0.464475,-9.916783
1800671977,0.402226,-0.471658,-9.806650
1800673158,0.330400,-0.392649,-9.763555
1800674332,0.237026,-0.351948,-9.926360
1800675511,-0.050278,-0.095768,-10.931925
1800676709,0.131681,-0.411803,-11.896789
1800677903,1.074997,-1.558625,-10.333375
1800679096,1.903390,-2.023100,-9.416395
1800680281,2.279280,0.876278,-10.812215
1800681458,1.795651,1.211466,-7.857770
1800682631,0.687136,0.842759,-4.778827
1800683818,-0.292093,-0.169988,-5.530606
1800685012,-0.828394,-1.005565,-8.437167
1800686208,-0.430956,-1.477222,-10.103531
1800687382,0.246603,-1.108515,-10.089166
1800688575,0.802058,-0.385466,-10.168175
1800689763,0.893037,0.409408,-11.235989
1800690942,0.646434,0.538695,-11.446678
1800692119,0.435745,0.052672,-11.504139
1800693294,0.409408,-0.785298,-9.639056
1800694460,0.359130,-0.818817,-9.222465
1800695646,0.402226,-0.579397,-9.390059
1800696836,0.505177,-0.239420,-9.866506
1800698028,0.404620,-0.131681,-9.988609
1800699212,0.397437,-0.083797,-11.235989
1800700393,0.313640,-0.196325,-11.338940
1800701571,0.153229,-0.557849,-10.685322
1800702766,0.088585,-0.840365,-9.811439
1800703946,0.184354,-0.816423,-9.047688
1800705136,0.440533,-0.677559,-8.836999
1800706312,0.826000,-0.287304,-10.110714
1800707491,0.754174,-0.361524,-9.734824
1800708675,0.454898,-0.423774,-9.409213
1800709875,0.155623,-0.373495,-9.639056
1800711063,0.028730,-0.342371,-9.900024
1800712242,0.146046,-0.397437,-10.254366
1800713419,0.179565,-0.392649,-10.366894
1800714607,0.174777,-0.366313,-10.235212
1800715802,0.191536,-0.328006,-10.390836
1800716991,0.181959,-0.282516,-10.745177
1800718178,0.179565,-0.318429,-10.630256
1800719355,0.105345,-0.538695,-9.962274
1800720538,0.138864,-0.610521,-9.947908
1800721740,0.090980,-0.581791,-9.794679
1800722920,0.057461,-0.538695,-9.730036
1800724106,0.126893,-0.488417,-9.569624
1800725288,0.196325,-0.462081,-10.017340
1800726479,0.270545,-0.502782,-10.285490
1800727662,0.284910,-0.521936,-10.251971
1800728867,0.313640,-0.548272,-10.192117
1800730056,0.272939,-0.572214,-10.007763
1800731251,0.100556,-0.533907,-9.935937
1800732425,0.014365,-0.562637,-9.751583
1800733611,-0.019154,-0.512359,-9.706094
1800734810,0.002394,-0.474052,-9.658210
1800736000,0.067038,-0.517148,-9.902418
1800737184,0.095768,-0.584185,-9.801862
1800738362,0.102951,-0.646434,-10.081984
1800739546,0.090980,-0.636858,-10.249578
1800740748,0.112527,-0.651223,-10.307038
1800741933,0.105345,-0.612916,-10.299856
1800743121,0.110133,-0.629675,-10.273520
1800744297,0.203507,-0.644040,-10.261548
1800745477,0.215478,-0.644040,-10.089166
1800746660,0.220267,-0.677559,-9.904813
1800747863,0.189142,-0.660800,-10.060435
1800749048,0.229843,-0.620098,-10.125079
1800750237,0.270545,-0.598550,-10.196905
1800751409,0.306458,-0.533907,-10.230424
1800752591,0.311246,-0.514753,-10.187328
1800753784,0.313640,-0.560243,-10.149021
1800754970,0.328006,-0.567426,-10.172963
1800756153,0.318429,-0.550666,-10.275913
1800757334,0.265756,-0.543484,-10.244789
1800758522,0.205901,-0.603339,-10.156203
1800759714,0.172383,-0.610521,-10.182540
1800760909,0.193930,-0.572214,-10.110714
1800762101,0.239420,-0.572214,-9.969456
1800763277,0.299275,-0.529119,-9.720459
1800764458,0.258574,-0.533907,-9.708488
1800765636,0.292093,-0.567426,-9.832987
1800766832,0.268151,-0.591368,-9.828198
1800768021,0.270545,-0.490811,-9.861717
1800769210,0.208296,-0.519542,-9.816227
1800770380,0.033519,-0.545878,-9.801862
1800771570,0.028730,-0.567426,-9.830592
1800772757,0.043096,-0.526724,-9.809045
1800773947,-0.031125,-0.536301,-9.852140
1800775139,0.007183,-0.512359,-9.876082
1800776316,-0.011971,-0.507571,-9.962274
1800777500,0.023942,-0.483629,-9.923966
1800778691,0.098162,-0.371101,-9.758766
1800779888,0.138864,-0.351948,-9.698911
1800781079,0.160412,-0.361524,-9.617508
1800782255,0.158017,-0.430956,-9.473856
1800783434,0.158017,-0.447716,-9.512163
1800784611,0.213084,-0.418985,-9.536105
1800785807,0.239420,-0.392649,-9.507375
1800786994,0.272939,-0.416591,-9.521740
1800788184,0.347159,-0.418985,-9.500193
1800789360,0.416591,-0.452504,-9.421184
1800790548,0.450110,-0.440533,-9.493010
1800791743,0.423774,-0.464475,-9.533711
1800792934,0.452504,-0.466869,-9.543288
1800794116,0.507571,-0.450110,-9.548077
1800795296,0.493206,-0.433351,-9.516952
1800796463,0.476446,-0.402226,-9.653421
1800797649,0.495600,-0.428562,-9.622296
1800798837,0.497994,-0.409408,-9.691729
1800800029,0.533907,-0.407014,-9.720459
1800801213,0.529119,-0.433351,-9.720459
1800802393,0.560243,-0.421380,-9.667787
1800803568,0.519542,-0.466869,-9.734824
1800804759,0.543484,-0.438139,-9.799467
1800805947,0.533907,-0.478840,-9.801862
1800807135,0.526724,-0.466869,-9.832987
1800808312,0.500388,-0.476446,-9.864111
1800809494,0.517148,-0.512359,-9.842564
1800810678,0.529119,-0.469264,-9.911995
1800811878,0.500388,-0.509965,-9.864111
1800813062,0.524330,-0.514753,-9.816227
1800814243,0.512359,-0.452504,-9.801862
1800815420,0.486023,-0.481235,-9.789890
1800816605,0.474052,-0.397437,-9.880871
1800817798,0.452504,-0.392649,-9.890448
1800818989,0.421380,-0.474052,-9.928755
1800820174,0.459687,-0.471658,-9.868899
1800821356,0.342371,-0.469264,-9.900024
1800822538,0.409408,-0.483629,-9.897630
1800823739,0.383072,-0.505177,-9.799467
1800824921,0.404620,-0.531513,-9.801862
1800826106,0.373495,-0.493206,-9.864111
1800827288,0.438139,-0.555455,-9.832987
1800828479,0.474052,-0.536301,-9.818622
1800829662,0.502782,-0.509965,-9.835381
1800830866,0.548272,-0.500388,-9.835381
1800832053,0.497994,-0.548272,-9.818622
1800833249,0.464475,-0.543484,-9.931149
1800834425,0.450110,-0.529119,-9.861717
1800835610,0.490811,-0.512359,-9.885659
1800836801,0.474052,-0.565032,-9.904813
1800837989,0.426168,-0.519542,-9.981427
1800839176,0.371101,-0.476446,-10.007763
1800840357,0.354342,-0.514753,-10.010158
1800841540,0.361524,-0.493206,-10.000581
1800842741,0.311246,-0.531513,-9.919178
1800843924,0.344765,-0.572214,-9.859323
1800845112,0.428562,-0.581791,-9.928755
1800846289,0.385466,-0.557849,-9.935937
1800847481,0.378284,-0.567426,-10.079589
1800848665,0.354342,-0.550666,-9.991004
1800849863,0.373495,-0.529119,-10.060435
1800851049,0.368707,-0.557849,-9.914390
1800852239,0.354342,-0.538695,-9.991004
1800853410,0.349553,-0.545878,-9.962274
1800854594,0.332794,-0.550666,-10.079589
1800855786,0.351948,-0.591368,-10.077195
1800856973,0.383072,-0.507571,-10.043676
1800858154,0.414197,-0.524330,-10.062830
1800859332,0.383072,-0.567426,-10.110714
1800860518,0.395043,-0.531513,-10.120291
1800861712,0.385466,-0.641646,-10.117896
1800862907,0.387861,-0.557849,-10.041282
1800864100,0.387861,-0.550666,-10.089166
1800865287,0.363919,-0.562637,-10.120291
1800866478,0.332794,-0.531513,-9.813833
1800867662,0.318429,-0.517148,-9.900024
1800868862,0.395043,-0.509965,-9.902418
1800870048,0.380678,-0.538695,-10.091560
1800871237,0.411803,-0.588974,-10.235212
1800872410,0.466869,-0.610521,-10.251971
1800873594,0.478840,-0.533907,-9.964667
1800874785,0.447716,-0.610521,-9.837775
1800875972,0.399832,-0.567426,-9.883265
1800877152,0.438139,-0.538695,-9.983821
1800878333,0.418985,-0.478840,-9.971850
1800879514,0.366313,-0.507571,-9.864111
1800880707,0.380678,-0.469264,-9.789890
1800881906,0.316035,-0.502782,-9.595961
1800883097,0.258574,-0.545878,-9.481039
1800884285,0.332794,-0.500388,-9.773131
1800885475,0.351948,-0.486023,-9.789890
1800886656,0.272939,-0.428562,-9.931149
1800887860,0.222661,-0.462081,-9.921572
1800889054,0.263362,-0.493206,-9.694122
1800890249,0.239420,-0.495600,-9.579201
1800891416,0.205901,-0.481235,-9.911995
1800892603,0.158017,-0.416591,-9.655815
1800893797,0.217872,-0.347159,-9.907207
1800894986,0.184354,-0.454898,-9.935937
1800896169,0.220267,-0.435745,-9.739613
1800897351,0.244209,-0.430956,-9.952697
1800898533,0.126893,-0.471658,-9.567230
1800899732,0.210690,-0.478840,-9.773131
1800900913,0.162806,-0.435745,-9.885659
1800902100,0.203507,-0.490811,-9.813833
1800903281,0.160412,-0.500388,-9.799467
1800904461,0.177171,-0.483629,-9.658210
1800905640,0.184354,-0.454898,-9.995792
1800906834,0.210690,-0.486023,-9.969456
1800908021,0.237026,-0.476446,-9.727641
1800909211,0.208296,-0.452504,-9.610326
1800910377,0.181959,-0.469264,-9.667787
1800911568,0.213084,-0.421380,-9.837775
1800912756,0.232238,-0.433351,-9.859323
1800913948,0.227449,-0.440533,-9.916783
1800915134,0.093374,-0.466869,-9.804255
1800916314,0.129287,-0.483629,-9.837775
1800917493,0.141258,-0.452504,-9.926360
1800918680,0.136469,-0.440533,-10.046070
1800919874,0.064643,-0.452504,-10.342952
1800921067,0.047884,-0.375890,-10.558430
1800922243,0.067038,-0.459687,-10.295067
1800923427,0.131681,-0.684742,-9.560047
1800924608,0.368707,-0.536301,-9.217676
1800925805,0.454898,-0.430956,-9.648633
1800926991,0.497994,-0.296881,-9.617508
1800928181,0.404620,-0.301669,-9.516952
1800929357,0.272939,-0.409408,-9.727641
1800930544,-0.208296,-0.306458,-10.496181
1800931748,-0.232238,-0.658405,-9.512163
1800932944,-0.088585,-0.802058,-8.765172
1800934134,0.079009,-0.684742,-9.418790
1800935313,0.260968,-0.447716,-11.348516
1800936492,0.378284,-0.318429,-12.411542
1800937681,0.208296,-0.351948,-10.584765
1800938877,0.050278,-0.258574,-9.203311
1800940069,-0.375890,0.296881,-7.984663
1800941245,-0.208296,0.299275,-7.297527
1800942422,0.237026,-1.474828,-6.026206
1800943603,0.897826,-1.656788,-10.917560
1800944802,1.237802,-1.295263,-13.436260
1800945986,0.960075,-0.237026,-11.710040
1800947170,0.366313,0.450110,-7.577648
1800948341,-0.074220,0.169988,-6.926425
1800949531,-0.577003,0.067038,-7.714118
1800950724,0.471658,0.584185,-14.628572
1800951910,0.818817,-0.612916,-3.045424
1800953091,1.934515,-0.574608,-4.927267
1800954283,0.866701,-0.543484,-9.993398
1800955455,1.556231,1.340753,-16.366762
1800956634,-0.193930,-1.788469,-10.773908
1800957832,-0.471658,-2.109292,-10.709264
1800959036,-0.713472,-2.116474,-9.267955
1800960228,-0.119710,-2.039860,-7.132327
1800961416,-0.474052,0.258574,-6.639122
1800962594,0.265756,1.063026,-10.386047
1800963784,0.339977,0.146046,-10.462662
1800964960,0.201113,-1.817199,-12.820951
1800966146,0.579397,-1.886631,-14.549563
1800967324,0.682347,-1.673547,-15.002068
1800968507,0.644040,-0.462081,-12.045229
1800969693,0.155623,-0.624887,-6.974309
1800970895,-0.196325,-0.129287,-7.572860
1800972087,0.067038,0.184354,-9.823410
1800973271,0.363919,0.399832,-11.338940
1800974436,0.529119,-0.021548,-10.647015
1800975617,0.596156,-0.790087,-8.327033
1800976804,0.608127,-1.051055,-8.303091
1800977992,0.428562,-0.857124,-9.028535
1800979177,0.356736,-0.780510,-9.378088
1800980358,0.251391,-0.912191,-9.734824
1800981542,0.366313,-0.706290,-10.357317
1800982744,0.517148,-0.371101,-10.840945
1800983930,0.603339,-0.371101,-10.814610
1800985116,0.383072,-0.440533,-10.642226
1800986293,0.102951,-0.543484,-10.180145
1800987484,-0.016759,-0.497994,-10.127473
1800988674,0.057461,-0.368707,-9.562442
1800989873,0.213084,-0.430956,-9.406818
1800991060,0.387861,-0.418985,-9.437943
1800992242,0.433351,-0.438139,-9.603143
1800993419,0.416591,-0.426168,-9.540894
1800994606,0.277727,-0.691924,-9.059659
1800995799,0.248997,-0.696713,-8.939949
1800996990,0.196325,-0.689530,-8.975863
1800998175,0.217872,-0.574608,-8.930372
1800999356,0.256180,-0.483629,-8.932767
1801000539,0.272939,-0.474052,-9.205706
1801001740,0.423774,-0.617704,-10.139444
1801002923,0.428562,-0.600945,-10.699687
1801004110,0.411803,-0.474052,-10.625467
1801005287,0.416591,-0.418985,-10.412383
1801006474,0.517148,-0.421380,-10.311827
1801007657,0.608127,-0.407014,-9.892841
1801008860,0.608127,-0.495600,-9.639056
1801010051,0.567426,-0.591368,-9.643845
1801011246,0.543484,-0.644040,-9.440337
1801012417,0.524330,-0.605733,-9.495404
1801013602,0.541090,-0.615310,-9.765948
1801014792,0.521936,-0.588974,-10.180145
1801015980,0.450110,-0.610521,-10.268731
1801017162,0.399832,-0.679953,-10.390836
1801018344,0.356736,-0.641646,-10.594342
1801019527,0.311246,-0.641646,-10.601525
1801020727,0.392649,-0.577003,-10.230424
1801021911,0.462081,-0.581791,-10.125079
1801023096,0.445322,-0.593762,-10.041282
1801024273,0.486023,-0.545878,-10.077195
1801025455,0.543484,-0.464475,-9.971850
1801026633,0.562637,-0.423774,-9.976639
1801027827,0.598550,-0.411803,-9.979033
1801029011,0.596156,-0.440533,-9.950302
1801030194,0.555455,-0.538695,-9.967062
1801031371,0.555455,-0.562637,-10.002975
1801032562,0.500388,-0.581791,-9.926360
1801033755,0.371101,-0.591368,-9.583989
1801034945,0.349553,-0.596156,-9.526528
1801036131,0.378284,-0.574608,-9.514558
1801037311,0.349553,-0.536301,-9.557653
1801038488,0.399832,-0.593762,-9.648633
1801039677,0.354342,-0.622492,-9.739613
1801040872,0.323217,-0.627281,-9.744401
1801042065,0.292093,-0.634463,-9.859323
1801043242,0.241814,-0.648829,-9.902418
1801044427,0.146046,-0.624887,-9.674969
1801045608,0.114922,-0.574608,-9.509769
1801046805,0.138864,-0.548272,-9.524135
1801047993,0.179565,-0.529119,-9.509769
1801049183,0.167594,-0.507571,-9.562442
1801050360,0.234632,-0.483629,-9.615114
1801051549,0.177171,-0.452504,-9.746795
1801052747,0.122104,-0.577003,-9.983821
1801053936,0.112527,-0.550666,-10.168175
1801055119,0.088585,-0.502782,-10.230424
1801056300,0.098162,-0.486023,-10.187328
1801057476,0.143652,-0.517148,-10.079589
1801058665,0.232238,-0.548272,-9.959879
1801059865,0.347159,-0.548272,-9.744401
1801061056,0.404620,-0.574608,-9.684546
1801062245,0.454898,-0.596156,-9.775525
1801063431,0.476446,-0.648829,-9.787497
1801064613,0.440533,-0.679953,-9.730036
1801065807,0.474052,-0.627281,-9.825804
1801066994,0.416591,-0.574608,-9.868899
1801068184,0.330400,-0.567426,-9.864111
1801069360,0.272939,-0.598550,-9.926360
1801070546,0.275333,-0.550666,-10.017340
1801071743,0.282516,-0.584185,-10.002975
1801072933,0.289698,-0.600945,-9.988609
1801074114,0.306458,-0.591368,-10.019734
1801075295,0.292093,-0.572214,-10.019734
1801076462,0.287304,-0.574608,-9.952697
1801077648,0.272939,-0.584185,-9.792285
1801078840,0.347159,-0.497994,-9.770737
1801080036,0.323217,-0.548272,-9.916783
1801081222,0.294487,-0.517148,-9.840169
1801082397,0.280122,-0.438139,-9.840169
1801083575,0.306458,-0.488417,-9.914390
1801084767,0.241814,-0.435745,-9.993398
1801085950,0.217872,-0.497994,-10.058042
1801087140,0.227449,-0.421380,-10.043676
1801088316,0.232238,-0.469264,-9.933543
1801089500,0.256180,-0.488417,-9.878476
1801090683,0.246603,-0.447716,-9.844957
1801091883,0.227449,-0.505177,-9.794679
1801093071,0.244209,-0.512359,-9.782708
1801094257,0.174777,-0.509965,-9.672575
1801095432,0.268151,-0.493206,-9.672575
1801096620,0.280122,-0.500388,-9.737218
1801097807,0.248997,-0.536301,-9.804255
1801098996,0.210690,-0.531513,-9.794679
1801100181,0.169988,-0.497994,-9.737218
1801101363,0.210690,-0.495600,-9.739613
1801102545,0.217872,-0.486023,-9.763555
1801103747,0.184354,-0.454898,-9.684546
1801104933,0.205901,-0.488417,-9.674969
1801106119,0.263362,-0.447716,-9.696517
1801107294,0.258574,-0.423774,-9.811439
1801108486,0.260968,-0.433351,-9.911995
1801109669,0.237026,-0.457293,-9.998186
1801110868,0.289698,-0.442927,-10.089166
1801112057,0.277727,-0.440533,-10.105926
1801113253,0.229843,-0.440533,-10.134656
1801114429,0.227449,-0.474052,-10.093954
1801115615,0.234632,-0.452504,-10.120291
1801116809,0.246603,-0.392649,-9.813833
1801118001,0.210690,-0.385466,-9.861717
1801119185,0.248997,-0.392649,-9.880871
1801120367,0.325611,-0.385466,-9.943120
1801121551,0.335188,-0.397437,-9.854534
1801122748,0.323217,-0.402226,-9.892841
1801123933,0.292093,-0.454898,-9.873688
1801125120,0.294487,-0.445322,-9.866506
1801126296,0.351948,-0.411803,-9.842564
1801127478,0.351948,-0.409408,-9.873688
1801128658,0.349553,-0.447716,-9.835381
1801129863,0.411803,-0.474052,-9.720459
1801131055,0.476446,-0.418985,-9.765948
1801132251,0.548272,-0.423774,-9.823410
1801133426,0.555455,-0.426168,-9.761160
1801134612,0.543484,-0.438139,-9.856929
1801135804,0.557849,-0.430956,-9.998186
1801136991,0.447716,-0.438139,-10.007763
1801138170,0.476446,-0.464475,-9.940725
1801139352,0.497994,-0.402226,-9.969456
1801140533,0.507571,-0.399832,-9.952697
1801141729,0.533907,-0.435745,-9.952697
1801142911,0.521936,-0.359130,-9.856929
1801144103,0.512359,-0.421380,-9.852140
1801145289,0.584185,-0.435745,-9.897630
1801146479,0.586579,-0.416591,-9.864111
1801147662,0.584185,-0.447716,-9.876082
1801148866,0.507571,-0.440533,-10.005369
1801150053,0.512359,-0.457293,-9.964667
1801151248,0.474052,-0.505177,-10.081984
1801152419,0.505177,-0.442927,-10.034100
1801153604,0.474052,-0.462081,-9.969456
1801154792,0.493206,-0.517148,-9.986216
1801155982,0.433351,-0.500388,-9.926360
1801157163,0.438139,-0.526724,-9.777920
1801158344,0.445322,-0.521936,-9.864111
1801159527,0.454898,-0.531513,-9.895236
1801160727,0.433351,-0.541090,-9.837775
1801161911,0.402226,-0.457293,-9.897630
1801163102,0.392649,-0.514753,-9.813833
1801164285,0.390255,-0.500388,-9.883265
1801165475,0.402226,-0.483629,-9.945514
1801166656,0.380678,-0.464475,-10.007763
1801167860,0.433351,-0.440533,-9.866506
1801169052,0.366313,-0.450110,-9.911995
1801170242,0.363919,-0.459687,-9.883265
1801171414,0.344765,-0.497994,-9.835381
1801172598,0.335188,-0.509965,-9.732430
1801173789,0.323217,-0.524330,-9.782708
1801174975,0.349553,-0.478840,-9.876082
1801176156,0.356736,-0.466869,-9.849746
1801177344,0.368707,-0.505177,-9.777920
1801178524,0.421380,-0.507571,-9.789890
1801179722,0.407014,-0.495600,-9.888053
1801180908,0.378284,-0.545878,-9.753978
1801182100,0.416591,-0.507571,-9.797073
1801183286,0.402226,-0.517148,-9.789890
1801184477,0.447716,-0.548272,-9.744401
1801185658,0.476446,-0.524330,-9.744401
1801186862,0.486023,-0.553061,-9.742006
1801188053,0.502782,-0.562637,-9.701305
1801189247,0.478840,-0.572214,-9.756371
1801190419,0.450110,-0.555455,-9.847352
1801191605,0.445322,-0.509965,-9.890448
1801192797,0.483629,-0.560243,-9.852140
1801193987,0.476446,-0.634463,-10.120291
1801195170,0.385466,-0.581791,-10.101137
1801196352,0.337582,-0.474052,-10.103531
1801197536,0.371101,-0.526724,-9.828198
1801198735,0.409408,-0.497994,-9.586384
1801199916,0.385466,-0.529119,-9.639056
1801201103,0.435745,-0.577003,-9.706094
1801202277,0.454898,-0.627281,-9.876082
1801203459,0.380678,-0.658405,-9.998186
1801204637,0.392649,-0.588974,-9.979033
1801205833,0.366313,-0.591368,-9.983821
1801207022,0.390255,-0.574608,-9.976639
1801208211,0.430956,-0.627281,-9.897630
1801209375,0.407014,-0.569820,-9.756371
1801210560,0.423774,-0.526724,-9.653421
1801211754,0.426168,-0.538695,-9.852140
1801212944,0.368707,-0.497994,-9.923966
1801214129,0.356736,-0.533907,-9.816227
1801215310,0.347159,-0.624887,-9.758766
1801216489,0.368707,-0.651223,-9.864111
1801217677,0.342371,-0.629675,-9.923966
1801218872,0.399832,-0.567426,-9.868899
1801220066,0.347159,-0.507571,-9.828198
1801221243,0.282516,-0.486023,-9.823410
1801222427,0.380678,-0.521936,-9.667787
1801223608,0.356736,-0.555455,-9.677363
1801224806,0.349553,-0.536301,-9.665392
1801225992,0.339977,-0.565032,-9.698911
1801227182,0.371101,-0.567426,-9.742006
1801228357,0.359130,-0.536301,-9.720459
1801229541,0.304064,-0.543484,-9.782708
1801230735,0.308852,-0.545878,-9.718064
1801231921,0.371101,-0.581791,-9.732430
1801233102,0.399832,-0.514753,-9.718064
1801234282,0.368707,-0.529119,-9.809045
1801235458,0.359130,-0.545878,-9.830592
1801236641,0.363919,-0.481235,-9.837775
1801237833,0.361524,-0.553061,-9.797073
1801239025,0.335188,-0.569820,-9.828198
1801240210,0.359130,-0.536301,-9.770737
1801241388,0.318429,-0.517148,-9.794679
1801242577,0.347159,-0.562637,-9.859323
1801243770,0.375890,-0.553061,-9.876082
1801244951,0.323217,-0.567426,-9.809045
1801246142,0.339977,-0.543484,-9.840169
1801247318,0.351948,-0.610521,-9.947908
1801248500,0.339977,-0.600945,-9.998186
1801249683,0.385466,-0.548272,-10.014946
1801250883,0.423774,-0.543484,-10.017340
1801252069,0.332794,-0.481235,-10.101137
1801253251,0.380678,-0.500388,-10.108319
1801254422,0.371101,-0.502782,-10.029311
1801255607,0.414197,-0.541090,-9.981427
1801256800,0.454898,-0.560243,-9.945514
1801257990,0.337582,-0.533907,-9.974244
1801259176,0.368707,-0.545878,-9.959879
1801260357,0.392649,-0.545878,-9.962274
1801261541,0.397437,-0.543484,-10.046070
1801262743,0.347159,-0.509965,-9.923966
1801263925,0.361524,-0.435745,-9.828198
1801265113,0.385466,-0.497994,-9.854534
1801266290,0.380678,-0.536301,-9.828198
1801267480,0.356736,-0.533907,-9.813833
1801268663,0.368707,-0.490811,-9.789890
1801269866,0.280122,-0.565032,-9.849746
1801271052,0.311246,-0.495600,-9.794679
1801272247,0.328006,-0.519542,-9.763555
1801273418,0.282516,-0.524330,-9.856929
1801274604,0.282516,-0.519542,-9.768343
1801275798,0.265756,-0.514753,-9.847352
1801276989,0.339977,-0.519542,-9.998186
1801278172,0.304064,-0.586579,-9.753978
1801279353,0.284910,-0.579397,-9.861717
1801280536,0.272939,-0.550666,-9.801862
1801281735,0.304064,-0.538695,-9.789890
1801282915,0.268151,-0.550666,-9.868899
1801284102,0.287304,-0.478840,-9.871294
1801285278,0.308852,-0.454898,-9.852140
1801286459,0.318429,-0.476446,-9.880871
1801287637,0.294487,-0.512359,-9.938332
1801288834,0.241814,-0.450110,-9.947908
1801290021,0.270545,-0.536301,-9.957485
1801291208,0.253785,-0.531513,-9.876082
1801292375,0.270545,-0.519542,-9.911995
1801293566,0.328006,-0.471658,-10.077195
1801294759,0.270545,-0.493206,-10.029311
1801295949,0.270545,-0.502782,-9.979033
1801297134,0.371101,-0.502782,-9.883265
1801298314,0.292093,-0.462081,-10.005369
1801299496,0.263362,-0.462081,-9.979033
1801300683,0.313640,-0.553061,-9.813833
1801301877,0.311246,-0.584185,-10.022128
1801303071,0.318429,-0.462081,-10.319010
1801304244,0.296881,-0.505177,-10.158598
1801305430,0.260968,-0.533907,-9.902418
1801306610,0.263362,-0.526724,-9.722853
1801307809,0.337582,-0.474052,-9.873688
1801308996,0.356736,-0.466869,-10.022128
1801310186,0.330400,-0.562637,-9.830592
1801311362,0.320823,-0.500388,-10.007763
1801312548,0.313640,-0.471658,-9.878476
1801313746,0.282516,-0.423774,-9.742006
1801314932,0.330400,-0.459687,-9.818622
1801316113,0.239420,-0.529119,-9.801862
1801317294,0.241814,-0.493206,-9.782708
1801318480,0.263362,-0.464475,-9.861717
1801319668,0.241814,-0.476446,-9.806650
1801320862,0.258574,-0.493206,-9.780313
1801322059,0.292093,-0.502782,-9.715671
1801323249,0.263362,-0.471658,-9.797073
1801324429,0.253785,-0.440533,-9.818622
1801325611,0.306458,-0.464475,-9.742006
1801326807,0.265756,-0.433351,-9.785102
1801327992,0.263362,-0.435745,-9.811439
1801329183,0.292093,-0.481235,-9.794679
1801330360,0.270545,-0.474052,-9.770737
1801331547,0.277727,-0.438139,-9.615114
1801332745,0.258574,-0.486023,-9.627085
1801333935,0.318429,-0.481235,-9.763555
1801335117,0.344765,-0.507571,-9.780313
1801336298,0.284910,-0.481235,-9.775525
1801337475,0.323217,-0.469264,-9.761160
1801338661,0.263362,-0.512359,-9.756371
1801339861,0.280122,-0.538695,-9.713276
1801341059,0.299275,-0.497994,-9.775525
1801342250,0.241814,-0.493206,-9.914390
1801343429,0.260968,-0.512359,-9.933543
1801344611,0.325611,-0.502782,-9.866506
1801345808,0.383072,-0.476446,-9.859323
1801346995,0.335188,-0.500388,-9.866506
1801348184,0.287304,-0.502782,-9.725247
1801349360,0.289698,-0.474052,-9.801862
1801350548,0.299275,-0.495600,-9.744401
1801351744,0.287304,-0.517148,-9.890448
1801352934,0.344765,-0.474052,-9.995792
1801354116,0.296881,-0.478840,-9.964667
1801355297,0.313640,-0.478840,-9.950302
1801356462,0.287304,-0.454898,-10.005369
1801357641,0.275333,-0.490811,-9.945514
1801358833,0.272939,-0.502782,-9.895236
1801360026,0.265756,-0.459687,-9.809045
1801361211,0.275333,-0.462081,-9.892841
1801362382,0.251391,-0.462081,-9.940725
1801363568,0.292093,-0.474052,-9.947908
1801364760,0.349553,-0.486023,-9.916783
1801365947,0.375890,-0.483629,-9.888053
1801367137,0.294487,-0.476446,-9.852140
1801368313,0.316035,-0.488417,-9.789890
1801369494,0.356736,-0.464475,-9.775525
1801370678,0.323217,-0.452504,-9.804255
1801371876,0.294487,-0.497994,-9.830592
1801373062,0.306458,-0.531513,-9.847352
1801374243,0.328006,-0.526724,-9.840169
1801375419,0.339977,-0.505177,-9.806650
1801376603,0.311246,-0.486023,-9.792285
1801377794,0.349553,-0.495600,-9.789890
1801378985,0.430956,-0.464475,-9.768343
1801380165,0.399832,-0.476446,-9.792285
1801381347,0.371101,-0.471658,-9.775525
1801382528,0.332794,-0.464475,-9.689334
1801383728,0.349553,-0.524330,-9.708488
1801384911,0.337582,-0.502782,-9.785102
1801386102,0.325611,-0.486023,-9.749189
1801387278,0.294487,-0.497994,-9.883265
1801388461,0.375890,-0.486023,-9.904813
1801389638,0.335188,-0.488417,-9.950302
1801390830,0.311246,-0.483629,-9.959879
1801392019,0.330400,-0.514753,-10.024523
1801393208,0.378284,-0.490811,-10.036493
1801394375,0.337582,-0.521936,-9.947908
1801395566,0.284910,-0.555455,-10.053253
1801396760,0.308852,-0.543484,-10.065224
1801397951,0.361524,-0.548272,-10.127473
1801399137,0.316035,-0.593762,-10.134656
1801400319,0.387861,-0.421380,-10.055647
1801401502,0.397437,-0.423774,-9.868899
1801402694,0.385466,-0.397437,-9.746795
1801403893,0.397437,-0.411803,-9.732430
1801405082,0.404620,-0.457293,-9.706094
1801406257,0.380678,-0.507571,-9.725247
1801407433,0.402226,-0.586579,-9.794679
1801408610,0.359130,-0.636858,-9.770737
1801409807,0.287304,-0.593762,-9.859323
1801410993,0.275333,-0.572214,-9.957485
1801412180,0.246603,-0.603339,-10.058042
1801413357,0.356736,-0.497994,-10.108319
1801414545,0.378284,-0.438139,-10.137050
1801415742,0.306458,-0.464475,-10.137050
1801416931,0.342371,-0.486023,-10.108319
1801418114,0.318429,-0.514753,-10.108319
1801419296,0.318429,-0.514753,-9.981427
1801420473,0.354342,-0.517148,-9.971850
1801421659,0.363919,-0.486023,-9.900024
1801422857,0.414197,-0.426168,-9.876082
1801424055,0.385466,-0.445322,-9.878476
1801425246,0.351948,-0.481235,-9.943120
1801426423,0.407014,-0.490811,-9.876082
1801427603,0.363919,-0.476446,-9.842564
1801428800,0.361524,-0.481235,-9.873688
1801429986,0.392649,-0.478840,-9.837775
1801431173,0.411803,-0.497994,-9.742006
1801432346,0.347159,-0.509965,-9.830592
1801433531,0.332794,-0.471658,-9.830592
1801434726,0.359130,-0.469264,-9.847352
1801435913,0.392649,-0.462081,-9.897630
1801437099,0.335188,-0.488417,-9.943120
1801438291,0.335188,-0.524330,-9.866506
1801439477,0.294487,-0.543484,-9.849746
1801440665,0.272939,-0.502782,-9.806650
1801441864,0.335188,-0.481235,-9.847352
1801443056,0.287304,-0.466869,-9.852140
1801444245,0.308852,-0.536301,-9.768343
1801445421,0.359130,-0.497994,-9.811439
1801446603,0.390255,-0.488417,-9.844957
1801447799,0.375890,-0.438139,-9.840169
1801448984,0.392649,-0.466869,-9.837775
1801450172,0.402226,-0.466869,-9.816227
1801451348,0.383072,-0.536301,-9.892841
1801452536,0.351948,-0.524330,-9.859323
1801453730,0.344765,-0.505177,-9.868899
1801454917,0.421380,-0.509965,-9.811439
1801456094,0.433351,-0.495600,-9.794679
1801457274,0.320823,-0.447716,-9.739613
1801458451,0.426168,-0.490811,-9.643845
1801459634,0.375890,-0.519542,-9.581595
1801460822,0.373495,-0.519542,-9.672575
1801462016,0.351948,-0.550666,-9.828198
1801463201,0.311246,-0.517148,-9.952697
1801464383,0.311246,-0.529119,-9.991004
1801465569,0.335188,-0.541090,-10.053253
1801466762,0.356736,-0.569820,-9.957485
1801467949,0.347159,-0.586579,-9.955091
1801469139,0.311246,-0.588974,-10.005369
1801470315,0.359130,-0.531513,-10.091560
1801471498,0.344765,-0.474052,-10.014946
1801472681,0.356736,-0.414197,-9.993398
1801473881,0.426168,-0.421380,-9.892841
1801475069,0.428562,-0.474052,-9.859323
1801476251,0.438139,-0.495600,-9.825804
1801477421,0.344765,-0.509965,-9.797073
1801478604,0.330400,-0.476446,-9.691729
1801479794,0.320823,-0.514753,-9.631873
1801480984,0.292093,-0.507571,-9.694122
1801482166,0.325611,-0.524330,-9.777920
1801483347,0.368707,-0.605733,-9.768343
1801484528,0.335188,-0.526724,-9.876082
1801485727,0.328006,-0.526724,-9.969456
1801486911,0.320823,-0.486023,-9.933543
1801488102,0.359130,-0.533907,-9.914390
1801489277,0.380678,-0.500388,-9.923966
1801490458,0.320823,-0.512359,-9.904813
1801491635,0.347159,-0.536301,-9.904813
1801492828,0.306458,-0.541090,-9.859323
1801494015,0.383072,-0.531513,-9.768343
1801495200,0.380678,-0.457293,-9.761160
1801496376,0.339977,-0.541090,-9.777920
1801497566,0.359130,-0.529119,-9.751583
1801498759,0.402226,-0.538695,-9.809045
1801499947,0.395043,-0.555455,-9.811439
1801501133,0.368707,-0.531513,-9.804255
1801502313,0.294487,-0.524330,-9.667787
1801503495,0.248997,-0.502782,-9.643845
1801504683,0.294487,-0.557849,-9.727641
1801505878,0.323217,-0.536301,-9.806650
1801507070,0.337582,-0.548272,-9.916783
1801508247,0.375890,-0.488417,-9.840169
1801509423,0.404620,-0.565032,-9.991004
1801510602,0.356736,-0.553061,-9.962274
1801511801,0.380678,-0.579397,-9.974244
1801512986,0.359130,-0.545878,-9.911995
1801514173,0.450110,-0.560243,-9.866506
1801515348,0.397437,-0.588974,-9.923966
1801516532,0.411803,-0.577003,-9.861717
1801517725,0.416591,-0.526724,-9.883265
1801518910,0.368707,-0.581791,-9.854534
1801520098,0.373495,-0.579397,-9.854534
1801521287,0.411803,-0.560243,-9.928755
1801522473,0.402226,-0.598550,-9.940725
1801523658,0.361524,-0.574608,-10.034100
1801524856,0.402226,-0.541090,-10.014946
1801526051,0.399832,-0.557849,-9.928755
1801527234,0.371101,-0.560243,-9.923966
1801528410,0.347159,-0.598550,-9.921572
1801529588,0.284910,-0.557849,-10.036493
1801530785,0.320823,-0.548272,-9.969456
1801531967,0.380678,-0.538695,-9.916783
1801533153,0.344765,-0.531513,-9.921572
1801534327,0.306458,-0.565032,-9.974244
1801535518,0.332794,-0.586579,-9.895236
1801536707,0.361524,-0.567426,-9.933543
1801537910,0.368707,-0.567426,-9.909601
1801539096,0.335188,-0.577003,-9.871294
1801540287,0.325611,-0.581791,-9.890448
1801541474,0.280122,-0.507571,-9.809045
1801542658,0.237026,-0.543484,-9.818622
1801543858,0.287304,-0.572214,-9.866506
1801545055,0.263362,-0.536301,-9.835381
1801546245,0.323217,-0.500388,-9.823410
1801547429,0.318429,-0.495600,-9.770737
1801548609,0.284910,-0.545878,-9.818622
1801549807,0.253785,-0.536301,-9.691729
1801550993,0.217872,-0.550666,-9.744401
1801552182,0.256180,-0.536301,-9.761160
1801553358,0.323217,-0.490811,-9.830592
1801554545,0.284910,-0.507571,-9.739613
1801555742,0.294487,-0.526724,-9.720459
1801556929,0.363919,-0.572214,-9.718064
1801558111,0.349553,-0.509965,-9.689334
1801559293,0.318429,-0.514753,-9.758766
1801560481,0.294487,-0.574608,-9.756371
1801561668,0.308852,-0.545878,-9.758766
1801562863,0.359130,-0.550666,-9.756371
1801564060,0.351948,-0.488417,-9.847352
1801565251,0.390255,-0.486023,-9.883265
1801566430,0.409408,-0.488417,-9.844957
1801567611,0.311246,-0.529119,-9.837775
1801568810,0.323217,-0.536301,-9.880871
1801569997,0.359130,-0.536301,-9.911995
1801571186,0.373495,-0.495600,-9.844957
1801572362,0.399832,-0.452504,-9.878476
1801573550,0.433351,-0.517148,-9.816227
1801574748,0.409408,-0.488417,-9.854534
1801575937,0.375890,-0.507571,-9.832987
1801577118,0.387861,-0.519542,-9.830592
1801578300,0.428562,-0.497994,-9.916783
1801579474,0.421380,-0.524330,-9.866506
1801580659,0.423774,-0.536301,-9.840169
1801581858,0.397437,-0.553061,-9.832987
1801583056,0.428562,-0.526724,-9.828198
1801584247,0.375890,-0.497994,-9.811439
1801585423,0.366313,-0.505177,-9.837775
1801586605,0.402226,-0.529119,-9.809045
1801587798,0.392649,-0.555455,-9.888053
1801588984,0.385466,-0.514753,-9.868899
1801590171,0.397437,-0.490811,-9.904813
1801591348,0.387861,-0.476446,-9.900024
1801592533,0.356736,-0.533907,-10.002975
1801593727,0.308852,-0.555455,-9.952697
1801594913,0.308852,-0.567426,-9.928755
1801596094,0.375890,-0.584185,-9.931149
1801597286,0.356736,-0.545878,-9.969456
1801598458,0.289698,-0.536301,-9.940725
1801599641,0.318429,-0.555455,-9.615114
1801600830,0.289698,-0.486023,-9.538500
1801602021,0.339977,-0.490811,-10.443508
1801603206,0.351948,-0.596156,-10.340557
1801604392,0.275333,-0.493206,-9.789890
1801605580,0.361524,-0.469264,-10.000581
1801606772,0.342371,-0.519542,-9.995792
1801607955,0.313640,-0.502782,-10.218452
1801609145,0.284910,-0.507571,-10.010158
1801610320,0.342371,-0.579397,-9.801862
1801611503,0.316035,-0.469264,-9.667787
1801612686,0.409408,-0.462081,-9.837775
1801613884,0.414197,-0.497994,-9.986216
1801615073,0.375890,-0.521936,-9.964667
1801616254,0.344765,-0.524330,-9.868899
1801617430,0.368707,-0.521936,-9.806650
1801618614,0.371101,-0.478840,-9.763555
1801619807,0.402226,-0.509965,-9.782708
1801620996,0.304064,-0.466869,-9.768343
1801622181,0.349553,-0.519542,-9.840169
1801623362,0.361524,-0.476446,-9.849746
1801624546,0.462081,-0.486023,-9.861717
1801625745,0.529119,-0.529119,-9.993398
1801626928,0.495600,-0.536301,-9.852140
1801628113,0.469264,-0.452504,-9.684546
1801629286,0.426168,-0.497994,-9.737218
1801630478,0.351948,-0.509965,-9.698911
1801631659,0.421380,-0.610521,-9.921572
1801632863,0.337582,-0.593762,-9.102755
1801634056,0.347159,-0.387861,-9.581595
1801635251,0.454898,-0.423774,-9.785102
1801636432,0.399832,-0.557849,-10.172963
1801637619,0.454898,-0.538695,-10.328587
1801638813,0.433351,-0.577003,-10.144233
1801640011,0.474052,-0.497994,-9.816227
1801641195,0.421380,-0.454898,-9.603143
1801642376,0.363919,-0.426168,-9.572019
1801643563,0.471658,-0.476446,-9.921572
1801644761,0.428562,-0.490811,-10.010158
1801645948,0.356736,-0.440533,-9.861717
1801647138,0.342371,-0.531513,-9.969456
1801648315,0.375890,-0.505177,-9.993398
1801649497,0.351948,-0.445322,-10.072407
1801650681,0.339977,-0.478840,-9.931149
1801651880,0.402226,-0.452504,-9.186552
1801653068,0.311246,-0.536301,-9.232041
1801654248,0.313640,-0.517148,-9.490616
1801655420,0.349553,-0.562637,-9.811439
1801656607,0.383072,-0.474052,-10.670957
1801657797,0.337582,-0.572214,-10.371682
1801658989,0.328006,-0.550666,-9.950302
1801660168,0.318429,-0.421380,-9.988609
1801661350,0.363919,-0.430956,-9.952697
1801662533,0.337582,-0.481235,-9.787497
1801663729,0.313640,-0.553061,-9.818622
1801664911,0.275333,-0.526724,-9.993398
1801666104,0.308852,-0.586579,-10.096349
1801667290,0.378284,-0.569820,-10.007763
1801668478,0.373495,-0.603339,-9.430760
1801669658,0.344765,-0.284910,-10.149021
1801670863,0.318429,-0.438139,-11.049241
1801672057,0.356736,-0.636858,-10.680533
1801673253,0.368707,-0.608127,-9.976639
1801674424,0.359130,-0.579397,-8.796297
1801675610,0.332794,-0.615310,-8.523358
1801676804,0.181959,-0.567426,-9.646238
1801677994,0.181959,-0.457293,-10.769119
1801679178,0.275333,-0.438139,-11.535264
1801680362,0.289698,-0.514753,-10.960655
1801681546,0.387861,-0.488417,-9.864111
1801682748,0.294487,-0.548272,-8.801085
1801683926,0.260968,-0.545878,-9.167398
1801685113,0.335188,-0.474052,-9.849746
1801686287,0.359130,-0.474052,-10.247183
1801687474,0.287304,-0.507571,-10.517728
1801688655,0.397437,-0.505177,-10.436325
1801689860,0.395043,-0.572214,-9.789890
1801691053,0.445322,-0.684742,-9.866506
1801692240,0.445322,-0.780510,-9.907207
1801693413,0.658405,-0.847547,-10.630256
1801694593,0.763750,-0.924162,-10.105926
1801695785,0.675165,-0.761356,-9.215282
1801696972,0.550666,-0.416591,-8.781932
1801698154,0.418985,-0.134075,-8.437167
1801699334,0.222661,-0.160412,-8.690952
1801700509,0.102951,-0.208296,-9.016563
1801701699,0.062249,-0.517148,-9.818622
1801702897,0.028730,-0.679953,-10.014946
1801704086,0.016759,-0.754174,-10.060435
1801705268,0.198719,-0.737414,-10.347740
1801706443,0.299275,-0.636858,-10.568007
1801707622,0.277727,-0.438139,-10.752359
1801708816,0.299275,-0.320823,-9.919178
1801709996,0.378284,-0.390255,-9.588778
1801711186,0.371101,-0.407014,-8.688558
1801712362,0.387861,-0.529119,-8.791509
1801713549,0.462081,-0.560243,-9.330204
1801714745,0.306458,-0.586579,-10.295067
1801715935,0.253785,-0.524330,-10.778696
1801717118,0.201113,-0.462081,-11.039664
1801718298,0.272939,-0.464475,-11.087548
1801719469,0.325611,-0.550666,-10.704475
1801720656,0.344765,-0.497994,-10.302250
1801721855,0.363919,-0.536301,-10.184934
1801723052,0.380678,-0.560243,-9.976639
1801724237,0.342371,-0.593762,-9.885659
1801725420,0.260968,-0.507571,-9.746795
1801726597,0.186748,-0.442927,-9.785102
1801727794,0.143652,-0.509965,-9.531317
1801728976,0.124498,-0.536301,-9.325416
1801730160,0.172383,-0.612916,-9.296685
1801731336,0.165200,-0.612916,-9.255983
1801732522,0.165200,-0.531513,-9.275137
1801733709,0.098162,-0.806846,-10.048465
1801734910,0.287304,-0.799663,-10.036493
1801736098,0.430956,-0.622492,-9.967062
1801737284,0.521936,-0.260968,-9.971850
1801738455,0.536301,-0.016759,-9.660604
1801739636,0.438139,0.071826,-9.509769
1801740818,0.081403,-0.253785,-9.667787
1801742002,0.086191,-0.514753,-10.251971
1801743188,0.028730,-0.711078,-10.108319
1801744369,-0.026336,-0.806846,-9.634268
1801745561,0.026336,-0.797269,-9.095572
1801746758,-0.019154,-0.354342,-9.172187
1801747952,-0.040701,-0.227449,-9.418790
1801749148,0.105345,-0.337582,-9.483433
1801750324,0.136469,-0.426168,-9.605537
1801751507,0.179565,-0.447716,-9.703699
1801752693,0.380678,-0.536301,-10.022128
1801753893,0.361524,-0.457293,-10.182540
1801755077,0.284910,-0.337582,-10.302250
1801756269,0.275333,-0.332794,-10.488997
1801757440,0.237026,-0.354342,-10.488997
1801758629,0.253785,-0.323217,-10.623073
1801759818,0.368707,-0.529119,-10.187328
1801761010,0.457293,-0.598550,-9.782708
1801762193,0.466869,-0.605733,-9.612720
1801763374,0.502782,-0.581791,-9.373300
1801764556,0.536301,-0.519542,-9.423578
1801765753,0.418985,-0.450110,-9.706094
1801766936,0.356736,-0.452504,-10.017340
1801768122,0.430956,-0.538695,-10.192117
1801769300,0.404620,-0.450110,-10.098742
1801770479,0.426168,-0.414197,-10.259154
1801771664,0.529119,-0.440533,-10.426748
1801772869,0.500388,-0.428562,-10.402806
1801774054,0.495600,-0.481235,-10.398018
1801775244,0.411803,-0.512359,-10.417171
1801776417,0.368707,-0.565032,-10.046070
1801777598,0.296881,-0.644040,-9.672575
1801778789,0.533907,-0.433351,-9.586384
1801779973,0.660800,-0.191536,-9.763555
1801781151,0.634463,-0.227449,-9.619903
1801782329,0.502782,-0.347159,-9.270349
1801783507,0.311246,-0.474052,-9.337387
1801784698,0.213084,-0.502782,-9.742006
1801785894,0.124498,-0.624887,-9.706094
1801787081,0.169988,-0.526724,-9.794679
1801788269,0.280122,-0.392649,-9.828198
1801789444,0.378284,-0.287304,-9.856929
1801790622,0.325611,-0.258574,-9.861717
1801791816,0.349553,-0.430956,-9.792285
1801793003,0.246603,-0.486023,-9.770737
1801794192,0.181959,-0.462081,-9.773131
1801795369,0.191536,-0.524330,-9.885659
1801796557,0.265756,-0.548272,-9.902418
1801797749,0.306458,-0.442927,-9.603143
1801798939,0.404620,-0.531513,-9.572019
1801800120,0.397437,-0.490811,-9.531317
1801801298,0.347159,-0.469264,-9.773131
1801802475,0.442927,-0.493206,-9.809045
1801803657,0.392649,-0.608127,-9.682152
1801804857,0.361524,-0.502782,-10.192117
1801806053,0.318429,-0.596156,-10.347740
1801807239,0.306458,-0.524330,-9.959879
1801808415,0.292093,-0.459687,-9.866506
1801809593,0.284910,-0.476446,-9.713276
1801810789,0.330400,-0.490811,-10.141838
1801811970,0.263362,-0.524330,-10.175357
1801813158,0.244209,-0.545878,-10.184934
1801814335,0.284910,-0.478840,-10.259154
1801815521,0.344765,-0.447716,-10.249578
1801816711,0.335188,-0.430956,-10.029311
1801817910,0.244209,-0.574608,-9.830592
1801819096,0.270545,-0.545878,-10.022128
1801820277,0.251391,-0.488417,-10.108319
1801821452,0.294487,-0.462081,-10.110714
1801822635,0.339977,-0.533907,-9.500193
1801823822,0.299275,-0.447716,-10.184934
1801825017,0.268151,-0.505177,-10.366894
1801826198,0.282516,-0.567426,-10.333375
1801827381,0.296881,-0.478840,-10.362105
1801828568,0.301669,-0.541090,-9.986216
1801829764,0.270545,-0.486023,-9.806650
1801830949,0.280122,-0.481235,-10.113108
1801832139,0.311246,-0.471658,-10.101137
1801833317,0.359130,-0.500388,-10.134656
1801834499,0.299275,-0.507571,-10.096349
1801835682,0.347159,-0.478840,-10.041282
1801836879,0.337582,-0.541090,-9.598354
1801838067,0.280122,-0.524330,-9.562442
1801839248,0.359130,-0.526724,-9.682152
1801840425,0.337582,-0.490811,-9.753978
1801841611,0.390255,-0.514753,-9.844957
1801842804,0.392649,-0.596156,-9.943120
1801843994,0.416591,-0.538695,-9.703699
1801845180,0.390255,-0.493206,-9.801862
1801846357,0.371101,-0.514753,-10.074800
1801847539,0.426168,-0.476446,-9.816227
1801848739,0.397437,-0.474052,-9.674969
1801849921,0.323217,-0.469264,-9.306262
1801851108,0.373495,-0.435745,-9.471462
1801852285,0.361524,-0.495600,-9.890448
1801853474,0.349553,-0.512359,-9.753978
1801854656,0.404620,-0.538695,-9.849746
1801855860,0.301669,-0.440533,-9.789890
1801857052,0.248997,-0.435745,-9.679757
1801858240,0.263362,-0.505177,-9.835381
1801859417,0.237026,-0.433351,-9.739613
1801860600,0.270545,-0.596156,-9.684546
1801861791,0.174777,-0.557849,-9.691729
1801862979,0.308852,-0.402226,-9.809045
1801864159,0.282516,-0.538695,-9.255983
1801865346,0.282516,-0.438139,-9.325416
1801866528,0.244209,-0.351948,-9.753978
1801867728,0.308852,-0.497994,-10.024523
1801868911,0.227449,-0.548272,-10.132261
1801870104,0.375890,-0.423774,-9.991004
1801871279,0.330400,-0.517148,-9.742006
1801872458,0.251391,-0.553061,-9.919178
1801873636,0.280122,-0.440533,-9.806650
1801874827,0.270545,-0.478840,-9.842564
1801876015,0.328006,-0.476446,-9.952697
1801877198,0.325611,-0.514753,-9.648633
1801878376,0.292093,-0.584185,-9.797073
1801879566,0.308852,-0.586579,-9.794679
1801880757,0.428562,-0.687136,-9.751583
1801881947,0.560243,-0.366313,-9.569624
1801883133,0.588974,-0.433351,-9.744401
1801884314,0.505177,-0.442927,-9.454702
1801885490,0.438139,-0.828394,-10.012551
1801886678,0.411803,-0.433351,-9.950302
1801887872,0.519542,-0.691924,-10.216059
1801889065,0.469264,-0.505177,-9.969456
1801890250,0.383072,-0.497994,-10.043676
1801891430,0.517148,-0.375890,-10.024523
1801892612,0.457293,-0.620098,-9.598354
1801893810,0.397437,-0.569820,-9.921572
1801894995,0.201113,-0.610521,-10.350134
1801896184,0.366313,-0.605733,-9.847352
1801897362,0.495600,-0.450110,-11.307815
1801898547,0.610521,-0.682347,-10.266336
1801899746,0.426168,-0.821211,-7.132327
1801900936,0.318429,-0.478840,-10.414778
1801902118,0.222661,-0.301669,-10.903194
1801903300,0.270545,-0.450110,-10.053253
1801904481,0.354342,-0.383072,-10.579977
1801905670,0.325611,-0.550666,-11.331757
1801906865,0.392649,-0.696713,-10.965444
1801908065,0.284910,-0.656011,-9.801862
1801909240,0.095768,-0.660800,-9.674969
1801910421,0.052672,-0.481235,-9.437943
1801911599,0.294487,-0.292093,-10.127473
1801912796,0.265756,-0.332794,-10.273520
1801913982,0.313640,-0.471658,-9.603143
1801915168,0.347159,-0.509965,-10.575189
1801916345,0.330400,-0.505177,-10.486604
1801917524,0.284910,-0.593762,-10.053253
1801918712,0.143652,-0.634463,-9.768343
1801919910,0.205901,-0.653617,-9.210494
1801921096,0.354342,-0.565032,-9.971850
1801922287,0.330400,-0.356736,-9.940725
1801923458,0.380678,-0.241814,-9.478644
1801924640,0.395043,-0.371101,-9.751583
1801925828,0.497994,-0.629675,-10.213664
1801927023,0.306458,-0.605733,-9.993398
1801928208,0.486023,-0.634463,-10.788273
1801929393,0.442927,-0.553061,-10.582372
1801930582,0.387861,-0.641646,-10.927136
1801931776,0.313640,-0.205901,-9.988609
1801932957,0.351948,-0.342371,-9.617508
1801934149,0.299275,-0.507571,-8.858546
1801935325,0.280122,-0.545878,-9.265560
1801936507,0.450110,-0.462081,-10.340557
1801937692,0.462081,-0.526724,-10.163386
1801938895,0.351948,-0.770933,-9.342175
1801940081,0.390255,-0.407014,-9.914390
1801941271,0.375890,-0.313640,-9.471462
1801942440,0.347159,-0.438139,-9.169792
1801943624,0.366313,-0.507571,-9.952697
1801944812,0.418985,-0.488417,-10.271125
1801946012,0.399832,-0.407014,-10.002975
1801947201,0.366313,-0.608127,-9.631873
1801948383,0.248997,-0.464475,-9.627085
1801949569,0.395043,-0.577003,-10.218452
1801950767,0.318429,-0.557849,-10.266336
1801951955,0.035913,-0.234632,-10.182540
1801953145,0.069432,-0.421380,-9.540894
1801954320,-0.289698,-0.299275,-6.469133
1801955510,-0.114922,-0.608127,-8.276755
1801956703,0.995988,-0.409408,-12.485762
1801957905,0.596156,-0.538695,-12.064383
1801959091,0.325611,-0.359130,-9.131485
1801960272,0.603339,-0.488417,-9.792285
1801961449,0.416591,-0.086191,-9.859323
1801962632,0.090980,-0.138864,-9.433155
1801963819,0.177171,-0.667982,-10.211270
1801965011,0.275333,-0.627281,-10.117896
1801966203,0.253785,-0.500388,-9.624691
1801967381,0.572214,-0.306458,-10.247183
1801968568,0.486023,-0.612916,-9.720459
1801969763,0.289698,-0.421380,-8.667010
1801970949,0.215478,-0.356736,-9.026140
1801972138,0.356736,-0.328006,-9.952697
1801973314,0.380678,-0.536301,-9.627085
1801974494,0.320823,-0.636858,-9.574412
1801975677,0.201113,-0.699107,-10.268731
1801976876,0.138864,-0.667982,-10.469844
1801978066,0.208296,-0.478840,-9.674969
1801979245,0.169988,-0.385466,-9.332599
1801980418,0.284910,-0.414197,-9.485827
1801981601,0.270545,-0.342371,-9.811439
1801982792,0.246603,-0.462081,-10.043676
1801983978,0.301669,-0.572214,-10.206482
1801985161,0.459687,-0.620098,-10.398018
1801986347,0.421380,-0.560243,-10.347740
1801987525,0.371101,-0.512359,-9.919178
1801988724,0.375890,-0.478840,-9.471462
1801989911,0.275333,-0.541090,-9.363723
1801991102,0.316035,-0.627281,-9.746795
1801992278,0.275333,-0.646434,-9.998186
1801993461,0.354342,-0.636858,-10.285490
1801994640,0.375890,-0.586579,-10.333375
1801995837,0.328006,-0.462081,-10.184934
1801997024,0.332794,-0.555455,-9.868899
1801998215,0.363919,-0.584185,-9.639056
1801999387,0.332794,-0.545878,-9.655815
1802000581,0.332794,-0.560243,-9.749189
1802001769,0.306458,-0.577003,-9.806650
1802002951,0.320823,-0.663194,-9.876082
1802004136,0.445322,-0.593762,-10.127473
1802005319,0.404620,-0.533907,-10.175357
1802006501,0.409408,-0.560243,-10.046070
1802007687,0.373495,-0.612916,-9.967062
1802008881,0.363919,-0.586579,-9.928755
1802010075,0.390255,-0.617704,-9.993398
1802011257,0.402226,-0.641646,-9.967062
1802012436,0.380678,-0.620098,-9.837775
1802013611,0.409408,-0.627281,-9.904813
1802014808,0.433351,-0.612916,-9.933543
1802015994,0.407014,-0.541090,-9.785102
1802017182,0.258574,-0.507571,-9.708488
1802018358,0.313640,-0.569820,-9.550470
1802019544,0.435745,-0.591368,-9.337387
1802020739,0.294487,-0.545878,-9.653421
1802021926,0.287304,-0.550666,-9.746795
1802023107,0.263362,-0.550666,-9.883265
1802024299,0.442927,-0.591368,-10.036493
1802025476,0.316035,-0.442927,-9.856929
1802026662,0.318429,-0.464475,-9.203311
1802027862,0.323217,-0.567426,-9.588778
1802029060,0.265756,-0.600945,-10.242394
1802030251,0.294487,-0.524330,-10.132261
1802031436,0.378284,-0.526724,-9.679757
1802032620,0.373495,-0.545878,-9.955091
1802033818,0.361524,-0.507571,-10.149021
1802034999,0.392649,-0.476446,-9.914390
1802036189,0.380678,-0.574608,-9.617508
1802037364,0.373495,-0.550666,-9.878476
1802038552,0.387861,-0.471658,-9.742006
1802039748,0.435745,-0.493206,-9.727641
1802040938,0.488417,-0.509965,-9.818622
1802042120,0.483629,-0.514753,-9.945514
1802043302,0.493206,-0.476446,-9.832987
1802044476,0.428562,-0.529119,-9.600749
1802045659,0.445322,-0.533907,-9.454702
1802046857,0.433351,-0.529119,-9.648633
1802048054,0.416591,-0.526724,-9.876082
1802049240,0.385466,-0.497994,-9.816227
1802050417,0.438139,-0.505177,-9.828198
1802051595,0.502782,-0.500388,-10.074800
1802052789,0.454898,-0.478840,-10.105926
1802053972,0.450110,-0.505177,-10.007763
1802055156,0.387861,-0.543484,-9.691729
1802056334,0.426168,-0.442927,-9.761160
1802057520,0.411803,-0.414197,-9.861717
1802058708,0.368707,-0.452504,-9.945514
1802059909,0.426168,-0.488417,-10.031705
1802061097,0.435745,-0.545878,-10.122684
1802062279,0.435745,-0.509965,-9.964667
1802063456,0.433351,-0.488417,-9.713276
1802064639,0.423774,-0.560243,-9.615114
1802065828,0.428562,-0.529119,-9.651027
1802067019,0.387861,-0.500388,-9.770737
1802068204,0.481235,-0.486023,-9.696517
1802069382,0.543484,-0.588974,-9.524135
1802070570,0.469264,-0.634463,-9.667787
1802071768,0.474052,-0.440533,-10.228029
1802072948,0.495600,-0.411803,-10.319010
1802074136,0.486023,-0.569820,-9.667787
1802075312,0.476446,-0.450110,-9.572019
1802076492,0.486023,-0.375890,-9.619903
1802077674,0.462081,-0.462081,-9.753978
1802078873,0.407014,-0.624887,-9.598354
1802080060,0.421380,-0.641646,-9.911995
1802081255,0.445322,-0.502782,-9.962274
1802082431,0.418985,-0.502782,-9.710882
1802083616,0.433351,-0.471658,-9.943120
1802084809,0.438139,-0.450110,-9.919178
1802085999,0.409408,-0.459687,-9.770737
1802087183,0.581791,-0.679953,-9.971850
1802088365,0.452504,-0.622492,-9.821015
1802089547,0.397437,-0.565032,-9.856929
1802090748,0.452504,-0.481235,-10.017340
1802091929,0.430956,-0.533907,-9.916783
1802093115,0.392649,-0.560243,-9.806650
1802094288,0.457293,-0.488417,-9.950302
1802095471,0.469264,-0.507571,-9.696517
1802096646,0.469264,-0.509965,-9.753978
1802097849,0.502782,-0.471658,-9.832987
1802099034,0.428562,-0.538695,-9.780313
1802100223,0.392649,-0.524330,-9.691729
1802101393,0.392649,-0.505177,-9.780313
1802102586,0.423774,-0.462081,-9.823410
1802103773,0.397437,-0.409408,-10.046070
1802104956,0.371101,-0.399832,-10.426748
1802106143,0.380678,-0.466869,-10.390836
1802107324,0.335188,-0.447716,-9.603143
1802108505,0.351948,-0.524330,-9.284714
1802109696,0.325611,-0.531513,-9.430760
1802110893,0.363919,-0.488417,-9.842564
1802112084,0.306458,-0.502782,-9.916783
1802113260,0.435745,-0.474052,-10.192117
1802114441,0.435745,-0.383072,-9.983821
1802115617,0.438139,-0.423774,-9.641450
1802116815,0.397437,-0.474052,-9.706094
1802118000,0.404620,-0.474052,-9.603143
1802119189,0.514753,-0.469264,-9.940725
1802120366,0.426168,-0.579397,-10.012551
1802121554,0.416591,-0.543484,-9.753978
1802122748,0.385466,-0.462081,-10.060435
1802123937,0.452504,-0.519542,-10.290278
1802125119,0.612916,-0.648829,-9.947908
1802126301,0.459687,-0.584185,-9.770737
1802127477,0.390255,-0.423774,-9.631873
1802128663,0.356736,-0.423774,-9.634268
1802129861,0.339977,-0.411803,-9.694122
1802131058,0.339977,-0.299275,-9.550470
1802132243,0.356736,-0.543484,-10.184934
1802133426,0.428562,-0.586579,-9.509769
1802134608,0.363919,-0.579397,-10.481815
1802135807,0.538695,-0.497994,-10.651803
1802136993,0.617704,-0.548272,-10.036493
1802138183,0.579397,-0.670376,-9.775525
1802139361,0.514753,-0.435745,-10.287885
1802140550,0.555455,-0.306458,-10.280702
1802141747,0.699107,-0.572214,-10.517728
1802142938,0.653617,-0.225055,-11.063606
1802144119,0.426168,-0.308852,-10.436325
1802145301,0.450110,-0.454898,-9.165004
1802146476,0.373495,-0.519542,-9.294291
1802147663,0.098162,-0.555455,-9.334992
1802148862,0.263362,-0.593762,-9.816227
1802150061,0.409408,-0.536301,-10.309433
1802151250,0.354342,-0.536301,-9.476251
1802152427,0.428562,-0.325611,-9.871294
1802153609,0.392649,-0.213084,-9.521740
1802154806,0.203507,-0.452504,-8.927979
1802155991,0.232238,-0.541090,-9.564836
1802157180,0.328006,-0.514753,-10.589554
1802158357,0.282516,-0.373495,-10.630256
1802159546,0.433351,-0.287304,-10.010158
1802160740,0.313640,-0.392649,-9.188946
1802161927,0.263362,-0.512359,-9.375694
1802163110,0.268151,-0.342371,-9.720459
1802164296,0.203507,-0.366313,-9.758766
1802165479,0.105345,-0.481235,-9.157822
1802166664,0.375890,-0.488417,-9.411607
1802167863,0.265756,-0.572214,-10.103531
1802169062,-0.045490,-0.744597,-9.418790
1802170255,0.126893,-0.339977,-8.482656
1802171435,0.090980,-0.359130,-9.193734
1802172615,0.191536,-0.356736,-10.690110
1802173812,0.325611,-0.344765,-11.183316
1802175001,0.363919,-0.368707,-10.742783
1802176192,0.466869,-0.423774,-9.933543
1802177367,0.390255,-0.318429,-9.660604
1802178553,0.354342,-0.339977,-10.364499
1802179748,0.402226,-0.466869,-10.048465
1802180940,0.318429,-0.495600,-9.483433
1802182121,0.313640,-0.351948,-9.334992
1802183302,0.426168,-0.383072,-10.247183
1802184480,0.421380,-0.490811,-9.823410
1802185665,0.351948,-0.577003,-9.986216
1802186864,0.442927,-0.639252,-10.462662
1802188063,0.421380,-0.574608,-10.398018
1802189253,0.347159,-0.486023,-10.098742
1802190433,0.371101,-0.454898,-9.710882
1802191614,0.356736,-0.481235,-9.813833
1802192813,0.320823,-0.414197,-10.421960
1802194000,0.399832,-0.454898,-10.240001
1802195190,0.395043,-0.490811,-9.780313
1802196365,0.316035,-0.452504,-10.603919
1802197553,0.371101,-0.519542,-10.137050
1802198748,0.378284,-0.423774,-9.263166
1802199938,0.270545,-0.517148,-9.200917
1802201118,0.380678,-0.426168,-9.928755
1802202299,0.438139,-0.490811,-10.388441
1802203477,0.416591,-0.538695,-9.734824
1802204664,0.390255,-0.572214,-10.077195
1802205863,0.454898,-0.395043,-10.062830
1802207061,0.459687,-0.452504,-10.278308
1802208251,0.411803,-0.555455,-9.830592
1802209427,0.258574,-0.560243,-9.897630
1802210608,0.263362,-0.474052,-9.943120
1802211804,0.347159,-0.421380,-9.610326
1802212988,0.296881,-0.500388,-9.291897
1802214174,0.342371,-0.490811,-9.811439
1802215351,0.342371,-0.588974,-10.398018
1802216540,0.442927,-0.543484,-10.103531
1802217735,0.335188,-0.586579,-9.476251
1802218923,0.371101,-0.483629,-9.236830
1802220103,0.359130,-0.478840,-9.215282
1802221283,0.351948,-0.428562,-9.615114
1802222461,0.339977,-0.538695,-10.129868
1802223645,0.373495,-0.543484,-10.156203
1802224838,0.380678,-0.493206,-10.263943
1802226031,0.433351,-0.464475,-10.089166
1802227217,0.426168,-0.414197,-9.789890
1802228388,0.409408,-0.550666,-9.215282
1802229574,0.313640,-0.586579,-8.810662
1802230766,0.320823,-0.440533,-9.272743
1802231952,0.280122,-0.447716,-9.607931
1802233142,0.339977,-0.584185,-9.691729
1802234319,0.304064,-0.476446,-10.110714
1802235506,0.383072,-0.481235,-9.959879
1802236690,0.416591,-0.469264,-9.768343
1802237893,0.402226,-0.466869,-9.947908
1802239077,0.344765,-0.500388,-9.950302
1802240257,0.349553,-0.464475,-10.201694
1802241433,0.277727,-0.565032,-9.947908
1802242618,0.174777,-0.586579,-9.641450
1802243812,0.217872,-0.469264,-10.196905
1802245010,0.308852,-0.488417,-10.170568
1802246200,0.313640,-0.500388,-9.703699
1802247380,0.421380,-0.519542,-9.780313
1802248566,0.361524,-0.529119,-9.785102
1802249763,0.392649,-0.600945,-10.163386
1802250951,0.402226,-0.605733,-10.115502
1802252140,0.359130,-0.641646,-10.125079
1802253314,0.337582,-0.627281,-10.058042
1802254495,0.416591,-0.569820,-9.828198
1802255679,0.368707,-0.548272,-9.404425
1802256877,0.409408,-0.584185,-9.648633
1802258065,0.387861,-0.545878,-9.981427
1802259247,0.404620,-0.545878,-10.194510
1802260424,0.378284,-0.586579,-9.765948
1802261613,0.366313,-0.459687,-9.454702
1802262806,0.395043,-0.469264,-9.509769
1802263995,0.445322,-0.505177,-9.557653
1802265177,0.409408,-0.474052,-9.674969
1802266355,0.438139,-0.519542,-9.792285
1802267539,0.387861,-0.524330,-9.926360
1802268737,0.409408,-0.517148,-10.012551
1802269919,0.359130,-0.624887,-9.674969
1802271104,0.373495,-0.603339,-9.586384
1802272288,0.347159,-0.478840,-9.782708
1802273472,0.289698,-0.557849,-9.885659
1802274655,0.222661,-0.495600,-9.923966
1802275856,0.248997,-0.418985,-10.132261
1802277049,0.181959,-0.512359,-9.753978
1802278240,0.136469,-0.579397,-9.402030
1802279411,0.222661,-0.533907,-9.931149
1802280594,0.222661,-0.588974,-9.672575
1802281783,0.258574,-0.562637,-9.718064
1802282969,0.241814,-0.512359,-9.773131
1802284152,0.260968,-0.581791,-10.000581
1802285332,0.258574,-0.569820,-10.153810
1802286510,0.390255,-0.610521,-10.065224
1802287701,0.342371,-0.579397,-9.955091
1802288899,0.272939,-0.600945,-9.952697
1802290088,0.174777,-0.584185,-9.634268
1802291276,0.134075,-0.521936,-9.454702
1802292457,0.287304,-0.560243,-9.706094
1802293633,0.323217,-0.536301,-9.957485
1802294826,0.335188,-0.512359,-10.307038
1802296015,0.301669,-0.514753,-10.184934
1802297210,0.280122,-0.581791,-9.797073
1802298387,0.287304,-0.562637,-9.883265
1802299578,0.287304,-0.490811,-10.002975
1802300763,0.304064,-0.347159,-10.065224
1802301952,0.234632,-0.799663,-9.890448
1802303138,0.129287,-0.792481,-9.536105
1802304318,0.241814,-0.426168,-9.081207
1802305494,0.191536,-0.435745,-9.694122
1802306683,0.112527,-0.553061,-10.228029
1802307877,0.316035,-0.304064,-11.135432
1802309070,0.181959,-0.624887,-10.469844
1802310248,0.191536,-0.746991,-9.370906
1802311432,0.373495,-0.612916,-9.399636
1802312615,0.208296,-0.428562,-9.076419
1802313812,0.177171,-0.507571,-9.617508
1802314994,0.275333,-0.524330,-10.438720
1802316184,0.301669,-0.418985,-9.749189
1802317361,0.263362,-0.521936,-9.524135
1802318549,0.179565,-0.610521,-10.290278
1802319747,0.225055,-0.385466,-9.701305
1802320936,0.380678,-0.423774,-10.127473
1802322119,0.258574,-0.416591,-9.854534
1802323301,0.198719,-0.548272,-9.205706
1802324477,0.244209,-0.457293,-10.503363
1802325663,0.260968,-0.545878,-10.113108
1802326863,0.325611,-0.464475,-10.134656
1802328062,0.359130,-0.457293,-9.955091
1802329252,0.244209,-0.632069,-9.428367
1802330428,0.179565,-0.744597,-9.416395
1802331610,0.253785,-0.481235,-9.873688
1802332809,0.301669,-0.464475,-9.727641
1802333994,0.265756,-0.418985,-9.986216
1802335187,0.265756,-0.378284,-10.350134
1802336365,0.198719,-0.447716,-10.005369
1802337553,0.253785,-0.715866,-9.907207
1802338747,0.210690,-0.588974,-10.216059
1802339936,0.239420,-0.399832,-9.988609
1802341118,0.201113,-0.385466,-9.646238
1802342299,0.241814,-0.311246,-9.442732
1802343476,0.177171,-0.368707,-9.727641
1802344662,0.299275,-0.517148,-10.453085
1802345863,0.292093,-0.569820,-10.364499
1802347061,0.248997,-0.524330,-9.957485
1802348251,0.304064,-0.557849,-9.569624
1802349427,0.325611,-0.385466,-9.734824
1802350609,0.299275,-0.533907,-9.488221
1802351807,0.244209,-0.531513,-9.385271
1802352993,0.205901,-0.399832,-9.524135
1802354182,0.270545,-0.299275,-9.859323
1802355356,0.248997,-0.342371,-9.710882
1802356544,0.342371,-0.469264,-10.026917
1802357739,0.299275,-0.509965,-10.070012
1802358925,0.306458,-0.447716,-10.012551
1802360107,0.263362,-0.474052,-9.938332
1802361287,0.191536,-0.512359,-9.780313
1802362471,0.191536,-0.493206,-9.916783
1802363657,0.268151,-0.337582,-9.849746
1802364855,0.318429,-0.354342,-9.737218
1802366052,0.328006,-0.428562,-9.789890
1802367236,0.282516,-0.469264,-9.643845
1802368419,0.270545,-0.505177,-10.060435
1802369596,0.306458,-0.442927,-9.598354
1802370792,0.335188,-0.392649,-9.504981
1802371974,0.351948,-0.395043,-9.562442
1802373160,0.397437,-0.433351,-9.813833
1802374336,0.366313,-0.567426,-9.730036
1802375521,0.366313,-0.632069,-9.653421
1802376710,0.447716,-0.517148,-9.828198
1802377911,0.387861,-0.430956,-9.706094
1802379095,0.438139,-0.325611,-9.813833
1802380276,0.526724,-0.395043,-9.957485
1802381454,0.440533,-0.493206,-9.859323
1802382636,0.328006,-0.438139,-9.873688
1802383821,0.337582,-0.483629,-9.859323
1802385014,0.294487,-0.488417,-9.868899
1802386206,0.328006,-0.488417,-9.976639
1802387386,0.284910,-0.490811,-10.074800
1802388571,0.270545,-0.466869,-9.892841
1802389769,0.265756,-0.440533,-9.847352
1802390955,0.196325,-0.466869,-9.727641
1802392145,0.237026,-0.481235,-9.713276
1802393322,0.260968,-0.421380,-9.727641
1802394504,0.234632,-0.433351,-9.648633
1802395688,0.241814,-0.426168,-9.991004
1802396886,0.265756,-0.433351,-9.844957
1802398075,0.299275,-0.478840,-9.777920
1802399256,0.325611,-0.543484,-9.658210
1802400425,0.363919,-0.538695,-9.684546
1802401612,0.308852,-0.509965,-9.651027
1802402804,0.349553,-0.514753,-9.569624
1802403995,0.335188,-0.497994,-9.591172
1802405177,0.328006,-0.428562,-9.765948
1802406358,0.387861,-0.430956,-9.753978
1802407542,0.301669,-0.447716,-9.756371
1802408741,0.363919,-0.469264,-9.916783
1802409924,0.299275,-0.464475,-9.911995
1802411111,0.284910,-0.416591,-9.811439
1802412298,0.258574,-0.488417,-9.888053
1802413489,0.239420,-0.550666,-9.804255
1802414671,0.277727,-0.514753,-9.844957
1802415876,0.306458,-0.569820,-9.761160
1802417063,0.361524,-0.562637,-9.799467
1802418258,0.371101,-0.541090,-9.866506
1802419432,0.349553,-0.533907,-9.907207
1802420617,0.306458,-0.543484,-9.782708
1802421809,0.292093,-0.517148,-9.933543
1802422999,0.253785,-0.509965,-9.991004
1802424183,0.229843,-0.531513,-10.002975
1802425362,0.256180,-0.581791,-9.947908
1802426545,0.213084,-0.560243,-10.041282
1802427747,0.325611,-0.557849,-10.067618
1802428930,0.392649,-0.548272,-10.091560
1802430116,0.426168,-0.574608,-10.072407
1802431293,0.356736,-0.586579,-10.220847
1802432477,0.407014,-0.586579,-10.000581
1802433657,0.385466,-0.586579,-9.787497
1802434860,0.325611,-0.586579,-9.691729
1802436051,0.308852,-0.526724,-9.859323
1802437241,0.328006,-0.521936,-10.122684
1802438418,0.246603,-0.651223,-10.005369
1802439600,0.239420,-0.562637,-10.096349
1802440792,0.299275,-0.407014,-9.864111
1802441978,0.215478,-0.536301,-9.955091
1802443160,0.304064,-0.481235,-10.460267
1802444340,0.301669,-0.502782,-9.890448
1802445521,0.220267,-0.596156,-9.780313
1802446711,0.308852,-0.476446,-9.911995
1802447911,0.284910,-0.512359,-9.892841
1802449102,0.292093,-0.574608,-9.481039
1802450288,0.237026,-0.620098,-9.627085
1802451477,0.217872,-0.577003,-9.952697
1802452658,0.246603,-0.560243,-9.806650
1802453858,0.292093,-0.483629,-9.643845
1802455050,0.318429,-0.428562,-9.993398
1802456241,0.421380,-0.404620,-10.029311
1802457417,0.366313,-0.450110,-9.799467
1802458599,0.318429,-0.538695,-9.983821
1802459791,0.351948,-0.608127,-10.249578
1802460979,0.347159,-0.567426,-10.144233
1802462162,0.330400,-0.471658,-9.890448
1802463341,0.246603,-0.512359,-9.713276
1802464522,0.213084,-0.428562,-9.684546
1802465722,0.311246,-0.562637,-9.780313
1802466908,0.272939,-0.584185,-9.859323
1802468096,0.301669,-0.620098,-9.813833
1802469271,0.330400,-0.548272,-9.765948
1802470449,0.318429,-0.519542,-9.813833
1802471628,0.332794,-0.426168,-9.871294
1802472821,0.258574,-0.474052,-9.969456
1802474002,0.232238,-0.536301,-10.041282
1802475194,0.229843,-0.541090,-9.955091
1802476370,0.299275,-0.574608,-9.653421
1802477557,0.280122,-0.500388,-9.624691
1802478748,0.234632,-0.452504,-9.880871
1802479937,0.172383,-0.490811,-9.897630
1802481119,0.225055,-0.538695,-9.938332
1802482300,0.227449,-0.502782,-9.581595
1802483487,0.179565,-0.517148,-9.662998
1802484675,0.251391,-0.471658,-9.763555
1802485871,0.244209,-0.502782,-9.900024
1802487059,0.169988,-0.462081,-9.832987
1802488250,0.275333,-0.562637,-9.854534
1802489427,0.383072,-0.517148,-10.105926
1802490609,0.316035,-0.533907,-10.213664
1802491805,0.311246,-0.562637,-9.636662
1802492991,0.260968,-0.548272,-9.708488
1802494177,0.217872,-0.486023,-9.813833
1802495354,0.222661,-0.541090,-9.852140
1802496541,0.100556,-0.579397,-9.883265
1802497735,0.311246,-0.577003,-9.952697
1802498921,0.368707,-0.663194,-9.955091
1802500100,0.320823,-0.550666,-9.631873
1802501291,0.337582,-0.574608,-9.710882
1802502476,0.253785,-0.457293,-9.859323
1802503663,0.299275,-0.596156,-9.923966
1802504863,0.375890,-0.679953,-9.986216
1802506061,0.366313,-0.660800,-9.617508
1802507249,0.287304,-0.622492,-9.461885
1802508426,0.253785,-0.536301,-9.469068
1802509607,0.189142,-0.347159,-9.373300
1802510802,0.131681,-0.402226,-9.871294
1802511988,0.160412,-0.469264,-10.453085
1802513172,0.296881,-0.538695,-10.682928
1802514351,0.344765,-0.684742,-10.412383
1802515540,0.363919,-0.679953,-10.644621
1802516736,0.414197,-0.677559,-10.409989
1802517923,0.385466,-0.533907,-9.979033
1802519105,0.402226,-0.474052,-9.837775
1802520296,0.282516,-0.526724,-9.674969
1802521483,0.292093,-0.529119,-9.610326
1802522670,0.375890,-0.486023,-9.478644
1802523869,0.354342,-0.565032,-9.567230
1802525060,0.387861,-0.620098,-9.871294
1802526245,0.383072,-0.634463,-10.103531
1802527427,0.282516,-0.596156,-10.043676
1802528609,0.306458,-0.550666,-9.945514
1802529802,0.318429,-0.416591,-10.041282
1802530988,0.299275,-0.452504,-9.926360
1802532174,0.299275,-0.579397,-9.765948
1802533352,0.296881,-0.574608,-9.919178
1802534540,0.308852,-0.550666,-9.775525
1802535734,0.332794,-0.507571,-9.823410
1802536920,0.275333,-0.464475,-9.892841
1802538098,0.277727,-0.373495,-10.072407
1802539285,0.316035,-0.397437,-10.108319
1802540457,0.378284,-0.450110,-10.141838
1802541640,0.416591,-0.445322,-10.129868
1802542830,0.442927,-0.476446,-10.026917
1802544023,0.428562,-0.445322,-9.864111
1802545209,0.418985,-0.421380,-9.957485
1802546394,0.450110,-0.505177,-10.089166
1802547582,0.430956,-0.490811,-9.947908
1802548773,0.440533,-0.490811,-9.821015
1802549952,0.402226,-0.509965,-9.610326
1802551140,0.404620,-0.490811,-9.655815
1802552315,0.440533,-0.450110,-9.715671
1802553495,0.440533,-0.418985,-9.694122
1802554678,0.445322,-0.435745,-9.653421
1802555878,0.399832,-0.457293,-9.708488
1802557066,0.395043,-0.383072,-9.861717
1802558247,0.399832,-0.471658,-9.859323
1802559424,0.404620,-0.447716,-9.904813
1802560609,0.385466,-0.397437,-9.967062
1802561801,0.289698,-0.459687,-9.864111
1802562991,0.464475,-0.418985,-9.730036
1802564173,0.457293,-0.390255,-9.806650
1802565353,0.342371,-0.495600,-9.830592
1802566535,0.452504,-0.335188,-9.986216
1802567734,0.521936,-0.323217,-10.103531
1802568917,0.428562,-0.347159,-9.866506
1802570109,0.581791,-0.339977,-9.823410
1802571285,0.531513,-0.423774,-9.737218
1802572476,0.577003,-0.529119,-10.170568
1802573658,0.553061,-0.521936,-10.302250
1802574859,0.493206,-0.363919,-9.696517
1802576048,0.440533,-0.483629,-9.828198
1802577238,0.500388,-0.438139,-9.907207
1802578408,0.490811,-0.440533,-9.670180
1802579589,0.426168,-0.555455,-9.586384
1802580778,0.385466,-0.579397,-9.639056
1802581965,0.380678,-0.471658,-9.986216
1802583152,0.363919,-0.404620,-9.682152
1802584332,0.344765,-0.332794,-9.488221
1802585511,0.335188,-0.430956,-10.172963
1802586703,0.282516,-0.430956,-9.239224
1802587901,0.330400,-0.608127,-10.307038
1802593520,0.359130,-0.502782,-10.412383
1802594707,0.375890,-0.526724,-10.249578
1802595910,0.241814,-0.845153,-9.710882
1802597095,0.459687,-0.541090,-9.327810
1802598275,0.440533,-0.177171,-9.270349
1802599447,0.450110,-0.215478,-9.284714
1802600629,0.392649,-0.342371,-9.346964
1802601818,0.328006,-0.474052,-9.698911
1802603015,0.234632,-0.632069,-10.443508
1802604205,0.227449,-0.706290,-10.141838
1802605387,0.148441,-0.581791,-9.900024
1802606572,0.189142,-0.450110,-10.426748
1802607770,0.251391,-0.502782,-10.702082
1802608950,0.260968,-0.409408,-10.436325
1802610140,0.272939,-0.462081,-10.204087
1802611316,0.335188,-0.588974,-10.292673
1802612498,0.268151,-0.553061,-10.034100
1802613677,0.332794,-0.581791,-10.249578
1802614878,0.359130,-0.565032,-10.283096
1802616066,0.368707,-0.464475,-9.713276
1802617261,0.402226,-0.509965,-9.478644
1802618435,0.407014,-0.605733,-9.639056
1802619619,0.328006,-0.708684,-9.749189
1802620809,0.351948,-0.651223,-10.002975
1802621999,0.438139,-0.483629,-10.285490
1802623185,0.469264,-0.433351,-9.581595
1802624365,0.464475,-0.524330,-9.124303
1802625547,0.452504,-0.529119,-8.772355
1802626748,0.368707,-0.555455,-8.951921
1802627930,0.263362,-0.486023,-9.923966
1802629114,0.299275,-0.395043,-10.651803
1802630290,0.272939,-0.514753,-10.627861
1802631482,0.251391,-0.600945,-10.369287
1802632664,0.263362,-0.557849,-10.395624
1802633869,0.203507,-0.579397,-10.137050
1802635055,0.332794,-0.565032,-10.105926
1802636245,0.395043,-0.579397,-10.297462
1802637423,0.383072,-0.593762,-9.916783
1802638606,0.402226,-0.462081,-9.579201
1802639796,0.411803,-0.402226,-9.421184
1802640982,0.435745,-0.605733,-9.361329
1802642164,0.517148,-0.632069,-9.976639
1802643337,0.521936,-0.493206,-9.959879
1802644515,0.538695,-0.536301,-9.710882
1802645706,0.555455,-0.505177,-9.545682
1802646903,0.447716,-0.478840,-9.660604
1802648092,0.423774,-0.598550,-9.569624
1802649279,0.433351,-0.703895,-10.065224
1802650454,0.445322,-0.476446,-10.357317
1802651634,0.416591,-0.234632,-10.163386
1802652828,0.507571,-0.361524,-10.275913
1802654017,0.497994,-0.569820,-10.273520
1802655202,0.541090,-0.663194,-9.763555
1802656379,0.457293,-0.634463,-9.797073
1802657570,0.318429,-0.770933,-9.543288
1802658757,0.143652,-0.632069,-9.442732
1802659948,0.184354,-0.328006,-9.428367
1802661129,0.193930,-0.392649,-9.267955
1802662310,0.383072,-0.469264,-9.785102
1802663493,0.433351,-0.507571,-10.259154
1802664682,0.328006,-0.543484,-10.266336
1802665877,0.320823,-0.555455,-10.352529
1802667070,0.287304,-0.442927,-9.543288
1802668247,0.237026,-0.447716,-9.648633
1802669428,0.318429,-0.402226,-10.026917
1802670604,0.399832,-0.347159,-10.192117
1802671802,0.430956,-0.409408,-10.019734
1802672986,0.476446,-0.442927,-9.782708
1802674173,0.359130,-0.466869,-9.624691
1802675350,0.299275,-0.421380,-10.242394
1802676539,0.387861,-0.380678,-10.333375
1802677734,0.416591,-0.493206,-9.983821
1802678921,0.466869,-0.622492,-9.665392
1802680099,0.538695,-0.584185,-9.552865
1802681291,0.490811,-0.500388,-9.775525
1802682476,0.462081,-0.450110,-9.794679
1802683661,0.462081,-0.445322,-9.713276
1802684861,0.371101,-0.356736,-9.500193
1802686056,0.378284,-0.454898,-9.634268
1802687242,0.325611,-0.486023,-9.619903
1802688418,0.423774,-0.569820,-9.938332
1802689596,0.361524,-0.505177,-9.799467
1802690792,0.349553,-0.464475,-9.524135
1802691975,0.330400,-0.457293,-9.720459
1802693159,0.344765,-0.421380,-10.017340
1802694334,0.390255,-0.433351,-10.019734
1802695525,0.418985,-0.447716,-9.988609
1802696714,0.354342,-0.462081,-9.665392
1802697912,0.390255,-0.428562,-9.715671
1802699097,0.380678,-0.464475,-9.799467
1802700278,0.490811,-0.426168,-10.196905
1802701455,0.474052,-0.380678,-10.240001
1802702636,0.502782,-0.363919,-10.103531
1802703824,0.567426,-0.342371,-10.034100
1802705014,0.598550,-0.497994,-9.971850
1802706204,0.591368,-0.430956,-9.988609
1802707384,0.521936,-0.488417,-10.156203
1802708572,0.555455,-0.483629,-10.081984
1802709770,0.624887,-0.493206,-9.734824
1802710957,0.588974,-0.543484,-9.811439
1802712148,0.328006,-0.591368,-9.835381
1802713324,0.351948,-0.567426,-9.648633
1802714508,0.339977,-0.526724,-9.102755
1802715690,0.459687,-0.514753,-9.294291
1802716890,0.445322,-0.567426,-9.902418
1802718077,0.471658,-0.457293,-10.053253
1802719259,0.519542,-0.411803,-10.168175
1802720435,0.457293,-0.378284,-10.036493
1802721620,0.471658,-0.462081,-9.955091
1802722812,0.294487,-1.206678,-7.673417
1802724011,-0.545878,-1.079785,-6.131551
1802725208,0.009577,0.361524,-11.216835
1802726384,0.313640,-0.069432,-12.181698
1802727570,1.012747,-0.304064,-14.528016
1802728768,1.118092,-0.090980,-14.836868
1802729954,1.154005,-0.390255,-13.065159
1802731143,0.464475,-1.130063,-7.716512
1802732317,0.150835,-0.581791,-6.852205
1802733498,-0.004788,-0.021548,-7.678205
1802734685,0.134075,0.081403,-8.997410
1802735876,0.304064,-0.119710,-10.354922
1802737064,0.488417,-0.928950,-11.403583
1802738259,0.497994,-1.029507,-10.922348
1802739439,0.450110,-1.031901,-9.619903
1802740620,0.339977,-0.744597,-8.377312
1802741814,0.260968,-0.500388,-8.391677
1802743011,0.179565,-0.342371,-8.757990
1802744198,0.217872,-0.363919,-9.557653
1802745380,0.347159,-0.395043,-10.160992
1802746567,0.524330,-0.430956,-10.335769
1802747765,0.505177,-0.624887,-10.460267
1802748952,0.435745,-0.634463,-10.848128
1802750143,0.790087,-0.596156,-9.447520
1802751319,0.612916,-1.221043,-3.450045
1802752499,-1.130063,-0.593762,0.581791
1802753682,-1.977611,0.799663,-4.345476
1802754882,-1.635240,0.507571,-8.987833
1802756070,-1.110910,-1.237802,-9.430760
1802757255,0.998382,-0.555455,-19.481619
1802758429,1.714248,0.009577,-15.555128
1802759606,1.563414,0.043096,-11.085154
1802760785,0.565032,-0.229843,-9.251195
1802761972,0.102951,0.131681,-9.564836
1802763146,-0.124498,-0.227449,-11.180922
1802764334,0.232238,-0.816423,-11.319786
1802765522,0.404620,-1.110910,-12.090718
1802766711,0.687136,-0.960075,-12.411542
1802767911,0.854730,-1.163582,-13.172897
1802769104,0.833182,-0.632069,-9.217676
1802770280,0.660800,-0.258574,-7.967903
1802771460,0.562637,-0.213084,-7.307104
1802772637,0.325611,-0.610521,-6.148310
1802773829,0.095768,-0.802058,-6.167464
1802775016,0.064643,-0.792481,-6.864176
1802776212,0.332794,-0.770933,-10.086772
1802777389,0.347159,-0.847547,-10.369287
1802778583,0.201113,-0.727837,-10.283096
1802779771,0.160412,-0.565032,-10.378864
1802780956,0.050278,-0.471658,-10.290278
1802782141,0.098162,-0.280122,-10.050858
1802783321,0.263362,-0.289698,-10.366894
1802784501,0.471658,-0.347159,-10.699687
1802785687,0.519542,-0.337582,-10.915166
1802786883,0.454898,-0.385466,-11.468226
1802788074,0.323217,-0.354342,-11.602302
1802789251,0.114922,-0.294487,-10.656591
1802790437,-0.011971,-0.447716,-10.067618
1802791627,-0.093374,-0.639252,-9.718064
1802792826,-0.021548,-0.687136,-9.471462
1802794020,0.031125,-0.806846,-9.291897
1802795205,0.143652,-0.876278,-9.040505
1802796381,0.225055,-0.823605,-9.076419
1802797571,0.191536,-0.718261,-9.054871
1802798764,0.138864,-0.629675,-8.901642
1802799954,0.035913,-0.610521,-8.657434
1802801139,-0.095768,-0.555455,-8.657434
1802802326,-0.057461,-0.634463,-9.318233
1802803511,0.059855,-0.648829,-9.703699
1802804701,0.265756,-0.660800,-10.038888
1802805898,0.354342,-0.701501,-10.244789
1802807088,0.375890,-0.648829,-10.405201
1802808264,0.304064,-0.545878,-10.496181
1802809444,0.229843,-0.615310,-10.247183
1802810620,0.203507,-0.596156,-10.041282
1802811817,0.179565,-0.567426,-10.079589
1802813011,0.251391,-0.526724,-10.189722
1802814207,0.402226,-0.562637,-10.225636
1802815385,0.416591,-0.624887,-10.062830
1802816576,0.414197,-0.593762,-10.156203
1802817765,0.366313,-0.555455,-10.295067
1802818957,0.306458,-0.651223,-10.362105
1802820140,0.301669,-0.667982,-10.424355
1802821322,0.304064,-0.679953,-10.455479
1802822500,0.368707,-0.687136,-10.326192
1802823689,0.380678,-0.679953,-10.201694
1802824883,0.361524,-0.667982,-10.172963
1802826077,0.380678,-0.725443,-10.160992
1802827260,0.519542,-0.636858,-10.029311
1802828435,0.526724,-0.586579,-9.758766
1802829617,0.430956,-0.629675,-9.593566
1802830815,0.313640,-0.586579,-9.536105
1802832000,0.301669,-0.555455,-9.576807
1802833189,0.325611,-0.500388,-9.586384
1802834363,0.373495,-0.493206,-9.722853
1802835551,0.438139,-0.517148,-9.928755
1802836748,0.363919,-0.505177,-9.931149
1802837934,0.359130,-0.579397,-9.991004
1802839115,0.318429,-0.493206,-9.725247
1802840296,0.361524,-0.402226,-9.560047
1802841481,0.378284,-0.421380,-9.658210
1802842667,0.407014,-0.466869,-9.677363
1802843865,0.466869,-0.507571,-9.801862
1802845063,0.426168,-0.512359,-9.823410
1802846253,0.349553,-0.584185,-9.842564
1802847434,0.294487,-0.596156,-9.639056
1802848615,0.284910,-0.538695,-9.538500
1802849812,0.294487,-0.538695,-9.646238
1802850998,0.328006,-0.529119,-9.746795
1802852188,0.325611,-0.426168,-9.689334
1802853365,0.373495,-0.512359,-9.543288
1802854554,0.433351,-0.526724,-9.454702
1802855748,0.490811,-0.536301,-9.387665
1802856934,0.445322,-0.493206,-9.358934
1802858116,0.390255,-0.426168,-9.306262
1802859297,0.335188,-0.395043,-9.710882
1802860478,0.270545,-0.430956,-9.830592
1802861663,0.328006,-0.500388,-9.940725
1802862858,0.373495,-0.514753,-10.014946
1802864055,0.438139,-0.481235,-9.995792
1802865241,0.359130,-0.454898,-9.773131
1802866423,0.301669,-0.445322,-9.682152
1802867601,0.234632,-0.438139,-9.667787
1802868798,0.306458,-0.430956,-9.763555
1802869980,0.385466,-0.423774,-9.770737
1802871166,0.418985,-0.428562,-9.832987
1802872335,0.428562,-0.478840,-10.146626
1802873521,0.375890,-0.471658,-9.995792
1802874708,0.337582,-0.457293,-9.988609
1802875910,0.387861,-0.464475,-10.031705
1802877096,0.323217,-0.414197,-10.010158
1802878277,0.359130,-0.526724,-9.773131
1802879454,0.351948,-0.488417,-9.885659
1802880638,0.361524,-0.483629,-9.897630
1802881826,0.296881,-0.371101,-9.897630
1802883018,0.287304,-0.395043,-9.947908
1802884197,0.404620,-0.339977,-9.995792
1802885379,0.409408,-0.426168,-9.967062
1802886560,0.421380,-0.438139,-9.832987
1802887757,0.435745,-0.452504,-9.756371
1802888942,0.433351,-0.478840,-9.770737
1802890128,0.368707,-0.438139,-9.746795
1802891302,0.435745,-0.433351,-9.789890
1802892483,0.457293,-0.385466,-9.682152
1802893665,0.421380,-0.447716,-9.706094
1802894868,0.445322,-0.483629,-9.612720
1802896061,0.430956,-0.457293,-9.581595
1802897256,0.390255,-0.490811,-9.612720
1802898432,0.390255,-0.440533,-9.514558
1802899617,0.416591,-0.447716,-9.603143
1802900810,0.351948,-0.421380,-9.698911
1802901998,0.383072,-0.440533,-9.763555
1802903179,0.387861,-0.430956,-9.785102
1802904358,0.277727,-0.486023,-9.763555
1802905541,0.215478,-0.397437,-9.722853
1802906741,0.248997,-0.359130,-9.840169
1802907922,0.225055,-0.409408,-9.904813
1802909105,0.263362,-0.430956,-9.758766
1802910281,0.265756,-0.474052,-9.600749
1802911462,0.225055,-0.356736,-9.828198
1802912640,0.232238,-0.385466,-9.904813
1802913833,0.208296,-0.347159,-9.813833
1802915021,0.268151,-0.404620,-9.715671
1802916211,0.256180,-0.392649,-9.763555
1802917388,0.174777,-0.555455,-9.732430
1802918579,0.155623,-0.545878,-9.811439
1802919765,0.215478,-0.500388,-9.983821
1802920956,0.191536,-0.414197,-9.967062
1802922142,0.172383,-0.447716,-9.969456
1802923322,0.184354,-0.421380,-10.117896
1802924501,0.225055,-0.416591,-10.144233
1802925690,0.272939,-0.452504,-10.029311
1802926884,0.265756,-0.486023,-10.036493
1802928077,0.234632,-0.490811,-10.050858
1802929253,0.225055,-0.450110,-10.132261
1802930438,0.196325,-0.459687,-9.995792
1802931620,0.237026,-0.445322,-9.919178
1802932818,0.232238,-0.471658,-9.947908
1802934011,0.213084,-0.471658,-9.902418
1802935197,0.272939,-0.459687,-9.859323
1802936375,0.265756,-0.483629,-10.022128
1802937567,0.339977,-0.507571,-9.909601
1802938759,0.366313,-0.519542,-9.763555
1802939949,0.265756,-0.490811,-9.730036
1802941133,0.253785,-0.442927,-9.928755
1802942315,0.220267,-0.440533,-10.086772
1802943497,0.260968,-0.507571,-10.029311
1802944685,0.287304,-0.464475,-9.967062
1802945878,0.308852,-0.486023,-9.861717
1802947068,0.256180,-0.462081,-9.777920
1802948244,0.246603,-0.457293,-9.789890
1802949425,0.246603,-0.519542,-10.012551
1802950603,0.306458,-0.509965,-10.000581
1802951798,0.306458,-0.526724,-10.055647
1802952980,0.265756,-0.512359,-9.935937
1802954167,0.316035,-0.553061,-9.890448
1802955337,0.258574,-0.596156,-9.811439
1802956524,0.284910,-0.524330,-9.773131
1802957712,0.311246,-0.572214,-9.718064
1802958910,0.323217,-0.533907,-9.734824
1802960096,0.344765,-0.545878,-9.785102
1802961285,0.354342,-0.560243,-9.861717
1802962457,0.313640,-0.493206,-9.830592
1802963638,0.383072,-0.505177,-9.919178
1802964826,0.392649,-0.517148,-9.935937
1802966020,0.328006,-0.519542,-9.957485
1802967199,0.347159,-0.500388,-9.957485
1802968380,0.304064,-0.486023,-9.552865
1802969566,0.272939,-0.565032,-9.787497
1802970764,0.335188,-0.560243,-10.043676
1802971947,0.320823,-0.577003,-10.098742
1802973136,0.306458,-0.524330,-9.969456
1802974312,0.318429,-0.543484,-9.911995
1802975494,0.344765,-0.553061,-10.089166
1802976677,0.368707,-0.500388,-10.127473
1802977876,0.323217,-0.488417,-9.883265
1802979065,0.392649,-0.605733,-9.943120
1802980259,0.411803,-0.567426,-9.943120
1802981434,0.428562,-0.641646,-9.742006
1802982619,0.428562,-0.610521,-9.083601
1802983808,0.387861,-0.624887,-9.150639
1802984998,0.430956,-0.565032,-9.684546
1802986183,0.440533,-0.553061,-9.916783
1802987364,0.435745,-0.521936,-9.799467
1802988548,0.392649,-0.459687,-9.830592
1802989748,0.387861,-0.543484,-9.768343
1802990930,0.469264,-0.617704,-9.873688
1802992117,0.490811,-0.581791,-10.151415
1802993295,0.462081,-0.543484,-9.933543
1802994480,0.577003,-0.505177,-9.746795
1802995661,0.603339,-0.538695,-9.856929
1802996865,0.466869,-0.474052,-10.024523
1802998056,0.423774,-0.452504,-9.979033
1802999246,0.454898,-0.495600,-9.639056
1803000422,0.428562,-0.557849,-9.742006
1803001604,0.375890,-0.521936,-9.868899
1803002794,0.330400,-0.466869,-9.624691
1803003980,0.380678,-0.447716,-9.631873
1803005162,0.366313,-0.450110,-9.809045
1803006341,0.375890,-0.478840,-9.756371
1803007521,0.407014,-0.495600,-9.562442
1803008711,0.390255,-0.560243,-9.734824
1803009905,0.411803,-0.545878,-9.770737
1803011094,0.380678,-0.574608,-9.909601
1803012269,0.404620,-0.577003,-10.007763
1803013443,0.450110,-0.560243,-9.974244
1803014619,0.418985,-0.557849,-9.923966
1803015817,0.454898,-0.493206,-9.943120
1803017004,0.411803,-0.454898,-10.007763
1803018193,0.409408,-0.459687,-9.876082
1803019369,0.407014,-0.421380,-9.789890
1803020555,0.438139,-0.399832,-9.926360
1803021748,0.445322,-0.438139,-9.940725
1803022934,0.447716,-0.466869,-9.971850
1803024116,0.371101,-0.493206,-10.014946
1803025298,0.411803,-0.481235,-9.859323
1803026479,0.339977,-0.531513,-9.840169
1803027665,0.328006,-0.529119,-9.859323
1803028864,0.318429,-0.536301,-9.890448
1803030059,0.325611,-0.519542,-9.801862
1803031245,0.402226,-0.509965,-9.911995
1803032426,0.409408,-0.505177,-9.919178
1803033603,0.308852,-0.481235,-9.744401
1803034799,0.339977,-0.505177,-9.749189
1803035980,0.325611,-0.430956,-9.708488
1803037163,0.294487,-0.438139,-9.684546
1803038340,0.299275,-0.488417,-9.753978
1803039531,0.397437,-0.550666,-9.605537
1803040725,0.359130,-0.550666,-9.552865
1803041910,0.337582,-0.536301,-9.560047
1803043094,0.397437,-0.536301,-9.528923
1803044276,0.385466,-0.519542,-9.521740
1803045453,0.387861,-0.483629,-9.521740
1803046635,0.454898,-0.433351,-9.667787
1803047824,0.416591,-0.426168,-9.832987
1803049018,0.325611,-0.459687,-9.861717
1803050209,0.344765,-0.457293,-9.844957
1803051391,0.287304,-0.471658,-9.895236
1803052578,0.265756,-0.445322,-9.828198
1803053771,0.335188,-0.440533,-9.883265
1803054958,0.351948,-0.476446,-9.907207
1803056145,0.292093,-0.466869,-9.859323
1803057321,0.263362,-0.445322,-9.794679
1803058505,0.392649,-0.430956,-9.552865
1803059688,0.335188,-0.478840,-9.655815
1803060887,0.342371,-0.452504,-9.854534
1803062076,0.308852,-0.507571,-9.856929
1803063256,0.253785,-0.531513,-9.880871
1803064428,0.210690,-0.517148,-9.825804
1803065613,0.299275,-0.500388,-9.825804
1803066803,0.311246,-0.500388,-9.756371
1803067993,0.270545,-0.507571,-9.787497
1803069174,0.339977,-0.512359,-9.801862
1803070356,0.337582,-0.457293,-9.768343
1803071537,0.354342,-0.430956,-10.108319
1803072736,0.380678,-0.464475,-10.050858
1803073918,0.347159,-0.459687,-10.115502
1803075110,0.323217,-0.483629,-10.268731
1803076295,0.339977,-0.493206,-10.180145
1803077487,0.392649,-0.493206,-10.048465
1803078670,0.256180,-0.490811,-10.089166
1803079874,0.313640,-0.481235,-10.041282
1803081060,0.277727,-0.457293,-9.983821
1803082256,0.265756,-0.433351,-9.847352
1803083429,0.232238,-0.481235,-9.780313
1803084615,0.227449,-0.464475,-9.892841
1803085809,0.316035,-0.447716,-9.931149
1803086999,0.301669,-0.452504,-10.038888
1803088184,0.244209,-0.438139,-10.026917
1803089366,0.239420,-0.483629,-10.053253
1803090549,0.196325,-0.450110,-10.019734
1803091748,0.162806,-0.486023,-10.022128
1803092926,0.229843,-0.521936,-9.844957
1803094114,0.284910,-0.550666,-9.770737
1803095289,0.284910,-0.526724,-9.971850
1803096479,0.356736,-0.533907,-9.952697
1803097660,0.344765,-0.524330,-9.768343
1803098865,0.299275,-0.500388,-9.756371
1803100056,0.332794,-0.459687,-9.792285
1803101246,0.330400,-0.423774,-9.821015
1803102416,0.335188,-0.490811,-9.844957
1803103598,0.378284,-0.505177,-9.955091
1803104786,0.399832,-0.478840,-9.895236
1803105973,0.354342,-0.478840,-9.852140
1803107152,0.323217,-0.478840,-9.825804
1803108333,0.311246,-0.466869,-9.873688
1803109512,0.308852,-0.500388,-9.821015
1803110701,0.339977,-0.490811,-9.749189
1803111899,0.375890,-0.519542,-9.804255
1803113088,0.395043,-0.505177,-9.746795
1803114274,0.392649,-0.512359,-9.811439
1803115450,0.363919,-0.538695,-9.825804
1803116628,0.328006,-0.512359,-9.890448
1803117812,0.325611,-0.548272,-9.904813
1803118998,0.397437,-0.545878,-9.897630
1803120188,0.371101,-0.507571,-9.931149
1803121364,0.308852,-0.553061,-9.840169
1803122551,0.313640,-0.562637,-9.864111
1803123748,0.416591,-0.524330,-10.017340
1803124934,0.368707,-0.519542,-9.923966
1803126116,0.378284,-0.543484,-9.883265
1803127297,0.308852,-0.505177,-9.765948
1803128483,0.351948,-0.502782,-9.737218
1803129666,0.284910,-0.521936,-10.012551
1803130866,0.313640,-0.476446,-10.070012
1803132063,0.335188,-0.452504,-10.105926
1803133254,0.347159,-0.430956,-9.940725
1803134434,0.342371,-0.459687,-9.967062
1803135616,0.294487,-0.466869,-9.890448
1803136814,0.296881,-0.488417,-10.038888
1803138000,0.256180,-0.493206,-10.081984
1803139186,0.318429,-0.524330,-9.983821
1803140361,0.299275,-0.524330,-9.914390
1803141548,0.284910,-0.531513,-9.950302
1803142740,0.246603,-0.524330,-10.029311
1803143926,0.258574,-0.466869,-9.955091
1803145108,0.272939,-0.428562,-9.871294
1803146300,0.304064,-0.438139,-9.983821
1803147486,0.316035,-0.545878,-10.019734
1803148674,0.282516,-0.440533,-9.696517
1803149869,0.296881,-0.526724,-9.828198
1803151067,0.325611,-0.502782,-9.986216
1803152258,0.318429,-0.493206,-10.041282
1803153438,0.392649,-0.426168,-9.919178
1803154617,0.328006,-0.438139,-9.847352
1803155815,0.359130,-0.488417,-9.684546
1803157000,0.332794,-0.543484,-9.785102
1803158190,0.306458,-0.481235,-9.789890
1803159367,0.387861,-0.555455,-9.739613
1803160555,0.366313,-0.526724,-9.816227
1803161748,0.380678,-0.490811,-9.952697
1803162931,0.371101,-0.404620,-9.768343
1803164112,0.433351,-0.450110,-9.648633
1803165291,0.359130,-0.459687,-9.880871
1803166477,0.368707,-0.502782,-9.981427
1803167663,0.282516,-0.423774,-9.653421
1803168863,0.296881,-0.507571,-9.679757
1803170059,0.258574,-0.471658,-9.670180
1803171241,0.337582,-0.418985,-9.624691
1803172423,0.397437,-0.474052,-9.622296
1803173601,0.361524,-0.483629,-9.694122
1803174798,0.282516,-0.471658,-9.557653
1803175981,0.227449,-0.411803,-9.598354
1803177168,0.189142,-0.385466,-9.615114
1803178340,0.229843,-0.440533,-9.454702
1803179525,0.304064,-0.478840,-9.497798
1803180710,0.311246,-0.433351,-9.629479
1803181910,0.306458,-0.474052,-9.852140
1803183095,0.304064,-0.493206,-10.098742
1803184275,0.325611,-0.450110,-10.122684
1803185450,0.325611,-0.378284,-9.919178
1803186633,0.246603,-0.323217,-9.797073
1803187821,0.311246,-0.459687,-10.117896
1803189020,0.213084,-0.495600,-9.830592
1803190199,0.308852,-0.395043,-9.758766
1803191380,0.397437,-0.447716,-9.979033
1803192566,0.459687,-0.478840,-9.873688
1803193764,0.390255,-0.450110,-9.780313
1803194948,0.339977,-0.481235,-9.622296
1803196132,0.311246,-0.517148,-9.629479
1803197309,0.351948,-0.481235,-9.734824
1803198491,0.306458,-0.531513,-9.753978
1803199675,0.316035,-0.517148,-9.780313
1803200873,0.359130,-0.497994,-9.794679
1803202060,0.351948,-0.409408,-9.938332
1803203249,0.272939,-0.452504,-9.923966
1803204426,0.373495,-0.502782,-9.986216
1803205612,0.383072,-0.543484,-10.024523
1803206804,0.181959,-0.308852,-9.883265
1803207994,0.167594,-0.469264,-9.655815
1803209177,0.301669,-0.244209,-9.730036
1803210354,0.239420,-0.117316,-9.749189
1803211537,0.265756,-0.459687,-9.210494
1803212736,0.296881,-0.670376,-9.971850
1803213918,0.457293,-0.550666,-10.271125
1803215110,0.428562,-0.471658,-10.577583
1803216288,0.294487,-0.500388,-9.653421
1803217475,0.363919,-0.342371,-9.402030
1803218655,0.378284,-0.462081,-9.742006
1803219856,0.184354,-0.407014,-9.677363
1803221047,0.227449,-0.562637,-9.660604
1803222236,0.282516,-0.521936,-10.000581
1803223403,0.282516,-0.390255,-10.156203
1803224586,0.270545,-0.330400,-9.926360
1803225772,0.375890,-0.531513,-9.770737
1803226963,0.294487,-0.407014,-9.694122
1803228148,0.392649,-0.418985,-10.062830
1803229329,0.433351,-0.464475,-10.041282
1803230506,0.383072,-0.502782,-9.813833
1803231693,0.260968,-0.462081,-9.758766
1803232887,0.265756,-0.397437,-9.962274
1803234078,0.241814,-0.337582,-9.780313
1803235261,0.227449,-0.459687,-9.718064
1803236440,0.371101,-0.598550,-9.895236
1803237621,0.411803,-0.584185,-9.885659
1803238819,0.342371,-0.476446,-10.323798
1803240014,0.363919,-0.450110,-10.096349
1803241208,0.385466,-0.483629,-9.931149
1803242386,0.323217,-0.383072,-9.615114
1803243577,0.313640,-0.490811,-9.828198
1803244765,0.397437,-0.459687,-10.163386
1803245958,0.359130,-0.490811,-10.163386
1803247144,0.316035,-0.466869,-10.146626
1803248325,0.330400,-0.466869,-10.031705
1803249502,0.330400,-0.454898,-9.907207
1803250687,0.371101,-0.474052,-9.811439
1803251881,0.390255,-0.457293,-9.876082
1803253073,0.404620,-0.457293,-9.979033
1803254249,0.418985,-0.433351,-9.971850
1803255430,0.359130,-0.502782,-9.885659
1803256611,0.330400,-0.486023,-9.890448
1803257805,0.335188,-0.514753,-9.916783
1803258988,0.308852,-0.500388,-9.964667
1803260173,0.335188,-0.519542,-9.955091
1803261351,0.337582,-0.454898,-9.967062
1803262543,0.306458,-0.438139,-10.046070
1803263737,0.320823,-0.457293,-10.129868
1803264924,0.313640,-0.493206,-9.794679
1803266101,0.284910,-0.464475,-9.818622
1803267282,0.289698,-0.507571,-9.993398
1803268459,0.299275,-0.533907,-10.101137
1803269642,0.282516,-0.481235,-10.103531
1803270831,0.380678,-0.433351,-9.974244
1803272024,0.361524,-0.497994,-10.041282
1803273202,0.378284,-0.488417,-10.055647
1803274385,0.323217,-0.481235,-9.957485
1803275572,0.330400,-0.517148,-9.933543
1803276769,0.311246,-0.469264,-10.053253
1803277956,0.308852,-0.497994,-10.022128
1803279147,0.287304,-0.545878,-9.971850
1803280322,0.265756,-0.550666,-10.019734
1803281505,0.268151,-0.488417,-9.986216
1803282686,0.289698,-0.488417,-9.957485
1803283886,0.311246,-0.430956,-9.801862
1803285074,0.265756,-0.430956,-9.840169
1803286254,0.299275,-0.452504,-9.957485
1803287427,0.287304,-0.507571,-9.943120
1803288612,0.304064,-0.543484,-9.967062
1803289799,0.263362,-0.507571,-10.034100
1803290985,0.287304,-0.471658,-9.828198
1803292167,0.253785,-0.471658,-9.842564
1803293354,0.275333,-0.478840,-9.811439
1803294542,0.301669,-0.502782,-9.773131
1803295741,0.239420,-0.430956,-9.947908
1803296922,0.289698,-0.500388,-10.062830
1803298105,0.268151,-0.478840,-9.959879
1803299282,0.292093,-0.447716,-9.914390
1803300460,0.229843,-0.464475,-9.871294
1803301639,0.260968,-0.471658,-9.888053
1803302831,0.287304,-0.452504,-9.842564
1803304019,0.282516,-0.421380,-9.926360
1803305213,0.280122,-0.545878,-9.931149
1803306390,0.287304,-0.517148,-9.813833
1803307579,0.304064,-0.414197,-9.792285
1803308767,0.354342,-0.409408,-9.988609
1803309955,0.258574,-0.414197,-9.928755
1803311141,0.342371,-0.375890,-10.113108
1803312322,0.241814,-0.404620,-10.137050
1803313497,0.282516,-0.416591,-9.890448
1803314685,0.335188,-0.438139,-9.914390
1803315880,0.328006,-0.493206,-10.005369
1803317071,0.371101,-0.399832,-9.919178
1803318248,0.361524,-0.402226,-9.933543
1803319429,0.359130,-0.411803,-10.026917
1803320607,0.354342,-0.442927,-9.909601
1803321802,0.337582,-0.440533,-9.976639
1803322988,0.361524,-0.426168,-9.907207
1803324174,0.371101,-0.404620,-9.840169
1803325343,0.368707,-0.373495,-9.809045
1803326528,0.371101,-0.344765,-9.945514
1803327722,0.323217,-0.371101,-9.993398
1803328915,0.287304,-0.411803,-9.919178
1803330099,0.313640,-0.392649,-9.981427
1803331280,0.325611,-0.390255,-10.012551
1803332458,0.356736,-0.397437,-9.986216
1803333641,0.337582,-0.399832,-9.976639
1803334829,0.330400,-0.411803,-10.002975
1803336019,0.361524,-0.418985,-9.849746
1803337207,0.342371,-0.387861,-9.880871
1803338389,0.356736,-0.366313,-9.794679
1803339576,0.380678,-0.411803,-9.864111
1803340774,0.356736,-0.416591,-9.976639
1803341955,0.344765,-0.366313,-9.964667
1803343145,0.392649,-0.351948,-10.022128
1803344320,0.320823,-0.378284,-9.971850
1803345500,0.399832,-0.383072,-9.890448
1803346683,0.323217,-0.390255,-9.840169
1803347881,0.308852,-0.392649,-9.928755
1803349070,0.265756,-0.383072,-9.974244
1803350248,0.294487,-0.347159,-9.947908
1803351426,0.304064,-0.371101,-9.897630
1803352607,0.378284,-0.433351,-9.840169
1803353798,0.339977,-0.385466,-9.900024
1803354984,0.335188,-0.390255,-10.034100
1803356164,0.390255,-0.383072,-10.022128
1803357345,0.359130,-0.371101,-10.010158
1803358522,0.313640,-0.387861,-9.902418
1803359713,0.330400,-0.404620,-9.897630
1803360907,0.428562,-0.390255,-9.926360
1803362097,0.306458,-0.359130,-9.952697
1803363278,0.409408,-0.366313,-10.005369
1803364452,0.404620,-0.423774,-9.890448
1803365629,0.399832,-0.373495,-9.864111
1803366823,0.337582,-0.397437,-9.962274
1803368004,0.395043,-0.337582,-9.981427
1803369194,0.430956,-0.397437,-9.988609
1803370370,0.344765,-0.359130,-9.811439
1803371558,0.296881,-0.366313,-9.662998
1803372751,0.344765,-0.402226,-9.876082
1803373937,0.306458,-0.371101,-10.125079
1803375118,0.328006,-0.344765,-9.935937
1803376299,0.308852,-0.395043,-9.911995
1803377480,0.328006,-0.354342,-10.091560
1803378665,0.351948,-0.433351,-9.914390
1803379864,0.457293,-0.421380,-9.902418
1803381060,0.440533,-0.337582,-9.947908
1803382245,0.387861,-0.339977,-10.012551
1803383422,0.397437,-0.385466,-9.962274
1803384601,0.363919,-0.375890,-10.026917
1803385797,0.392649,-0.366313,-9.998186
1803386980,0.428562,-0.385466,-9.923966
1803388165,0.433351,-0.433351,-9.928755
1803389341,0.380678,-0.328006,-9.763555
1803390526,0.438139,-0.354342,-9.742006
1803391714,0.390255,-0.359130,-9.871294
1803392911,0.435745,-0.318429,-9.955091
1803394097,0.339977,-0.349553,-9.988609
1803395283,0.323217,-0.347159,-9.916783
1803396461,0.335188,-0.351948,-9.945514
1803397645,0.344765,-0.385466,-9.888053
1803398833,0.385466,-0.366313,-9.971850
1803400026,0.380678,-0.371101,-9.952697
1803401211,0.323217,-0.373495,-9.952697
1803402397,0.356736,-0.404620,-9.876082
1803403584,0.339977,-0.409408,-10.000581
1803404772,0.335188,-0.404620,-9.907207
1803405957,0.335188,-0.438139,-9.876082
1803407147,0.349553,-0.356736,-9.935937
1803408324,0.399832,-0.325611,-9.923966
1803409508,0.385466,-0.356736,-9.888053
1803410691,0.294487,-0.409408,-9.873688
1803411887,0.318429,-0.464475,-9.852140
1803413075,0.339977,-0.457293,-9.947908
1803414265,0.275333,-0.488417,-9.871294
1803415441,0.222661,-0.445322,-9.919178
1803416630,0.282516,-0.469264,-9.873688
1803417819,0.237026,-0.426168,-9.947908
1803419016,0.232238,-0.466869,-9.907207
1803420206,0.339977,-0.452504,-9.986216
1803421388,0.318429,-0.433351,-10.014946
1803422575,0.351948,-0.411803,-10.132261
1803423773,0.349553,-0.450110,-10.132261
1803424954,0.268151,-0.476446,-10.105926
1803426145,0.294487,-0.507571,-10.139444
1803427322,0.301669,-0.505177,-10.149021
1803428509,0.299275,-0.442927,-10.108319
1803429693,0.328006,-0.469264,-10.074800
1803430890,0.337582,-0.497994,-9.926360
1803432077,0.409408,-0.486023,-10.041282
1803433263,0.330400,-0.517148,-10.043676
1803434429,0.371101,-0.598550,-10.002975
1803435614,0.375890,-0.509965,-9.928755
1803436805,0.313640,-0.548272,-9.979033
1803437994,0.323217,-0.586579,-10.002975
1803439174,0.344765,-0.553061,-9.940725
1803440355,0.351948,-0.569820,-10.029311
1803441534,0.428562,-0.557849,-10.149021
1803442734,0.428562,-0.591368,-10.206482
1803443916,0.416591,-0.565032,-10.036493
1803445108,0.332794,-0.557849,-9.957485
1803446292,0.368707,-0.519542,-9.943120
1803447483,0.359130,-0.569820,-9.964667
1803448664,0.380678,-0.600945,-9.971850
1803449864,0.428562,-0.557849,-10.151415
1803451057,0.387861,-0.600945,-10.187328
1803452247,0.390255,-0.572214,-10.050858
1803453416,0.380678,-0.507571,-9.993398
1803454598,0.337582,-0.545878,-9.868899
1803455787,0.361524,-0.584185,-9.950302
1803456974,0.383072,-0.565032,-9.981427
1803458152,0.335188,-0.584185,-10.115502
1803459334,0.359130,-0.598550,-10.038888
1803460512,0.351948,-0.656011,-9.955091
1803461702,0.277727,-0.632069,-9.811439
1803462900,0.213084,-0.598550,-9.734824
1803464090,0.299275,-0.481235,-10.237606
1803465273,0.079009,-0.395043,-10.163386
1803466446,0.244209,-0.581791,-9.806650
1803467622,0.260968,-0.727837,-10.098742
1803468817,0.272939,-0.754174,-10.773908
1803469999,0.320823,-0.627281,-10.189722
1803471190,0.311246,-0.708684,-9.038112
1803472366,0.337582,-0.596156,-9.849746
1803473555,0.282516,-0.610521,-10.568007
1803474748,0.320823,-0.598550,-10.369287
1803475934,0.347159,-0.572214,-10.096349
1803477117,0.399832,-0.486023,-9.883265
1803478309,0.418985,-0.565032,-9.773131
1803479485,0.368707,-0.711078,-9.509769
1803480670,0.234632,-0.739808,-9.428367
1803481870,0.342371,-0.600945,-9.612720
1803483066,0.189142,-0.605733,-9.718064
1803484256,0.258574,-0.493206,-9.665392
1803485433,0.308852,-0.452504,-10.086772
1803486614,0.306458,-0.620098,-10.539276
1803487809,0.330400,-0.648829,-10.081984
1803488994,0.280122,-0.529119,-10.256760
1803490181,0.205901,-0.581791,-9.421184
1803491357,0.220267,-0.591368,-9.057265
1803492544,0.292093,-0.469264,-9.866506
1803493738,0.337582,-0.438139,-10.362105
1803494926,0.363919,-0.430956,-10.419566
1803496104,0.490811,-0.490811,-9.947908
1803497284,0.342371,-0.746991,-10.019734
1803498462,0.181959,-0.806846,-9.667787
1803499644,0.452504,-0.459687,-9.105149
1803500829,0.560243,-0.435745,-10.081984
1803502022,0.387861,-0.447716,-9.923966
1803503203,0.428562,-0.617704,-10.137050
1803504384,0.404620,-0.500388,-10.960655
1803505563,0.349553,-0.677559,-10.771513
1803506760,0.299275,-0.660800,-9.299079
1803507944,0.205901,-0.706290,-9.083601
1803509127,0.316035,-0.474052,-9.871294
1803510302,0.502782,-0.713472,-10.007763
1803511491,0.629675,-0.804452,-9.964667
1803512675,0.536301,-0.869095,-9.900024
1803513876,0.464475,-0.684742,-9.900024
1803515062,0.459687,-0.572214,-10.081984
1803516257,0.675165,-0.557849,-8.963891
1803517430,0.639252,-0.380678,-8.736442
1803518616,0.517148,-0.332794,-9.282320
1803519810,0.344765,-0.440533,-9.658210
1803520999,0.201113,-0.598550,-9.466674
1803522180,0.282516,-0.517148,-10.491392
1803523363,0.292093,-0.287304,-10.486604
1803524546,0.289698,-0.320823,-9.964667
1803525746,0.232238,-0.402226,-9.797073
1803526927,0.246603,-0.442927,-9.895236
1803528114,0.313640,-0.474052,-9.150639
1803529288,0.320823,-0.316035,-8.403648
1803530472,0.363919,-0.318429,-8.801085
1803531650,0.421380,-0.507571,-9.253590
1803532851,0.521936,-0.641646,-9.421184
1803534040,0.502782,-0.588974,-9.639056
1803535227,0.450110,-0.320823,-9.157822
1803536392,0.342371,-0.222661,-9.045294
1803537584,0.292093,-0.421380,-9.378088
1803538770,0.301669,-0.457293,-9.313444
1803539962,0.299275,-0.486023,-9.409213
1803541147,0.397437,-0.328006,-9.830592
1803542327,0.390255,-0.361524,-9.844957
1803543505,0.414197,-0.356736,-9.552865
1803544691,0.466869,-0.414197,-9.840169
1803545885,0.474052,-0.385466,-10.125079
1803547078,0.438139,-0.395043,-9.971850
1803548255,0.507571,-0.256180,-10.172963
1803549431,0.495600,-0.184354,-10.350134
1803550606,0.481235,-0.074220,-10.275913
1803551802,0.560243,-0.150835,-10.488997
1803552985,0.648829,-0.270545,-10.606314
1803554171,0.636858,-0.375890,-10.409989
1803555342,0.632069,-0.383072,-10.330980
1803556527,0.581791,-0.301669,-10.359711
1803557723,0.555455,-0.414197,-10.110714
1803558915,0.598550,-0.330400,-10.364499
1803560099,0.653617,-0.086191,-9.744401
1803561280,0.766145,-0.148441,-9.488221
1803562457,0.701501,-0.205901,-10.019734
1803563638,0.663194,-0.088585,-10.263943
1803564827,0.634463,-0.201113,-10.340557
1803566018,0.672771,-0.287304,-10.697293
1803567210,0.651223,-0.316035,-10.488997
1803568391,0.452504,-0.239420,-10.091560
1803569576,0.423774,-0.239420,-9.538500
1803570773,0.383072,-0.220267,-9.263166
1803571959,0.433351,-0.079009,-9.591172
1803573145,0.481235,0.038307,-9.631873
1803574315,0.421380,-0.134075,-9.382876
1803575495,0.380678,-0.141258,-9.390059
1803576677,0.395043,-0.110133,-9.682152
1803577876,0.342371,-0.059855,-9.521740
1803579059,0.292093,-0.055067,-9.313444
1803580248,0.308852,-0.090980,-9.141062
1803581417,0.306458,-0.119710,-9.272743
1803582600,0.220267,-0.134075,-9.239224
1803583788,0.284910,-0.241814,-9.203311
1803584974,0.311246,-0.213084,-9.074024
1803586150,0.244209,-0.134075,-9.035717
1803587330,0.174777,-0.179565,-9.145850
1803588508,0.155623,-0.210690,-9.069236
1803589695,0.179565,-0.222661,-9.011775
1803590889,0.148441,-0.229843,-9.107543
1803592078,0.119710,-0.213084,-9.246407
1803593254,0.112527,-0.246603,-9.239224
1803594439,0.081403,-0.296881,-9.433155
1803595620,0.067038,-0.265756,-9.380483
1803596817,0.033519,-0.244209,-9.509769
1803598001,0.028730,-0.296881,-9.574412
1803599190,0.038307,-0.363919,-9.344569
1803600367,0.083797,-0.373495,-9.579201
1803601554,0.131681,-0.339977,-10.000581
1803602748,0.117316,-0.375890,-10.216059
1803603934,0.153229,-0.428562,-10.192117
1803605118,0.119710,-0.407014,-10.002975
1803606297,0.098162,-0.445322,-9.806650
1803607482,0.033519,-0.435745,-9.744401
1803608667,0.016759,-0.426168,-9.983821
1803609867,0.011971,-0.414197,-10.223241
1803611065,0.033519,-0.383072,-10.398018
1803612255,0.009577,-0.471658,-10.529699
1803613432,0.047884,-0.497994,-10.285490
1803614614,0.086191,-0.495600,-10.108319
1803615806,0.119710,-0.459687,-9.988609
1803616988,0.081403,-0.500388,-10.005369
1803618173,0.126893,-0.586579,-10.144233
1803619345,0.088585,-0.615310,-10.323798
1803620531,0.086191,-0.653617,-10.309433
1803621726,0.081403,-0.658405,-10.165780
1803622910,0.016759,-0.665588,-10.122684
1803624097,0.021548,-0.610521,-10.079589
1803625288,0.045490,-0.586579,-10.022128
1803626460,0.059855,-0.675165,-9.471462
1803627642,0.033519,-0.653617,-9.299079
1803628830,0.105345,-0.699107,-9.275137
1803630022,0.124498,-0.720655,-9.416395
1803631200,0.081403,-0.682347,-9.418790
1803632381,-0.134075,-0.593762,-9.284714
1803633574,-0.071826,-0.660800,-9.521740
1803634775,-0.155623,-0.775721,-9.799467
1803635970,-0.045490,-0.804452,-9.801862
1803637163,-0.011971,-0.739808,-9.861717
1803638345,0.014365,-0.636858,-9.730036
1803639529,0.088585,-0.723049,-9.744401
1803640723,0.114922,-0.821211,-9.868899
1803641915,0.148441,-0.864307,-9.897630
1803643100,0.208296,-0.854730,-9.943120
1803644291,0.208296,-0.835576,-10.041282
1803645463,0.189142,-0.799663,-9.991004
1803646645,0.225055,-0.766145,-9.907207
1803647832,0.203507,-0.770933,-9.481039
1803649023,0.203507,-0.821211,-9.114726
1803650203,0.160412,-0.885855,-9.390059
1803651383,0.126893,-0.871489,-9.964667
1803652571,0.167594,-0.909797,-10.062830
1803653768,0.150835,-0.890643,-10.000581
1803654952,0.158017,-0.842759,-9.811439
1803656141,0.174777,-0.878672,-9.665392
1803657318,0.234632,-0.885855,-9.892841
1803658500,0.260968,-0.859518,-10.218452
1803659684,0.308852,-0.938527,-10.369287
1803660884,0.237026,-0.919373,-10.357317
1803662074,0.210690,-0.833182,-10.297462
1803663253,0.294487,-0.837971,-10.228029
1803664431,0.308852,-0.811634,-10.081984
1803665617,0.392649,-0.835576,-10.062830
1803666810,0.359130,-0.885855,-10.153810
1803668001,0.359130,-0.950498,-10.271125
1803669186,0.428562,-0.950498,-10.369287
1803670369,0.418985,-0.948104,-10.287885
1803671548,0.440533,-0.916979,-10.232818
1803672748,0.481235,-0.859518,-10.165780
1803673928,0.507571,-0.782904,-10.108319
1803675114,0.553061,-0.840365,-9.971850
1803676299,0.531513,-0.854730,-10.002975
1803677489,0.567426,-0.835576,-9.986216
1803678673,0.632069,-0.818817,-9.895236
1803679877,0.596156,-0.727837,-9.636662
1803681066,0.555455,-0.780510,-9.598354
1803682261,0.553061,-0.826000,-9.516952
1803683431,0.579397,-0.837971,-9.555259
1803684618,0.603339,-0.766145,-9.476251
1803685811,0.569820,-0.835576,-9.445126
1803687001,0.538695,-0.847547,-9.557653
1803688187,0.581791,-0.797269,-9.543288
1803689369,0.541090,-0.766145,-9.562442
1803690552,0.545878,-0.723049,-9.679757
1803691748,0.565032,-0.617704,-9.765948
1803692930,0.543484,-0.663194,-9.837775
1803694117,0.541090,-0.691924,-9.694122
1803695292,0.567426,-0.679953,-9.660604
1803696483,0.608127,-0.761356,-9.890448
1803697664,0.598550,-0.744597,-9.785102
1803698866,0.555455,-0.574608,-9.454702
1803700054,0.579397,-0.629675,-9.512163
1803701244,0.545878,-0.708684,-9.603143
1803702421,0.593762,-0.672771,-9.706094
1803703603,0.586579,-0.699107,-9.624691
1803704795,0.588974,-0.694318,-9.622296
1803705982,0.588974,-0.675165,-9.742006
1803707164,0.598550,-0.605733,-9.792285
1803708344,0.557849,-0.612916,-9.890448
1803709525,0.526724,-0.591368,-9.686940
1803710722,0.557849,-0.617704,-9.718064
1803711911,0.533907,-0.543484,-9.888053
1803713101,0.636858,-0.545878,-9.801862
1803714277,0.608127,-0.588974,-9.837775
1803715454,0.624887,-0.531513,-9.655815
1803716633,0.622492,-0.521936,-9.672575
1803717826,0.656011,-0.519542,-9.787497
1803719013,0.656011,-0.464475,-9.883265
1803720208,0.656011,-0.450110,-9.947908
1803721383,0.651223,-0.440533,-9.871294
1803722574,0.636858,-0.462081,-9.718064
1803723767,0.615310,-0.426168,-9.674969
1803724957,0.572214,-0.402226,-9.648633
1803726142,0.591368,-0.414197,-9.737218
1803727324,0.567426,-0.416591,-9.837775
1803728498,0.586579,-0.428562,-9.696517
1803729687,0.603339,-0.399832,-9.689334
1803730881,0.608127,-0.373495,-9.701305
1803732073,0.670376,-0.373495,-9.768343
1803733253,0.699107,-0.371101,-9.765948
1803734434,0.629675,-0.294487,-9.849746
1803735617,0.653617,-0.332794,-9.696517
1803736815,0.632069,-0.301669,-9.777920
1803737999,0.603339,-0.328006,-9.844957
1803739188,0.555455,-0.237026,-9.931149
1803740365,0.490811,-0.244209,-9.787497
1803741552,0.462081,-0.275333,-9.399636
1803742748,0.373495,-0.325611,-9.452309
1803743934,0.363919,-0.397437,-9.416395
1803745117,0.339977,-0.450110,-9.313444
1803746297,0.292093,-0.440533,-9.406818
1803747483,0.275333,-0.337582,-9.560047
1803748668,0.349553,-0.351948,-9.610326
1803749868,0.325611,-0.313640,-9.758766
1803751066,0.277727,-0.296881,-9.861717
1803752256,0.239420,-0.339977,-9.971850
1803753433,0.165200,-0.330400,-9.892841
1803754608,0.253785,-0.359130,-9.739613
1803755805,0.193930,-0.299275,-9.737218
1803756990,0.136469,-0.349553,-9.624691
1803758177,0.126893,-0.296881,-9.670180
1803759351,0.131681,-0.280122,-9.684546
1803760537,0.162806,-0.277727,-9.758766
1803761732,0.217872,-0.287304,-9.854534
1803762918,0.287304,-0.304064,-9.897630
1803764104,0.210690,-0.296881,-9.885659
1803765295,0.210690,-0.339977,-9.935937
1803766481,0.222661,-0.325611,-9.844957
1803767667,0.229843,-0.380678,-9.856929
1803768867,0.248997,-0.366313,-9.911995
1803770066,0.131681,-0.339977,-9.816227
1803771257,0.112527,-0.256180,-9.902418
1803772433,0.131681,-0.287304,-9.959879
1803773614,0.131681,-0.332794,-9.897630
1803774812,0.189142,-0.337582,-9.880871
1803775998,0.239420,-0.351948,-9.897630
1803777187,0.225055,-0.311246,-9.911995
1803778362,0.239420,-0.342371,-9.888053
1803779549,0.205901,-0.320823,-9.900024
1803780740,0.210690,-0.272939,-9.885659
1803781926,0.215478,-0.277727,-9.871294
1803783109,0.253785,-0.371101,-9.737218
1803784290,0.265756,-0.349553,-9.713276
1803785474,0.316035,-0.306458,-9.832987
1803786659,0.280122,-0.368707,-9.526528
1803787856,0.318429,-0.289698,-9.430760
1803789049,0.323217,-0.146046,-9.488221
1803790234,0.299275,-0.217872,-9.548077
1803791409,0.306458,-0.268151,-9.560047
1803792586,0.452504,-0.208296,-9.744401
1803793778,0.375890,-0.213084,-9.521740
1803794954,0.311246,-0.179565,-9.610326
1803796144,0.361524,-0.213084,-9.737218
1803797321,0.258574,-0.313640,-9.516952
1803798502,0.213084,-0.363919,-9.521740
1803799684,0.179565,-0.330400,-9.615114
1803800881,0.244209,-0.284910,-9.679757
1803802069,0.169988,-0.335188,-9.665392
1803803264,0.217872,-0.387861,-9.579201
1803804445,0.196325,-0.342371,-9.579201
1803805626,0.222661,-0.411803,-9.471462
1803806819,0.162806,-0.328006,-9.325416
1803808016,0.081403,-0.292093,-9.167398
1803809197,0.122104,-0.313640,-9.050082
1803810376,0.210690,-0.292093,-9.126697
1803811558,0.328006,-0.246603,-9.306262
1803812752,0.289698,-0.318429,-9.619903
1803813934,0.380678,-0.361524,-9.624691
1803815121,0.442927,-0.368707,-9.859323
1803816298,0.385466,-0.368707,-9.765948
1803817484,0.328006,-0.371101,-9.674969
1803818662,0.404620,-0.423774,-9.478644
1803819864,0.392649,-0.339977,-9.742006
1803821055,0.316035,-0.359130,-9.780313
1803822243,0.208296,-0.423774,-9.548077
1803823415,0.193930,-0.445322,-9.437943
1803824598,0.169988,-0.459687,-9.804255
1803825786,0.126893,-0.486023,-9.907207
1803826972,0.057461,-0.519542,-9.799467
1803828159,0.057461,-0.521936,-9.595961
1803829340,0.119710,-0.579397,-9.744401
1803830517,0.165200,-0.577003,-10.120291
1803831707,0.117316,-0.486023,-10.098742
1803832905,0.196325,-0.524330,-10.022128
1803834095,0.277727,-0.481235,-10.086772
1803835267,0.275333,-0.471658,-10.237606
1803836447,0.177171,-0.478840,-10.213664
1803837631,0.220267,-0.553061,-10.091560
1803838823,0.189142,-0.600945,-10.206482
1803840016,0.296881,-0.531513,-10.558430
1803841212,0.332794,-0.593762,-10.611102
1803842390,0.383072,-0.687136,-10.323798
1803843581,0.354342,-0.658405,-10.225636
1803844770,0.517148,-0.603339,-10.101137
1803845962,0.287304,-0.660800,-10.074800
1803847145,0.308852,-0.723049,-10.280702
1803848325,0.311246,-0.782904,-10.369287
1803849504,0.368707,-0.742203,-10.297462
1803850692,0.342371,-0.744597,-10.184934
1803851888,0.260968,-0.742203,-9.720459
1803853078,0.418985,-0.806846,-9.809045
1803854254,0.488417,-0.639252,-10.409989
1803855440,0.359130,-0.699107,-10.335769
1803856621,0.241814,-0.811634,-9.825804
1803857816,0.512359,-0.806846,-10.450690
1803859001,0.469264,-0.744597,-10.618284
1803860193,0.339977,-0.658405,-10.223241
1803861370,0.418985,-0.691924,-10.019734
1803862559,0.562637,-0.751779,-10.077195
1803863751,0.418985,-0.656011,-10.175357
1803864939,0.462081,-0.703895,-10.149021
1803866120,0.509965,-0.727837,-10.029311
1803867302,0.416591,-0.663194,-10.007763
1803868489,0.430956,-0.521936,-10.089166
1803869677,0.471658,-0.605733,-9.919178
1803870877,0.411803,-0.591368,-9.526528
1803872068,0.383072,-0.560243,-9.536105
1803873257,0.404620,-0.627281,-9.627085
1803874433,0.383072,-0.641646,-9.538500
1803875613,0.351948,-0.572214,-9.378088
1803876811,0.299275,-0.665588,-9.607931
1803877996,0.253785,-0.545878,-9.548077
1803879183,0.313640,-0.497994,-9.555259
1803880360,0.347159,-0.526724,-9.610326
1803881548,0.373495,-0.543484,-9.689334
1803882743,0.284910,-0.507571,-9.777920
1803883928,0.270545,-0.509965,-9.763555
1803885110,0.258574,-0.514753,-9.856929
1803886302,0.272939,-0.495600,-9.742006
1803887487,0.256180,-0.526724,-9.708488
1803888672,0.241814,-0.464475,-9.926360
1803889869,0.229843,-0.402226,-9.900024
1803891065,0.222661,-0.464475,-9.813833
1803892256,0.292093,-0.452504,-9.859323
1803893432,0.308852,-0.438139,-9.856929
1803894614,0.328006,-0.418985,-9.785102
1803895809,0.325611,-0.421380,-9.921572
1803896994,0.383072,-0.433351,-9.883265
1803898181,0.385466,-0.457293,-9.823410
1803899358,0.351948,-0.395043,-9.840169
1803900546,0.304064,-0.416591,-9.859323
1803901740,0.316035,-0.411803,-9.844957
1803902926,0.363919,-0.385466,-9.914390
1803904106,0.390255,-0.320823,-9.876082
1803905292,0.373495,-0.380678,-9.852140
1803906474,0.375890,-0.404620,-9.864111
1803907659,0.399832,-0.361524,-9.952697
1803908858,0.387861,-0.342371,-9.955091
1803910054,0.323217,-0.359130,-9.967062
1803911239,0.311246,-0.378284,-10.077195
1803912416,0.392649,-0.363919,-10.120291
1803913595,0.330400,-0.320823,-10.091560
1803914786,0.335188,-0.308852,-10.036493
1803915968,0.299275,-0.323217,-9.935937
1803917160,0.308852,-0.368707,-9.926360
1803918335,0.342371,-0.368707,-9.885659
1803919518,0.287304,-0.296881,-10.019734
1803920705,0.328006,-0.313640,-9.911995
1803921906,0.311246,-0.342371,-9.770737
1803923091,0.299275,-0.328006,-9.811439
1803924272,0.296881,-0.325611,-9.725247
1803925448,0.304064,-0.304064,-9.655815
1803926627,0.354342,-0.349553,-9.557653
1803927821,0.339977,-0.359130,-9.727641
1803929019,0.287304,-0.339977,-9.708488
1803930209,0.296881,-0.306458,-9.665392
1803931388,0.294487,-0.335188,-9.746795
1803932575,0.277727,-0.325611,-9.775525
1803933773,0.320823,-0.373495,-9.686940
1803934960,0.260968,-0.351948,-9.789890
1803936149,0.232238,-0.383072,-9.854534
1803937326,0.208296,-0.378284,-9.852140
1803938513,0.203507,-0.385466,-9.818622
1803939696,0.289698,-0.342371,-9.840169
1803940895,0.210690,-0.387861,-9.974244
1803942077,0.272939,-0.411803,-9.904813
1803943258,0.189142,-0.421380,-9.938332
1803944430,0.196325,-0.392649,-10.038888
1803945617,0.265756,-0.407014,-10.007763
1803946807,0.225055,-0.399832,-10.007763
1803947997,0.193930,-0.356736,-9.933543
1803949176,0.172383,-0.325611,-10.067618
1803950358,0.208296,-0.383072,-10.122684
1803951541,0.201113,-0.380678,-10.201694
1803952739,0.270545,-0.397437,-10.199299
1803953922,0.215478,-0.450110,-10.196905
1803955114,0.165200,-0.445322,-10.216059
1803956300,0.234632,-0.505177,-10.249578
1803957491,0.205901,-0.490811,-10.280702
1803958671,0.196325,-0.445322,-10.302250
1803959875,0.186748,-0.469264,-10.362105
1803961069,0.198719,-0.421380,-10.352529
1803962265,0.177171,-0.442927,-10.445902
1803963441,0.138864,-0.433351,-10.512939
1803964629,0.196325,-0.497994,-10.486604
1803965818,0.251391,-0.476446,-10.445902
1803967015,0.193930,-0.442927,-10.460267
1803968200,0.284910,-0.514753,-10.438720
1803969382,0.268151,-0.502782,-10.354922
1803970570,0.289698,-0.481235,-10.417171
1803971769,0.277727,-0.529119,-10.436325
1803972956,0.342371,-0.478840,-10.333375
1803974147,0.316035,-0.517148,-10.278308
1803975323,0.316035,-0.517148,-10.254366
1803976502,0.318429,-0.541090,-10.319010
1803977685,0.385466,-0.550666,-10.328587
1803978885,0.421380,-0.509965,-10.228029
1803980072,0.440533,-0.497994,-10.187328
1803981255,0.407014,-0.543484,-10.168175
1803982431,0.447716,-0.565032,-10.153810
1803983617,0.438139,-0.514753,-10.172963
1803984812,0.471658,-0.483629,-9.979033
1803986003,0.447716,-0.457293,-9.995792
1803987189,0.423774,-0.469264,-10.024523
1803988368,0.471658,-0.512359,-9.962274
1803989552,0.387861,-0.529119,-9.986216
1803990749,0.347159,-0.538695,-10.029311
1803991932,0.378284,-0.500388,-9.914390
1803993118,0.421380,-0.423774,-9.746795
1803994293,0.457293,-0.366313,-9.768343
1803995485,0.409408,-0.402226,-9.830592
1803996665,0.375890,-0.418985,-9.730036
1803997866,0.407014,-0.483629,-9.933543
1803999057,0.387861,-0.421380,-9.933543
1804000247,0.404620,-0.438139,-9.780313
1804001417,0.385466,-0.478840,-9.722853
1804002601,0.349553,-0.442927,-9.816227
1804003790,0.349553,-0.471658,-9.792285
1804004977,0.349553,-0.469264,-9.794679
1804006160,0.423774,-0.430956,-9.780313
1804007340,0.402226,-0.459687,-9.792285
1804008519,0.361524,-0.442927,-9.775525
1804009711,0.397437,-0.452504,-9.682152
1804010908,0.371101,-0.447716,-9.756371
1804012099,0.392649,-0.421380,-9.753978
1804013286,0.373495,-0.440533,-9.880871
1804014460,0.347159,-0.440533,-9.935937
1804015638,0.339977,-0.457293,-9.904813
1804016831,0.318429,-0.385466,-9.823410
1804018020,0.323217,-0.404620,-9.955091
1804019213,0.313640,-0.407014,-9.916783
1804020389,0.306458,-0.368707,-9.959879
1804021580,0.320823,-0.409408,-9.888053
1804022766,0.299275,-0.383072,-9.816227
1804023956,0.296881,-0.363919,-9.849746
1804025142,0.342371,-0.378284,-9.866506
1804026323,0.323217,-0.442927,-9.792285
1804027507,0.332794,-0.423774,-9.864111
1804028696,0.316035,-0.409408,-9.828198
1804029889,0.292093,-0.380678,-9.871294
1804031078,0.325611,-0.380678,-9.909601
1804032254,0.328006,-0.380678,-9.876082
1804033434,0.304064,-0.375890,-9.777920
1804034607,0.328006,-0.344765,-9.727641
1804035803,0.280122,-0.361524,-9.715671
1804036985,0.323217,-0.356736,-9.746795
1804038172,0.344765,-0.366313,-9.715671
1804039344,0.330400,-0.409408,-9.801862
1804040532,0.320823,-0.368707,-9.794679
1804041726,0.399832,-0.385466,-9.770737
1804042918,0.287304,-0.351948,-9.794679
1804044105,0.280122,-0.383072,-9.804255
1804045294,0.270545,-0.368707,-9.753978
1804046471,0.294487,-0.356736,-9.734824
1804047658,0.277727,-0.351948,-9.797073
1804048856,0.229843,-0.337582,-9.821015
1804050052,0.222661,-0.368707,-9.835381
1804051237,0.260968,-0.430956,-9.945514
1804052412,0.313640,-0.450110,-9.921572
1804053589,0.287304,-0.378284,-9.907207
1804054780,0.244209,-0.395043,-9.926360
1804055954,0.311246,-0.368707,-9.979033
1804057143,0.234632,-0.421380,-10.000581
1804058318,0.169988,-0.387861,-10.036493
1804059498,0.179565,-0.387861,-10.081984
1804060682,0.232238,-0.395043,-10.098742
1804061881,0.205901,-0.399832,-10.108319
1804063068,0.234632,-0.349553,-10.187328
1804064265,0.222661,-0.351948,-10.062830
1804065440,0.189142,-0.354342,-10.024523
1804066627,0.260968,-0.373495,-10.149021
1804067820,0.225055,-0.354342,-10.110714
1804069018,0.227449,-0.407014,-10.156203
1804070208,0.248997,-0.421380,-10.096349
1804071390,0.210690,-0.397437,-10.091560
1804072575,0.201113,-0.390255,-9.993398
1804073773,0.210690,-0.383072,-10.007763
1804074958,0.229843,-0.387861,-10.012551
1804076149,0.181959,-0.368707,-9.974244
1804077325,0.184354,-0.380678,-9.969456
1804078508,0.191536,-0.375890,-10.017340
1804079691,0.172383,-0.361524,-10.010158
1804080890,0.167594,-0.383072,-9.943120
1804082077,0.239420,-0.344765,-10.026917
1804083259,0.265756,-0.392649,-10.062830
1804084439,0.258574,-0.347159,-10.101137
1804085626,0.232238,-0.371101,-10.014946
1804086819,0.208296,-0.380678,-10.055647
1804088014,0.248997,-0.387861,-10.034100
1804089199,0.229843,-0.356736,-10.002975
1804090381,0.241814,-0.409408,-9.991004
1804091562,0.181959,-0.407014,-10.055647
1804092758,0.260968,-0.380678,-10.012551
1804093943,0.313640,-0.359130,-9.979033
1804095128,0.239420,-0.390255,-10.031705
1804096304,0.215478,-0.351948,-9.995792
1804097495,0.181959,-0.390255,-10.105926
1804098676,0.191536,-0.430956,-10.117896
1804099878,0.160412,-0.395043,-10.089166
1804101064,0.275333,-0.402226,-10.120291
1804102254,0.213084,-0.433351,-10.101137
1804103426,0.181959,-0.457293,-10.007763
1804104610,0.193930,-0.452504,-10.036493
1804105801,0.237026,-0.452504,-10.081984
1804106987,0.260968,-0.457293,-10.036493
1804108169,0.258574,-0.481235,-10.022128
1804109357,0.241814,-0.390255,-10.038888
1804110540,0.301669,-0.462081,-10.060435
1804111738,0.284910,-0.450110,-10.115502
1804112919,0.320823,-0.462081,-10.046070
1804114109,0.272939,-0.450110,-10.091560
1804115295,0.328006,-0.409408,-10.026917
1804116478,0.239420,-0.428562,-9.981427
1804117660,0.282516,-0.452504,-9.995792
1804118864,0.260968,-0.476446,-9.983821
1804120056,0.282516,-0.423774,-9.926360
1804121246,0.294487,-0.466869,-10.000581
1804122418,0.320823,-0.440533,-9.974244
1804123600,0.325611,-0.471658,-9.955091
1804124788,0.289698,-0.469264,-9.926360
1804125974,0.299275,-0.509965,-9.911995
1804127155,0.244209,-0.481235,-9.892841
1804128336,0.268151,-0.481235,-9.859323
1804129520,0.335188,-0.493206,-9.909601
1804130710,0.316035,-0.488417,-9.871294
1804131907,0.339977,-0.529119,-9.847352
1804133098,0.359130,-0.533907,-9.847352
1804134285,0.335188,-0.541090,-9.804255
1804135458,0.339977,-0.488417,-9.746795
1804136636,0.344765,-0.526724,-9.823410
1804137829,0.375890,-0.514753,-9.902418
1804139015,0.390255,-0.514753,-9.866506
1804140204,0.337582,-0.545878,-9.876082
1804141380,0.361524,-0.531513,-9.883265
1804142572,0.351948,-0.550666,-9.890448
1804143765,0.335188,-0.543484,-9.835381
1804144956,0.299275,-0.512359,-9.943120
1804146141,0.383072,-0.567426,-10.012551
1804147322,0.395043,-0.529119,-10.043676
1804148499,0.325611,-0.569820,-10.110714
1804149687,0.320823,-0.562637,-10.091560
1804150881,0.339977,-0.565032,-9.957485
1804152074,0.306458,-0.646434,-10.117896
1804153252,0.311246,-0.588974,-10.182540
1804154434,0.289698,-0.624887,-10.151415
1804155617,0.359130,-0.687136,-10.091560
1804156814,0.301669,-0.603339,-10.058042
1804157998,0.265756,-0.612916,-10.187328
1804159190,0.304064,-0.550666,-10.079589
1804160366,0.287304,-0.610521,-10.158598
1804161554,0.258574,-0.660800,-10.113108
1804162747,0.251391,-0.632069,-10.153810
1804163934,0.270545,-0.624887,-10.304645
1804165116,0.311246,-0.658405,-10.223241
1804166297,0.263362,-0.629675,-10.204087
1804167483,0.246603,-0.632069,-10.149021
1804168669,0.292093,-0.632069,-9.983821
1804169868,0.344765,-0.670376,-10.031705
1804171064,0.361524,-0.675165,-9.983821
1804172250,0.399832,-0.672771,-10.084377
1804173432,0.328006,-0.608127,-10.177752
1804174610,0.294487,-0.617704,-10.089166
1804175806,0.313640,-0.620098,-10.146626
1804176988,0.332794,-0.622492,-10.168175
1804178176,0.220267,-0.565032,-10.132261
1804179347,0.313640,-0.612916,-10.038888
1804180534,0.316035,-0.622492,-9.873688
1804181728,0.344765,-0.591368,-9.967062
1804182913,0.323217,-0.545878,-9.979033
1804184098,0.339977,-0.624887,-10.062830
1804185285,0.328006,-0.660800,-9.976639
1804186453,0.407014,-0.703895,-9.907207
1804187633,0.414197,-0.694318,-9.993398
1804188822,0.351948,-0.682347,-10.031705
1804190020,0.359130,-0.677559,-10.000581
1804191209,0.301669,-0.632069,-10.036493
1804192391,0.342371,-0.588974,-9.847352
1804193578,0.339977,-0.565032,-9.892841
1804194776,0.390255,-0.543484,-9.883265
1804195963,0.404620,-0.514753,-9.933543
1804197151,0.486023,-0.514753,-9.809045
1804198326,0.407014,-0.476446,-9.837775
1804199513,0.323217,-0.502782,-9.713276
1804200697,0.323217,-0.553061,-9.684546
1804201896,0.375890,-0.584185,-9.797073
1804203077,0.316035,-0.584185,-9.761160
1804204258,0.351948,-0.584185,-9.770737
1804205435,0.430956,-0.521936,-9.888053
1804206621,0.289698,-0.423774,-9.813833
1804207815,0.272939,-0.442927,-9.634268
1804209012,0.368707,-0.454898,-9.648633
1804210197,0.378284,-0.399832,-9.890448
1804211379,0.373495,-0.402226,-9.921572
1804212562,0.294487,-0.442927,-9.976639
1804213759,0.265756,-0.452504,-9.895236
1804214945,0.311246,-0.505177,-9.715671
1804216131,0.366313,-0.464475,-9.782708
1804217308,0.445322,-0.418985,-9.653421
1804218487,0.378284,-0.356736,-9.742006
1804219668,0.423774,-0.378284,-9.909601
1804220871,0.383072,-0.390255,-9.806650
1804222063,0.368707,-0.373495,-9.799467
1804223253,0.395043,-0.404620,-9.682152
1804224424,0.344765,-0.435745,-9.780313
1804225606,0.342371,-0.438139,-9.780313
1804226791,0.407014,-0.349553,-9.749189
1804227977,0.438139,-0.263362,-9.768343
1804229158,0.454898,-0.263362,-9.682152
1804230340,0.531513,-0.263362,-9.660604
1804231522,0.462081,-0.275333,-9.651027
1804232712,0.414197,-0.292093,-9.595961
1804233910,0.452504,-0.373495,-9.579201
1804235099,0.395043,-0.311246,-9.469068
1804236282,0.421380,-0.292093,-9.797073
1804237453,0.411803,-0.203507,-9.624691
1804238630,0.464475,-0.217872,-9.476251
1804239824,0.490811,-0.313640,-9.485827
1804241017,0.483629,-0.244209,-9.409213
1804242206,0.462081,-0.186748,-9.402030
1804243382,0.423774,-0.196325,-9.399636
1804244574,0.414197,-0.227449,-9.339781
1804245767,0.363919,-0.253785,-9.500193
1804246957,0.474052,-0.213084,-9.595961
1804248139,0.486023,-0.105345,-9.579201
1804249319,0.416591,-0.272939,-9.409213
1804250495,0.502782,-0.277727,-9.198523
1804251683,0.617704,-0.256180,-9.265560
1804252876,0.562637,-0.184354,-9.406818
1804254068,0.517148,-0.172383,-9.399636
1804255258,0.397437,-0.143652,-9.562442
1804256436,0.462081,-0.191536,-9.655815
1804257618,0.474052,-0.237026,-9.713276
1804258815,0.452504,-0.282516,-9.739613
1804260000,0.541090,-0.256180,-9.694122
1804261186,0.557849,-0.253785,-9.528923
1804262363,0.497994,-0.198719,-9.876082
1804263551,0.531513,-0.196325,-9.919178
1804264746,0.512359,-0.239420,-9.799467
1804265933,0.536301,-0.244209,-9.821015
1804267114,0.538695,-0.239420,-9.916783
1804268295,0.526724,-0.237026,-9.926360
1804269477,0.526724,-0.239420,-9.976639
1804270664,0.476446,-0.260968,-9.943120
1804271861,0.486023,-0.284910,-10.012551
1804273057,0.512359,-0.275333,-10.103531
1804274243,0.502782,-0.282516,-10.149021
1804275425,0.500388,-0.328006,-10.151415
1804276602,0.459687,-0.253785,-10.070012
1804277797,0.502782,-0.239420,-10.053253
1804278978,0.512359,-0.270545,-10.065224
1804280165,0.555455,-0.294487,-10.043676
1804281341,0.529119,-0.320823,-9.933543
1804282528,0.526724,-0.320823,-9.986216
1804283714,0.548272,-0.383072,-10.156203
1804284910,0.502782,-0.318429,-10.132261
1804286097,0.526724,-0.354342,-10.019734
1804287278,0.536301,-0.380678,-9.873688
1804288453,0.524330,-0.368707,-9.868899
1804289635,0.533907,-0.375890,-9.828198
1804290823,0.505177,-0.373495,-9.794679
1804292021,0.514753,-0.354342,-9.797073
1804293212,0.521936,-0.402226,-9.799467
1804294393,0.469264,-0.416591,-9.746795
1804295580,0.471658,-0.392649,-9.698911
1804296779,0.438139,-0.387861,-9.753978
1804297960,0.471658,-0.395043,-9.770737
1804299149,0.373495,-0.447716,-9.780313
1804300326,0.328006,-0.462081,-9.667787
1804301512,0.318429,-0.481235,-9.720459
1804302696,0.318429,-0.418985,-9.718064
1804303895,0.332794,-0.428562,-9.684546
1804305077,0.337582,-0.500388,-9.631873
1804306258,0.397437,-0.428562,-9.655815
1804307436,0.328006,-0.483629,-9.801862
1804308621,0.320823,-0.565032,-9.725247
1804309813,0.301669,-0.524330,-9.524135
1804311003,0.323217,-0.517148,-9.720459
1804312185,0.306458,-0.538695,-9.959879
1804313364,0.313640,-0.545878,-9.753978
1804314547,0.325611,-0.495600,-9.725247
1804315745,0.299275,-0.538695,-9.682152
1804316928,0.313640,-0.581791,-9.612720
1804318109,0.241814,-0.574608,-9.593566
1804319296,0.335188,-0.533907,-9.813833
1804320487,0.325611,-0.555455,-9.856929
1804321670,0.311246,-0.586579,-9.852140
1804322874,0.258574,-0.605733,-9.859323
1804324067,0.272939,-0.665588,-9.849746
1804325263,0.210690,-0.656011,-9.756371
1804326433,0.277727,-0.596156,-9.885659
1804327616,0.296881,-0.603339,-9.890448
1804328806,0.318429,-0.636858,-9.950302
1804329996,0.318429,-0.653617,-9.873688
1804331178,0.296881,-0.670376,-9.746795
1804332360,0.246603,-0.651223,-9.991004
1804333541,0.280122,-0.653617,-9.986216
1804334740,0.241814,-0.665588,-10.029311
1804335923,0.258574,-0.725443,-9.928755
1804337116,0.208296,-0.689530,-9.794679
1804338291,0.270545,-0.699107,-9.725247
1804339478,0.270545,-0.670376,-9.801862
1804340655,0.256180,-0.699107,-9.751583
1804341857,0.258574,-0.708684,-9.756371
1804343048,0.294487,-0.648829,-9.627085
1804344234,0.268151,-0.694318,-9.622296
1804345412,0.217872,-0.670376,-9.643845
1804346594,0.234632,-0.653617,-9.598354
1804347783,0.265756,-0.725443,-9.737218
1804348971,0.239420,-0.691924,-9.698911
1804350158,0.248997,-0.677559,-9.696517
1804351339,0.241814,-0.730232,-9.603143
1804352517,0.282516,-0.778116,-9.567230
1804353708,0.260968,-0.775721,-9.607931
1804354905,0.181959,-0.735020,-9.483433
1804356095,0.208296,-0.713472,-9.552865
1804357268,0.205901,-0.775721,-9.653421
1804358448,0.193930,-0.744597,-9.670180
1804359623,0.177171,-0.761356,-9.646238
1804360821,0.136469,-0.797269,-9.564836
1804362014,0.129287,-0.744597,-9.476251
1804363202,0.134075,-0.715866,-9.543288
1804364377,0.114922,-0.756568,-9.624691
1804365566,0.129287,-0.773327,-9.679757
1804366755,0.181959,-0.742203,-9.665392
1804367945,0.136469,-0.758962,-9.720459
1804369127,0.129287,-0.742203,-9.682152
1804370309,0.136469,-0.701501,-9.617508
1804371484,0.098162,-0.691924,-9.665392
1804372671,0.069432,-0.780510,-9.792285
1804373869,0.155623,-0.806846,-9.734824
1804375062,0.213084,-0.718261,-9.722853
1804376248,0.162806,-0.711078,-9.701305
1804377422,0.198719,-0.799663,-10.141838
1804378602,0.184354,-0.787692,-9.533711
1804379799,0.155623,-0.684742,-9.514558
1804380982,0.191536,-0.682347,-9.761160
1804382168,0.198719,-0.766145,-9.773131
1804383345,0.248997,-0.754174,-9.732430
1804384531,0.184354,-0.706290,-9.921572
1804385725,0.234632,-0.787692,-9.962274
1804386917,0.150835,-0.739808,-9.938332
1804388102,0.172383,-0.699107,-9.572019
1804389283,0.225055,-0.718261,-9.897630
1804390454,0.356736,-0.723049,-9.849746
1804391636,0.289698,-0.725443,-9.550470
1804392824,0.306458,-0.679953,-9.667787
1804394019,0.253785,-0.624887,-9.780313
1804395210,0.268151,-0.711078,-9.861717
1804396391,0.275333,-0.723049,-9.720459
1804397578,0.292093,-0.672771,-10.151415
1804398776,0.323217,-0.660800,-10.098742
1804399962,0.399832,-0.603339,-9.947908
1804401152,0.363919,-0.624887,-9.672575
1804402329,0.330400,-0.644040,-9.794679
1804403514,0.323217,-0.667982,-9.885659
1804404698,0.328006,-0.694318,-9.818622
1804405897,0.361524,-0.627281,-9.677363
1804407079,0.383072,-0.565032,-9.655815
1804408260,0.347159,-0.550666,-9.852140
1804409431,0.263362,-0.545878,-9.686940
1804410618,0.323217,-0.593762,-9.775525
1804411812,0.294487,-0.632069,-9.854534
1804413002,0.325611,-0.603339,-10.058042
1804414183,0.311246,-0.579397,-10.017340
1804415365,0.263362,-0.646434,-9.667787
1804416549,0.342371,-0.371101,-9.816227
1804417745,0.323217,-0.445322,-9.902418
1804418927,0.409408,-0.591368,-9.842564
1804420112,0.311246,-0.591368,-9.662998
1804421299,0.395043,-0.591368,-9.507375
1804422490,0.426168,-0.474052,-10.072407
1804423671,0.359130,-0.574608,-9.986216
1804424874,0.359130,-0.483629,-9.641450
1804426067,0.402226,-0.416591,-9.730036
1804427261,0.330400,-0.383072,-9.653421
1804428431,0.299275,-0.416591,-9.742006
1804429616,0.375890,-0.507571,-10.139444
1804430805,0.433351,-0.524330,-10.053253
1804431995,0.351948,-0.495600,-9.914390
1804433176,0.354342,-0.411803,-9.670180
1804434356,0.351948,-0.409408,-9.718064
1804435539,0.385466,-0.433351,-9.780313
1804436735,0.409408,-0.418985,-9.852140
1804437916,0.462081,-0.466869,-9.655815
1804439106,0.450110,-0.502782,-9.562442
1804440281,0.380678,-0.435745,-9.785102
1804441462,0.433351,-0.409408,-9.749189
1804442640,0.361524,-0.397437,-9.562442
1804443833,0.368707,-0.392649,-9.646238
1804445022,0.373495,-0.373495,-9.607931
1804446217,0.430956,-0.426168,-9.852140
1804447393,0.462081,-0.486023,-10.019734
1804448581,0.524330,-0.407014,-9.991004
1804449772,0.471658,-0.349553,-9.751583
1804450964,0.500388,-0.371101,-9.512163
1804452149,0.512359,-0.373495,-9.660604
1804453329,0.438139,-0.328006,-9.792285
1804454506,0.466869,-0.339977,-9.837775
1804455695,0.462081,-0.356736,-9.782708
1804456889,0.459687,-0.418985,-9.662998
1804458078,0.385466,-0.411803,-9.603143
1804459255,0.395043,-0.332794,-9.880871
1804460436,0.457293,-0.363919,-10.125079
1804461612,0.387861,-0.335188,-9.761160
1804462808,0.359130,-0.328006,-9.641450
1804463988,0.407014,-0.414197,-9.543288
1804465175,0.414197,-0.399832,-9.665392
1804466346,0.414197,-0.392649,-9.849746
1804467538,0.488417,-0.428562,-9.818622
1804468733,0.457293,-0.442927,-9.823410
1804469918,0.404620,-0.447716,-9.751583
1804471103,0.411803,-0.363919,-9.737218
1804472284,0.399832,-0.356736,-9.749189
1804473461,0.416591,-0.363919,-9.782708
1804474644,0.462081,-0.368707,-9.782708
1804475831,0.469264,-0.354342,-9.835381
1804477024,0.450110,-0.387861,-9.816227
1804478204,0.440533,-0.423774,-9.864111
1804479386,0.462081,-0.404620,-9.888053
1804480567,0.418985,-0.414197,-9.794679
1804481764,0.395043,-0.430956,-9.825804
1804482948,0.404620,-0.407014,-9.806650
1804484132,0.407014,-0.442927,-9.890448
1804485307,0.378284,-0.423774,-9.959879
1804486498,0.392649,-0.421380,-9.813833
1804487681,0.452504,-0.418985,-9.823410
1804488880,0.371101,-0.459687,-9.799467
1804490066,0.395043,-0.440533,-9.797073
1804491255,0.344765,-0.459687,-9.799467
1804492428,0.306458,-0.426168,-9.938332
1804493611,0.378284,-0.438139,-9.837775
1804494803,0.426168,-0.450110,-9.801862
1804495989,0.459687,-0.464475,-9.940725
1804497171,0.387861,-0.450110,-10.038888
1804498357,0.404620,-0.488417,-9.931149
1804499538,0.409408,-0.411803,-9.897630
1804500735,0.383072,-0.454898,-9.933543
1804501918,0.378284,-0.521936,-9.986216
1804503108,0.416591,-0.536301,-9.991004
1804504283,0.402226,-0.505177,-9.883265
1804505464,0.337582,-0.497994,-9.947908
1804506642,0.395043,-0.488417,-9.988609
1804507835,0.373495,-0.493206,-9.979033
1804509022,0.356736,-0.502782,-10.002975
1804510217,0.366313,-0.500388,-10.012551
1804511390,0.351948,-0.505177,-9.926360
1804512581,0.299275,-0.541090,-9.976639
1804513774,0.318429,-0.488417,-9.969456
1804514966,0.330400,-0.488417,-9.957485
1804516150,0.280122,-0.526724,-10.034100
1804517330,0.284910,-0.526724,-9.995792
1804518508,0.292093,-0.476446,-9.897630
1804519695,0.280122,-0.476446,-9.876082
1804520889,0.311246,-0.502782,-9.861717
1804522078,0.304064,-0.519542,-9.911995
1804523254,0.253785,-0.481235,-9.955091
1804524436,0.220267,-0.488417,-9.940725
1804525617,0.330400,-0.512359,-9.892841
1804526812,0.385466,-0.469264,-9.816227
1804527998,0.385466,-0.450110,-9.868899
1804529184,0.287304,-0.529119,-9.840169
1804530360,0.251391,-0.538695,-9.835381
1804531549,0.265756,-0.596156,-9.852140
1804532743,0.260968,-0.517148,-9.950302
1804533929,0.256180,-0.497994,-9.976639
1804535107,0.294487,-0.466869,-9.878476
1804536294,0.292093,-0.474052,-9.799467
1804537472,0.282516,-0.488417,-9.775525
1804538655,0.289698,-0.486023,-9.880871
1804539852,0.270545,-0.478840,-9.840169
1804541044,0.265756,-0.464475,-9.787497
1804542230,0.299275,-0.488417,-9.665392
1804543406,0.280122,-0.490811,-9.715671
1804544593,0.284910,-0.483629,-9.725247
1804545786,0.294487,-0.541090,-9.775525
1804546968,0.277727,-0.495600,-9.809045
1804548156,0.282516,-0.486023,-9.861717
1804549332,0.316035,-0.466869,-9.861717
1804550515,0.313640,-0.502782,-9.854534
1804551697,0.246603,-0.512359,-9.883265
1804552894,0.265756,-0.502782,-9.967062
1804554077,0.265756,-0.407014,-10.000581
1804555261,0.265756,-0.402226,-9.995792
1804556433,0.351948,-0.454898,-9.998186
1804557620,0.306458,-0.466869,-9.993398
1804558813,0.308852,-0.442927,-10.117896
1804560004,0.301669,-0.452504,-10.125079
1804561185,0.275333,-0.423774,-10.113108
1804562368,0.222661,-0.409408,-10.062830
1804563547,0.227449,-0.459687,-9.998186
1804564747,0.268151,-0.529119,-9.842564
1804565929,0.287304,-0.447716,-9.828198
1804567116,0.335188,-0.497994,-9.861717
1804568293,0.373495,-0.497994,-9.866506
1804569481,0.325611,-0.471658,-9.897630
1804570662,0.335188,-0.466869,-9.852140
1804571865,0.351948,-0.433351,-9.753978
1804573057,0.363919,-0.507571,-9.706094
1804574246,0.313640,-0.529119,-9.789890
1804575417,0.361524,-0.541090,-9.892841
1804576599,0.356736,-0.519542,-9.787497
1804577785,0.445322,-0.519542,-9.794679
1804578972,0.354342,-0.514753,-9.897630
1804580160,0.320823,-0.486023,-9.825804
1804581339,0.347159,-0.545878,-9.876082
1804582517,0.347159,-0.567426,-9.991004
1804583708,0.368707,-0.531513,-9.998186
1804584906,0.383072,-0.493206,-10.012551
1804586095,0.363919,-0.440533,-10.055647
1804587272,0.313640,-0.450110,-10.031705
1804588450,0.306458,-0.533907,-9.940725
1804594517,0.289698,-0.433351,-10.192117
1804595709,0.325611,-0.471658,-10.117896
1804596908,0.282516,-0.529119,-10.127473
1804598100,0.299275,-0.490811,-10.187328
1804599277,0.292093,-0.519542,-10.177752
1804600457,0.277727,-0.495600,-10.132261
1804601636,0.287304,-0.514753,-10.144233
1804602830,0.227449,-0.521936,-10.153810
1804604017,0.272939,-0.512359,-10.149021
1804605208,0.284910,-0.500388,-10.125079
1804606384,0.375890,-0.486023,-10.141838
1804607569,0.284910,-0.493206,-10.055647
1804608760,0.282516,-0.493206,-10.048465
1804609948,0.268151,-0.536301,-10.014946
1804611130,0.296881,-0.567426,-9.998186
1804612312,0.284910,-0.490811,-9.952697
1804613488,0.289698,-0.500388,-10.022128
1804614671,0.292093,-0.562637,-9.967062
1804615870,0.301669,-0.533907,-9.916783
1804617066,0.385466,-0.565032,-9.931149
1804618251,0.335188,-0.562637,-9.876082
1804619427,0.299275,-0.517148,-9.816227
1804620606,0.275333,-0.524330,-9.823410
1804621802,0.265756,-0.486023,-9.928755
1804622984,0.287304,-0.497994,-9.931149
1804624168,0.335188,-0.550666,-9.940725
1804625343,0.251391,-0.502782,-9.868899
1804626529,0.339977,-0.524330,-9.852140
1804627722,0.351948,-0.497994,-9.861717
1804628911,0.294487,-0.514753,-9.801862
1804630097,0.301669,-0.502782,-9.734824
1804631277,0.318429,-0.536301,-9.761160
1804632452,0.323217,-0.541090,-9.830592
1804633632,0.296881,-0.555455,-9.842564
1804634821,0.308852,-0.533907,-9.804255
1804636016,0.304064,-0.567426,-9.818622
1804637200,0.311246,-0.560243,-9.830592
1804638381,0.275333,-0.545878,-9.921572
1804639565,0.294487,-0.507571,-9.902418
1804640761,0.227449,-0.531513,-9.878476
1804641941,0.225055,-0.512359,-9.880871
1804643127,0.237026,-0.493206,-9.935937
1804644303,0.237026,-0.526724,-10.072407
1804645493,0.172383,-0.469264,-10.113108
1804646677,0.186748,-0.512359,-10.050858
1804647881,0.251391,-0.514753,-10.007763
1804649068,0.225055,-0.514753,-10.026917
1804650263,0.229843,-0.507571,-10.029311
1804651432,0.253785,-0.500388,-10.180145
1804652617,0.253785,-0.497994,-10.103531
1804653810,0.225055,-0.524330,-10.132261
1804655000,0.260968,-0.526724,-10.113108
1804656176,0.296881,-0.507571,-10.139444
1804657359,0.296881,-0.548272,-10.125079
1804658542,0.299275,-0.538695,-10.096349
1804659741,0.313640,-0.545878,-10.074800
1804660919,0.270545,-0.553061,-10.043676
1804662108,0.349553,-0.557849,-10.029311
1804663291,0.354342,-0.545878,-10.038888
1804664474,0.244209,-0.512359,-9.998186
1804665652,0.330400,-0.514753,-9.955091
1804666850,0.337582,-0.538695,-10.005369
1804668038,0.296881,-0.521936,-9.935937
1804669229,0.313640,-0.514753,-9.890448
1804670395,0.335188,-0.533907,-9.883265
1804671586,0.316035,-0.490811,-9.847352
1804672774,0.335188,-0.545878,-9.871294
1804673966,0.378284,-0.555455,-9.900024
1804675149,0.385466,-0.550666,-9.902418
1804676330,0.313640,-0.514753,-9.868899
1804677508,0.344765,-0.526724,-9.868899
1804678696,0.366313,-0.495600,-9.871294
1804679890,0.416591,-0.577003,-9.904813
1804681078,0.342371,-0.541090,-9.794679
1804682255,0.335188,-0.567426,-9.904813
1804683436,0.342371,-0.538695,-9.957485
1804684619,0.316035,-0.507571,-9.919178
1804685816,0.342371,-0.519542,-9.878476
1804687002,0.311246,-0.529119,-10.019734
1804688193,0.332794,-0.548272,-9.995792
1804689371,0.313640,-0.486023,-9.935937
1804690558,0.344765,-0.514753,-9.964667
1804691750,0.335188,-0.560243,-9.940725
1804692936,0.320823,-0.497994,-9.955091
1804694118,0.361524,-0.507571,-9.883265
1804695295,0.328006,-0.509965,-9.943120
1804696477,0.392649,-0.517148,-10.031705
1804697663,0.375890,-0.543484,-9.986216
1804698861,0.395043,-0.490811,-9.962274
1804700054,0.349553,-0.490811,-9.993398
1804701239,0.351948,-0.538695,-10.007763
1804702414,0.402226,-0.533907,-10.022128
1804703592,0.426168,-0.514753,-9.955091
1804704785,0.407014,-0.521936,-10.036493
1804705965,0.392649,-0.500388,-9.883265
1804707154,0.371101,-0.481235,-9.911995
1804708331,0.428562,-0.462081,-10.005369
1804709518,0.416591,-0.490811,-9.935937
1804710705,0.423774,-0.478840,-9.923966
1804711907,0.371101,-0.502782,-9.969456
1804713094,0.478840,-0.464475,-9.919178
1804714286,0.438139,-0.512359,-9.849746
1804715457,0.462081,-0.452504,-9.830592
1804716639,0.407014,-0.493206,-9.823410
1804717825,0.337582,-0.514753,-9.840169
1804719023,0.416591,-0.466869,-9.911995
1804720214,0.483629,-0.397437,-9.825804
1804721396,0.445322,-0.395043,-9.612720
1804722582,0.438139,-0.435745,-9.595961
1804723780,0.428562,-0.502782,-9.643845
1804724961,0.445322,-0.375890,-9.636662
1804726151,0.414197,-0.371101,-9.758766
1804727327,0.464475,-0.361524,-9.667787
1804728516,0.464475,-0.375890,-9.500193
1804729698,0.416591,-0.418985,-9.418790
1804730894,0.445322,-0.435745,-9.595961
1804732077,0.433351,-0.418985,-9.593566
1804733259,0.402226,-0.378284,-9.639056
1804734436,0.421380,-0.409408,-9.646238
1804735620,0.464475,-0.411803,-9.660604
1804736812,0.450110,-0.347159,-9.672575
1804738002,0.390255,-0.395043,-9.756371
1804739183,0.380678,-0.330400,-9.782708
1804740362,0.421380,-0.351948,-9.818622
1804741546,0.435745,-0.339977,-9.890448
1804742745,0.399832,-0.339977,-9.955091
1804743927,0.392649,-0.320823,-9.923966
1804745112,0.409408,-0.363919,-9.969456
1804746298,0.445322,-0.368707,-10.000581
1804747488,0.418985,-0.409408,-10.017340
1804748668,0.421380,-0.387861,-9.979033
1804749872,0.454898,-0.395043,-9.969456
1804751065,0.402226,-0.373495,-10.014946
1804752255,0.375890,-0.416591,-10.022128
1804753427,0.378284,-0.411803,-10.062830
1804754609,0.445322,-0.399832,-10.041282
1804755801,0.426168,-0.411803,-10.014946
1804756988,0.500388,-0.344765,-9.993398
1804758169,0.435745,-0.342371,-9.919178
1804759351,0.428562,-0.332794,-10.024523
1804760533,0.457293,-0.397437,-10.077195
1804761733,0.476446,-0.407014,-9.945514
1804762911,0.481235,-0.459687,-9.864111
1804764099,0.462081,-0.390255,-9.844957
1804765280,0.483629,-0.366313,-9.926360
1804766455,0.466869,-0.390255,-9.837775
1804767634,0.505177,-0.397437,-9.761160
1804768826,0.495600,-0.428562,-9.804255
1804770018,0.493206,-0.445322,-9.768343
1804771213,0.553061,-0.397437,-9.744401
1804772386,0.488417,-0.421380,-9.730036
1804773576,0.509965,-0.433351,-9.701305
1804774768,0.471658,-0.411803,-9.686940
1804775958,0.397437,-0.430956,-9.572019
1804777143,0.387861,-0.426168,-9.516952
1804778325,0.411803,-0.375890,-9.610326
1804779501,0.442927,-0.447716,-9.710882
1804780689,0.433351,-0.428562,-9.651027
1804781883,0.450110,-0.442927,-9.751583
1804783076,0.399832,-0.459687,-9.646238
1804784253,0.392649,-0.414197,-9.718064
1804785435,0.397437,-0.445322,-9.660604
1804786613,0.409408,-0.474052,-9.682152
1804787808,0.375890,-0.469264,-9.624691
1804788990,0.330400,-0.497994,-9.677363
1804790175,0.316035,-0.486023,-9.710882
1804791345,0.323217,-0.519542,-9.722853
1804792532,0.380678,-0.505177,-9.725247
1804793726,0.342371,-0.502782,-9.720459
1804794917,0.311246,-0.572214,-9.746795
1804796103,0.292093,-0.543484,-9.789890
1804797289,0.325611,-0.569820,-9.832987
1804798472,0.330400,-0.565032,-9.943120
1804799650,0.339977,-0.598550,-9.928755
1804800836,0.289698,-0.608127,-9.938332
1804802029,0.280122,-0.617704,-9.900024
1804803206,0.318429,-0.593762,-10.007763
1804804388,0.320823,-0.541090,-9.962274
1804805573,0.296881,-0.543484,-9.878476
1804806771,0.258574,-0.612916,-9.971850
1804807956,0.232238,-0.608127,-9.991004
1804809145,0.325611,-0.572214,-9.947908
1804810321,0.332794,-0.574608,-9.971850
1804811502,0.330400,-0.598550,-10.043676
1804812681,0.318429,-0.648829,-10.022128
1804813886,0.265756,-0.579397,-9.938332
1804815075,0.275333,-0.593762,-9.926360
1804816256,0.277727,-0.588974,-9.995792
1804817434,0.277727,-0.627281,-9.986216
1804818621,0.304064,-0.677559,-9.959879
1804819814,0.330400,-0.675165,-9.854534
1804821003,0.270545,-0.586579,-9.890448
1804822184,0.268151,-0.593762,-9.768343
1804823366,0.268151,-0.660800,-9.698911
1804824548,0.313640,-0.665588,-9.718064
1804825747,0.328006,-0.617704,-9.751583
1804826928,0.277727,-0.612916,-9.722853
1804828113,0.237026,-0.689530,-9.739613
1804829289,0.256180,-0.615310,-9.720459
1804830474,0.260968,-0.627281,-9.682152
1804831652,0.208296,-0.598550,-9.710882
1804832850,0.220267,-0.634463,-9.739613
1804834039,0.275333,-0.665588,-9.701305
1804835228,0.196325,-0.675165,-9.615114
1804836395,0.160412,-0.663194,-9.684546
1804837586,0.134075,-0.596156,-9.660604
1804838773,0.198719,-0.598550,-9.641450
1804839962,0.239420,-0.653617,-9.720459
1804841147,0.155623,-0.651223,-9.694122
1804842329,0.165200,-0.667982,-9.677363
1804843502,0.169988,-0.701501,-9.610326
1804844686,0.138864,-0.660800,-9.686940
1804845878,0.205901,-0.644040,-9.708488
1804847067,0.138864,-0.641646,-9.794679
1804848258,0.213084,-0.665588,-9.809045
1804849433,0.213084,-0.596156,-9.797073
1804850611,0.155623,-0.617704,-9.785102
1804851807,0.193930,-0.620098,-9.813833
1804852987,0.174777,-0.648829,-9.866506
1804854174,0.129287,-0.624887,-9.749189
1804855346,0.160412,-0.612916,-9.768343
1804856532,0.179565,-0.636858,-9.787497
1804857727,0.179565,-0.627281,-9.701305
1804858918,0.184354,-0.651223,-9.787497
1804860104,0.222661,-0.624887,-9.713276
1804861286,0.174777,-0.596156,-9.701305
1804862462,0.186748,-0.593762,-9.794679
1804863646,0.229843,-0.684742,-9.876082
1804864834,0.189142,-0.703895,-9.801862
1804866026,0.244209,-0.667982,-9.780313
1804867216,0.225055,-0.612916,-9.713276
1804868402,0.272939,-0.605733,-9.780313
1804869581,0.268151,-0.648829,-9.761160
1804870778,0.263362,-0.593762,-9.806650
1804871965,0.248997,-0.596156,-9.768343
1804873155,0.272939,-0.699107,-9.765948
1804874332,0.263362,-0.636858,-9.749189
1804875520,0.311246,-0.584185,-9.694122
1804876707,0.316035,-0.629675,-9.689334
1804877910,0.354342,-0.689530,-9.780313
1804879095,0.294487,-0.665588,-9.794679
1804880287,0.251391,-0.634463,-9.677363
1804881458,0.335188,-0.687136,-9.694122
1804882642,0.335188,-0.615310,-9.753978
1804883830,0.299275,-0.644040,-9.811439
1804885020,0.287304,-0.622492,-9.780313
1804886207,0.330400,-0.641646,-9.742006
1804887385,0.308852,-0.574608,-9.861717
1804888568,0.306458,-0.591368,-9.823410
1804889763,0.325611,-0.598550,-9.715671
1804890949,0.306458,-0.596156,-9.866506
1804892135,0.368707,-0.567426,-9.734824
1804893312,0.335188,-0.648829,-9.864111
1804894493,0.335188,-0.634463,-9.878476
1804895677,0.318429,-0.600945,-9.801862
1804896880,0.337582,-0.553061,-9.789890
1804898066,0.363919,-0.541090,-9.854534
1804899255,0.325611,-0.600945,-9.962274
1804900431,0.354342,-0.581791,-9.911995
1804901614,0.347159,-0.557849,-9.957485
1804902807,0.366313,-0.553061,-9.885659
1804903997,0.361524,-0.565032,-9.787497
1804905179,0.339977,-0.517148,-9.916783
1804906361,0.339977,-0.505177,-9.945514
1804907544,0.351948,-0.524330,-9.945514
1804908743,0.311246,-0.572214,-9.955091
1804909926,0.330400,-0.593762,-9.933543
1804911116,0.380678,-0.500388,-9.943120
1804912298,0.316035,-0.557849,-9.955091
1804913489,0.366313,-0.541090,-9.911995
1804914670,0.373495,-0.512359,-9.923966
1804915875,0.378284,-0.517148,-9.971850
1804917068,0.483629,-0.519542,-9.883265
1804918258,0.354342,-0.541090,-9.770737
1804919429,0.383072,-0.560243,-9.837775
1804920611,0.414197,-0.514753,-9.782708
1804921802,0.411803,-0.531513,-9.761160
1804922988,0.390255,-0.500388,-9.799467
1804924169,0.404620,-0.486023,-9.809045
1804925347,0.387861,-0.524330,-9.859323
1804926526,0.407014,-0.483629,-9.878476
1804927722,0.409408,-0.486023,-9.873688
1804928911,0.385466,-0.497994,-9.794679
1804930102,0.414197,-0.502782,-9.876082
1804931278,0.363919,-0.457293,-9.818622
1804932458,0.371101,-0.478840,-9.804255
1804933634,0.404620,-0.474052,-9.904813
1804934825,0.402226,-0.450110,-9.866506
1804936017,0.428562,-0.433351,-9.837775
1804937207,0.414197,-0.447716,-9.832987
1804938385,0.385466,-0.481235,-9.890448
1804939576,0.392649,-0.505177,-9.859323
1804940770,0.387861,-0.495600,-9.830592
1804941958,0.407014,-0.517148,-9.916783
1804943144,0.397437,-0.454898,-9.878476
1804944326,0.363919,-0.442927,-9.923966
1804945503,0.404620,-0.395043,-9.885659
1804946689,0.361524,-0.476446,-9.907207
1804947883,0.375890,-0.500388,-9.911995
1804949075,0.351948,-0.474052,-9.890448
1804950251,0.440533,-0.426168,-9.873688
1804951433,0.423774,-0.445322,-9.837775
1804952612,0.390255,-0.407014,-9.895236
1804953807,0.392649,-0.411803,-9.902418
1804954989,0.385466,-0.450110,-9.878476
1804956175,0.397437,-0.454898,-9.904813
1804957346,0.373495,-0.435745,-9.832987
1804958533,0.390255,-0.418985,-9.890448
1804959727,0.397437,-0.378284,-9.897630
1804960918,0.409408,-0.402226,-9.945514
1804962103,0.395043,-0.440533,-9.883265
1804963283,0.450110,-0.433351,-9.835381
1804964460,0.450110,-0.421380,-9.854534
1804965638,0.452504,-0.414197,-9.888053
1804966826,0.440533,-0.426168,-9.785102
1804968023,0.428562,-0.459687,-9.849746
1804969208,0.404620,-0.438139,-9.883265
1804970389,0.361524,-0.445322,-9.852140
1804971576,0.371101,-0.433351,-9.809045
1804972773,0.450110,-0.426168,-9.888053
1804973954,0.423774,-0.440533,-9.801862
1804975143,0.452504,-0.464475,-9.813833
1804976320,0.426168,-0.447716,-9.947908
1804977501,0.409408,-0.445322,-9.852140
1804978683,0.392649,-0.459687,-9.806650
1804979882,0.402226,-0.483629,-9.856929
1804981068,0.418985,-0.452504,-9.876082
1804982263,0.375890,-0.440533,-9.866506
1804983433,0.344765,-0.421380,-9.864111
1804984618,0.383072,-0.447716,-9.955091
1804985806,0.392649,-0.423774,-9.945514
1804986997,0.409408,-0.438139,-9.890448
1804988178,0.390255,-0.450110,-9.837775
1804989358,0.325611,-0.445322,-9.940725
1804990540,0.387861,-0.483629,-9.852140
1804991739,0.359130,-0.478840,-9.868899
1804992920,0.435745,-0.457293,-10.036493
1804994110,0.418985,-0.493206,-9.959879
1804995297,0.414197,-0.447716,-9.998186
1804996478,0.404620,-0.474052,-9.983821
1804997655,0.414197,-0.497994,-9.988609
1804998857,0.351948,-0.514753,-9.979033
1805000046,0.332794,-0.462081,-9.909601
1805001234,0.318429,-0.447716,-10.031705
1805002402,0.395043,-0.474052,-9.866506
1805003593,0.375890,-0.433351,-9.883265
1805004782,0.361524,-0.452504,-9.859323
1805005967,0.421380,-0.407014,-9.864111
1805007151,0.421380,-0.359130,-9.832987
1805008331,0.392649,-0.466869,-9.868899
1805009510,0.395043,-0.493206,-9.809045
1805010696,0.395043,-0.478840,-9.856929
1805011890,0.397437,-0.459687,-9.897630
1805013078,0.387861,-0.493206,-10.043676
1805014259,0.392649,-0.445322,-10.031705
1805015436,0.354342,-0.452504,-9.919178
1805016618,0.426168,-0.483629,-9.890448
1805017814,0.445322,-0.483629,-9.979033
1805018999,0.402226,-0.464475,-9.976639
1805020183,0.371101,-0.481235,-9.916783
1805021360,0.373495,-0.457293,-9.919178
1805022549,0.423774,-0.464475,-9.861717
1805023744,0.399832,-0.509965,-9.943120
1805024927,0.366313,-0.474052,-10.000581
1805026113,0.380678,-0.488417,-9.983821
1805027305,0.392649,-0.553061,-10.002975
1805028491,0.390255,-0.562637,-9.955091
1805029677,0.392649,-0.517148,-9.976639
1805030877,0.366313,-0.512359,-9.926360
1805032075,0.363919,-0.466869,-9.962274
1805033266,0.294487,-0.464475,-10.007763
1805034446,0.366313,-0.495600,-9.931149
1805035627,0.342371,-0.497994,-9.971850
1805036825,0.337582,-0.471658,-9.895236
1805038019,0.339977,-0.500388,-9.859323
1805039208,0.328006,-0.505177,-10.000581
1805040383,0.287304,-0.474052,-9.943120
1805041570,0.344765,-0.471658,-9.995792
1805042762,0.311246,-0.490811,-10.034100
1805043951,0.289698,-0.464475,-9.921572
1805045134,0.361524,-0.514753,-9.926360
1805046315,0.390255,-0.531513,-9.847352
1805047492,0.438139,-0.469264,-9.940725
1805048677,0.351948,-0.490811,-9.919178
1805049876,0.294487,-0.490811,-9.907207
1805051073,0.323217,-0.519542,-9.911995
1805052264,0.323217,-0.464475,-9.859323
1805053438,0.316035,-0.509965,-9.943120
1805054618,0.342371,-0.521936,-9.907207
1805055814,0.337582,-0.486023,-9.876082
1805056999,0.373495,-0.524330,-9.892841
1805058186,0.344765,-0.512359,-9.974244
1805059361,0.332794,-0.505177,-9.979033
1805060548,0.359130,-0.569820,-9.971850
1805061741,0.375890,-0.517148,-9.991004
1805062927,0.299275,-0.507571,-10.058042
1805064113,0.328006,-0.517148,-10.046070
1805065292,0.354342,-0.538695,-10.019734
1805066476,0.359130,-0.536301,-9.945514
1805067658,0.347159,-0.584185,-10.036493
1805068856,0.320823,-0.569820,-10.053253
1805070048,0.349553,-0.553061,-10.038888
1805071234,0.383072,-0.524330,-10.019734
1805072408,0.359130,-0.512359,-9.991004
1805073595,0.328006,-0.517148,-10.007763
1805074787,0.320823,-0.509965,-10.022128
1805075969,0.311246,-0.507571,-10.053253
1805077159,0.351948,-0.545878,-10.043676
1805078335,0.363919,-0.524330,-9.967062
1805079518,0.284910,-0.541090,-9.955091
1805080699,0.323217,-0.531513,-10.010158
1805081898,0.351948,-0.509965,-9.933543
1805083080,0.313640,-0.521936,-9.830592
1805084261,0.323217,-0.488417,-9.909601
1805085437,0.344765,-0.497994,-9.940725
1805086624,0.258574,-0.497994,-9.955091
1805087817,0.265756,-0.557849,-9.871294
1805089014,0.323217,-0.584185,-9.928755
1805090200,0.335188,-0.548272,-9.979033
1805091382,0.263362,-0.584185,-9.794679
1805092565,0.316035,-0.505177,-9.794679
1805093761,0.306458,-0.507571,-9.823410
1805094942,0.292093,-0.529119,-9.823410
1805096128,0.368707,-0.524330,-9.854534
1805097304,0.385466,-0.562637,-9.859323
1805098491,0.325611,-0.512359,-9.823410
1805099673,0.337582,-0.548272,-9.856929
1805100878,0.320823,-0.481235,-9.888053
1805102070,0.296881,-0.555455,-9.835381
1805103258,0.296881,-0.538695,-9.900024
1805104434,0.306458,-0.569820,-9.940725
1805105616,0.284910,-0.545878,-9.904813
1805106805,0.287304,-0.543484,-9.844957
1805107993,0.294487,-0.605733,-9.904813
1805109174,0.304064,-0.579397,-9.962274
1805110349,0.308852,-0.541090,-9.971850
1805111526,0.306458,-0.562637,-9.921572
1805112723,0.287304,-0.543484,-9.964667
1805113911,0.363919,-0.505177,-9.976639
1805115101,0.296881,-0.488417,-9.952697
1805116289,0.294487,-0.493206,-9.842564
1805117464,0.265756,-0.545878,-9.923966
1805118643,0.260968,-0.517148,-9.892841
1805119836,0.330400,-0.481235,-9.813833
1805121023,0.289698,-0.507571,-9.890448
1805122217,0.287304,-0.500388,-9.945514
1805123393,0.272939,-0.514753,-9.873688
1805124585,0.268151,-0.565032,-9.957485
1805125773,0.282516,-0.543484,-10.026917
1805126965,0.323217,-0.474052,-9.967062
1805128150,0.313640,-0.507571,-9.981427
1805129330,0.241814,-0.495600,-10.055647
1805130506,0.251391,-0.548272,-9.900024
1805131693,0.306458,-0.543484,-9.938332
1805132887,0.292093,-0.454898,-9.995792
1805134078,0.241814,-0.512359,-9.923966
1805135253,0.282516,-0.560243,-9.878476
1805136435,0.282516,-0.529119,-9.933543
1805137614,0.239420,-0.536301,-9.789890
1805138809,0.287304,-0.488417,-9.842564
1805139991,0.287304,-0.481235,-9.952697
1805141178,0.304064,-0.483629,-9.931149
1805142348,0.265756,-0.481235,-9.876082
1805143534,0.294487,-0.497994,-9.777920
1805144729,0.306458,-0.481235,-9.799467
1805145921,0.304064,-0.433351,-9.828198
1805147105,0.306458,-0.454898,-9.696517
1805148286,0.265756,-0.476446,-9.658210
1805149470,0.277727,-0.464475,-9.679757
1805150653,0.282516,-0.442927,-9.631873
1805151848,0.294487,-0.433351,-9.689334
1805153039,0.287304,-0.505177,-9.756371
1805154224,0.342371,-0.495600,-9.715671
1805155392,0.347159,-0.519542,-9.696517
1805156579,0.253785,-0.469264,-9.789890
1805157777,0.332794,-0.483629,-9.677363
1805158965,0.323217,-0.469264,-9.763555
1805160156,0.299275,-0.438139,-9.720459
1805161332,0.313640,-0.407014,-9.751583
1805162514,0.284910,-0.474052,-9.751583
1805163696,0.284910,-0.471658,-9.756371
1805164895,0.294487,-0.500388,-9.797073
1805166077,0.330400,-0.500388,-9.888053
1805167256,0.280122,-0.490811,-9.897630
1805168432,0.311246,-0.454898,-9.864111
1805169615,0.308852,-0.442927,-9.883265
1805170807,0.294487,-0.452504,-9.923966
1805171994,0.289698,-0.507571,-9.935937
1805173176,0.296881,-0.438139,-9.854534
1805174352,0.371101,-0.440533,-9.883265
1805175533,0.328006,-0.490811,-10.005369
1805176729,0.347159,-0.457293,-10.000581
1805177916,0.359130,-0.476446,-9.993398
1805179106,0.380678,-0.517148,-10.002975
1805180282,0.335188,-0.464475,-10.007763
1805181462,0.344765,-0.502782,-9.926360
1805182639,0.397437,-0.497994,-9.914390
1805183832,0.347159,-0.454898,-10.038888
1805185019,0.339977,-0.471658,-10.002975
1805186209,0.335188,-0.478840,-9.892841
1805187386,0.373495,-0.505177,-9.895236
1805188578,0.339977,-0.452504,-9.911995
1805189771,0.332794,-0.464475,-9.943120
1805190961,0.328006,-0.519542,-9.938332
1805192146,0.332794,-0.483629,-9.933543
1805193327,0.378284,-0.497994,-9.926360
1805194504,0.347159,-0.447716,-9.859323
1805195693,0.318429,-0.517148,-9.809045
1805196886,0.366313,-0.517148,-9.844957
1805198078,0.366313,-0.555455,-9.878476
1805199259,0.387861,-0.490811,-9.777920
1805200436,0.351948,-0.483629,-9.749189
1805201615,0.349553,-0.521936,-9.701305
1805202810,0.328006,-0.414197,-9.730036
1805203990,0.349553,-0.490811,-9.799467
1805205177,0.342371,-0.502782,-9.868899
1805206348,0.320823,-0.521936,-9.871294
1805207539,0.332794,-0.462081,-9.832987
1805208734,0.330400,-0.490811,-9.775525
1805209917,0.323217,-0.495600,-9.907207
1805211100,0.349553,-0.488417,-9.832987
1805212293,0.371101,-0.500388,-9.873688
1805213462,0.351948,-0.507571,-9.864111
1805214645,0.387861,-0.502782,-9.797073
1805215832,0.354342,-0.521936,-9.859323
1805217024,0.351948,-0.531513,-9.871294
1805218215,0.402226,-0.541090,-9.734824
1805219396,0.387861,-0.505177,-9.835381
1805220582,0.351948,-0.536301,-9.818622
1805221780,0.299275,-0.507571,-9.844957
1805222967,0.325611,-0.500388,-9.935937
1805224157,0.313640,-0.512359,-9.964667
1805225330,0.318429,-0.512359,-9.859323
1805226514,0.342371,-0.562637,-9.931149
1805227695,0.380678,-0.538695,-9.919178
1805228894,0.387861,-0.512359,-9.868899
1805230077,0.383072,-0.579397,-9.876082
1805231258,0.363919,-0.615310,-9.871294
1805232436,0.378284,-0.605733,-9.914390
1805233621,0.339977,-0.579397,-9.876082
1805234813,0.349553,-0.536301,-9.864111
1805236000,0.375890,-0.519542,-9.849746
1805237182,0.371101,-0.567426,-9.876082
1805238363,0.392649,-0.531513,-9.780313
1805239546,0.378284,-0.478840,-9.809045
1805240744,0.399832,-0.457293,-9.809045
1805241925,0.380678,-0.471658,-9.852140
1805243116,0.392649,-0.507571,-9.909601
1805244291,0.306458,-0.557849,-9.885659
1805245479,0.368707,-0.541090,-9.859323
1805246656,0.385466,-0.553061,-9.787497
1805247859,0.414197,-0.541090,-9.811439
1805249046,0.325611,-0.545878,-9.847352
1805250234,0.363919,-0.541090,-9.785102
1805251400,0.339977,-0.495600,-9.770737
1805252590,0.359130,-0.521936,-9.813833
1805253778,0.383072,-0.512359,-9.753978
1805254970,0.347159,-0.512359,-9.770737
1805256155,0.335188,-0.495600,-9.739613
1805257336,0.356736,-0.495600,-9.749189
1805258513,0.366313,-0.517148,-9.844957
1805259699,0.380678,-0.524330,-9.742006
1805260891,0.330400,-0.517148,-9.780313
1805262078,0.328006,-0.500388,-9.794679
1805263257,0.301669,-0.486023,-9.756371
1805264438,0.301669,-0.466869,-9.787497
1805265613,0.349553,-0.502782,-9.780313
1805266808,0.347159,-0.553061,-9.758766
1805267990,0.392649,-0.514753,-9.749189
1805269177,0.316035,-0.502782,-9.756371
1805270347,0.354342,-0.521936,-9.696517
1805271534,0.328006,-0.536301,-9.801862
1805272725,0.311246,-0.557849,-9.780313
1805273914,0.301669,-0.545878,-9.792285
1805275099,0.351948,-0.584185,-9.861717
1805276284,0.368707,-0.581791,-9.859323
1805277451,0.328006,-0.569820,-9.842564
1805278631,0.342371,-0.529119,-9.763555
1805279825,0.299275,-0.495600,-9.770737
1805281022,0.359130,-0.500388,-9.830592
1805282202,0.385466,-0.512359,-9.837775
1805283384,0.320823,-0.512359,-9.742006
1805284566,0.387861,-0.521936,-9.785102
1805285763,0.342371,-0.565032,-9.866506
1805286947,0.368707,-0.553061,-9.928755
1805288133,0.344765,-0.557849,-9.871294
1805289311,0.390255,-0.562637,-9.926360
1805290497,0.387861,-0.574608,-9.885659
1805291680,0.351948,-0.531513,-9.842564
1805292885,0.359130,-0.596156,-9.904813
1805294072,0.368707,-0.531513,-9.883265
1805295267,0.354342,-0.543484,-9.811439
1805296448,0.397437,-0.562637,-9.816227
1805297635,0.375890,-0.533907,-9.885659
1805298823,0.354342,-0.581791,-9.844957
1805300020,0.337582,-0.603339,-9.792285
1805301205,0.347159,-0.572214,-9.782708
1805302387,0.371101,-0.538695,-9.883265
1805303570,0.414197,-0.593762,-9.792285
1805304767,0.258574,-0.579397,-9.809045
1805305952,0.308852,-0.577003,-9.880871
1805307137,0.244209,-0.569820,-9.928755
1805308313,0.258574,-0.550666,-9.991004
1805309503,0.356736,-0.517148,-9.890448
1805310686,0.332794,-0.591368,-9.753978
1805311886,0.342371,-0.541090,-9.852140
1805313073,0.339977,-0.536301,-9.859323
1805314268,0.316035,-0.553061,-9.789890
1805315438,0.335188,-0.565032,-9.768343
1805316625,0.296881,-0.524330,-9.785102
1805317817,0.380678,-0.577003,-9.830592
1805319014,0.375890,-0.572214,-9.821015
1805320198,0.313640,-0.548272,-9.864111
1805321380,0.347159,-0.507571,-9.911995
1805322563,0.323217,-0.524330,-9.938332
1805323760,0.294487,-0.497994,-9.888053
1805324942,0.320823,-0.572214,-9.895236
1805326128,0.328006,-0.512359,-9.823410
1805327301,0.248997,-0.550666,-9.823410
1805328484,0.316035,-0.543484,-9.842564
1805329665,0.296881,-0.538695,-9.801862
1805330868,0.380678,-0.502782,-9.811439
1805332059,0.330400,-0.502782,-9.821015
1805333246,0.373495,-0.493206,-9.859323
1805334418,0.296881,-0.545878,-9.876082
1805335601,0.316035,-0.543484,-9.890448
1805336789,0.363919,-0.483629,-9.835381
1805337976,0.294487,-0.541090,-9.787497
1805339163,0.328006,-0.584185,-9.809045
1805340341,0.308852,-0.538695,-9.801862
1805341524,0.277727,-0.509965,-9.753978
1805342721,0.282516,-0.514753,-9.780313
1805343911,0.304064,-0.493206,-9.765948
1805345100,0.323217,-0.500388,-9.751583
1805346286,0.351948,-0.493206,-9.830592
1805347461,0.344765,-0.555455,-9.880871
1805348639,0.339977,-0.481235,-9.816227
1805349830,0.280122,-0.497994,-9.821015
1805351023,0.325611,-0.517148,-9.868899
1805352218,0.330400,-0.509965,-9.921572
1805353390,0.330400,-0.531513,-9.780313
1805354580,0.347159,-0.517148,-9.763555
1805355774,0.304064,-0.517148,-9.866506
1805356961,0.337582,-0.538695,-9.727641
1805358147,0.282516,-0.500388,-9.804255
1805359327,0.339977,-0.531513,-9.878476
1805360504,0.347159,-0.517148,-9.837775
1805361693,0.335188,-0.502782,-9.837775
1805362888,0.323217,-0.545878,-9.868899
1805364078,0.304064,-0.579397,-9.789890
1805365255,0.311246,-0.603339,-9.758766
1805366437,0.306458,-0.553061,-9.792285
1805367614,0.323217,-0.531513,-9.801862
1805368810,0.344765,-0.548272,-9.883265
1805369993,0.397437,-0.538695,-9.818622
1805371181,0.339977,-0.502782,-9.837775
1805372351,0.347159,-0.454898,-9.818622
1805373543,0.320823,-0.526724,-9.794679
1805374738,0.280122,-0.538695,-9.799467
1805375925,0.263362,-0.548272,-9.959879
1805377112,0.292093,-0.519542,-9.902418
1805378303,0.296881,-0.524330,-9.866506
1805379488,0.335188,-0.517148,-9.835381
1805380675,0.354342,-0.565032,-9.878476
1805381874,0.318429,-0.500388,-9.816227
1805383071,0.308852,-0.466869,-9.883265
1805384262,0.280122,-0.500388,-9.861717
1805385437,0.280122,-0.536301,-9.821015
1805386614,0.351948,-0.514753,-9.792285
1805387811,0.308852,-0.553061,-9.880871
1805388992,0.335188,-0.538695,-9.844957
1805390180,0.318429,-0.545878,-9.895236
1805391351,0.356736,-0.531513,-9.998186
1805392538,0.311246,-0.495600,-9.914390
1805393731,0.332794,-0.495600,-9.916783
1805394923,0.287304,-0.560243,-9.832987
1805396107,0.299275,-0.488417,-9.837775
1805397295,0.363919,-0.526724,-9.897630
1805398478,0.363919,-0.502782,-9.880871
1805399660,0.323217,-0.557849,-9.885659
1805400856,0.373495,-0.548272,-9.849746
1805402049,0.363919,-0.519542,-9.861717
1805403236,0.337582,-0.507571,-9.871294
1805404416,0.323217,-0.502782,-9.892841
1805405594,0.330400,-0.517148,-9.940725
1805406784,0.311246,-0.553061,-9.854534
1805407965,0.328006,-0.593762,-9.931149
1805409154,0.330400,-0.533907,-9.967062
1805410328,0.306458,-0.486023,-9.969456
1805411515,0.325611,-0.493206,-9.947908
1805412698,0.339977,-0.488417,-9.904813
1805413897,0.306458,-0.514753,-9.928755
1805415079,0.347159,-0.481235,-9.957485
1805416261,0.378284,-0.471658,-9.933543
1805417439,0.277727,-0.505177,-9.959879
1805418625,0.344765,-0.526724,-10.022128
1805419819,0.323217,-0.531513,-9.880871
1805421015,0.304064,-0.524330,-9.921572
1805422200,0.328006,-0.502782,-9.871294
1805423380,0.318429,-0.507571,-9.890448
1805424562,0.308852,-0.481235,-9.952697
1805425759,0.325611,-0.464475,-9.938332
1805426942,0.330400,-0.483629,-9.813833
1805428124,0.380678,-0.471658,-9.801862
1805429300,0.450110,-0.438139,-9.813833
1805430490,0.447716,-0.471658,-9.852140
1805431672,0.407014,-0.433351,-9.837775
1805432873,0.486023,-0.430956,-9.821015
1805434064,0.507571,-0.402226,-9.835381
1805435253,0.478840,-0.404620,-9.890448
1805436421,0.433351,-0.433351,-9.892841
1805437604,0.416591,-0.390255,-9.768343
1805438792,0.383072,-0.399832,-9.847352
1805439979,0.442927,-0.402226,-9.864111
1805441166,0.325611,-0.414197,-9.950302
1805442346,0.294487,-0.385466,-9.888053
1805443533,0.351948,-0.404620,-9.945514
1805444730,0.318429,-0.464475,-9.950302
1805445916,0.335188,-0.430956,-9.883265
1805447107,0.347159,-0.481235,-9.993398
1805448295,0.306458,-0.505177,-9.974244
1805449477,0.330400,-0.509965,-10.002975
1805450653,0.407014,-0.505177,-9.945514
1805451851,0.368707,-0.464475,-9.957485
1805453039,0.299275,-0.442927,-9.909601
1805454226,0.268151,-0.469264,-10.074800
1805455392,0.241814,-0.505177,-10.072407
1805456583,0.213084,-0.521936,-10.084377
1805457776,0.241814,-0.474052,-10.093954
1805458968,0.251391,-0.562637,-9.983821
1805460154,0.213084,-0.550666,-10.125079
1805461334,0.251391,-0.493206,-9.979033
1805462512,0.292093,-0.538695,-9.947908
1805463699,0.272939,-0.569820,-10.024523
1805464894,0.237026,-0.545878,-9.938332
1805466080,0.308852,-0.488417,-9.928755
1805467260,0.320823,-0.529119,-9.904813
1805468441,0.306458,-0.526724,-9.947908
1805469622,0.339977,-0.495600,-9.995792
1805470820,0.263362,-0.457293,-9.981427
1805472012,0.275333,-0.462081,-9.988609
1805473201,0.299275,-0.529119,-10.019734
1805474378,0.275333,-0.502782,-10.022128
1805475566,0.311246,-0.538695,-10.005369
1805476758,0.287304,-0.541090,-9.911995
1805477943,0.383072,-0.490811,-9.971850
1805479124,0.438139,-0.438139,-9.883265
1805480316,0.442927,-0.440533,-9.897630
1805481492,0.440533,-0.486023,-9.880871
1805482676,0.404620,-0.483629,-9.876082
1805483875,0.385466,-0.418985,-9.945514
1805485074,0.392649,-0.387861,-9.938332
1805486265,0.351948,-0.383072,-9.935937
1805487441,0.442927,-0.426168,-9.969456
1805488624,0.445322,-0.505177,-9.981427
1805489822,0.371101,-0.526724,-9.945514
1805491013,0.450110,-0.450110,-9.945514
1805492198,0.495600,-0.438139,-9.916783
1805493375,0.454898,-0.459687,-9.885659
1805494564,0.433351,-0.466869,-9.895236
1805495756,0.483629,-0.471658,-9.919178
1805496940,0.404620,-0.512359,-9.871294
1805498122,0.397437,-0.493206,-9.816227
1805499308,0.392649,-0.450110,-9.921572
1805500494,0.390255,-0.493206,-9.933543
1805501679,0.392649,-0.505177,-9.969456
1805502879,0.426168,-0.531513,-10.019734
1805504078,0.409408,-0.471658,-9.952697
1805505254,0.421380,-0.490811,-9.979033
1805506434,0.428562,-0.490811,-9.998186
1805507613,0.493206,-0.526724,-10.031705
1805508808,0.435745,-0.529119,-10.026917
1805509991,0.378284,-0.486023,-9.928755
1805511177,0.447716,-0.517148,-9.943120
1805512348,0.411803,-0.476446,-9.981427
1805513535,0.450110,-0.452504,-10.002975
1805514726,0.445322,-0.466869,-9.931149
1805515912,0.442927,-0.447716,-9.868899
1805517098,0.423774,-0.447716,-9.923966
1805518291,0.433351,-0.474052,-9.890448
1805519461,0.423774,-0.483629,-9.976639
1805520644,0.404620,-0.469264,-10.000581
1805521831,0.459687,-0.438139,-9.933543
1805523029,0.402226,-0.430956,-9.943120
1805524208,0.385466,-0.414197,-9.921572
1805525391,0.407014,-0.466869,-9.849746
1805526571,0.349553,-0.469264,-9.888053
1805527767,0.330400,-0.440533,-9.890448
1805528943,0.328006,-0.459687,-9.938332
1805530130,0.407014,-0.466869,-9.859323
1805531306,0.433351,-0.500388,-9.878476
1805532497,0.414197,-0.512359,-9.837775
1805533681,0.407014,-0.474052,-9.821015
1805534883,0.416591,-0.452504,-9.780313
1805536069,0.371101,-0.474052,-9.979033
1805537255,0.349553,-0.507571,-9.983821
1805538427,0.349553,-0.447716,-9.919178
1805539611,0.373495,-0.421380,-9.940725
1805540795,0.402226,-0.418985,-9.955091
1805541981,0.402226,-0.426168,-9.909601
1805543159,0.335188,-0.519542,-9.897630
1805544340,0.313640,-0.483629,-10.002975
1805545518,0.282516,-0.442927,-9.986216
1805546710,0.287304,-0.462081,-9.940725
1805547900,0.280122,-0.490811,-10.002975
1805549086,0.308852,-0.462081,-9.852140
1805550261,0.272939,-0.459687,-9.821015
1805551446,0.270545,-0.471658,-9.823410
1805552627,0.234632,-0.476446,-9.832987
1805553826,0.265756,-0.481235,-9.868899
1805555015,0.280122,-0.452504,-9.914390
1805556204,0.258574,-0.457293,-9.880871
1805557381,0.328006,-0.471658,-9.888053
1805558568,0.361524,-0.533907,-9.945514
1805559759,0.328006,-0.452504,-9.890448
1805560944,0.296881,-0.426168,-9.866506
1805562123,0.337582,-0.474052,-9.823410
1805563303,0.318429,-0.462081,-9.792285
1805564490,0.282516,-0.433351,-9.828198
1805565677,0.335188,-0.447716,-9.828198
1805566877,0.299275,-0.476446,-9.835381
1805568075,0.280122,-0.507571,-9.806650
1805569264,0.306458,-0.500388,-9.861717
1805570444,0.275333,-0.545878,-9.861717
1805571626,0.323217,-0.500388,-9.854534
1805572824,0.337582,-0.474052,-9.926360
1805574012,0.311246,-0.507571,-9.883265
1805575199,0.354342,-0.548272,-9.835381
1805576377,0.330400,-0.478840,-9.849746
1805577563,0.282516,-0.495600,-9.900024
1805578752,0.277727,-0.512359,-9.902418
1805579939,0.316035,-0.519542,-9.928755
1805581121,0.313640,-0.464475,-9.883265
1805582313,0.349553,-0.476446,-9.895236
1805583500,0.351948,-0.481235,-9.880871
1805584688,0.299275,-0.478840,-9.938332
1805585883,0.325611,-0.502782,-9.945514
1805587074,0.330400,-0.483629,-9.902418
1805588262,0.289698,-0.519542,-9.876082
1805589439,0.268151,-0.514753,-9.943120
1805590621,0.282516,-0.521936,-9.895236
1805591817,0.260968,-0.550666,-9.938332
1805593002,0.301669,-0.531513,-9.909601
1805594187,0.344765,-0.517148,-9.902418
1805595362,0.306458,-0.543484,-9.861717
1805596548,0.277727,-0.502782,-9.859323
1805597742,0.304064,-0.545878,-9.907207
1805598927,0.323217,-0.555455,-9.866506
1805600114,0.332794,-0.495600,-9.844957
1805601301,0.320823,-0.502782,-9.890448
1805602483,0.304064,-0.476446,-9.840169
1805603667,0.325611,-0.521936,-9.964667
1805604866,0.342371,-0.502782,-9.945514
1805606062,0.304064,-0.502782,-9.892841
1805607243,0.289698,-0.536301,-9.895236
1805608418,0.277727,-0.543484,-9.890448
1805609597,0.318429,-0.514753,-9.916783
1805610790,0.299275,-0.531513,-9.859323
1805611973,0.260968,-0.555455,-9.825804
1805613164,0.282516,-0.502782,-9.844957
1805614340,0.265756,-0.502782,-9.849746
1805615523,0.253785,-0.526724,-9.816227
1805616710,0.306458,-0.569820,-9.765948
1805617910,0.363919,-0.529119,-9.792285
1805619090,0.337582,-0.486023,-9.787497
1805620272,0.347159,-0.524330,-9.813833
1805621447,0.366313,-0.531513,-9.797073
1805622633,0.325611,-0.541090,-9.842564
1805623826,0.270545,-0.560243,-9.804255
1805625021,0.296881,-0.526724,-9.828198
1805626206,0.313640,-0.502782,-9.801862
1805627384,0.325611,-0.548272,-9.765948
1805628568,0.342371,-0.483629,-9.782708
1805629764,0.282516,-0.490811,-9.768343
1805630950,0.311246,-0.512359,-9.718064
1805632136,0.328006,-0.553061,-9.821015
1805633311,0.256180,-0.548272,-9.897630
1805634502,0.282516,-0.529119,-9.818622
1805635686,0.323217,-0.555455,-9.859323
1805636886,0.325611,-0.579397,-9.916783
1805638075,0.325611,-0.586579,-9.919178
1805639270,0.253785,-0.577003,-9.852140
1805640440,0.268151,-0.581791,-9.861717
1805641627,0.339977,-0.495600,-9.799467
1805642819,0.351948,-0.536301,-9.868899
1805644016,0.335188,-0.533907,-9.835381
1805645201,0.301669,-0.572214,-9.785102
1805646382,0.282516,-0.541090,-9.773131
1805647565,0.284910,-0.538695,-9.761160
1805648758,0.287304,-0.507571,-9.756371
1805649939,0.301669,-0.598550,-9.708488
1805651125,0.277727,-0.591368,-9.844957
1805652312,0.253785,-0.543484,-9.744401
1805653503,0.289698,-0.562637,-9.775525
1805654687,0.272939,-0.615310,-9.785102
1805655886,0.296881,-0.574608,-9.775525
1805657074,0.363919,-0.584185,-9.806650
1805658268,0.227449,-0.512359,-9.837775
1805659440,0.330400,-0.560243,-9.830592
1805660624,0.347159,-0.548272,-9.825804
1805661817,0.366313,-0.538695,-9.854534
1805663014,0.248997,-0.577003,-9.780313
1805664198,0.313640,-0.567426,-9.794679
1805665379,0.241814,-0.538695,-9.847352
1805666563,0.215478,-0.557849,-9.823410
1805667759,0.270545,-0.598550,-9.801862
1805668940,0.244209,-0.569820,-9.876082
1805670122,0.296881,-0.524330,-9.837775
1805671299,0.232238,-0.507571,-9.797073
1805672486,0.258574,-0.529119,-9.787497
1805673668,0.268151,-0.555455,-9.811439
1805674871,0.237026,-0.620098,-9.844957
1805676061,0.248997,-0.605733,-9.792285
1805677252,0.304064,-0.531513,-9.895236
1805678423,0.282516,-0.512359,-9.861717
1805679606,0.308852,-0.569820,-9.821015
1805680794,0.342371,-0.553061,-9.823410
1805681980,0.253785,-0.574608,-9.830592
1805683163,0.277727,-0.553061,-9.821015
1805684344,0.294487,-0.577003,-9.892841
1805685521,0.294487,-0.560243,-9.878476
1805686713,0.248997,-0.572214,-9.813833
1805687911,0.277727,-0.586579,-9.792285
1805689102,0.308852,-0.572214,-9.849746
1805690289,0.318429,-0.565032,-9.837775
1805691464,0.332794,-0.545878,-9.828198
1805692643,0.313640,-0.550666,-9.904813
1805693834,0.344765,-0.577003,-9.840169
1805695019,0.351948,-0.584185,-9.849746
1805696212,0.320823,-0.560243,-9.871294
1805697388,0.304064,-0.543484,-9.883265
1805698579,0.296881,-0.572214,-9.876082
1805699772,0.308852,-0.557849,-9.852140
1805700962,0.361524,-0.603339,-9.825804
1805702143,0.383072,-0.548272,-9.835381
1805703322,0.323217,-0.569820,-9.832987
1805704504,0.366313,-0.519542,-9.859323
1805705689,0.280122,-0.531513,-9.864111
1805706884,0.320823,-0.541090,-9.809045
1805708070,0.335188,-0.502782,-9.792285
1805709255,0.301669,-0.490811,-9.804255
1805710430,0.311246,-0.543484,-9.818622
1805711609,0.316035,-0.545878,-9.780313
1805712805,0.265756,-0.584185,-9.823410
1805713987,0.387861,-0.529119,-9.794679
1805715174,0.383072,-0.512359,-9.794679
1805716350,0.337582,-0.538695,-9.768343
1805717537,0.404620,-0.541090,-9.852140
1805718727,0.351948,-0.488417,-9.856929
1805719920,0.339977,-0.524330,-9.758766
1805721105,0.359130,-0.548272,-9.756371
1805722294,0.368707,-0.512359,-9.825804
1805723470,0.368707,-0.538695,-9.842564
1805724653,0.395043,-0.543484,-9.773131
1805725840,0.294487,-0.524330,-9.809045
1805727032,0.347159,-0.555455,-9.761160
1805728213,0.373495,-0.557849,-9.765948
1805729395,0.371101,-0.533907,-9.816227
1805730581,0.411803,-0.531513,-9.794679
1805731779,0.330400,-0.529119,-9.789890
1805732962,0.328006,-0.560243,-9.792285
1805734151,0.387861,-0.524330,-9.785102
1805735327,0.265756,-0.514753,-9.837775
1805736515,0.368707,-0.474052,-9.856929
1805737698,0.409408,-0.517148,-9.823410
1805738896,0.311246,-0.471658,-9.828198
1805740077,0.277727,-0.497994,-9.751583
1805741273,0.342371,-0.505177,-9.813833
1805742448,0.318429,-0.524330,-9.832987
1805743635,0.323217,-0.548272,-9.883265
1805744828,0.311246,-0.521936,-9.864111
1805746027,0.351948,-0.502782,-9.792285
1805747218,0.397437,-0.486023,-9.871294
1805748399,0.337582,-0.548272,-9.859323
1805749583,0.380678,-0.519542,-9.909601
1805750780,0.387861,-0.517148,-9.868899
1805751968,0.366313,-0.524330,-9.844957
1805753158,0.390255,-0.526724,-9.825804
1805754333,0.361524,-0.502782,-9.873688
1805755516,0.354342,-0.488417,-9.911995
1805756697,0.380678,-0.557849,-9.892841
1805757896,0.356736,-0.565032,-9.844957
1805759078,0.356736,-0.524330,-9.940725
1805760273,0.426168,-0.466869,-9.883265
1805761449,0.342371,-0.476446,-9.852140
1805762635,0.344765,-0.524330,-9.861717
1805763828,0.361524,-0.502782,-9.780313
1805765026,0.332794,-0.478840,-9.792285
1805766216,0.342371,-0.483629,-9.926360
1805767398,0.292093,-0.450110,-9.847352
1805768583,0.366313,-0.414197,-9.801862
1805769781,0.385466,-0.497994,-9.890448
1805770968,0.387861,-0.493206,-9.864111
1805772158,0.349553,-0.495600,-9.844957
1805773334,0.371101,-0.509965,-9.888053
1805774520,0.402226,-0.550666,-9.816227
1805775703,0.392649,-0.514753,-9.821015
1805776902,0.402226,-0.533907,-9.902418
1805778083,0.347159,-0.502782,-9.770737
1805779264,0.354342,-0.495600,-9.844957
1805780440,0.349553,-0.524330,-9.878476
1805781623,0.313640,-0.517148,-9.895236
1805782815,0.399832,-0.517148,-9.981427
1805784012,0.359130,-0.483629,-9.928755
1805785197,0.399832,-0.514753,-9.933543
1805786380,0.347159,-0.509965,-9.832987
1805787563,0.411803,-0.497994,-9.821015
1805788756,0.409408,-0.538695,-9.842564
1805789937,0.395043,-0.545878,-9.871294
1805791124,0.351948,-0.569820,-9.828198
1805792311,0.337582,-0.521936,-9.849746
1805793503,0.344765,-0.514753,-9.902418
1805794686,0.368707,-0.569820,-9.885659
1805795885,0.320823,-0.519542,-9.895236
1805797071,0.323217,-0.471658,-9.897630
1805798261,0.392649,-0.543484,-9.904813
1805799433,0.363919,-0.438139,-9.864111
1805800616,0.371101,-0.471658,-9.914390
1805801807,0.375890,-0.493206,-9.844957
1805802993,0.325611,-0.493206,-9.926360
1805804175,0.306458,-0.450110,-9.967062
1805805354,0.356736,-0.495600,-9.991004
1805806538,0.339977,-0.490811,-9.919178
1805807737,0.347159,-0.490811,-9.854534
1805808918,0.368707,-0.514753,-9.914390
1805810107,0.366313,-0.533907,-9.900024
1805811289,0.383072,-0.521936,-9.890448
1805812464,0.325611,-0.495600,-9.947908
1805813641,0.316035,-0.457293,-9.835381
1805814834,0.335188,-0.514753,-9.866506
1805816020,0.351948,-0.502782,-9.933543
1805817211,0.380678,-0.505177,-9.931149
1805818387,0.392649,-0.517148,-9.773131
1805819579,0.356736,-0.502782,-9.849746
1805820772,0.385466,-0.462081,-9.883265
1805821962,0.356736,-0.497994,-9.955091
1805823148,0.318429,-0.490811,-9.952697
1805824329,0.371101,-0.421380,-9.813833
1805825505,0.378284,-0.478840,-9.847352
1805826692,0.335188,-0.500388,-9.864111
1805827886,0.359130,-0.486023,-9.895236
1805829078,0.426168,-0.476446,-9.909601
1805830268,0.385466,-0.466869,-9.873688
1805831454,0.306458,-0.512359,-9.974244
1805832630,0.265756,-0.502782,-9.967062
1805833827,0.366313,-0.533907,-9.923966
1805835020,0.328006,-0.505177,-9.914390
1805836208,0.397437,-0.493206,-9.931149
1805837383,0.430956,-0.512359,-9.926360
1805838570,0.359130,-0.466869,-9.928755
1805839762,0.337582,-0.495600,-9.852140
1805840947,0.318429,-0.519542,-9.897630
1805842129,0.378284,-0.493206,-9.902418
1805843310,0.361524,-0.490811,-9.861717
1805844492,0.354342,-0.483629,-9.909601
1805845675,0.407014,-0.471658,-9.823410
1805846873,0.395043,-0.500388,-9.880871
1805848067,0.402226,-0.505177,-9.971850
1805849251,0.368707,-0.452504,-9.967062
1805850427,0.335188,-0.471658,-9.964667
1805851606,0.330400,-0.531513,-9.816227
1805852797,0.385466,-0.521936,-9.892841
1805853980,0.332794,-0.512359,-9.864111
1805855173,0.426168,-0.502782,-9.859323
1805856349,0.402226,-0.476446,-9.909601
1805857530,0.380678,-0.512359,-9.885659
1805858723,0.395043,-0.519542,-9.854534
1805859913,0.380678,-0.538695,-9.866506
1805861098,0.337582,-0.495600,-9.777920
1805862278,0.375890,-0.502782,-9.873688
1805863452,0.414197,-0.541090,-9.926360
1805864637,0.383072,-0.502782,-9.868899
1805865825,0.368707,-0.526724,-9.794679
1805867018,0.426168,-0.533907,-9.902418
1805868203,0.368707,-0.529119,-9.844957
1805869385,0.335188,-0.541090,-9.852140
1805870567,0.361524,-0.545878,-9.847352
1805871764,0.342371,-0.521936,-9.895236
1805872946,0.351948,-0.519542,-9.813833
1805874134,0.368707,-0.500388,-9.837775
1805875309,0.409408,-0.543484,-9.864111
1805876501,0.344765,-0.483629,-9.876082
1805877684,0.351948,-0.493206,-9.964667
1805878888,0.347159,-0.521936,-9.883265
1805880077,0.304064,-0.493206,-9.844957
1805881271,0.347159,-0.526724,-9.818622
1805882447,0.282516,-0.514753,-9.864111
1805883634,0.423774,-0.565032,-9.897630
1805884826,0.402226,-0.591368,-9.859323
1805886024,0.375890,-0.521936,-9.914390
1805887211,0.351948,-0.512359,-9.969456
1805888393,0.404620,-0.497994,-9.883265
1805889579,0.368707,-0.486023,-10.007763
1805890776,0.318429,-0.500388,-10.036493
1805891961,0.344765,-0.543484,-9.938332
1805893152,0.368707,-0.521936,-9.969456
1805894328,0.407014,-0.507571,-9.943120
1805895507,0.313640,-0.545878,-9.945514
1805896690,0.282516,-0.529119,-9.878476
1805897890,0.313640,-0.533907,-9.885659
1805899077,0.363919,-0.512359,-9.876082
1805900272,0.325611,-0.519542,-9.964667
1805901449,0.318429,-0.533907,-9.955091
1805902634,0.335188,-0.507571,-9.885659
1805903827,0.318429,-0.488417,-9.926360
1805905025,0.354342,-0.500388,-9.945514
1805906212,0.359130,-0.524330,-9.940725
1805907392,0.385466,-0.507571,-9.931149
1805908578,0.363919,-0.478840,-9.979033
1805909776,0.339977,-0.452504,-9.916783
1805910963,0.359130,-0.500388,-9.864111
1805912152,0.356736,-0.533907,-9.947908
1805913328,0.375890,-0.526724,-9.964667
1805914509,0.361524,-0.514753,-9.914390
1805915692,0.306458,-0.507571,-9.880871
1805916887,0.325611,-0.445322,-9.811439
1805918076,0.392649,-0.464475,-9.897630
1805919271,0.404620,-0.514753,-9.993398
1805920442,0.363919,-0.538695,-10.017340
1805921629,0.311246,-0.488417,-9.904813
1805922822,0.347159,-0.529119,-9.809045
1805924015,0.378284,-0.529119,-9.821015
1805925200,0.385466,-0.483629,-9.986216
1805926380,0.363919,-0.452504,-9.885659
1805927563,0.356736,-0.493206,-9.935937
1805928760,0.373495,-0.545878,-9.909601
1805929941,0.375890,-0.533907,-9.907207
1805931123,0.368707,-0.471658,-9.919178
1805932305,0.332794,-0.450110,-9.856929
1805933496,0.292093,-0.486023,-9.840169
1805934676,0.328006,-0.483629,-9.957485
1805935880,0.344765,-0.454898,-10.031705
1805937073,0.335188,-0.495600,-9.938332
1805938268,0.335188,-0.517148,-9.876082
1805939440,0.354342,-0.526724,-9.904813
1805940626,0.328006,-0.565032,-9.897630
1805941816,0.380678,-0.553061,-9.957485
1805943012,0.383072,-0.529119,-9.923966
1805944197,0.337582,-0.519542,-9.955091
1805945379,0.299275,-0.529119,-9.883265
1805946563,0.347159,-0.500388,-9.888053
1805947758,0.359130,-0.507571,-9.950302
1805948938,0.378284,-0.483629,-9.979033
1805950125,0.354342,-0.452504,-9.900024
1805951299,0.328006,-0.486023,-9.854534
1805952486,0.296881,-0.481235,-9.900024
1805953660,0.347159,-0.466869,-9.943120
1805954863,0.361524,-0.471658,-9.852140
1805956054,0.328006,-0.512359,-9.890448
1805957243,0.308852,-0.488417,-9.923966
1805958413,0.366313,-0.526724,-9.837775
1805959597,0.332794,-0.529119,-9.797073
1805960785,0.373495,-0.474052,-9.794679
1805961969,0.337582,-0.486023,-9.775525
1805963154,0.301669,-0.488417,-9.866506
1805964335,0.373495,-0.457293,-9.849746
1805965519,0.392649,-0.457293,-9.859323
1805966708,0.277727,-0.486023,-9.818622
1805967901,0.342371,-0.502782,-9.873688
1805969088,0.328006,-0.471658,-9.818622
1805970272,0.308852,-0.483629,-9.844957
1805971452,0.347159,-0.502782,-9.792285
1805972634,0.318429,-0.488417,-9.876082
1805973832,0.311246,-0.497994,-9.868899
1805975026,0.354342,-0.464475,-9.809045
1805976220,0.361524,-0.466869,-9.830592
1805977397,0.289698,-0.502782,-9.914390
1805978588,0.284910,-0.531513,-9.835381
1805979778,0.316035,-0.519542,-9.818622
1805980970,0.256180,-0.490811,-9.904813
1805982153,0.253785,-0.500388,-9.837775
1805983331,0.306458,-0.512359,-9.878476
1805984507,0.330400,-0.541090,-9.971850
1805985692,0.363919,-0.474052,-9.919178
1805986887,0.397437,-0.447716,-9.902418
1805988078,0.330400,-0.440533,-9.911995
1805989267,0.289698,-0.497994,-9.880871
1805990444,0.349553,-0.519542,-9.909601
1805991625,0.294487,-0.500388,-9.832987
1805992822,0.330400,-0.517148,-9.804255
1805994012,0.359130,-0.507571,-9.888053
1805995197,0.339977,-0.524330,-9.890448
1805996374,0.339977,-0.509965,-9.825804
1805997561,0.356736,-0.481235,-9.864111
1805998750,0.402226,-0.454898,-9.859323
1805999934,0.337582,-0.481235,-9.923966
1806001115,0.323217,-0.543484,-9.868899
1806002297,0.337582,-0.533907,-9.852140
1806003477,0.359130,-0.517148,-9.892841
1806004660,0.270545,-0.464475,-9.919178
1806005854,0.359130,-0.464475,-9.935937
1806007047,0.351948,-0.481235,-9.883265
1806008233,0.342371,-0.497994,-9.859323
1806009414,0.268151,-0.490811,-9.866506
1806010602,0.356736,-0.440533,-9.835381
1806011795,0.316035,-0.474052,-9.818622
1806012976,0.351948,-0.454898,-9.856929
1806014169,0.323217,-0.507571,-9.895236
1806015342,0.306458,-0.524330,-9.835381
1806016525,0.306458,-0.521936,-9.801862
1806017704,0.301669,-0.514753,-9.811439
1806018904,0.308852,-0.541090,-9.801862
1806020084,0.308852,-0.512359,-9.868899
1806021265,0.311246,-0.476446,-9.859323
1806022443,0.344765,-0.466869,-9.840169
1806023629,0.366313,-0.495600,-9.842564
1806024822,0.349553,-0.500388,-9.840169
1806026017,0.380678,-0.469264,-9.861717
1806027202,0.344765,-0.500388,-9.809045
1806028382,0.330400,-0.538695,-9.768343
1806029564,0.342371,-0.502782,-9.789890
1806030760,0.339977,-0.493206,-9.847352
1806031942,0.368707,-0.509965,-9.900024
1806033126,0.337582,-0.488417,-9.823410
1806034308,0.265756,-0.478840,-9.794679
1806035499,0.270545,-0.533907,-9.880871
1806036679,0.304064,-0.505177,-9.878476
1806037882,0.320823,-0.536301,-9.856929
1806039075,0.296881,-0.553061,-9.823410
1806040269,0.337582,-0.505177,-9.787497
1806041441,0.337582,-0.557849,-9.816227
1806042628,0.284910,-0.497994,-9.828198
1806043822,0.371101,-0.531513,-9.959879
1806045018,0.323217,-0.476446,-9.909601
1806046203,0.299275,-0.524330,-9.777920
1806047384,0.332794,-0.533907,-9.763555
1806048564,0.359130,-0.524330,-9.794679
1806049760,0.373495,-0.497994,-9.991004
1806050941,0.373495,-0.457293,-9.959879
1806052129,0.320823,-0.517148,-9.950302
1806053303,0.332794,-0.531513,-9.847352
1806054495,0.363919,-0.474052,-9.878476
1806055677,0.308852,-0.500388,-9.823410
1806056879,0.301669,-0.483629,-9.935937
1806058072,0.292093,-0.524330,-9.926360
1806059261,0.296881,-0.567426,-9.876082
1806060433,0.308852,-0.509965,-9.818622
1806061616,0.320823,-0.529119,-9.935937
1806062808,0.351948,-0.481235,-9.861717
1806063995,0.311246,-0.500388,-9.904813
1806065176,0.349553,-0.531513,-9.832987
1806066363,0.339977,-0.512359,-9.849746
1806067552,0.320823,-0.509965,-9.878476
1806068748,0.366313,-0.553061,-9.828198
1806069927,0.328006,-0.517148,-9.818622
1806071118,0.311246,-0.509965,-9.787497
1806072294,0.313640,-0.517148,-9.837775
1806073482,0.318429,-0.545878,-9.864111
1806074661,0.311246,-0.562637,-9.794679
1806075864,0.289698,-0.502782,-9.806650
1806077051,0.289698,-0.509965,-9.859323
1806078241,0.335188,-0.514753,-9.813833
1806079412,0.277727,-0.526724,-9.825804
1806080605,0.316035,-0.524330,-9.832987
1806081792,0.301669,-0.502782,-9.742006
1806082977,0.320823,-0.524330,-9.804255
1806084163,0.330400,-0.536301,-9.847352
1806085342,0.359130,-0.512359,-9.849746
1806086520,0.339977,-0.574608,-9.821015
1806087707,0.354342,-0.550666,-9.830592
1806088901,0.316035,-0.533907,-9.895236
1806090087,0.270545,-0.526724,-9.892841
1806091264,0.320823,-0.550666,-9.852140
1806092444,0.339977,-0.514753,-9.804255
1806093626,0.306458,-0.483629,-9.809045
1806094823,0.342371,-0.529119,-9.742006
1806096013,0.308852,-0.593762,-9.825804
1806097203,0.270545,-0.581791,-9.873688
1806098377,0.337582,-0.560243,-9.859323
1806099565,0.258574,-0.509965,-9.804255
1806100756,0.306458,-0.533907,-9.818622
1806101939,0.339977,-0.505177,-9.866506
1806103121,0.344765,-0.569820,-9.873688
1806104302,0.323217,-0.548272,-9.816227
1806105486,0.306458,-0.517148,-9.876082
1806106671,0.335188,-0.529119,-9.849746
1806107870,0.328006,-0.533907,-9.837775
1806109065,0.335188,-0.569820,-9.861717
1806110250,0.366313,-0.605733,-9.866506
1806111431,0.387861,-0.596156,-9.804255
1806112609,0.368707,-0.569820,-9.830592
1806113804,0.335188,-0.598550,-9.854534
1806114986,0.335188,-0.536301,-9.854534
1806116173,0.299275,-0.538695,-9.868899
1806117350,0.311246,-0.584185,-9.840169
1806118536,0.330400,-0.569820,-9.840169
1806119724,0.332794,-0.565032,-9.840169
1806120913,0.344765,-0.577003,-9.847352
1806122094,0.268151,-0.548272,-9.876082
1806123276,0.294487,-0.557849,-9.847352
1806124452,0.332794,-0.555455,-9.856929
1806125637,0.299275,-0.462081,-9.859323
1806126831,0.306458,-0.560243,-9.854534
1806128028,0.311246,-0.524330,-9.873688
1806129218,0.239420,-0.519542,-9.852140
1806130400,0.251391,-0.521936,-9.883265
1806131587,0.311246,-0.512359,-9.971850
1806132785,0.375890,-0.512359,-9.940725
1806133971,0.270545,-0.555455,-9.794679
1806135161,0.294487,-0.555455,-9.813833
1806136338,0.284910,-0.545878,-9.904813
1806137526,0.306458,-0.550666,-9.852140
1806138711,0.270545,-0.533907,-9.775525
1806139910,0.304064,-0.507571,-9.823410
1806141091,0.265756,-0.486023,-9.830592
1806142271,0.272939,-0.526724,-9.713276
1806143447,0.313640,-0.490811,-9.804255
1806144632,0.299275,-0.488417,-9.840169
1806145826,0.311246,-0.507571,-9.753978
1806147022,0.287304,-0.557849,-9.931149
1806148207,0.359130,-0.543484,-9.854534
1806149389,0.335188,-0.565032,-9.897630
1806150571,0.265756,-0.565032,-9.904813
1806151767,0.299275,-0.555455,-9.782708
1806152952,0.323217,-0.557849,-9.792285
1806154140,0.383072,-0.526724,-9.794679
1806155317,0.385466,-0.517148,-9.835381
1806156504,0.337582,-0.517148,-9.921572
1806157687,0.306458,-0.529119,-9.895236
1806158886,0.359130,-0.519542,-9.880871
1806160072,0.351948,-0.569820,-9.821015
1806161262,0.299275,-0.536301,-9.801862
1806162433,0.256180,-0.560243,-9.837775
1806163616,0.292093,-0.529119,-9.849746
1806164807,0.330400,-0.505177,-9.868899
1806165992,0.323217,-0.495600,-9.880871
1806167173,0.383072,-0.538695,-9.794679
1806168354,0.320823,-0.478840,-9.859323
1806169540,0.332794,-0.538695,-9.911995
1806170739,0.366313,-0.550666,-9.854534
1806171920,0.328006,-0.529119,-9.873688
1806173109,0.328006,-0.517148,-9.926360
1806174284,0.332794,-0.505177,-9.811439
1806175461,0.378284,-0.512359,-9.868899
1806176640,0.328006,-0.526724,-9.888053
1806177832,0.347159,-0.567426,-9.813833
1806179026,0.368707,-0.555455,-9.761160
1806180220,0.359130,-0.514753,-9.734824
1806181394,0.347159,-0.459687,-9.830592
1806182585,0.368707,-0.524330,-9.849746
1806183778,0.366313,-0.517148,-9.758766
1806184968,0.356736,-0.562637,-9.854534
1806186153,0.325611,-0.526724,-9.797073
1806187334,0.339977,-0.476446,-9.840169
1806188513,0.368707,-0.476446,-9.921572
1806189700,0.325611,-0.512359,-9.883265
1806190892,0.339977,-0.536301,-9.895236
1806192079,0.311246,-0.536301,-9.837775
1806193269,0.282516,-0.521936,-9.830592
1806194449,0.304064,-0.466869,-9.967062
1806195629,0.356736,-0.505177,-9.967062
1806196827,0.339977,-0.493206,-9.890448
1806198018,0.323217,-0.533907,-9.852140
1806199207,0.301669,-0.531513,-9.840169
1806200384,0.306458,-0.521936,-9.825804
1806201568,0.320823,-0.533907,-9.842564
1806202759,0.371101,-0.541090,-9.890448
1806203944,0.335188,-0.476446,-9.844957
1806205127,0.344765,-0.529119,-9.911995
1806206319,0.308852,-0.507571,-9.842564
1806207494,0.299275,-0.433351,-9.964667
1806208678,0.359130,-0.500388,-9.988609
1806209876,0.306458,-0.512359,-9.938332
1806211072,0.387861,-0.543484,-9.854534
1806212259,0.385466,-0.524330,-9.938332
1806213435,0.399832,-0.517148,-9.955091
1806214613,0.335188,-0.548272,-9.914390
1806215809,0.311246,-0.545878,-9.801862
1806216989,0.371101,-0.490811,-9.945514
1806218175,0.373495,-0.531513,-9.909601
1806219350,0.387861,-0.476446,-9.967062
1806220536,0.347159,-0.476446,-10.036493
1806221730,0.361524,-0.502782,-9.935937
1806222921,0.375890,-0.497994,-9.763555
1806224107,0.347159,-0.526724,-9.852140
1806225299,0.294487,-0.519542,-9.950302
1806226477,0.349553,-0.497994,-9.938332
1806227660,0.325611,-0.447716,-9.926360
1806228855,0.320823,-0.500388,-9.873688
1806230047,0.320823,-0.543484,-9.950302
1806231231,0.330400,-0.502782,-9.876082
1806232400,0.328006,-0.454898,-9.904813
1806233585,0.299275,-0.493206,-9.931149
1806234783,0.316035,-0.529119,-9.890448
1806235969,0.375890,-0.481235,-9.856929
1806237159,0.375890,-0.526724,-9.830592
1806238335,0.383072,-0.514753,-9.900024
1806239521,0.383072,-0.505177,-9.979033
1806240703,0.313640,-0.543484,-9.938332
1806241902,0.313640,-0.536301,-9.950302
1806243081,0.359130,-0.450110,-9.868899
1806244262,0.342371,-0.478840,-9.787497
1806245439,0.335188,-0.488417,-9.871294
1806246625,0.342371,-0.526724,-9.955091
1806247817,0.399832,-0.500388,-9.897630
1806249012,0.328006,-0.430956,-9.914390
1806250192,0.363919,-0.445322,-9.971850
1806251374,0.387861,-0.512359,-9.916783
1806252558,0.368707,-0.476446,-9.890448
1806253750,0.407014,-0.488417,-9.821015
1806254931,0.404620,-0.550666,-9.914390
1806256121,0.380678,-0.476446,-9.849746
1806257302,0.328006,-0.486023,-9.809045
1806258488,0.320823,-0.474052,-9.861717
1806259668,0.363919,-0.445322,-9.933543
1806260871,0.402226,-0.442927,-9.914390
1806262062,0.385466,-0.478840,-9.878476
1806263252,0.349553,-0.514753,-9.911995
1806264425,0.390255,-0.464475,-9.911995
1806265608,0.347159,-0.488417,-9.866506
1806266796,0.387861,-0.471658,-9.842564
1806267984,0.399832,-0.495600,-9.909601
1806269162,0.411803,-0.524330,-9.911995
1806270343,0.373495,-0.500388,-9.959879
1806271525,0.380678,-0.474052,-9.897630
1806272709,0.404620,-0.459687,-9.837775
1806273903,0.411803,-0.476446,-9.859323
1806275090,0.416591,-0.471658,-9.832987
1806276267,0.387861,-0.495600,-9.880871
1806277451,0.380678,-0.521936,-9.907207
1806278631,0.361524,-0.531513,-9.911995
1806279830,0.392649,-0.541090,-9.902418
1806281022,0.371101,-0.550666,-9.890448
1806282211,0.416591,-0.457293,-9.880871
1806283385,0.380678,-0.471658,-9.828198
1806284570,0.356736,-0.466869,-9.864111
1806285763,0.347159,-0.464475,-9.873688
1806286953,0.375890,-0.466869,-9.876082
1806288132,0.387861,-0.440533,-9.876082
1806289313,0.375890,-0.466869,-9.885659
1806290495,0.359130,-0.507571,-9.868899
1806291680,0.316035,-0.495600,-9.921572
1806292879,0.371101,-0.529119,-9.892841
1806294071,0.380678,-0.502782,-9.847352
1806295256,0.330400,-0.474052,-9.907207
1806296430,0.311246,-0.493206,-9.856929
1806297609,0.397437,-0.478840,-9.813833
1806298801,0.385466,-0.471658,-9.823410
1806299981,0.380678,-0.495600,-9.888053
1806301171,0.457293,-0.486023,-9.981427
1806302344,0.354342,-0.493206,-9.950302
1806303531,0.349553,-0.514753,-9.892841
1806304724,0.287304,-0.493206,-9.854534
1806305914,0.318429,-0.502782,-9.902418
1806307095,0.330400,-0.550666,-9.911995
1806308274,0.361524,-0.512359,-9.952697
1806309450,0.395043,-0.462081,-9.933543
1806310636,0.339977,-0.478840,-9.876082
1806311829,0.368707,-0.507571,-9.919178
1806313026,0.335188,-0.555455,-9.974244
1806314214,0.366313,-0.512359,-9.911995
1806315396,0.342371,-0.502782,-9.849746
1806316583,0.361524,-0.486023,-9.883265
1806317781,0.354342,-0.452504,-9.916783
1806318968,0.397437,-0.483629,-9.933543
1806320159,0.414197,-0.445322,-9.892841
1806321336,0.351948,-0.490811,-9.868899
1806322518,0.392649,-0.524330,-9.900024
1806323700,0.395043,-0.500388,-9.876082
1806324897,0.430956,-0.462081,-9.751583
1806326079,0.414197,-0.488417,-9.801862
1806327274,0.363919,-0.502782,-9.864111
1806328454,0.366313,-0.517148,-9.880871
1806329640,0.385466,-0.531513,-9.919178
1806330829,0.409408,-0.500388,-9.921572
1806332023,0.418985,-0.531513,-9.859323
1806333206,0.359130,-0.529119,-9.876082
1806334387,0.373495,-0.531513,-9.923966
1806335571,0.375890,-0.497994,-9.914390
1806336767,0.368707,-0.481235,-9.832987
1806337949,0.359130,-0.469264,-9.835381
1806339136,0.323217,-0.500388,-9.967062
1806340311,0.299275,-0.481235,-9.933543
1806341503,0.426168,-0.509965,-9.888053
1806342686,0.371101,-0.514753,-9.940725
1806343889,0.347159,-0.565032,-9.940725
1806345076,0.344765,-0.512359,-9.957485
1806346272,0.344765,-0.502782,-9.888053
1806347444,0.330400,-0.500388,-9.892841
1806348627,0.356736,-0.495600,-9.914390
1806349816,0.363919,-0.418985,-9.868899
1806351013,0.328006,-0.421380,-9.974244
1806352194,0.344765,-0.548272,-9.979033
1806353375,0.359130,-0.497994,-9.911995
1806354559,0.359130,-0.488417,-9.861717
1806355750,0.339977,-0.517148,-9.947908
1806356933,0.373495,-0.507571,-10.010158
1806358124,0.356736,-0.512359,-9.964667
1806359311,0.366313,-0.533907,-9.900024
1806360500,0.349553,-0.562637,-9.890448
1806361683,0.299275,-0.545878,-9.926360
1806362888,0.361524,-0.584185,-9.933543
1806364075,0.390255,-0.488417,-9.821015
1806365264,0.320823,-0.430956,-9.868899
1806366436,0.351948,-0.476446,-9.866506
1806367619,0.325611,-0.502782,-9.900024
1806368808,0.289698,-0.486023,-9.902418
1806369994,0.287304,-0.502782,-9.797073
1806371175,0.299275,-0.493206,-9.900024
1806372354,0.289698,-0.521936,-9.840169
1806373532,0.306458,-0.476446,-9.849746
1806374729,0.368707,-0.476446,-9.849746
1806375915,0.332794,-0.505177,-9.823410
1806377098,0.313640,-0.466869,-9.854534
1806378285,0.375890,-0.488417,-9.821015
1806379460,0.347159,-0.469264,-9.844957
1806380638,0.335188,-0.488417,-9.914390
1806381836,0.323217,-0.524330,-9.923966
1806383023,0.356736,-0.512359,-9.911995
1806384214,0.361524,-0.548272,-9.907207
1806385390,0.359130,-0.526724,-9.885659
1806386581,0.313640,-0.512359,-9.804255
1806387774,0.385466,-0.488417,-9.854534
1806388965,0.402226,-0.517148,-9.854534
1806390150,0.335188,-0.495600,-9.818622
1806391331,0.390255,-0.490811,-9.821015
1806392505,0.339977,-0.509965,-9.866506
1806393692,0.359130,-0.495600,-9.895236
1806394885,0.316035,-0.478840,-9.868899
1806396076,0.335188,-0.521936,-9.923966
1806397267,0.354342,-0.557849,-9.852140
1806398451,0.308852,-0.538695,-9.938332
1806399634,0.320823,-0.529119,-9.892841
1806400832,0.328006,-0.531513,-9.883265
1806402024,0.287304,-0.560243,-9.904813
1806403210,0.349553,-0.466869,-9.878476
1806404388,0.304064,-0.512359,-9.959879
1806405575,0.313640,-0.512359,-9.904813
1806406766,0.354342,-0.500388,-9.902418
1806407955,0.320823,-0.545878,-9.816227
1806409137,0.375890,-0.553061,-9.878476
1806410318,0.366313,-0.548272,-9.919178
1806411495,0.296881,-0.538695,-9.873688
1806412682,0.270545,-0.517148,-9.809045
1806413880,0.330400,-0.521936,-9.878476
1806415076,0.323217,-0.533907,-9.914390
1806416266,0.328006,-0.526724,-9.732430
1806417441,0.311246,-0.562637,-9.856929
1806418624,0.280122,-0.517148,-9.854534
1806419820,0.308852,-0.478840,-9.967062
1806421004,0.282516,-0.519542,-9.885659
1806422191,0.318429,-0.545878,-9.789890
1806423369,0.397437,-0.505177,-9.888053
1806424556,0.328006,-0.548272,-9.825804
1806425748,0.306458,-0.562637,-9.868899
1806426935,0.337582,-0.493206,-9.880871
1806428114,0.339977,-0.531513,-9.832987
1806429306,0.282516,-0.478840,-9.813833
1806430493,0.330400,-0.531513,-9.813833
1806431678,0.366313,-0.533907,-9.835381
1806432878,0.320823,-0.545878,-9.837775
1806434074,0.294487,-0.502782,-9.830592
1806435258,0.296881,-0.536301,-9.878476
1806436435,0.287304,-0.548272,-9.885659
1806437614,0.265756,-0.536301,-9.907207
1806438809,0.229843,-0.514753,-9.837775
1806439991,0.299275,-0.579397,-9.830592
1806441178,0.260968,-0.517148,-9.902418
1806442353,0.299275,-0.514753,-9.888053
1806443542,0.304064,-0.541090,-9.866506
1806444734,0.292093,-0.524330,-9.813833
1806445925,0.287304,-0.538695,-9.842564
1806447108,0.330400,-0.476446,-9.849746
1806448298,0.323217,-0.514753,-9.801862
1806449476,0.320823,-0.517148,-9.821015
1806450659,0.287304,-0.543484,-9.811439
1806451853,0.287304,-0.526724,-9.911995
1806453046,0.347159,-0.517148,-9.962274
1806454232,0.313640,-0.529119,-9.888053
1806455403,0.363919,-0.562637,-9.866506
1806456590,0.359130,-0.541090,-9.821015
1806457786,0.330400,-0.543484,-9.861717
1806458971,0.323217,-0.490811,-9.859323
1806460161,0.347159,-0.550666,-9.902418
1806461333,0.294487,-0.521936,-9.914390
1806462514,0.268151,-0.533907,-9.832987
1806463697,0.335188,-0.565032,-9.890448
1806464893,0.296881,-0.541090,-9.911995
1806466077,0.320823,-0.524330,-9.878476
1806467272,0.344765,-0.521936,-9.801862
1806468444,0.292093,-0.512359,-9.866506
1806469629,0.284910,-0.538695,-9.828198
1806470823,0.325611,-0.536301,-9.880871
1806472018,0.356736,-0.514753,-9.861717
1806473204,0.392649,-0.497994,-9.868899
1806474387,0.308852,-0.533907,-9.708488
1806475569,0.328006,-0.538695,-9.641450
1806476764,0.304064,-0.497994,-9.832987
1806477945,0.270545,-0.526724,-9.897630
1806479131,0.289698,-0.557849,-9.890448
1806480308,0.320823,-0.517148,-9.878476
1806481494,0.275333,-0.569820,-9.856929
1806482676,0.351948,-0.533907,-9.837775
1806483880,0.296881,-0.521936,-9.847352
1806485074,0.320823,-0.466869,-9.921572
1806486264,0.339977,-0.521936,-9.746795
1806487437,0.337582,-0.529119,-9.804255
1806488620,0.306458,-0.543484,-9.871294
1806489811,0.265756,-0.478840,-9.773131
1806490998,0.260968,-0.493206,-9.823410
1806492176,0.332794,-0.507571,-9.888053
1806493356,0.301669,-0.495600,-9.804255
1806494532,0.339977,-0.514753,-9.818622
1806495730,0.323217,-0.536301,-9.818622
1806496916,0.311246,-0.526724,-9.861717
1806498107,0.344765,-0.553061,-9.852140
1806499288,0.318429,-0.493206,-9.895236
1806500475,0.316035,-0.517148,-9.856929
1806501653,0.270545,-0.502782,-9.816227
1806502851,0.284910,-0.526724,-9.806650
1806504038,0.277727,-0.593762,-9.864111
1806505229,0.301669,-0.591368,-9.832987
1806506409,0.301669,-0.514753,-9.844957
1806507602,0.335188,-0.490811,-9.890448
1806508790,0.344765,-0.553061,-9.871294
1806509975,0.339977,-0.490811,-9.852140
1806511159,0.325611,-0.524330,-9.907207
1806512339,0.366313,-0.486023,-9.856929
1806513517,0.399832,-0.517148,-9.818622
1806514706,0.399832,-0.567426,-9.799467
1806515902,0.356736,-0.560243,-9.821015
1806517088,0.351948,-0.517148,-9.835381
1806518274,0.359130,-0.490811,-9.895236
1806519453,0.308852,-0.495600,-9.888053
1806520632,0.347159,-0.533907,-9.902418
1806521830,0.359130,-0.526724,-9.828198
1806523023,0.282516,-0.505177,-9.811439
1806524210,0.296881,-0.531513,-9.844957
1806525388,0.304064,-0.483629,-9.854534
1806526576,0.342371,-0.512359,-9.849746
1806527768,0.359130,-0.538695,-9.777920
1806528957,0.335188,-0.536301,-9.768343
1806530139,0.342371,-0.519542,-9.864111
1806531321,0.351948,-0.512359,-9.892841
1806532504,0.356736,-0.536301,-9.840169
1806533691,0.332794,-0.600945,-9.902418
1806534884,0.356736,-0.555455,-9.900024
1806536078,0.311246,-0.459687,-9.852140
1806537269,0.339977,-0.423774,-9.890448
1806538446,0.313640,-0.507571,-9.806650
1806539619,0.337582,-0.553061,-9.859323
1806540816,0.395043,-0.497994,-9.883265
1806541998,0.347159,-0.519542,-9.828198
1806543185,0.337582,-0.481235,-9.866506
1806544356,0.306458,-0.509965,-9.876082
1806545546,0.308852,-0.507571,-9.923966
1806546740,0.335188,-0.519542,-9.861717
1806547928,0.313640,-0.529119,-9.823410
1806549112,0.299275,-0.543484,-9.878476
1806550302,0.349553,-0.533907,-9.866506
1806551480,0.339977,-0.495600,-9.914390
1806552661,0.282516,-0.490811,-9.825804
1806553855,0.323217,-0.541090,-9.818622
1806555047,0.385466,-0.524330,-9.816227
1806556233,0.378284,-0.509965,-9.780313
1806557404,0.416591,-0.536301,-9.828198
1806558590,0.368707,-0.543484,-9.911995
1806559788,0.306458,-0.488417,-9.847352
1806560969,0.292093,-0.533907,-9.830592
1806562158,0.308852,-0.514753,-9.780313
1806563333,0.347159,-0.519542,-9.873688
1806564515,0.347159,-0.524330,-9.809045
1806565697,0.325611,-0.505177,-9.823410
1806566896,0.270545,-0.493206,-9.847352
1806568077,0.354342,-0.481235,-9.909601
1806569272,0.280122,-0.519542,-9.849746
1806570444,0.263362,-0.514753,-9.921572
1806571631,0.366313,-0.565032,-9.811439
1806572824,0.383072,-0.500388,-9.792285
1806574019,0.356736,-0.469264,-9.816227
1806575205,0.313640,-0.502782,-9.847352
1806576383,0.349553,-0.567426,-9.811439
1806577567,0.304064,-0.490811,-9.871294
1806578762,0.342371,-0.502782,-9.883265
1806579944,0.270545,-0.545878,-9.890448
1806581130,0.339977,-0.538695,-9.842564
1806582318,0.339977,-0.507571,-9.854534
1806583499,0.328006,-0.531513,-9.821015
1806584679,0.306458,-0.538695,-9.811439
1806585883,0.318429,-0.476446,-9.828198
1806587077,0.380678,-0.493206,-9.780313
1806588271,0.402226,-0.526724,-9.806650
1806589450,0.318429,-0.495600,-9.868899
1806595520,0.373495,-0.488417,-9.933543
1806596704,0.428562,-0.488417,-9.928755
1806597904,0.349553,-0.507571,-9.921572
1806599086,0.328006,-0.486023,-9.923966
1806600267,0.313640,-0.526724,-9.859323
1806601444,0.332794,-0.490811,-9.849746
1806602627,0.371101,-0.521936,-9.873688
1806603819,0.380678,-0.495600,-9.837775
1806605014,0.330400,-0.507571,-9.926360
1806606193,0.308852,-0.584185,-9.895236
1806607375,0.318429,-0.524330,-9.844957
1806608558,0.311246,-0.569820,-9.895236
1806609751,0.260968,-0.543484,-9.933543
1806610933,0.299275,-0.507571,-9.864111
1806612125,0.347159,-0.514753,-9.794679
1806613302,0.344765,-0.505177,-9.837775
1806614493,0.349553,-0.490811,-9.847352
1806615675,0.330400,-0.464475,-9.816227
1806616870,0.330400,-0.457293,-9.852140
1806618060,0.375890,-0.531513,-9.919178
1806619250,0.354342,-0.509965,-9.840169
1806620420,0.371101,-0.454898,-9.852140
1806621602,0.351948,-0.478840,-9.876082
1806622790,0.383072,-0.466869,-9.892841
1806623975,0.390255,-0.502782,-9.940725
1806625159,0.368707,-0.502782,-9.900024
1806626337,0.296881,-0.509965,-9.919178
1806627516,0.335188,-0.524330,-9.947908
1806628703,0.356736,-0.562637,-9.873688
1806629898,0.308852,-0.490811,-10.000581
1806631080,0.335188,-0.505177,-9.883265
1806632271,0.332794,-0.526724,-9.878476
1806633456,0.335188,-0.550666,-9.888053
1806634637,0.284910,-0.526724,-9.868899
1806635835,0.328006,-0.514753,-9.816227
1806637028,0.375890,-0.495600,-9.847352
1806638216,0.325611,-0.471658,-9.840169
1806639393,0.306458,-0.538695,-9.785102
1806640584,0.395043,-0.505177,-9.804255
1806641776,0.289698,-0.486023,-9.794679
1806642966,0.296881,-0.466869,-9.883265
1806644152,0.380678,-0.476446,-9.907207
1806645332,0.354342,-0.481235,-9.911995
1806646516,0.299275,-0.495600,-9.840169
1806647702,0.368707,-0.474052,-9.844957
1806648896,0.292093,-0.521936,-9.871294
1806650083,0.284910,-0.509965,-9.864111
1806651260,0.299275,-0.500388,-9.878476
1806652441,0.368707,-0.541090,-9.900024
1806653616,0.323217,-0.505177,-9.928755
1806654809,0.380678,-0.555455,-9.897630
1806655988,0.375890,-0.541090,-10.002975
1806657171,0.351948,-0.481235,-9.859323
1806658348,0.366313,-0.478840,-9.768343
1806659531,0.351948,-0.464475,-9.859323
1806660724,0.356736,-0.509965,-9.916783
1806661914,0.354342,-0.483629,-9.847352
1806663100,0.337582,-0.507571,-9.876082
1806664292,0.332794,-0.497994,-9.928755
1806665463,0.337582,-0.466869,-9.880871
1806666646,0.299275,-0.435745,-9.909601
1806667833,0.335188,-0.495600,-9.866506
1806669030,0.304064,-0.464475,-9.895236
1806670220,0.342371,-0.469264,-9.847352
1806671402,0.375890,-0.471658,-9.809045
1806672588,0.373495,-0.495600,-9.868899
1806673782,0.378284,-0.519542,-9.852140
1806674969,0.395043,-0.526724,-9.876082
1806676159,0.347159,-0.488417,-9.897630
1806677335,0.323217,-0.490811,-9.935937
1806678523,0.368707,-0.514753,-9.883265
1806679706,0.375890,-0.545878,-9.897630
1806680905,0.368707,-0.526724,-9.873688
1806682087,0.356736,-0.538695,-9.859323
1806683278,0.359130,-0.519542,-9.859323
1806684453,0.375890,-0.526724,-9.895236
1806685639,0.354342,-0.500388,-9.943120
1806686832,0.356736,-0.524330,-9.926360
1806688029,0.356736,-0.529119,-9.957485
1806689220,0.318429,-0.505177,-9.962274
1806690402,0.366313,-0.550666,-9.926360
1806691588,0.323217,-0.521936,-9.923966
1806692786,0.294487,-0.531513,-9.926360
1806693973,0.304064,-0.521936,-9.854534
1806695163,0.339977,-0.471658,-9.840169
1806696339,0.277727,-0.493206,-9.859323
1806697519,0.342371,-0.490811,-9.868899
1806698703,0.361524,-0.526724,-9.904813
1806699902,0.328006,-0.560243,-9.911995
1806701082,0.330400,-0.555455,-9.900024
1806702274,0.366313,-0.529119,-9.928755
1806703455,0.395043,-0.514753,-9.928755
1806704641,0.335188,-0.483629,-9.871294
1806705830,0.428562,-0.450110,-9.931149
1806707026,0.430956,-0.507571,-9.880871
1806708211,0.347159,-0.507571,-9.852140
1806709393,0.337582,-0.428562,-9.897630
1806710576,0.371101,-0.481235,-9.892841
1806711772,0.349553,-0.500388,-9.859323
1806712957,0.363919,-0.524330,-9.873688
1806714144,0.332794,-0.512359,-9.816227
1806715321,0.306458,-0.536301,-9.832987
1806716502,0.323217,-0.608127,-9.842564
1806717685,0.373495,-0.565032,-10.022128
1806718889,0.392649,-0.509965,-9.938332
1806720076,0.397437,-0.541090,-9.868899
1806721265,0.395043,-0.526724,-9.828198
1806722437,0.351948,-0.500388,-9.818622
1806723619,0.339977,-0.524330,-9.823410
1806724810,0.339977,-0.481235,-9.935937
1806725997,0.330400,-0.478840,-9.967062
1806727177,0.351948,-0.521936,-9.847352
1806728358,0.378284,-0.517148,-9.928755
1806729540,0.373495,-0.514753,-9.864111
1806730739,0.375890,-0.514753,-9.926360
1806731919,0.371101,-0.493206,-9.976639
1806733108,0.378284,-0.459687,-9.897630
1806734285,0.390255,-0.464475,-9.914390
1806735464,0.383072,-0.474052,-9.947908
1806736641,0.368707,-0.488417,-9.864111
1806737834,0.380678,-0.469264,-9.890448
1806739027,0.308852,-0.514753,-9.892841
1806740214,0.342371,-0.488417,-9.914390
1806741391,0.380678,-0.514753,-9.859323
1806742582,0.363919,-0.548272,-9.974244
1806743776,0.354342,-0.541090,-9.904813
1806744965,0.337582,-0.509965,-9.945514
1806746151,0.349553,-0.452504,-9.955091
1806747331,0.375890,-0.447716,-9.892841
1806748508,0.349553,-0.545878,-9.914390
1806749696,0.351948,-0.514753,-9.940725
1806750890,0.320823,-0.507571,-9.943120
1806752078,0.337582,-0.497994,-9.907207
1806753268,0.411803,-0.452504,-9.876082
1806754444,0.363919,-0.502782,-9.823410
1806755621,0.387861,-0.493206,-9.859323
1806756818,0.332794,-0.495600,-9.849746
1806757996,0.294487,-0.514753,-9.902418
1806759183,0.332794,-0.486023,-9.864111
1806760354,0.363919,-0.538695,-9.947908
1806761540,0.387861,-0.524330,-9.902418
1806762734,0.366313,-0.457293,-9.914390
1806763925,0.359130,-0.488417,-9.878476
1806765110,0.344765,-0.478840,-9.873688
1806766291,0.335188,-0.493206,-9.897630
1806767472,0.332794,-0.452504,-9.861717
1806768655,0.387861,-0.481235,-9.864111
1806769850,0.380678,-0.466869,-9.792285
1806771043,0.392649,-0.423774,-9.811439
1806772229,0.399832,-0.450110,-9.837775
1806773413,0.356736,-0.553061,-9.935937
1806774601,0.385466,-0.536301,-9.859323
1806775794,0.407014,-0.469264,-9.909601
1806776975,0.366313,-0.438139,-9.943120
1806778165,0.339977,-0.483629,-9.844957
1806779340,0.395043,-0.521936,-9.868899
1806780528,0.375890,-0.462081,-9.945514
1806781721,0.361524,-0.493206,-9.945514
1806782911,0.397437,-0.488417,-9.866506
1806784093,0.332794,-0.512359,-9.935937
1806785285,0.332794,-0.545878,-9.931149
1806786456,0.337582,-0.488417,-9.832987
1806787635,0.402226,-0.464475,-9.895236
1806788829,0.351948,-0.519542,-9.904813
1806790024,0.363919,-0.512359,-9.919178
1806791210,0.347159,-0.509965,-9.926360
1806792391,0.375890,-0.478840,-9.911995
1806793573,0.354342,-0.474052,-9.947908
1806794769,0.339977,-0.507571,-9.916783
1806795955,0.335188,-0.466869,-9.897630
1806797141,0.316035,-0.402226,-9.888053
1806798317,0.311246,-0.483629,-9.866506
1806799508,0.308852,-0.529119,-9.780313
1806800687,0.339977,-0.555455,-9.789890
1806801891,0.320823,-0.509965,-9.821015
1806803076,0.380678,-0.488417,-9.825804
1806804266,0.359130,-0.493206,-9.888053
1806805442,0.344765,-0.502782,-9.866506
1806806627,0.330400,-0.469264,-9.821015
1806807814,0.361524,-0.466869,-9.909601
1806809000,0.349553,-0.435745,-9.868899
1806810180,0.387861,-0.450110,-9.876082
1806811359,0.328006,-0.507571,-9.799467
1806812540,0.335188,-0.500388,-9.916783
1806813738,0.349553,-0.483629,-9.921572
1806814923,0.371101,-0.486023,-9.816227
1806816112,0.363919,-0.471658,-9.979033
1806817300,0.332794,-0.478840,-9.904813
1806818482,0.363919,-0.543484,-9.921572
1806819661,0.342371,-0.521936,-9.849746
1806820864,0.347159,-0.462081,-9.758766
1806822053,0.354342,-0.466869,-9.868899
1806823244,0.325611,-0.493206,-9.823410
1806824413,0.385466,-0.478840,-9.871294
1806825606,0.347159,-0.490811,-9.904813
1806826794,0.294487,-0.543484,-9.873688
1806827981,0.342371,-0.490811,-9.876082
1806829168,0.330400,-0.526724,-9.811439
1806830347,0.304064,-0.548272,-9.751583
1806831525,0.301669,-0.553061,-9.780313
1806832721,0.371101,-0.526724,-9.761160
1806833906,0.397437,-0.514753,-9.859323
1806835093,0.311246,-0.488417,-9.928755
1806836271,0.282516,-0.521936,-9.859323
1806837451,0.366313,-0.521936,-9.844957
1806838634,0.339977,-0.502782,-9.813833
1806839831,0.399832,-0.507571,-9.864111
1806841025,0.306458,-0.524330,-9.921572
1806842211,0.356736,-0.529119,-9.861717
1806843389,0.328006,-0.481235,-9.868899
1806844576,0.320823,-0.502782,-9.914390
1806845767,0.320823,-0.548272,-9.849746
1806846957,0.354342,-0.488417,-9.897630
1806848139,0.378284,-0.519542,-9.933543
1806849321,0.318429,-0.560243,-9.830592
1806850497,0.347159,-0.524330,-9.907207
1806851682,0.325611,-0.548272,-9.868899
1806852882,0.318429,-0.497994,-9.816227
1806854078,0.351948,-0.500388,-9.873688
1806855269,0.361524,-0.500388,-9.923966
1806856444,0.325611,-0.543484,-9.971850
1806857626,0.335188,-0.541090,-9.926360
1806858821,0.371101,-0.495600,-9.844957
1806860011,0.339977,-0.502782,-9.868899
1806861201,0.347159,-0.478840,-9.832987
1806862378,0.318429,-0.524330,-9.876082
1806863565,0.299275,-0.490811,-9.876082
1806864753,0.347159,-0.531513,-9.928755
1806865941,0.313640,-0.596156,-9.768343
1806867123,0.383072,-0.541090,-9.801862
1806868302,0.375890,-0.560243,-9.900024
1806869482,0.387861,-0.538695,-9.928755
1806870666,0.356736,-0.531513,-9.876082
1806871864,0.296881,-0.493206,-9.897630
1806873056,0.311246,-0.514753,-9.847352
1806874242,0.275333,-0.526724,-9.797073
1806875422,0.318429,-0.584185,-9.804255
1806876601,0.325611,-0.598550,-9.801862
1806877793,0.347159,-0.538695,-9.816227
1806878975,0.351948,-0.536301,-9.816227
1806880163,0.323217,-0.495600,-9.792285
1806881335,0.284910,-0.500388,-9.878476
1806882515,0.292093,-0.541090,-9.804255
1806883696,0.275333,-0.531513,-9.799467
1806884896,0.299275,-0.569820,-9.777920
1806886077,0.294487,-0.538695,-9.842564
1806887272,0.282516,-0.521936,-9.883265
1806888445,0.313640,-0.555455,-9.883265
1806889632,0.316035,-0.574608,-9.837775
1806890824,0.375890,-0.569820,-9.811439
1806892020,0.308852,-0.536301,-9.931149
1806893205,0.304064,-0.541090,-9.832987
1806894384,0.320823,-0.526724,-9.746795
1806895565,0.308852,-0.524330,-9.713276
1806896760,0.356736,-0.541090,-9.718064
1806897941,0.287304,-0.526724,-9.753978
1806899128,0.337582,-0.524330,-9.856929
1806900304,0.349553,-0.497994,-9.835381
1806901496,0.354342,-0.521936,-9.789890
1806902677,0.253785,-0.550666,-9.864111
1806903881,0.320823,-0.538695,-9.849746
1806905075,0.260968,-0.512359,-9.813833
1806906264,0.294487,-0.423774,-9.883265
1806907442,0.325611,-0.476446,-9.837775
1806908629,0.335188,-0.536301,-9.816227
1806909820,0.351948,-0.507571,-9.806650
1806911012,0.371101,-0.529119,-9.871294
1806912194,0.332794,-0.596156,-9.811439
1806913377,0.342371,-0.557849,-9.835381
1806914561,0.292093,-0.509965,-9.782708
1806915753,0.253785,-0.545878,-9.753978
1806916933,0.316035,-0.545878,-9.765948
1806918125,0.323217,-0.519542,-9.830592
1806919298,0.351948,-0.514753,-9.840169
1806920486,0.308852,-0.505177,-9.849746
1806921663,0.359130,-0.507571,-9.883265
1806922867,0.383072,-0.497994,-9.844957
1806924059,0.320823,-0.557849,-9.775525
1806925249,0.277727,-0.531513,-9.679757
1806926420,0.287304,-0.536301,-9.864111
1806927602,0.308852,-0.529119,-9.873688
1806928791,0.328006,-0.478840,-9.871294
1806929974,0.359130,-0.536301,-9.859323
1806931159,0.349553,-0.526724,-9.830592
1806932340,0.299275,-0.529119,-9.830592
1806933518,0.289698,-0.531513,-9.873688
1806934704,0.258574,-0.541090,-9.907207
1806935897,0.335188,-0.536301,-9.921572
1806937084,0.292093,-0.560243,-9.801862
1806938273,0.328006,-0.617704,-9.830592
1806939456,0.356736,-0.519542,-9.868899
1806940638,0.292093,-0.509965,-9.842564
1806941836,0.323217,-0.507571,-9.900024
1806943027,0.304064,-0.543484,-9.844957
1806944213,0.335188,-0.531513,-9.859323
1806945391,0.323217,-0.545878,-9.809045
1806946578,0.282516,-0.538695,-9.809045
1806947769,0.294487,-0.505177,-9.794679
1806948959,0.296881,-0.521936,-9.825804
1806950141,0.325611,-0.533907,-9.933543
1806951323,0.306458,-0.531513,-9.854534
1806952501,0.313640,-0.555455,-9.844957
1806953689,0.294487,-0.519542,-9.797073
1806954889,0.306458,-0.514753,-9.811439
1806956078,0.306458,-0.507571,-9.840169
1806957268,0.316035,-0.538695,-9.940725
1806958444,0.330400,-0.555455,-9.933543
1806959618,0.344765,-0.538695,-9.852140
1806960812,0.356736,-0.502782,-9.842564
1806961994,0.325611,-0.507571,-9.844957
1806963180,0.349553,-0.543484,-9.811439
1806964357,0.347159,-0.541090,-9.835381
1806965540,0.306458,-0.495600,-9.780313
1806966731,0.275333,-0.529119,-9.878476
1806967920,0.323217,-0.529119,-9.902418
1806969104,0.325611,-0.514753,-9.873688
1806970297,0.313640,-0.514753,-9.837775
1806971474,0.337582,-0.464475,-9.840169
1806972656,0.349553,-0.474052,-9.892841
1806973851,0.356736,-0.459687,-9.921572
1806975044,0.375890,-0.519542,-9.801862
1806976229,0.311246,-0.555455,-9.789890
1806977414,0.335188,-0.529119,-9.921572
1806978603,0.356736,-0.519542,-9.885659
1806979797,0.356736,-0.519542,-9.823410
1806980979,0.325611,-0.507571,-9.859323
1806982170,0.299275,-0.502782,-9.806650
1806983345,0.292093,-0.490811,-9.876082
1806984527,0.363919,-0.533907,-9.780313
1806985710,0.339977,-0.495600,-9.806650
1806986907,0.332794,-0.521936,-9.861717
1806988090,0.347159,-0.526724,-9.849746
1806989272,0.344765,-0.553061,-9.780313
1806990443,0.301669,-0.521936,-9.909601
1806991628,0.330400,-0.524330,-9.868899
1806992817,0.349553,-0.524330,-9.892841
1806994014,0.351948,-0.514753,-9.840169
1806995199,0.356736,-0.462081,-9.933543
1806996381,0.328006,-0.538695,-9.876082
1806997563,0.342371,-0.550666,-9.885659
1806998759,0.258574,-0.541090,-9.883265
1806999941,0.306458,-0.512359,-9.868899
1807001127,0.368707,-0.550666,-9.931149
1807002314,0.351948,-0.548272,-9.926360
1807003504,0.328006,-0.541090,-9.921572
1807004686,0.330400,-0.500388,-9.890448
1807005886,0.363919,-0.493206,-9.892841
1807007077,0.335188,-0.502782,-9.945514
1807008272,0.354342,-0.526724,-9.911995
1807009454,0.361524,-0.521936,-9.911995
1807010637,0.368707,-0.483629,-9.873688
1807011831,0.339977,-0.450110,-9.861717
1807013026,0.332794,-0.457293,-9.847352
1807014212,0.308852,-0.550666,-9.919178
1807015391,0.339977,-0.476446,-9.904813
1807016574,0.332794,-0.502782,-9.813833
1807017770,0.351948,-0.474052,-9.871294
1807018956,0.351948,-0.493206,-9.897630
1807020142,0.270545,-0.524330,-9.890448
1807021317,0.287304,-0.529119,-9.856929
1807022508,0.368707,-0.452504,-9.883265
1807023691,0.399832,-0.483629,-9.892841
1807024891,0.399832,-0.490811,-9.794679
1807026077,0.330400,-0.517148,-9.868899
1807027266,0.438139,-0.526724,-9.844957
1807028438,0.354342,-0.474052,-9.868899
1807029621,0.339977,-0.478840,-9.854534
1807030813,0.378284,-0.533907,-9.847352
1807032000,0.318429,-0.541090,-9.823410
1807033181,0.349553,-0.512359,-9.763555
1807034368,0.344765,-0.447716,-9.816227
1807035547,0.318429,-0.459687,-9.849746
1807036747,0.337582,-0.462081,-9.830592
1807037929,0.404620,-0.481235,-9.921572
1807039115,0.354342,-0.509965,-9.897630
1807040291,0.268151,-0.529119,-9.821015
1807041479,0.325611,-0.497994,-9.837775
1807042655,0.318429,-0.505177,-9.811439
1807043854,0.385466,-0.454898,-9.844957
1807045043,0.366313,-0.495600,-9.919178
1807046233,0.344765,-0.517148,-9.911995
1807047400,0.349553,-0.519542,-9.878476
1807048592,0.342371,-0.514753,-9.931149
1807049786,0.371101,-0.517148,-9.955091
1807050975,0.351948,-0.490811,-9.926360
1807052157,0.363919,-0.452504,-9.911995
1807053338,0.378284,-0.493206,-9.938332
1807054514,0.368707,-0.409408,-9.916783
1807055701,0.380678,-0.457293,-9.892841
1807056895,0.335188,-0.502782,-9.871294
1807058082,0.385466,-0.490811,-9.780313
1807059272,0.301669,-0.481235,-9.813833
1807060452,0.328006,-0.509965,-9.890448
1807061631,0.342371,-0.509965,-9.866506
1807062829,0.354342,-0.490811,-9.900024
1807064018,0.354342,-0.548272,-9.911995
1807065209,0.349553,-0.514753,-9.866506
1807066386,0.320823,-0.533907,-9.880871
1807067570,0.316035,-0.471658,-9.816227
1807068762,0.363919,-0.450110,-9.811439
1807069948,0.385466,-0.481235,-9.852140
1807071130,0.335188,-0.476446,-9.866506
1807072310,0.349553,-0.474052,-9.935937
1807073497,0.299275,-0.526724,-9.935937
1807074684,0.339977,-0.488417,-9.911995
1807075881,0.414197,-0.514753,-9.890448
1807077077,0.380678,-0.545878,-9.871294
1807078263,0.378284,-0.452504,-9.854534
1807079445,0.380678,-0.521936,-9.868899
1807080627,0.387861,-0.524330,-9.840169
1807081819,0.387861,-0.497994,-9.844957
1807083012,0.368707,-0.454898,-9.809045
1807084197,0.330400,-0.505177,-9.885659
1807085372,0.335188,-0.524330,-9.902418
1807086559,0.306458,-0.457293,-9.931149
1807087748,0.392649,-0.521936,-9.854534
1807088935,0.344765,-0.483629,-9.935937
1807090122,0.337582,-0.490811,-9.950302
1807091312,0.380678,-0.545878,-9.868899
1807092499,0.368707,-0.572214,-9.890448
1807093681,0.392649,-0.533907,-9.921572
1807094881,0.323217,-0.521936,-9.926360
1807096078,0.354342,-0.495600,-9.959879
1807097268,0.371101,-0.493206,-9.837775
1807098444,0.359130,-0.526724,-9.873688
1807099623,0.387861,-0.495600,-9.909601
1807100817,0.361524,-0.505177,-9.969456
1807101999,0.375890,-0.490811,-9.967062
1807103185,0.392649,-0.509965,-9.854534
1807104353,0.342371,-0.490811,-9.907207
1807105535,0.366313,-0.509965,-9.959879
1807106727,0.316035,-0.471658,-9.952697
1807107918,0.239420,-0.514753,-9.926360
1807109099,0.258574,-0.476446,-9.873688
1807110281,0.351948,-0.483629,-9.943120
1807111456,0.366313,-0.524330,-9.955091
1807112642,0.351948,-0.500388,-9.911995
1807113835,0.354342,-0.553061,-9.883265
1807115033,0.390255,-0.483629,-9.876082
1807116222,0.330400,-0.490811,-9.971850
1807117402,0.404620,-0.526724,-9.888053
1807118587,0.380678,-0.565032,-9.897630
1807119780,0.344765,-0.509965,-9.868899
1807120966,0.433351,-0.509965,-9.888053
1807122155,0.395043,-0.514753,-9.885659
1807123332,0.308852,-0.512359,-9.914390
1807124512,0.342371,-0.500388,-9.842564
1807125695,0.368707,-0.505177,-9.873688
1807126891,0.320823,-0.505177,-9.830592
1807128076,0.332794,-0.476446,-9.828198
1807129272,0.354342,-0.533907,-9.919178
1807130437,0.311246,-0.517148,-9.871294
1807131620,0.344765,-0.488417,-9.885659
1807132812,0.383072,-0.521936,-9.909601
1807133998,0.347159,-0.490811,-9.868899
1807135180,0.332794,-0.471658,-9.866506
1807136361,0.335188,-0.500388,-9.876082
1807137541,0.368707,-0.509965,-9.885659
1807138738,0.354342,-0.486023,-9.957485
1807139925,0.395043,-0.533907,-9.914390
1807141114,0.375890,-0.545878,-9.914390
1807142301,0.344765,-0.517148,-9.828198
1807143484,0.296881,-0.531513,-9.847352
1807144662,0.351948,-0.488417,-9.935937
1807145865,0.368707,-0.509965,-9.947908
1807147052,0.342371,-0.505177,-9.895236
1807148242,0.328006,-0.519542,-9.883265
1807149409,0.328006,-0.517148,-9.923966
1807150599,0.282516,-0.493206,-9.864111
1807151788,0.287304,-0.512359,-9.809045
1807152977,0.354342,-0.509965,-9.880871
1807154159,0.359130,-0.488417,-9.964667
1807155340,0.280122,-0.500388,-9.876082
1807156515,0.375890,-0.497994,-9.945514
1807157702,0.399832,-0.521936,-9.837775
1807158898,0.351948,-0.512359,-9.849746
1807160085,0.375890,-0.474052,-9.902418
1807161261,0.385466,-0.486023,-9.885659
1807162443,0.404620,-0.538695,-9.933543
1807163620,0.409408,-0.476446,-9.861717
1807164816,0.375890,-0.474052,-9.885659
1807165997,0.311246,-0.517148,-9.849746
1807167185,0.330400,-0.476446,-9.921572
1807168355,0.292093,-0.514753,-9.852140
1807169545,0.316035,-0.476446,-9.844957
1807170740,0.366313,-0.521936,-9.921572
1807171932,0.325611,-0.538695,-9.883265
1807173120,0.304064,-0.560243,-9.868899
1807174311,0.316035,-0.519542,-9.938332
1807175489,0.323217,-0.517148,-9.888053
1807176675,0.311246,-0.553061,-9.763555
1807177873,0.308852,-0.600945,-9.844957
1807179068,0.339977,-0.569820,-9.883265
1807180254,0.316035,-0.555455,-9.844957
1807181430,0.356736,-0.526724,-9.852140
1807182608,0.363919,-0.521936,-9.909601
1807183801,0.332794,-0.490811,-9.892841
1807184983,0.323217,-0.524330,-9.813833
1807186175,0.363919,-0.531513,-9.799467
1807187351,0.277727,-0.505177,-9.900024
1807188532,0.301669,-0.495600,-9.928755
1807189724,0.316035,-0.481235,-9.888053
1807190913,0.335188,-0.502782,-9.852140
1807192095,0.337582,-0.519542,-9.890448
1807193283,0.375890,-0.500388,-9.866506
1807194452,0.351948,-0.545878,-9.885659
1807195635,0.323217,-0.493206,-9.799467
1807196829,0.308852,-0.469264,-9.823410
1807198024,0.282516,-0.493206,-9.873688
1807199210,0.299275,-0.488417,-9.900024
1807200390,0.339977,-0.478840,-9.742006
1807201573,0.320823,-0.512359,-9.801862
1807202768,0.361524,-0.529119,-9.897630
1807203950,0.320823,-0.524330,-9.878476
1807205136,0.311246,-0.517148,-9.852140
1807206313,0.323217,-0.490811,-9.801862
1807207499,0.311246,-0.466869,-9.832987
1807208681,0.349553,-0.459687,-9.892841
1807209886,0.304064,-0.476446,-9.892841
1807211077,0.342371,-0.514753,-9.871294
1807212268,0.272939,-0.555455,-9.868899
1807213446,0.304064,-0.512359,-9.835381
1807214631,0.335188,-0.505177,-9.746795
1807215825,0.282516,-0.495600,-9.871294
1807217020,0.289698,-0.512359,-9.878476
1807218207,0.328006,-0.531513,-9.873688
1807219387,0.318429,-0.536301,-9.856929
1807220571,0.323217,-0.497994,-9.842564
1807221768,0.339977,-0.500388,-9.742006
1807222948,0.387861,-0.526724,-9.720459
1807224135,0.347159,-0.505177,-9.742006
1807225310,0.308852,-0.502782,-9.873688
1807226498,0.292093,-0.493206,-9.830592
1807227678,0.306458,-0.466869,-9.847352
1807228882,0.275333,-0.457293,-9.892841
1807230076,0.282516,-0.481235,-9.809045
1807231266,0.335188,-0.500388,-9.806650
1807232436,0.328006,-0.509965,-9.765948
1807233618,0.323217,-0.526724,-9.928755
1807234810,0.328006,-0.555455,-9.947908
1807235996,0.335188,-0.548272,-9.849746
1807237178,0.349553,-0.565032,-9.895236
1807238358,0.366313,-0.545878,-9.921572
1807239545,0.313640,-0.507571,-9.816227
1807240744,0.387861,-0.512359,-9.830592
1807241924,0.387861,-0.514753,-9.909601
1807243113,0.404620,-0.536301,-9.878476
1807244288,0.411803,-0.543484,-9.854534
1807245474,0.332794,-0.445322,-9.885659
1807246652,0.354342,-0.531513,-9.880871
1807247851,0.349553,-0.562637,-9.900024
1807249038,0.287304,-0.538695,-9.830592
1807250222,0.339977,-0.531513,-9.871294
1807251398,0.335188,-0.550666,-9.902418
1807252588,0.361524,-0.531513,-9.919178
1807253782,0.306458,-0.524330,-9.868899
1807254972,0.351948,-0.464475,-9.837775
1807256159,0.320823,-0.541090,-9.842564
1807257339,0.311246,-0.519542,-9.849746
1807258518,0.332794,-0.538695,-9.792285
1807259707,0.363919,-0.531513,-9.797073
1807260901,0.304064,-0.545878,-9.871294
1807262087,0.296881,-0.553061,-9.866506
1807263263,0.308852,-0.505177,-9.868899
1807264444,0.361524,-0.526724,-9.868899
1807265623,0.411803,-0.560243,-9.931149
1807266819,0.387861,-0.550666,-9.940725
1807268001,0.306458,-0.502782,-9.832987
1807269186,0.337582,-0.512359,-9.878476
1807270358,0.344765,-0.512359,-9.962274
1807271550,0.248997,-0.565032,-9.780313
1807272741,0.280122,-0.519542,-9.837775
1807273933,0.311246,-0.481235,-9.916783
1807275121,0.347159,-0.505177,-9.806650
1807276300,0.351948,-0.538695,-9.837775
1807277484,0.332794,-0.553061,-9.974244
1807278667,0.316035,-0.502782,-9.895236
1807279861,0.325611,-0.533907,-9.864111
1807281054,0.325611,-0.512359,-9.816227
1807282240,0.373495,-0.536301,-9.911995
1807283412,0.421380,-0.548272,-9.876082
1807284595,0.330400,-0.562637,-9.837775
1807285786,0.304064,-0.512359,-9.742006
1807286967,0.320823,-0.505177,-9.883265
1807288157,0.308852,-0.543484,-9.868899
1807289330,0.335188,-0.562637,-9.907207
1807290511,0.354342,-0.493206,-9.821015
1807291693,0.356736,-0.488417,-9.873688
1807292893,0.325611,-0.572214,-9.926360
1807294077,0.354342,-0.533907,-9.859323
1807295267,0.378284,-0.519542,-9.787497
1807296440,0.304064,-0.524330,-9.919178
1807297622,0.275333,-0.514753,-9.979033
1807298810,0.325611,-0.557849,-9.909601
1807299996,0.347159,-0.507571,-9.787497
1807301179,0.402226,-0.497994,-9.856929
1807302359,0.387861,-0.538695,-9.837775
1807303546,0.311246,-0.507571,-9.813833
1807304745,0.347159,-0.500388,-9.911995
1807305925,0.402226,-0.495600,-9.859323
1807307114,0.339977,-0.512359,-9.837775
1807308297,0.323217,-0.519542,-9.782708
1807309478,0.299275,-0.541090,-9.871294
1807310655,0.390255,-0.521936,-9.849746
1807311852,0.311246,-0.533907,-9.880871
1807313040,0.337582,-0.536301,-9.897630
1807314224,0.359130,-0.521936,-9.859323
1807315397,0.299275,-0.507571,-9.883265
1807316580,0.359130,-0.519542,-9.888053
1807317771,0.387861,-0.533907,-9.849746
1807318961,0.404620,-0.550666,-9.885659
1807320142,0.361524,-0.509965,-9.789890
1807321323,0.361524,-0.478840,-9.888053
1807322493,0.325611,-0.505177,-9.868899
1807323679,0.354342,-0.507571,-9.753978
1807324878,0.306458,-0.493206,-9.794679
1807326074,0.335188,-0.509965,-9.792285
1807327259,0.325611,-0.495600,-9.813833
1807328435,0.320823,-0.490811,-9.849746
1807329613,0.361524,-0.541090,-9.837775
1807330805,0.328006,-0.519542,-9.837775
1807331987,0.347159,-0.493206,-9.847352
1807333178,0.354342,-0.505177,-9.809045
1807334353,0.337582,-0.555455,-9.809045
1807335533,0.328006,-0.538695,-9.883265
1807336725,0.294487,-0.572214,-9.818622
1807337915,0.287304,-0.565032,-9.804255
1807339096,0.320823,-0.550666,-9.809045
1807340281,0.337582,-0.500388,-9.837775
1807341456,0.344765,-0.512359,-9.916783
1807342640,0.318429,-0.555455,-9.809045
1807343833,0.337582,-0.588974,-9.818622
1807345031,0.335188,-0.550666,-9.811439
1807346218,0.308852,-0.526724,-9.825804
1807347399,0.356736,-0.529119,-9.794679
1807348586,0.371101,-0.536301,-9.787497
1807349784,0.289698,-0.505177,-9.801862
1807350969,0.318429,-0.548272,-9.801862
1807352158,0.330400,-0.557849,-9.773131
1807353334,0.332794,-0.517148,-9.849746
1807354515,0.306458,-0.536301,-9.821015
1807355698,0.323217,-0.490811,-9.868899
1807356896,0.359130,-0.536301,-9.878476
1807358078,0.363919,-0.514753,-9.828198
1807359274,0.325611,-0.555455,-9.864111
1807360446,0.337582,-0.512359,-9.821015
1807361629,0.373495,-0.483629,-9.842564
1807362823,0.383072,-0.569820,-9.840169
1807364018,0.339977,-0.514753,-9.940725
1807365204,0.342371,-0.464475,-9.859323
1807366386,0.280122,-0.517148,-9.837775
1807367569,0.306458,-0.529119,-9.868899
1807368766,0.306458,-0.565032,-9.816227
1807369945,0.354342,-0.541090,-9.883265
1807371131,0.368707,-0.497994,-9.911995
1807372312,0.330400,-0.493206,-9.844957
1807373502,0.328006,-0.478840,-9.792285
1807374679,0.339977,-0.507571,-9.873688
1807375883,0.359130,-0.524330,-9.914390
1807377071,0.311246,-0.569820,-9.849746
1807378261,0.275333,-0.514753,-9.801862
1807379433,0.385466,-0.497994,-9.830592
1807380616,0.287304,-0.476446,-9.916783
1807381804,0.323217,-0.495600,-9.852140
1807382990,0.323217,-0.529119,-9.852140
1807384170,0.294487,-0.533907,-9.880871
1807385350,0.332794,-0.502782,-9.830592
1807386528,0.311246,-0.457293,-9.883265
1807387726,0.354342,-0.550666,-9.921572
1807388912,0.342371,-0.507571,-9.811439
1807390098,0.299275,-0.493206,-9.878476
1807391285,0.339977,-0.502782,-9.878476
1807392460,0.320823,-0.488417,-9.801862
1807393636,0.318429,-0.550666,-9.904813
1807394833,0.351948,-0.531513,-9.945514
1807396027,0.318429,-0.548272,-9.986216
1807397217,0.354342,-0.553061,-9.926360
1807398394,0.361524,-0.577003,-9.873688
1807399581,0.320823,-0.588974,-9.859323
1807400772,0.347159,-0.521936,-9.957485
1807401963,0.392649,-0.478840,-9.864111
1807403145,0.359130,-0.512359,-9.823410
1807404326,0.328006,-0.478840,-9.816227
1807405507,0.304064,-0.454898,-9.897630
1807406693,0.323217,-0.488417,-9.888053
1807407888,0.316035,-0.507571,-9.813833
1807409079,0.308852,-0.509965,-9.825804
1807410263,0.390255,-0.514753,-9.856929
1807411440,0.373495,-0.536301,-9.921572
1807412619,0.330400,-0.497994,-9.952697
1807413813,0.363919,-0.524330,-9.832987
1807414995,0.380678,-0.529119,-9.847352
1807416180,0.385466,-0.512359,-9.866506
1807417356,0.375890,-0.500388,-9.847352
1807418537,0.402226,-0.569820,-9.911995
1807419729,0.301669,-0.497994,-9.864111
1807420919,0.311246,-0.481235,-9.864111
1807422105,0.342371,-0.517148,-9.876082
1807423295,0.351948,-0.526724,-9.907207
1807424471,0.371101,-0.493206,-9.847352
1807425653,0.409408,-0.459687,-9.864111
1807426847,0.344765,-0.545878,-9.880871
1807428040,0.332794,-0.529119,-9.806650
1807429220,0.351948,-0.509965,-9.852140
1807430401,0.351948,-0.514753,-9.964667
1807431588,0.349553,-0.524330,-9.976639
1807432786,0.323217,-0.478840,-9.888053
1807433972,0.349553,-0.502782,-9.868899
1807435162,0.316035,-0.464475,-9.890448
1807436338,0.330400,-0.533907,-9.861717
1807437517,0.318429,-0.536301,-9.911995
1807438701,0.344765,-0.553061,-9.878476
1807439900,0.339977,-0.538695,-9.897630
1807441083,0.320823,-0.521936,-9.835381
1807442278,0.282516,-0.553061,-9.852140
1807443458,0.270545,-0.565032,-9.880871
1807444640,0.335188,-0.526724,-9.933543
1807445833,0.337582,-0.440533,-9.902418
1807447028,0.359130,-0.483629,-9.916783
1807448212,0.375890,-0.526724,-9.933543
1807449394,0.339977,-0.481235,-9.883265
1807450578,0.311246,-0.524330,-9.897630
1807451774,0.351948,-0.495600,-9.880871
1807452958,0.347159,-0.490811,-9.890448
1807454144,0.323217,-0.488417,-9.979033
1807455318,0.323217,-0.507571,-9.947908
1807456505,0.378284,-0.555455,-9.919178
1807457689,0.416591,-0.567426,-9.952697
1807458894,0.320823,-0.476446,-9.854534
1807460077,0.330400,-0.497994,-9.904813
1807461265,0.330400,-0.514753,-9.911995
1807462436,0.311246,-0.545878,-9.868899
1807463620,0.356736,-0.536301,-9.955091
1807464811,0.373495,-0.466869,-9.911995
1807465998,0.318429,-0.486023,-9.933543
1807467180,0.359130,-0.493206,-9.900024
1807468358,0.375890,-0.519542,-9.878476
1807469537,0.366313,-0.454898,-9.866506
1807470734,0.306458,-0.548272,-9.821015
1807471919,0.325611,-0.478840,-9.888053
1807473108,0.280122,-0.545878,-9.909601
1807474289,0.354342,-0.488417,-9.890448
1807475475,0.325611,-0.430956,-9.809045
1807476652,0.330400,-0.488417,-9.801862
1807477850,0.325611,-0.476446,-9.950302
1807479037,0.318429,-0.495600,-9.923966
1807480229,0.284910,-0.517148,-9.871294
1807481406,0.253785,-0.517148,-9.859323
1807482595,0.332794,-0.476446,-9.818622
1807483784,0.385466,-0.438139,-9.928755
1807484976,0.380678,-0.476446,-9.909601
1807486160,0.325611,-0.500388,-9.897630
1807487340,0.311246,-0.493206,-9.981427
1807488518,0.294487,-0.493206,-9.914390
1807489703,0.385466,-0.529119,-9.856929
1807490898,0.342371,-0.543484,-9.952697
1807492086,0.397437,-0.517148,-9.914390
1807493276,0.368707,-0.531513,-9.897630
1807494455,0.344765,-0.533907,-9.816227
1807495634,0.378284,-0.548272,-9.897630
1807496832,0.347159,-0.464475,-9.935937
1807498024,0.349553,-0.464475,-9.911995
1807499215,0.375890,-0.493206,-9.976639
1807500391,0.366313,-0.442927,-9.902418
1807501579,0.318429,-0.505177,-9.902418
1807502770,0.356736,-0.450110,-9.847352
1807503960,0.395043,-0.435745,-9.830592
1807505141,0.299275,-0.505177,-9.940725
1807506322,0.368707,-0.464475,-9.892841
1807507509,0.385466,-0.502782,-9.830592
1807508695,0.392649,-0.507571,-9.885659
1807509890,0.404620,-0.457293,-9.911995
1807511081,0.390255,-0.450110,-9.888053
1807512262,0.335188,-0.466869,-9.842564
1807513439,0.330400,-0.483629,-9.844957
1807514616,0.328006,-0.488417,-9.825804
1807515811,0.294487,-0.428562,-9.883265
1807516994,0.361524,-0.500388,-9.823410
1807518180,0.402226,-0.464475,-9.830592
1807519355,0.330400,-0.474052,-9.813833
1807520536,0.375890,-0.507571,-9.926360
1807521728,0.356736,-0.507571,-9.928755
1807522917,0.330400,-0.462081,-9.938332
1807524098,0.308852,-0.509965,-9.900024
1807525276,0.332794,-0.550666,-9.900024
1807526447,0.323217,-0.500388,-9.931149
1807527632,0.325611,-0.495600,-9.883265
1807528825,0.363919,-0.514753,-9.895236
1807530024,0.383072,-0.545878,-9.849746
1807531209,0.351948,-0.502782,-9.938332
1807532391,0.332794,-0.550666,-9.916783
1807533574,0.383072,-0.512359,-9.897630
1807534770,0.351948,-0.526724,-9.938332
1807535953,0.380678,-0.500388,-9.969456
1807537138,0.339977,-0.519542,-9.895236
1807538316,0.359130,-0.497994,-9.878476
1807539502,0.332794,-0.481235,-9.844957
1807540684,0.359130,-0.509965,-9.900024
1807541886,0.359130,-0.495600,-9.902418
1807543075,0.342371,-0.474052,-9.852140
1807544265,0.325611,-0.502782,-9.890448
1807545441,0.311246,-0.497994,-9.876082
1807546624,0.320823,-0.481235,-9.904813
1807547815,0.330400,-0.512359,-9.935937
1807549001,0.366313,-0.486023,-9.832987
1807550183,0.342371,-0.478840,-9.890448
1807551363,0.359130,-0.466869,-9.888053
1807552544,0.407014,-0.509965,-9.945514
1807553741,0.387861,-0.505177,-9.914390
1807554928,0.387861,-0.495600,-9.864111
1807556117,0.361524,-0.536301,-9.835381
1807557294,0.339977,-0.536301,-9.868899
1807558482,0.311246,-0.490811,-9.844957
1807559660,0.323217,-0.488417,-9.911995
1807560859,0.442927,-0.474052,-9.959879
1807562048,0.416591,-0.462081,-9.943120
1807563237,0.435745,-0.486023,-9.988609
1807564404,0.337582,-0.548272,-9.888053
1807565595,0.304064,-0.505177,-9.770737
1807566781,0.351948,-0.488417,-9.847352
1807567972,0.347159,-0.476446,-9.921572
1807569158,0.332794,-0.512359,-9.902418
1807570337,0.332794,-0.524330,-9.854534
1807571513,0.383072,-0.519542,-9.876082
1807572700,0.335188,-0.531513,-9.832987
1807573895,0.397437,-0.545878,-9.964667
1807575083,0.335188,-0.524330,-9.859323
1807576273,0.320823,-0.517148,-9.854534
1807577457,0.361524,-0.502782,-9.859323
1807578639,0.318429,-0.509965,-9.835381
1807579837,0.335188,-0.471658,-9.821015
1807581029,0.339977,-0.450110,-9.854534
1807582218,0.371101,-0.490811,-9.828198
1807583395,0.339977,-0.447716,-9.844957
1807584586,0.330400,-0.517148,-9.897630
1807585778,0.373495,-0.483629,-9.847352
1807586969,0.330400,-0.517148,-9.873688
1807588150,0.368707,-0.533907,-9.835381
1807589330,0.347159,-0.531513,-9.866506
1807590504,0.347159,-0.483629,-9.823410
1807591692,0.387861,-0.517148,-9.883265
1807592892,0.378284,-0.567426,-9.835381
1807594078,0.316035,-0.464475,-9.947908
1807595266,0.359130,-0.493206,-9.938332
1807596442,0.354342,-0.438139,-9.883265
1807597621,0.330400,-0.476446,-9.811439
1807598816,0.349553,-0.469264,-9.809045
1807599997,0.301669,-0.474052,-9.840169
1807601183,0.277727,-0.514753,-9.835381
1807602359,0.272939,-0.553061,-9.859323
1807603551,0.294487,-0.545878,-9.914390
1807604742,0.330400,-0.531513,-9.871294
1807605933,0.316035,-0.545878,-9.868899
1807607120,0.318429,-0.591368,-9.923966
1807608312,0.411803,-0.550666,-9.907207
1807609489,0.335188,-0.538695,-9.955091
1807610675,0.306458,-0.505177,-9.971850
1807611871,0.308852,-0.548272,-9.895236
1807613061,0.316035,-0.493206,-9.931149
1807614246,0.356736,-0.471658,-9.943120
1807615421,0.373495,-0.514753,-9.911995
1807616600,0.316035,-0.452504,-9.883265
1807617792,0.289698,-0.490811,-9.816227
1807618974,0.325611,-0.517148,-9.892841
1807620165,0.378284,-0.500388,-9.964667
1807621341,0.354342,-0.507571,-9.878476
1807622524,0.328006,-0.509965,-9.849746
1807623703,0.332794,-0.505177,-9.907207
1807624901,0.351948,-0.538695,-9.923966
1807626084,0.371101,-0.531513,-9.873688
1807627279,0.328006,-0.512359,-9.907207
1807628446,0.335188,-0.514753,-9.904813
1807629633,0.323217,-0.490811,-9.876082
1807630825,0.349553,-0.481235,-9.873688
1807632022,0.375890,-0.497994,-9.828198
1807633207,0.301669,-0.557849,-9.777920
1807634389,0.313640,-0.502782,-9.830592
1807635568,0.342371,-0.512359,-9.830592
1807636764,0.380678,-0.541090,-9.823410
1807637941,0.313640,-0.543484,-9.744401
1807639126,0.375890,-0.514753,-9.789890
1807640301,0.308852,-0.509965,-9.840169
1807641488,0.296881,-0.536301,-9.818622
1807642666,0.304064,-0.500388,-9.789890
1807643862,0.325611,-0.512359,-9.777920
1807645051,0.383072,-0.481235,-9.782708
1807646237,0.323217,-0.502782,-9.940725
1807647409,0.332794,-0.543484,-9.895236
1807648601,0.306458,-0.481235,-9.866506
1807649788,0.306458,-0.464475,-9.837775
1807650980,0.296881,-0.481235,-9.878476
1807652166,0.351948,-0.493206,-9.900024
1807653345,0.368707,-0.502782,-9.861717
1807654523,0.339977,-0.502782,-9.883265
1807655711,0.306458,-0.500388,-9.854534
1807656904,0.325611,-0.502782,-9.809045
1807658089,0.306458,-0.584185,-9.940725
1807659266,0.294487,-0.541090,-9.916783
1807660447,0.308852,-0.531513,-9.878476
1807661625,0.339977,-0.471658,-9.821015
1807662821,0.325611,-0.486023,-9.854534
1807664013,0.421380,-0.476446,-9.844957
1807665200,0.337582,-0.502782,-9.885659
1807666377,0.339977,-0.526724,-9.878476
1807667565,0.280122,-0.497994,-9.816227
1807668754,0.251391,-0.500388,-9.885659
1807669940,0.287304,-0.543484,-9.933543
1807671127,0.344765,-0.509965,-9.909601
1807672306,0.351948,-0.565032,-9.883265
1807673490,0.368707,-0.569820,-9.804255
1807674674,0.440533,-0.553061,-9.751583
1807675872,0.404620,-0.507571,-9.756371
1807677067,0.311246,-0.495600,-9.713276
1807678251,0.287304,-0.464475,-9.811439
1807679433,0.287304,-0.529119,-9.844957
1807680611,0.304064,-0.497994,-9.873688
1807681803,0.260968,-0.524330,-9.888053
1807682984,0.311246,-0.529119,-9.897630
1807684174,0.375890,-0.500388,-9.828198
1807685349,0.320823,-0.514753,-9.871294
1807686532,0.373495,-0.560243,-9.885659
1807687725,0.339977,-0.569820,-9.792285
1807688915,0.323217,-0.555455,-9.749189
1807690097,0.359130,-0.493206,-9.923966
1807691278,0.332794,-0.502782,-9.916783
1807692454,0.304064,-0.507571,-9.866506
1807693637,0.296881,-0.521936,-9.787497
1807694831,0.306458,-0.512359,-9.840169
1807696027,0.280122,-0.577003,-9.792285
1807697211,0.301669,-0.509965,-9.818622
1807698392,0.320823,-0.536301,-9.885659
1807699574,0.301669,-0.529119,-9.864111
1807700768,0.280122,-0.543484,-9.902418
1807701947,0.316035,-0.538695,-9.852140
1807703133,0.380678,-0.524330,-9.911995
1807704314,0.380678,-0.553061,-9.840169
1807705504,0.366313,-0.533907,-9.799467
1807706685,0.366313,-0.493206,-9.823410
1807707889,0.332794,-0.541090,-9.892841
1807709077,0.363919,-0.562637,-10.014946
1807710268,0.337582,-0.521936,-9.993398
1807711441,0.335188,-0.531513,-9.952697
1807712624,0.359130,-0.569820,-9.919178
1807713815,0.363919,-0.545878,-9.876082
1807715002,0.311246,-0.497994,-9.907207
1807716184,0.368707,-0.469264,-9.974244
1807717370,0.344765,-0.531513,-9.895236
1807718553,0.344765,-0.519542,-9.943120
1807719748,0.368707,-0.486023,-9.969456
1807720929,0.349553,-0.493206,-9.902418
1807722116,0.296881,-0.529119,-9.890448
1807723303,0.296881,-0.536301,-9.837775
1807724486,0.299275,-0.509965,-9.849746
1807725664,0.320823,-0.486023,-9.868899
1807726860,0.359130,-0.526724,-9.911995
1807728048,0.339977,-0.533907,-9.873688
1807729238,0.351948,-0.574608,-9.832987
1807730405,0.363919,-0.524330,-9.825804
1807731596,0.308852,-0.488417,-9.797073
1807732783,0.361524,-0.507571,-9.777920
1807733972,0.325611,-0.517148,-9.809045
1807735156,0.332794,-0.509965,-9.835381
1807736338,0.332794,-0.505177,-9.852140
1807737520,0.318429,-0.512359,-9.809045
1807738708,0.339977,-0.538695,-9.780313
1807739902,0.320823,-0.507571,-9.830592
1807741087,0.316035,-0.526724,-9.761160
1807742264,0.349553,-0.521936,-9.758766
1807743446,0.359130,-0.562637,-9.823410
1807744624,0.316035,-0.536301,-9.856929
1807745820,0.325611,-0.517148,-9.844957
1807747002,0.328006,-0.529119,-9.904813
1807748185,0.299275,-0.509965,-9.883265
1807749358,0.347159,-0.543484,-9.876082
1807750544,0.354342,-0.519542,-9.811439
1807751740,0.363919,-0.509965,-9.811439
1807752931,0.375890,-0.524330,-9.859323
1807754116,0.294487,-0.454898,-9.816227
1807755309,0.318429,-0.497994,-9.864111
1807756488,0.347159,-0.555455,-9.955091
1807757674,0.311246,-0.538695,-9.919178
1807758872,0.320823,-0.524330,-9.923966
1807760068,0.306458,-0.541090,-9.974244
1807761252,0.344765,-0.517148,-9.806650
1807762427,0.399832,-0.476446,-9.799467
1807763605,0.363919,-0.488417,-9.861717
1807764799,0.289698,-0.536301,-9.895236
1807765981,0.301669,-0.500388,-9.866506
1807767169,0.339977,-0.507571,-9.895236
1807768345,0.397437,-0.541090,-9.883265
1807769533,0.304064,-0.502782,-9.775525
1807770725,0.313640,-0.524330,-9.780313
1807771913,0.356736,-0.493206,-9.909601
1807773094,0.347159,-0.507571,-9.880871
1807774275,0.404620,-0.531513,-9.852140
1807775446,0.337582,-0.488417,-9.835381
1807776633,0.304064,-0.488417,-9.813833
1807777823,0.325611,-0.517148,-9.825804
1807779017,0.356736,-0.545878,-9.749189
1807780200,0.373495,-0.565032,-9.794679
1807781381,0.296881,-0.517148,-9.816227
1807782565,0.339977,-0.483629,-9.861717
1807783762,0.368707,-0.509965,-9.789890
1807784943,0.330400,-0.512359,-9.773131
1807786125,0.301669,-0.514753,-9.804255
1807787309,0.318429,-0.517148,-9.844957
1807788500,0.306458,-0.536301,-9.904813
1807789681,0.380678,-0.557849,-9.825804
1807790884,0.363919,-0.502782,-9.828198
1807792077,0.311246,-0.514753,-9.907207
1807793267,0.311246,-0.512359,-9.926360
1807794439,0.337582,-0.526724,-9.878476
1807795623,0.378284,-0.497994,-9.907207
1807796813,0.378284,-0.471658,-9.935937
1807798001,0.328006,-0.524330,-10.005369
1807799178,0.253785,-0.507571,-9.919178
1807800356,0.330400,-0.512359,-9.923966
1807801533,0.368707,-0.543484,-9.897630
1807802730,0.342371,-0.538695,-9.955091
1807803916,0.351948,-0.495600,-9.940725
1807805099,0.356736,-0.474052,-9.957485
1807806281,0.292093,-0.512359,-9.923966
1807807461,0.270545,-0.509965,-9.907207
1807808636,0.332794,-0.560243,-9.933543
1807809834,0.392649,-0.526724,-9.859323
1807811026,0.399832,-0.519542,-9.880871
1807812217,0.356736,-0.476446,-9.864111
1807813395,0.296881,-0.481235,-9.897630
1807814582,0.366313,-0.512359,-9.842564
1807815776,0.354342,-0.502782,-9.868899
1807816966,0.330400,-0.507571,-9.825804
1807818146,0.356736,-0.533907,-9.792285
1807819327,0.335188,-0.493206,-9.830592
1807820503,0.323217,-0.474052,-9.809045
1807821685,0.363919,-0.450110,-9.859323
1807822884,0.366313,-0.507571,-9.904813
1807824078,0.416591,-0.488417,-9.804255
1807825264,0.387861,-0.488417,-9.806650
1807826439,0.366313,-0.512359,-9.785102
1807827618,0.299275,-0.481235,-9.856929
1807828814,0.304064,-0.486023,-9.904813
1807829994,0.332794,-0.519542,-9.811439
1807831182,0.383072,-0.462081,-9.943120
1807832357,0.416591,-0.517148,-9.825804
1807833543,0.342371,-0.490811,-9.794679
1807834734,0.361524,-0.512359,-9.828198
1807835925,0.347159,-0.517148,-9.883265
1807837111,0.351948,-0.505177,-9.900024
1807838296,0.366313,-0.481235,-9.900024
1807839473,0.323217,-0.529119,-9.928755
1807840657,0.339977,-0.502782,-9.911995
1807841851,0.289698,-0.495600,-9.883265
1807843044,0.296881,-0.560243,-9.911995
1807844229,0.296881,-0.545878,-9.931149
1807845411,0.294487,-0.490811,-9.890448
1807846597,0.328006,-0.486023,-9.998186
1807847789,0.351948,-0.488417,-9.943120
1807848976,0.328006,-0.478840,-9.842564
1807850165,0.311246,-0.514753,-9.873688
1807851342,0.316035,-0.490811,-10.062830
1807852522,0.316035,-0.529119,-10.010158
1807853704,0.299275,-0.545878,-9.878476
1807854904,0.368707,-0.507571,-9.959879
1807856085,0.418985,-0.517148,-9.868899
1807857281,0.395043,-0.533907,-9.892841
1807858456,0.378284,-0.490811,-9.782708
1807859641,0.323217,-0.464475,-9.775525
1807860835,0.287304,-0.500388,-9.859323
1807862030,0.320823,-0.500388,-9.911995
1807863214,0.332794,-0.481235,-9.952697
1807864397,0.339977,-0.505177,-9.957485
1807865580,0.371101,-0.488417,-9.940725
1807866775,0.383072,-0.459687,-9.849746
1807867961,0.330400,-0.474052,-9.866506
1807869145,0.349553,-0.507571,-9.916783
1807870322,0.373495,-0.524330,-9.849746
1807871513,0.373495,-0.497994,-9.753978
1807872697,0.344765,-0.512359,-9.837775
1807873897,0.351948,-0.517148,-9.935937
1807875079,0.363919,-0.488417,-9.950302
1807876266,0.368707,-0.493206,-9.813833
1807877438,0.335188,-0.531513,-9.775525
1807878621,0.371101,-0.514753,-9.749189
1807879813,0.335188,-0.488417,-9.861717
1807881000,0.289698,-0.521936,-9.885659
1807882183,0.284910,-0.584185,-9.813833
1807883364,0.390255,-0.524330,-9.974244
1807884545,0.328006,-0.545878,-9.916783
1807885743,0.368707,-0.567426,-9.895236
1807886927,0.323217,-0.555455,-9.926360
1807888115,0.332794,-0.478840,-9.940725
1807889299,0.351948,-0.430956,-9.957485
1807890480,0.311246,-0.507571,-9.919178
1807891659,0.301669,-0.560243,-9.928755
1807892857,0.287304,-0.581791,-9.921572
1807894043,0.311246,-0.550666,-9.979033
1807895232,0.328006,-0.584185,-10.022128
1807896409,0.339977,-0.541090,-9.969456
1807897600,0.339977,-0.514753,-9.900024
1807898788,0.330400,-0.502782,-9.816227
1807899977,0.347159,-0.512359,-9.773131
1807901163,0.349553,-0.469264,-9.883265
1807902345,0.335188,-0.512359,-9.830592
1807903524,0.311246,-0.536301,-9.840169
1807904711,0.366313,-0.521936,-9.856929
1807905906,0.332794,-0.550666,-9.852140
1807907092,0.323217,-0.524330,-9.935937
1807908272,0.318429,-0.462081,-9.904813
1807909457,0.328006,-0.502782,-9.878476
1807910637,0.375890,-0.545878,-9.871294
1807911835,0.306458,-0.562637,-9.895236
1807913025,0.354342,-0.536301,-9.876082
1807914215,0.318429,-0.543484,-9.873688
1807915392,0.363919,-0.553061,-9.828198
1807916581,0.361524,-0.509965,-9.787497
1807917772,0.349553,-0.495600,-9.765948
1807918962,0.325611,-0.462081,-9.801862
1807920143,0.366313,-0.493206,-9.787497
1807921325,0.347159,-0.454898,-9.787497
1807922502,0.287304,-0.565032,-9.866506
1807923687,0.313640,-0.560243,-9.921572
1807924885,0.323217,-0.505177,-9.904813
1807926078,0.335188,-0.509965,-9.842564
1807927264,0.366313,-0.550666,-9.892841
1807928441,0.299275,-0.519542,-9.933543
1807929619,0.275333,-0.538695,-9.897630
1807930816,0.337582,-0.493206,-9.897630
1807931997,0.325611,-0.493206,-9.809045
1807933183,0.366313,-0.486023,-9.830592
1807934358,0.328006,-0.529119,-9.765948
1807935544,0.347159,-0.478840,-9.868899
1807936736,0.380678,-0.490811,-9.892841
1807937926,0.339977,-0.533907,-9.849746
1807939111,0.313640,-0.526724,-9.988609
1807940297,0.325611,-0.486023,-9.964667
1807941479,0.344765,-0.545878,-9.988609
1807942662,0.390255,-0.517148,-9.962274
1807943853,0.378284,-0.497994,-9.854534
1807945044,0.351948,-0.524330,-9.904813
1807946229,0.299275,-0.526724,-9.940725
1807947411,0.304064,-0.454898,-9.888053
1807948596,0.306458,-0.500388,-9.892841
1807949793,0.332794,-0.526724,-9.864111
1807950980,0.328006,-0.495600,-9.933543
1807952169,0.280122,-0.521936,-9.830592
1807953344,0.433351,-0.521936,-9.866506
1807954523,0.359130,-0.560243,-9.931149
1807955706,0.337582,-0.553061,-9.926360
1807956904,0.387861,-0.550666,-9.852140
1807958085,0.407014,-0.519542,-9.832987
1807959279,0.335188,-0.483629,-9.809045
1807960451,0.282516,-0.411803,-9.768343
1807961637,0.277727,-0.440533,-9.816227
1807962830,0.296881,-0.490811,-9.854534
1807964026,0.311246,-0.478840,-9.864111
1807965212,0.339977,-0.524330,-9.849746
1807966394,0.375890,-0.457293,-9.852140
1807967576,0.339977,-0.490811,-9.775525
1807968772,0.354342,-0.526724,-9.801862
1807969955,0.328006,-0.509965,-9.794679
1807971140,0.351948,-0.500388,-9.782708
1807972316,0.332794,-0.486023,-9.842564
1807973502,0.351948,-0.445322,-9.876082
1807974684,0.344765,-0.483629,-9.873688
1807975888,0.323217,-0.526724,-9.876082
1807977077,0.323217,-0.517148,-9.868899
1807978268,0.339977,-0.536301,-9.832987
1807979440,0.296881,-0.486023,-9.883265
1807980623,0.371101,-0.569820,-9.880871
1807981813,0.354342,-0.541090,-9.852140
1807982999,0.383072,-0.524330,-9.919178
1807984178,0.332794,-0.500388,-9.804255
1807985357,0.339977,-0.550666,-9.931149
1807986535,0.294487,-0.524330,-9.940725
1807987732,0.323217,-0.505177,-9.957485
1807988919,0.328006,-0.505177,-9.991004
1807990107,0.351948,-0.529119,-9.935937
1807991295,0.280122,-0.478840,-9.909601
1807992474,0.339977,-0.560243,-9.861717
1807993653,0.339977,-0.517148,-9.818622
1807994853,0.335188,-0.560243,-9.852140
1807996040,0.397437,-0.560243,-9.878476
1807997225,0.344765,-0.555455,-9.890448
1807998402,0.299275,-0.517148,-9.852140
1807999594,0.328006,-0.526724,-9.883265
1808000786,0.275333,-0.495600,-9.957485
1808001976,0.335188,-0.502782,-9.878476
1808003161,0.342371,-0.507571,-9.940725
1808004342,0.313640,-0.490811,-9.897630
1808005517,0.308852,-0.517148,-9.770737
1808006704,0.318429,-0.574608,-9.861717
1808007898,0.344765,-0.524330,-9.871294
1808009085,0.368707,-0.512359,-9.811439
1808010273,0.328006,-0.512359,-9.856929
1808011454,0.347159,-0.502782,-9.871294
1808012635,0.361524,-0.497994,-9.835381
1808013834,0.371101,-0.560243,-9.832987
1808015025,0.373495,-0.550666,-9.921572
1808016215,0.380678,-0.543484,-9.888053
1808017391,0.385466,-0.497994,-9.873688
1808018580,0.342371,-0.483629,-9.813833
1808019772,0.351948,-0.488417,-9.895236
1808020962,0.318429,-0.517148,-9.900024
1808022143,0.347159,-0.533907,-9.888053
1808023323,0.347159,-0.545878,-9.856929
1808024510,0.368707,-0.545878,-9.878476
1808025698,0.344765,-0.476446,-9.935937
1808026890,0.330400,-0.505177,-9.861717
1808028080,0.325611,-0.517148,-9.811439
1808029266,0.325611,-0.519542,-9.911995
1808030441,0.330400,-0.526724,-9.871294
1808031618,0.378284,-0.483629,-9.816227
1808032815,0.342371,-0.497994,-9.842564
1808033997,0.361524,-0.509965,-9.868899
1808035184,0.385466,-0.526724,-9.813833
1808036361,0.344765,-0.538695,-9.861717
1808037548,0.359130,-0.490811,-9.868899
1808038742,0.368707,-0.488417,-9.856929
1808039934,0.292093,-0.471658,-9.943120
1808041118,0.332794,-0.486023,-9.909601
1808042298,0.318429,-0.526724,-9.823410
1808043481,0.287304,-0.519542,-9.861717
1808044664,0.311246,-0.574608,-9.883265
1808045859,0.363919,-0.505177,-9.866506
1808047051,0.328006,-0.497994,-9.809045
1808048235,0.347159,-0.478840,-9.823410
1808049419,0.347159,-0.459687,-9.861717
1808050608,0.325611,-0.517148,-9.761160
1808051801,0.325611,-0.512359,-9.852140
1808052983,0.289698,-0.545878,-9.825804
1808054170,0.335188,-0.600945,-9.811439
1808055343,0.337582,-0.567426,-9.840169
1808056526,0.294487,-0.512359,-9.864111
1808057710,0.325611,-0.548272,-9.856929
1808058910,0.320823,-0.486023,-9.904813
1808060091,0.304064,-0.488417,-9.816227
1808061272,0.332794,-0.497994,-9.758766
1808062447,0.380678,-0.464475,-9.821015
1808063632,0.375890,-0.471658,-9.883265
1808064824,0.359130,-0.493206,-9.787497
1808066017,0.332794,-0.531513,-9.792285
1808067199,0.316035,-0.562637,-9.765948
1808068378,0.368707,-0.517148,-9.744401
1808069561,0.325611,-0.529119,-9.816227
1808070755,0.332794,-0.548272,-9.832987
1808071934,0.344765,-0.533907,-9.837775
1808073126,0.351948,-0.536301,-9.837775
1808074313,0.390255,-0.562637,-9.823410
1808075504,0.351948,-0.512359,-9.830592
1808076685,0.356736,-0.565032,-9.785102
1808077888,0.337582,-0.555455,-9.737218
1808079077,0.342371,-0.509965,-9.804255
1808080267,0.342371,-0.509965,-9.852140
1808081442,0.359130,-0.514753,-9.866506
1808082624,0.289698,-0.555455,-9.885659
1808083817,0.280122,-0.500388,-9.892841
1808085002,0.323217,-0.481235,-9.856929
1808086185,0.349553,-0.486023,-9.844957
1808087372,0.339977,-0.488417,-9.811439
1808088553,0.337582,-0.500388,-9.825804
1808089748,0.253785,-0.555455,-9.799467
1808090929,0.323217,-0.545878,-9.811439
1808092120,0.356736,-0.497994,-9.866506
1808093307,0.280122,-0.490811,-9.809045
1808094488,0.306458,-0.557849,-9.763555
1808095666,0.306458,-0.557849,-9.868899
1808096868,0.275333,-0.572214,-9.873688
1808098058,0.328006,-0.533907,-9.821015
1808099246,0.339977,-0.488417,-9.835381
1808100419,0.378284,-0.514753,-9.835381
1808101612,0.335188,-0.512359,-9.823410
1808102801,0.328006,-0.536301,-9.751583
1808103986,0.304064,-0.529119,-9.773131
1808105173,0.332794,-0.497994,-9.770737
1808106353,0.359130,-0.454898,-9.777920
1808107531,0.371101,-0.497994,-9.852140
1808108728,0.354342,-0.486023,-9.809045
1808109911,0.337582,-0.478840,-9.890448
1808111097,0.359130,-0.517148,-9.904813
1808112279,0.332794,-0.490811,-9.940725
1808113460,0.304064,-0.464475,-9.880871
1808114641,0.354342,-0.471658,-9.892841
1808115836,0.339977,-0.529119,-9.911995
1808117030,0.296881,-0.531513,-9.921572
1808118221,0.304064,-0.531513,-9.892841
1808119397,0.280122,-0.514753,-9.868899
1808120589,0.318429,-0.536301,-9.859323
1808121779,0.395043,-0.514753,-9.923966
1808122969,0.363919,-0.512359,-9.823410
1808124151,0.308852,-0.512359,-9.854534
1808125333,0.366313,-0.517148,-9.830592
1808126509,0.387861,-0.531513,-9.777920
1808127697,0.325611,-0.533907,-9.904813
1808128891,0.296881,-0.543484,-9.923966
1808130083,0.308852,-0.538695,-9.950302
1808131272,0.277727,-0.553061,-9.950302
1808132448,0.287304,-0.567426,-9.895236
1808133623,0.294487,-0.550666,-9.830592
1808134819,0.328006,-0.529119,-9.890448
1808136000,0.335188,-0.541090,-9.888053
1808137185,0.368707,-0.517148,-9.825804
1808138360,0.342371,-0.548272,-9.801862
1808139547,0.354342,-0.567426,-9.885659
1808140742,0.318429,-0.493206,-9.852140
1808141933,0.335188,-0.514753,-9.931149
1808143119,0.385466,-0.543484,-9.909601
1808144299,0.335188,-0.557849,-9.744401
1808145480,0.229843,-0.517148,-9.818622
1808146663,0.284910,-0.483629,-9.897630
1808147857,0.337582,-0.505177,-9.756371
1808149050,0.351948,-0.483629,-9.763555
1808150236,0.339977,-0.509965,-9.782708
1808151407,0.356736,-0.476446,-9.777920
1808152594,0.395043,-0.531513,-9.813833
1808153792,0.330400,-0.509965,-9.835381
1808154977,0.409408,-0.490811,-9.782708
1808156165,0.325611,-0.502782,-9.847352
1808157342,0.347159,-0.512359,-9.897630
1808158523,0.328006,-0.483629,-9.859323
1808159706,0.385466,-0.519542,-9.816227
1808160905,0.380678,-0.514753,-9.844957
1808162084,0.363919,-0.493206,-9.794679
1808163280,0.383072,-0.495600,-9.773131
1808164450,0.438139,-0.497994,-9.825804
1808165637,0.390255,-0.488417,-9.825804
1808166829,0.320823,-0.529119,-9.900024
1808168024,0.375890,-0.497994,-9.749189
1808169209,0.356736,-0.533907,-9.789890
1808170390,0.351948,-0.545878,-9.806650
1808171573,0.342371,-0.543484,-9.763555
1808172770,0.375890,-0.531513,-9.943120
1808173951,0.363919,-0.526724,-9.933543
1808175139,0.344765,-0.572214,-9.911995
1808176316,0.354342,-0.507571,-9.873688
1808177503,0.390255,-0.500388,-9.971850
1808178682,0.349553,-0.488417,-9.940725
1808179884,0.421380,-0.541090,-9.916783
1808181074,0.409408,-0.519542,-9.959879
1808182263,0.335188,-0.531513,-9.974244
1808183436,0.368707,-0.507571,-9.971850
1808184618,0.356736,-0.517148,-9.947908
1808185806,0.371101,-0.502782,-9.957485
1808186992,0.337582,-0.526724,-9.883265
1808188173,0.373495,-0.545878,-9.991004
1808189353,0.373495,-0.529119,-9.995792
1808190532,0.359130,-0.519542,-10.022128
1808191729,0.308852,-0.567426,-10.014946
1808192915,0.328006,-0.526724,-10.089166
1808194101,0.342371,-0.493206,-9.995792
1808195278,0.301669,-0.502782,-9.919178
1808196453,0.268151,-0.490811,-9.926360
1808197633,0.328006,-0.507571,-9.959879
1808198828,0.306458,-0.502782,-10.036493
1808200019,0.296881,-0.488417,-10.000581
1808201209,0.277727,-0.507571,-9.993398
1808202386,0.272939,-0.524330,-10.022128
1808203574,0.260968,-0.514753,-10.014946
1808204766,0.253785,-0.486023,-9.993398
1808205952,0.308852,-0.505177,-10.132261
1808207135,0.299275,-0.493206,-10.120291
1808208315,0.318429,-0.395043,-10.038888
1808209501,0.311246,-0.457293,-10.117896
1808210689,0.368707,-0.474052,-10.041282
1808211888,0.318429,-0.514753,-9.983821
1808213080,0.323217,-0.524330,-9.979033
1808214265,0.323217,-0.560243,-9.943120
1808215446,0.335188,-0.538695,-9.983821
1808216625,0.292093,-0.507571,-9.933543
1808217821,0.361524,-0.471658,-9.998186
1808219003,0.328006,-0.466869,-9.981427
1808220189,0.368707,-0.526724,-9.933543
1808221361,0.325611,-0.529119,-9.959879
1808222547,0.337582,-0.531513,-9.900024
1808223740,0.371101,-0.507571,-9.856929
